<?xml version="1.0" encoding="UTF-8" standalone="no" ?>
<COLLADA xmlns="http://www.collada.org/2005/11/COLLADASchema" version="1.4.1">
  <asset>
    <contributor>
      <author>Assimp</author>
      <authoring_tool>Assimp Exporter</authoring_tool>
    </contributor>
    <created>2025-12-07T16:35:04</created>
    <modified>2025-12-07T16:35:04</modified>
    <unit name="meter" meter="1" />
    <up_axis>Y_UP</up_axis>
  </asset>
  <library_images>
  </library_images>
  <library_effects>
    <effect id="DefaultMaterial-fx" name="DefaultMaterial">
      <profile_COMMON>
        <technique sid="standard">
          <phong>
            <ambient>
              <color sid="ambient">0.0500000007   0.0500000007   0.0500000007   1</color>
            </ambient>
            <diffuse>
              <color sid="diffuse">1   1   1   1</color>
            </diffuse>
            <specular>
              <color sid="specular">1   1   1   1</color>
            </specular>
          </phong>
        </technique>
      </profile_COMMON>
    </effect>
  </library_effects>
  <library_materials>
    <material id="DefaultMaterial" name="DefaultMaterial">
      <instance_effect url="#DefaultMaterial-fx"/>
    </material>
  </library_materials>
  <library_geometries>
    <geometry id="mesh_0" name="" >
      <mesh>
        <source id="mesh_0-positions" name="mesh_0-positions">
          <float_array id="mesh_0-positions-array" count="20268"> 0.0153474575 0.00999627635 -0.0450250916 0.0153746847 0.00999627635 -0.0450250916 0.0153746847 0.0101457797 -0.0450245701 0.0155327255 0.0125902034 -0.0450160392 0.0158240143 0.0120917251 -0.0450177789 0.0158402734 0.0121365814 -0.0450176224 0.0158444345 0.00819180254 -0.0450313948 0.0158402734 0.00823665876 -0.0450312383 0.0155531457 0.00869028084 -0.0450296514 0.0155599527 0.0073903068 -0.0450341888 0.0158250295 0.00693668425 -0.0450357758 0.0158402734 0.00693668425 -0.0450357758 0.0155667588 0.00609033275 -0.0450387262 0.0158318356 0.00563670974 -0.0450403132 0.0158402734 0.00563670974 -0.0450403132 0.0155735658 0.00479035825 -0.0450432636 0.0158386435 0.0043367357 -0.0450448506 0.0158402734 0.0043367357 -0.0450448506 0.0161478203 0.00448522111 -0.0450443327 0.0159659944 0.00479637971 -0.045043245 0.0158606935 0.00479637971 -0.045043245 0.0161410142 0.00578519562 -0.0450397953 0.0159591865 0.00609635375 -0.0450387076 0.0158606935 0.00609635375 -0.0450387076 0.0161342081 0.00708516967 -0.0450352579 0.0159523804 0.00739632826 -0.0450341702 0.0158606935 0.00739632826 -0.0450341702 0.0158606935 0.010129882 -0.0450246297 0.0158606935 0.00999627635 -0.0450250953 0.0159387663 0.00999627635 -0.0450250953 0.0158538874 0.010141531 -0.0450245887 0.0158514045 0.0101457797 -0.0450245738 0.0158470795 0.0101457797 -0.0450245738 0.0161137879 0.0109850923 -0.0450216457 0.0159319602 0.0112962509 -0.0450205579 0.0158606935 0.0112962509 -0.0450205579 0.0161069799 0.0122850668 -0.0450171083 0.0159251541 0.0125962254 -0.0450160205 0.0158606935 0.0125962254 -0.0450160205 0.0195849147 0.00479637971 -0.0450432785 0.0178735349 0.00480240118 -0.045043245 0.0181648228 0.00430392241 -0.0450449847 0.0195781067 0.00609635375 -0.0450387411 0.017866727 0.00610237522 -0.0450387038 0.0181580167 0.00560389645 -0.0450404473 0.0195713006 0.00739632826 -0.0450342037 0.0178599209 0.00740234926 -0.0450341664 0.0181512106 0.00690387096 -0.0450359099 0.0159387663 0.00999627635 -0.0450250953 0.0158606935 0.00999627635 -0.0450250953 0.016120594 0.00968511868 -0.0450261831 0.0161546282 0.00318524684 -0.0450488739 0.0158701446 0.00238375133 -0.0450516678 0.0161561985 0.00288525294 -0.0450499207 0.0158606935 0.00301067508 -0.0450494774 0.0158716608 0.00299190544 -0.0450495444 0.0161546282 0.00318524684 -0.0450488739 0.01702483 0.00238979724 -0.0450516567 0.0178855769 0.00250244653 -0.045051273 0.0173082352 0.00249942346 -0.0450512767 0.0196099672 1.14563691e-05 -0.0450599827 0.0167387761 0.00188829564 -0.0450534038 0.0158606935 -8.17484761e-06 -0.0450600162 0.0167387761 0.00188829564 -0.0450534038 0.0161614344 0.00188527268 -0.0450534113 0.0158606935 -8.17484761e-06 -0.0450600162 0.0158606935 -8.17484761e-06 -0.0450600162 0.0161614344 0.00188527268 -0.0450534113 0.0158701446 0.00238375133 -0.0450516678 0.0161546282 0.00318524684 -0.0450488739 0.0161561985 0.00288525294 -0.0450499207 0.01673197 0.00318826991 -0.0450488664 0.0161561985 0.00288525294 -0.0450499207 0.0167335402 0.00288827578 -0.0450499132 0.01673197 0.00318826991 -0.0450488664 0.01673197 0.00318826991 -0.0450488664 0.0167335402 0.00288827578 -0.0450499132 0.0170180239 0.00368977152 -0.0450471193 0.0161546282 0.00318524684 -0.0450488739 0.0158716608 0.00299190544 -0.0450495444 0.0158701446 0.00238375133 -0.0450516678 0.0158716608 0.00299190544 -0.0450495444 0.0158606935 0.00297267619 -0.0450496115 0.0158701446 0.00238375133 -0.0450516678 0.0158701446 0.00238375133 -0.0450516678 0.0158606935 0.00297267619 -0.0450496115 0.0158606935 -8.17484761e-06 -0.0450600162 0.0158606935 0.00297267619 -0.0450496115 0.0158538874 0.00296074268 -0.0450496525 0.0158606935 -8.17484761e-06 -0.0450600162 0.0158606935 -8.17484761e-06 -0.0450600162 0.0158538874 0.00296074268 -0.0450496525 0.0158538874 -8.21048707e-06 -0.0450600162 0.0158538874 0.00296074268 -0.0450496525 0.0158470795 0.00294880942 -0.0450496934 0.0158538874 -8.21048707e-06 -0.0450600162 0.0158538874 -8.21048707e-06 -0.0450600162 0.0158470795 0.00294880942 -0.0450496934 0.0158470795 -8.24612744e-06 -0.0450600162 0.0158470795 0.00294880942 -0.0450496934 0.0158402734 0.00293687591 -0.0450497381 0.0158470795 -8.24612744e-06 -0.0450600162 0.0158470795 -8.24612744e-06 -0.0450600162 0.0158402734 0.00293687591 -0.0450497381 0.0158402734 -8.2817678e-06 -0.0450600162 0.0158402734 0.00293687591 -0.0450497381 0.0155856097 0.00249040406 -0.0450512916 0.0158402734 -8.2817678e-06 -0.0450600162 0.0158402734 -8.2817678e-06 -0.0450600162 0.0155856097 0.00249040406 -0.0450512916 0.0153814908 -1.06839516e-05 -0.0450600199 0.0153969359 0.00248941593 -0.0450512953 0.0153917009 0.00348939607 -0.0450478047 0.0153814908 0.00349640544 -0.0450477786 0.0153917009 0.00348939607 -0.0450478047 0.0155803729 0.00349038397 -0.045047801 0.0153814908 0.00349640544 -0.0450477786 0.0153814908 0.00349640544 -0.0450477786 0.0155803729 0.00349038397 -0.045047801 0.0158402734 0.00349640544 -0.0450477824 0.0153338443 0.00349640544 -0.0450477786 0.0153338443 -1.09334314e-05 -0.0450600199 0.0153474575 -1.08621516e-05 -0.0450600199 0.0150916595 0.0034964052 -0.0450477749 0.0151100298 -1.21053254e-05 -0.0450600237 0.0153338443 -1.09334314e-05 -0.0450600199 0.0153338443 -1.09334314e-05 -0.0450600199 0.0153338443 0.00349640544 -0.0450477786 0.0150916595 0.0034964052 -0.0450477749 0.0153338443 0.00349640544 -0.0450477786 0.0153338443 0.00364590832 -0.0450472571 0.0150916595 0.0034964052 -0.0450477749 0.0150916595 0.0034964052 -0.0450477749 0.0153338443 0.00364590832 -0.0450472571 0.0150908763 0.00364590832 -0.0450472534 0.0153338443 0.00364590832 -0.0450472571 0.0153338443 0.0043367357 -0.0450448468 0.0150908763 0.00364590832 -0.0450472534 0.0150908763 0.00364590832 -0.0450472534 0.0153338443 0.0043367357 -0.0450448468 0.015087259 0.0043367357 -0.0450448431 0.0153338443 0.0043367357 -0.0450448468 0.0153338443 0.00479637971 -0.0450432412 0.015087259 0.0043367357 -0.0450448431 0.015087259 0.0043367357 -0.0450448431 0.0153338443 0.00479637971 -0.0450432412 0.0150848525 0.00479637971 -0.0450432375 0.0153338443 0.00479637971 -0.0450432412 0.0153338443 0.0049458826 -0.0450427197 0.0150848525 0.00479637971 -0.0450432375 0.0150848525 0.00479637971 -0.0450432375 0.0153338443 0.0049458826 -0.0450427197 0.0150840692 0.0049458826 -0.045042716 0.0153338443 0.0049458826 -0.0450427197 0.0153338443 0.00563670974 -0.0450403094 0.0150840692 0.0049458826 -0.045042716 0.0150840692 0.0049458826 -0.045042716 0.0153338443 0.00563670974 -0.0450403094 0.015080452 0.00563670974 -0.0450403057 0.0153338443 0.00563670974 -0.0450403094 0.0153338443 0.00609635375 -0.0450387038 0.015080452 0.00563670974 -0.0450403057 0.015080452 0.00563670974 -0.0450403057 0.0153338443 0.00609635375 -0.0450387038 0.0150780454 0.00609635375 -0.0450387001 0.0153338443 0.00609635375 -0.0450387038 0.0153338443 0.00693668425 -0.0450357683 0.0150780454 0.00609635375 -0.0450387001 0.0150780454 0.00609635375 -0.0450387001 0.0153338443 0.00693668425 -0.0450357683 0.0150736459 0.00693668425 -0.0450357683 0.0153338443 0.00693668425 -0.0450357683 0.0153338443 0.00739632826 -0.0450341664 0.0150736459 0.00693668425 -0.0450357683 0.0150736459 0.00693668425 -0.0450357683 0.0153338443 0.00739632826 -0.0450341664 0.0150712393 0.00739632826 -0.0450341627 0.0153338443 0.00739632826 -0.0450341664 0.0153338443 0.00754583115 -0.0450336449 0.0150712393 0.00739632826 -0.0450341627 0.0150712393 0.00739632826 -0.0450341627 0.0153338443 0.00754583115 -0.0450336449 0.0150704561 0.00754583115 -0.0450336412 0.0153338443 0.00754583115 -0.0450336449 0.0153338443 0.00823665876 -0.0450312309 0.0150704561 0.00754583115 -0.0450336412 0.0150704561 0.00754583115 -0.0450336412 0.0153338443 0.00823665876 -0.0450312309 0.0150668388 0.00823665876 -0.0450312309 0.0153338443 0.00823665876 -0.0450312309 0.0153338443 0.00869630277 -0.045029629 0.0150668388 0.00823665876 -0.0450312309 0.0150668388 0.00823665876 -0.0450312309 0.0153338443 0.00869630277 -0.045029629 0.0150644323 0.00869630277 -0.0450296253 0.0153338443 0.00869630277 -0.045029629 0.0153338443 0.00884580519 -0.0450291075 0.0150644323 0.00869630277 -0.0450296253 0.0150644323 0.00869630277 -0.0450296253 0.0153338443 0.00884580519 -0.0450291075 0.015063649 0.00884580519 -0.0450291038 0.0153338443 0.00884580519 -0.0450291075 0.0153338443 0.00999627635 -0.0450250916 0.015063649 0.00884580519 -0.0450291038 0.015063649 0.00884580519 -0.0450291038 0.0153338443 0.00999627635 -0.0450250916 0.0150576252 0.00999627635 -0.0450250879 0.0153338443 0.00999627635 -0.0450250916 0.0153338443 0.0101457797 -0.0450245701 0.0150576252 0.00999627635 -0.0450250879 0.0150576252 0.00999627635 -0.0450250879 0.0153338443 0.0101457797 -0.0450245701 0.0150568429 0.0101457797 -0.0450245664 0.0153338443 0.0101457797 -0.0450245701 0.0153338443 0.0108366068 -0.0450221561 0.0150568429 0.0101457797 -0.0450245664 0.0150568429 0.0101457797 -0.0450245664 0.0153338443 0.0108366068 -0.0450221561 0.0150532257 0.0108366068 -0.0450221561 0.0153338443 0.0108366068 -0.0450221561 0.0153338443 0.0112962509 -0.0450205542 0.0150532257 0.0108366068 -0.0450221561 0.0150532257 0.0108366068 -0.0450221561 0.0153338443 0.0112962509 -0.0450205542 0.0150508191 0.0112962509 -0.0450205505 0.0153338443 0.0112962509 -0.0450205542 0.0153338443 0.0114457542 -0.0450200289 0.0150508191 0.0112962509 -0.0450205505 0.0150508191 0.0112962509 -0.0450205505 0.0153338443 0.0114457542 -0.0450200289 0.0150500359 0.0114457542 -0.0450200289 0.0153338443 0.0114457542 -0.0450200289 0.0153338443 0.0121365814 -0.0450176187 0.0150500359 0.0114457542 -0.0450200289 0.0150500359 0.0114457542 -0.0450200289 0.0153338443 0.0121365814 -0.0450176187 0.0150464186 0.0121365814 -0.045017615 0.0153338443 0.0121365814 -0.0450176187 0.0153338443 0.0125962254 -0.0450160131 0.0150464186 0.0121365814 -0.045017615 0.0150464186 0.0121365814 -0.045017615 0.0153338443 0.0125962254 -0.0450160131 0.0150440121 0.0125962254 -0.0450160131 0.0153338443 0.0127457278 -0.0450154915 0.0153338443 0.0138961989 -0.0450114757 0.0150432298 0.0127457278 -0.0450154915 0.0153338443 0.0138961989 -0.0450114757 0.0150372051 0.0138961989 -0.0450114757 0.0150432298 0.0127457278 -0.0450154915 0.015030399 0.0151961735 -0.0450069383 0.0150364228 0.0140457023 -0.0450109541 0.0153356753 0.0141891846 -0.045010455 0.0153338443 0.0189892109 -0.0449936986 0.0150105469 0.0189875178 -0.0449937023 0.015030399 0.0151961735 -0.0450069383 0.0166722797 0.014588044 -0.0450090729 0.0169635694 0.0140895657 -0.0450108163 0.0172469746 0.0141991917 -0.0450104363 0.0178243164 0.0142022148 -0.0450104326 0.019536484 0.0140457023 -0.0450109951 0.0181103703 0.0147037162 -0.0450086854 0.019536484 0.0140457023 -0.0450109951 0.0195304602 0.0151961735 -0.0450069793 0.0181103703 0.0147037162 -0.0450086854 0.0181103703 0.0147037162 -0.0450086854 0.0195304602 0.0151961735 -0.0450069793 0.0178190805 0.0152021954 -0.045006942 0.0195304602 0.0151961735 -0.0450069793 0.0195104871 0.0190110803 -0.0449936613 0.0178190805 0.0152021954 -0.045006942 0.0178190805 0.0152021954 -0.045006942 0.0195104871 0.0190110803 -0.0449936613 0.0172417387 0.0151991723 -0.0450069457 0.0195104871 0.0190110803 -0.0449936613 0.0158606935 0.0189919695 -0.0449936949 0.0172417387 0.0151991723 -0.0450069457 0.0172417387 0.0151991723 -0.0450069457 0.0158606935 0.0189919695 -0.0449936949 0.0158606935 0.0151961735 -0.0450069457 0.0158606935 0.0189919695 -0.0449936949 0.0158538874 0.0189919341 -0.0449936949 0.0158606935 0.0151961735 -0.0450069457 0.0158606935 0.0151961735 -0.0450069457 0.0158538874 0.0189919341 -0.0449936949 0.0158538874 0.0151961735 -0.0450069457 0.0158538874 0.0189919341 -0.0449936949 0.0158470795 0.0189918987 -0.0449936949 0.0158538874 0.0151961735 -0.0450069457 0.0158538874 0.0151961735 -0.0450069457 0.0158470795 0.0189918987 -0.0449936949 0.0158470795 0.0151961735 -0.0450069457 0.0158470795 0.0189918987 -0.0449936949 0.0158402734 0.0189918634 -0.0449936949 0.0158470795 0.0151961735 -0.0450069457 0.0158470795 0.0151961735 -0.0450069457 0.0158402734 0.0189918634 -0.0449936949 0.0158402734 0.0151961735 -0.045006942 0.0158402734 0.0189918634 -0.0449936949 0.0153814908 0.0189894605 -0.0449936986 0.0158402734 0.0151961735 -0.045006942 0.0158402734 0.0151961735 -0.045006942 0.0153814908 0.0189894605 -0.0449936986 0.0153814908 0.0151961735 -0.0450069383 0.0153814908 0.0189894605 -0.0449936986 0.0153746847 0.0189894252 -0.0449936986 0.0153814908 0.0151961735 -0.0450069383 0.0153814908 0.0151961735 -0.0450069383 0.0153746847 0.0189894252 -0.0449936986 0.0153746847 0.0151961735 -0.0450069383 0.0153746847 0.0189894252 -0.0449936986 0.0153474575 0.0189892817 -0.0449936986 0.0153746847 0.0151961735 -0.0450069383 0.0153746847 0.0151961735 -0.0450069383 0.0153474575 0.0189892817 -0.0449936986 0.0153474575 0.0151961735 -0.0450069383 0.0153474575 0.0189892817 -0.0449936986 0.0153338443 0.0189892109 -0.0449936986 0.0153474575 0.0151961735 -0.0450069383 0.0153474575 0.0151961735 -0.0450069383 0.0153338443 0.0189892109 -0.0449936986 0.0153338443 0.0151961735 -0.0450069383 0.0153338443 0.0189892109 -0.0449936986 0.015030399 0.0151961735 -0.0450069383 0.0153338443 0.0151961735 -0.0450069383 0.0153338443 0.0151961735 -0.0450069383 0.015030399 0.0151961735 -0.0450069383 0.0153304413 0.0151891643 -0.0450069644 0.015030399 0.0151961735 -0.0450069383 0.0153356753 0.0141891846 -0.045010455 0.0153304413 0.0151891643 -0.0450069644 0.0169635694 0.0140895657 -0.0450108163 0.0172485448 0.0138991978 -0.0450114831 0.0178258866 0.0139022209 -0.0450114794 0.0178311225 0.0129022403 -0.04501497 0.0195432901 0.0127457287 -0.0450155325 0.0181171764 0.0134037426 -0.0450132228 0.0195432901 0.0127457287 -0.0450155325 0.0195372663 0.0138961999 -0.0450115167 0.0181171764 0.0134037426 -0.0450132228 0.0181171764 0.0134037426 -0.0450132228 0.0195372663 0.0138961999 -0.0450115167 0.0178258866 0.0139022209 -0.0450114794 0.0195372663 0.0138961999 -0.0450115167 0.019536484 0.0140457023 -0.0450109951 0.0178258866 0.0139022209 -0.0450114794 0.0178258866 0.0139022209 -0.0450114794 0.019536484 0.0140457023 -0.0450109951 0.0169635694 0.0140895657 -0.0450108163 0.019536484 0.0140457023 -0.0450109951 0.0178243164 0.0142022148 -0.0450104326 0.0169635694 0.0140895657 -0.0450108163 0.0169635694 0.0140895657 -0.0450108163 0.0178243164 0.0142022148 -0.0450104326 0.0172469746 0.0141991917 -0.0450104363 0.0166790877 0.0132880695 -0.0450136103 0.0166775156 0.0135880644 -0.0450125635 0.016101744 0.0132850474 -0.0450136177 0.0166775156 0.0135880644 -0.0450125635 0.0161001738 0.0135850413 -0.0450125709 0.016101744 0.0132850474 -0.0450136177 0.016101744 0.0132850474 -0.0450136177 0.0161001738 0.0135850413 -0.0450125709 0.0158606935 0.0128624411 -0.0450150892 0.0172485448 0.0138991978 -0.0450114831 0.0169635694 0.0140895657 -0.0450108163 0.016962491 0.0133976964 -0.0450132303 0.0169635694 0.0140895657 -0.0450108163 0.0166775156 0.0135880644 -0.0450125635 0.016962491 0.0133976964 -0.0450132303 0.016962491 0.0133976964 -0.0450132303 0.0166775156 0.0135880644 -0.0450125635 0.0172537807 0.0128992172 -0.0450149737 0.0166775156 0.0135880644 -0.0450125635 0.0166790877 0.0132880695 -0.0450136103 0.0172537807 0.0128992172 -0.0450149737 0.0172537807 0.0128992172 -0.0450149737 0.0166790877 0.0132880695 -0.0450136103 0.0169703756 0.0127895912 -0.0450153537 0.0169703756 0.0127895912 -0.0450153537 0.0172553509 0.0125992233 -0.0450160205 0.0178326946 0.0126022464 -0.0450160168 0.0181239825 0.0121037681 -0.0450177602 0.0195440743 0.0125962254 -0.0450160541 0.0178326946 0.0126022464 -0.0450160168 0.0195440743 0.0125962254 -0.0450160541 0.0195432901 0.0127457287 -0.0450155325 0.0178326946 0.0126022464 -0.0450160168 0.0178326946 0.0126022464 -0.0450160168 0.0195432901 0.0127457287 -0.0450155325 0.0169703756 0.0127895912 -0.0450153537 0.0195432901 0.0127457287 -0.0450155325 0.0178311225 0.0129022403 -0.04501497 0.0169703756 0.0127895912 -0.0450153537 0.0169703756 0.0127895912 -0.0450153537 0.0178311225 0.0129022403 -0.04501497 0.0172537807 0.0128992172 -0.0450149737 0.0169771835 0.0114896167 -0.0450198911 0.0172621589 0.0112992497 -0.0450205579 0.0178395007 0.0113022719 -0.0450205542 0.0169771835 0.0114896167 -0.0450198911 0.0178395007 0.0113022719 -0.0450205542 0.0195500981 0.0114457542 -0.0450200699 0.0195500981 0.0114457542 -0.0450200699 0.0178395007 0.0113022719 -0.0450205542 0.0195508804 0.0112962509 -0.0450205915 0.0178395007 0.0113022719 -0.0450205542 0.0181307904 0.0108037936 -0.0450222977 0.0195508804 0.0112962509 -0.0450205915 0.0195508804 0.0112962509 -0.0450205915 0.0181307904 0.0108037936 -0.0450222977 0.019553287 0.0108366068 -0.0450221971 0.0169839896 0.0101896431 -0.0450244285 0.017268965 0.00999927521 -0.0450250991 0.0178463068 0.0100022983 -0.0450250916 0.0178515427 0.00900231767 -0.0450285822 0.0195637103 0.00884580519 -0.0450291447 0.0181375965 0.00950381905 -0.0450268351 0.0195637103 0.00884580519 -0.0450291447 0.0195576865 0.00999627635 -0.0450251289 0.0181375965 0.00950381905 -0.0450268351 0.0181375965 0.00950381905 -0.0450268351 0.0195576865 0.00999627635 -0.0450251289 0.0178463068 0.0100022983 -0.0450250916 0.0195576865 0.00999627635 -0.0450251289 0.0195569042 0.0101457797 -0.0450246073 0.0178463068 0.0100022983 -0.0450250916 0.0178463068 0.0100022983 -0.0450250916 0.0195569042 0.0101457797 -0.0450246073 0.0169839896 0.0101896431 -0.0450244285 0.017268965 0.00999927521 -0.0450250991 0.0169839896 0.0101896431 -0.0450244285 0.0169829112 0.00949777383 -0.0450268462 0.0169839896 0.0101896431 -0.0450244285 0.0166979358 0.00968814082 -0.0450261794 0.0169829112 0.00949777383 -0.0450268462 0.0169829112 0.00949777383 -0.0450268462 0.0166979358 0.00968814082 -0.0450261794 0.0172742009 0.0089992946 -0.0450285897 0.0158606935 0.00999627635 -0.0450250953 0.0158606935 0.0089267185 -0.0450288281 0.016120594 0.00968511868 -0.0450261831 0.0158606935 0.0089267185 -0.0450288281 0.0161221642 0.00938512385 -0.0450272299 0.016120594 0.00968511868 -0.0450261831 0.016120594 0.00968511868 -0.0450261831 0.0161221642 0.00938512385 -0.0450272299 0.0166979358 0.00968814082 -0.0450261794 0.0161221642 0.00938512385 -0.0450272299 0.0166995078 0.00938814692 -0.0450272262 0.0166979358 0.00968814082 -0.0450261794 0.0166979358 0.00968814082 -0.0450261794 0.0166995078 0.00938814692 -0.0450272262 0.0172742009 0.0089992946 -0.0450285897 0.0166995078 0.00938814692 -0.0450272262 0.0169907957 0.00888966862 -0.0450289696 0.0172742009 0.0089992946 -0.0450285897 0.0172742009 0.0089992946 -0.0450285897 0.0169907957 0.00888966862 -0.0450289696 0.0178515427 0.00900231767 -0.0450285822 0.0169907957 0.00888966862 -0.0450289696 0.0172757711 0.0086993007 -0.0450296365 0.0178531148 0.00870232377 -0.045029629 0.0178515427 0.00900231767 -0.0450285822 0.0169907957 0.00888966862 -0.0450289696 0.0195637103 0.00884580519 -0.0450291447 0.0169907957 0.00888966862 -0.0450289696 0.0178531148 0.00870232377 -0.045029629 0.0195637103 0.00884580519 -0.0450291447 0.0195637103 0.00884580519 -0.0450291447 0.0178531148 0.00870232377 -0.045029629 0.0195644945 0.00869630277 -0.0450296663 0.0178531148 0.00870232377 -0.045029629 0.0181444027 0.00820384547 -0.0450313725 0.0195644945 0.00869630277 -0.0450296663 0.0195644945 0.00869630277 -0.0450296663 0.0181444027 0.00820384547 -0.0450313725 0.019566901 0.00823665876 -0.0450312719 0.0161357783 0.00678517576 -0.0450363047 0.01671312 0.00678819884 -0.045036301 0.0169965252 0.00689782482 -0.045035921 0.01671312 0.00678819884 -0.045036301 0.0170044098 0.00628972007 -0.0450380445 0.0169965252 0.00689782482 -0.045035921 0.0169965252 0.00689782482 -0.045035921 0.0170044098 0.00628972007 -0.0450380445 0.017287815 0.00639934652 -0.0450376645 0.0172893852 0.00609935215 -0.0450387113 0.017866727 0.00610237522 -0.0450387038 0.0178651568 0.00640236912 -0.045037657 0.017866727 0.00610237522 -0.0450387038 0.0195781067 0.00609635375 -0.0450387411 0.0178651568 0.00640236912 -0.045037657 0.0178651568 0.00640236912 -0.045037657 0.0195781067 0.00609635375 -0.0450387411 0.0181512106 0.00690387096 -0.0450359099 0.0195781067 0.00609635375 -0.0450387411 0.0195737071 0.00693668425 -0.0450358093 0.0181512106 0.00690387096 -0.0450359099 0.0181512106 0.00690387096 -0.0450359099 0.0195737071 0.00693668425 -0.0450358093 0.0195713006 0.00739632826 -0.0450342037 0.0158606935 0.00563670974 -0.0450403132 0.0161425844 0.00548520125 -0.0450408421 0.0170033313 0.00559785077 -0.0450404584 0.0161425844 0.00548520125 -0.0450408421 0.016719928 0.00548822433 -0.0450408384 0.0170033313 0.00559785077 -0.0450404584 0.0170033313 0.00559785077 -0.0450404584 0.016719928 0.00548822433 -0.0450408384 0.0172946211 0.00509937201 -0.0450422019 0.016719928 0.00548822433 -0.0450408384 0.0170112159 0.00498974556 -0.0450425819 0.0172946211 0.00509937201 -0.0450422019 0.0172946211 0.00509937201 -0.0450422019 0.0170112159 0.00498974556 -0.0450425819 0.0178719629 0.00510239508 -0.0450421944 0.0170112159 0.00498974556 -0.0450425819 0.0195841305 0.0049458826 -0.0450427569 0.0178719629 0.00510239508 -0.0450421944 0.0178719629 0.00510239508 -0.0450421944 0.0195841305 0.0049458826 -0.0450427569 0.0181580167 0.00560389645 -0.0450404473 0.0195841305 0.0049458826 -0.0450427569 0.0195805132 0.00563671021 -0.0450403467 0.0181580167 0.00560389645 -0.0450404473 0.0181580167 0.00560389645 -0.0450404473 0.0195805132 0.00563671021 -0.0450403467 0.0195781067 0.00609635375 -0.0450387411 0.0158648547 0.00429187948 -0.045045007 0.0170101393 0.00429787626 -0.0450449958 0.0158606935 0.0042990013 -0.0450449809 0.0170101393 0.00429787626 -0.0450449958 0.0170323029 0.0043367357 -0.0450448617 0.0158606935 0.0042990013 -0.0450449809 0.01702483 0.00238979724 -0.0450516567 0.0173082352 0.00249942346 -0.0450512767 0.0167335402 0.00288827578 -0.0450499132 0.0173082352 0.00249942346 -0.0450512767 0.0170169454 0.00299790222 -0.0450495332 0.0167335402 0.00288827578 -0.0450499132 0.0167335402 0.00288827578 -0.0450499132 0.0170169454 0.00299790222 -0.0450495332 0.0170180239 0.00368977152 -0.0450471193 0.0170169454 0.00299790222 -0.0450495332 0.0173029993 0.00349940383 -0.0450477861 0.0170180239 0.00368977152 -0.0450471193 0.0170180239 0.00368977152 -0.0450471193 0.0173029993 0.00349940383 -0.0450477861 0.017880341 0.00350242667 -0.0450477824 0.01702483 0.00238979724 -0.0450516567 0.0167387761 0.00188829564 -0.0450534038 0.0178855769 0.00250244653 -0.045051273 0.0167387761 0.00188829564 -0.0450534038 0.0196099672 1.14563691e-05 -0.0450599827 0.0178855769 0.00250244653 -0.045051273 0.0178855769 0.00250244653 -0.045051273 0.0196099672 1.14563691e-05 -0.0450599827 0.0181716308 0.00300394814 -0.0450495221 0.0196099672 1.14563691e-05 -0.0450599827 0.0195917208 0.00349640544 -0.0450478159 0.0181716308 0.00300394814 -0.0450495221 0.0181716308 0.00300394814 -0.0450495221 0.0195917208 0.00349640544 -0.0450478159 0.017880341 0.00350242667 -0.0450477824 0.0195917208 0.00349640544 -0.0450478159 0.0195909385 0.00364590855 -0.0450472943 0.017880341 0.00350242667 -0.0450477824 0.017880341 0.00350242667 -0.0450477824 0.0195909385 0.00364590855 -0.0450472943 0.0170180239 0.00368977152 -0.0450471193 0.0155803729 0.00349038397 -0.045047801 0.0158402734 0.00304561993 -0.0450493582 0.0158402734 0.00349640544 -0.0450477824 0.0158402734 0.00304561993 -0.0450493582 0.0158470795 0.00303397165 -0.0450493991 0.0158402734 0.00349640544 -0.0450477824 0.0158402734 0.00349640544 -0.0450477824 0.0158470795 0.00303397165 -0.0450493991 0.0158470795 0.00349640544 -0.0450477824 0.0158470795 0.00303397165 -0.0450493991 0.0158538874 0.00302232336 -0.0450494401 0.0158470795 0.00349640544 -0.0450477824 0.0158470795 0.00349640544 -0.0450477824 0.0158538874 0.00302232336 -0.0450494401 0.0158538874 0.00349640544 -0.0450477824 0.0158538874 0.00302232336 -0.0450494401 0.0158606935 0.00301067508 -0.0450494774 0.0158538874 0.00349640544 -0.0450477824 0.0158538874 0.00349640544 -0.0450477824 0.0158606935 0.00301067508 -0.0450494774 0.0158606935 0.00349640544 -0.0450477824 0.0158606935 0.00301067508 -0.0450494774 0.0161546282 0.00318524684 -0.0450488739 0.0158606935 0.00349640544 -0.0450477824 0.0172469746 0.0141991917 -0.0450104363 0.0169556849 0.0146976709 -0.0450086929 0.0166722797 0.014588044 -0.0450090729 0.0169556849 0.0146976709 -0.0450086929 0.0172417387 0.0151991723 -0.0450069457 0.0166722797 0.014588044 -0.0450090729 0.0166722797 0.014588044 -0.0450090729 0.0172417387 0.0151991723 -0.0450069457 0.0160949379 0.014585021 -0.0450090803 0.0172417387 0.0151991723 -0.0450069457 0.0158606935 0.0151961735 -0.0450069457 0.0160949379 0.014585021 -0.0450090803 0.0160949379 0.014585021 -0.0450090803 0.0158606935 0.0151961735 -0.0450069457 0.0158606935 0.0141743487 -0.0450105108 0.0158606935 0.0151961735 -0.0450069457 0.0158538874 0.0151961735 -0.0450069457 0.0158606935 0.0141743487 -0.0450105108 0.0158606935 0.0141743487 -0.0450105108 0.0158538874 0.0151961735 -0.0450069457 0.0158538874 0.0141624156 -0.0450105518 0.0158538874 0.0151961735 -0.0450069457 0.0158470795 0.0151961735 -0.0450069457 0.0158538874 0.0141624156 -0.0450105518 0.0158538874 0.0141624156 -0.0450105518 0.0158470795 0.0151961735 -0.0450069457 0.0158470795 0.0141504826 -0.0450105928 0.0158470795 0.0151961735 -0.0450069457 0.0158402734 0.0151961735 -0.045006942 0.0158470795 0.0141504826 -0.0450105928 0.0158470795 0.0141504826 -0.0450105928 0.0158402734 0.0151961735 -0.045006942 0.0158402734 0.0141385486 -0.0450106375 0.0158104021 0.0146916742 -0.0450087041 0.0155243492 0.0141901728 -0.0450104512 0.0158088841 0.0140835196 -0.0450108275 0.0158088841 0.0140835196 -0.0450108275 0.0155243492 0.0141901728 -0.0450104512 0.0158309843 0.0140457023 -0.0450109579 0.0155243492 0.0141901728 -0.0450104512 0.0153814908 0.0140457023 -0.0450109541 0.0158309843 0.0140457023 -0.0450109579 0.0158309843 0.0140457023 -0.0450109579 0.0153814908 0.0140457023 -0.0450109541 0.0158402734 0.0140298055 -0.0450110137 0.0159183461 0.0138961999 -0.0450114831 0.0158606935 0.0139948605 -0.0450111367 0.0158606935 0.0138961999 -0.0450114831 0.0158606935 0.0139948605 -0.0450111367 0.0158538874 0.0140065085 -0.0450110957 0.0158606935 0.0138961999 -0.0450114831 0.0158606935 0.0138961999 -0.0450114831 0.0158538874 0.0140065085 -0.0450110957 0.0158538874 0.0138961999 -0.0450114831 0.0158538874 0.0140065085 -0.0450110957 0.0158470795 0.0140181566 -0.0450110547 0.0158538874 0.0138961999 -0.0450114831 0.0158538874 0.0138961999 -0.0450114831 0.0158470795 0.0140181566 -0.0450110547 0.0158470795 0.0138961999 -0.0450114831 0.0158470795 0.0140181566 -0.0450110547 0.0158402734 0.0140298055 -0.0450110137 0.0158470795 0.0138961999 -0.0450114831 0.0158470795 0.0138961999 -0.0450114831 0.0158538874 0.0128505081 -0.0450151302 0.0158538874 0.0138961999 -0.0450114831 0.0158538874 0.0128505081 -0.0450151302 0.0158606935 0.0128624411 -0.0450150892 0.0158538874 0.0138961999 -0.0450114831 0.0158538874 0.0138961999 -0.0450114831 0.0158606935 0.0128624411 -0.0450150892 0.0158606935 0.0138961999 -0.0450114831 0.0158606935 0.0128624411 -0.0450150892 0.0161001738 0.0135850413 -0.0450125709 0.0158606935 0.0138961999 -0.0450114831 0.0158606935 0.0138961999 -0.0450114831 0.0161001738 0.0135850413 -0.0450125709 0.0159183461 0.0138961999 -0.0450114831 0.0158402734 0.0138961999 -0.0450114831 0.0158402734 0.0128266411 -0.0450152159 0.0158470795 0.0128385751 -0.0450151749 0.0158172082 0.0133916996 -0.0450132415 0.0155311562 0.0128901983 -0.0450149886 0.015815692 0.0127835451 -0.0450153649 0.015815692 0.0127835451 -0.0450153649 0.0155311562 0.0128901983 -0.0450149886 0.0158377904 0.0127457278 -0.045015499 0.0155311562 0.0128901983 -0.0450149886 0.0153814908 0.0127457278 -0.0450154915 0.0158377904 0.0127457278 -0.045015499 0.0158377904 0.0127457278 -0.045015499 0.0153814908 0.0127457278 -0.0450154915 0.0158402734 0.0127414791 -0.0450155139 0.0159251541 0.0125962254 -0.0450160205 0.0158606935 0.0127065349 -0.0450156331 0.0158606935 0.0125962254 -0.0450160205 0.0158606935 0.0127065349 -0.0450156331 0.0158538874 0.012718183 -0.0450155921 0.0158606935 0.0125962254 -0.0450160205 0.0158606935 0.0125962254 -0.0450160205 0.0158538874 0.012718183 -0.0450155921 0.0158538874 0.0125962254 -0.0450160205 0.0158538874 0.012718183 -0.0450155921 0.0158470795 0.012729831 -0.0450155511 0.0158538874 0.0125962254 -0.0450160205 0.0158538874 0.0125962254 -0.0450160205 0.0158470795 0.012729831 -0.0450155511 0.0158470795 0.0125962254 -0.0450160205 0.0158470795 0.012729831 -0.0450155511 0.0158402734 0.0127414791 -0.0450155139 0.0158470795 0.0125962254 -0.0450160205 0.0172553509 0.0125992233 -0.0450160205 0.0169703756 0.0127895912 -0.0450153537 0.0169692989 0.0120977219 -0.0450177714 0.0169703756 0.0127895912 -0.0450153537 0.0166843235 0.0122880898 -0.0450171009 0.0169692989 0.0120977219 -0.0450177714 0.0169692989 0.0120977219 -0.0450177714 0.0166843235 0.0122880898 -0.0450171009 0.0158606935 0.0121365814 -0.0450176224 0.0158470795 0.0121365814 -0.0450176224 0.0158538874 0.0115386005 -0.0450197123 0.0158538874 0.0121365814 -0.0450176224 0.0158538874 0.0115386005 -0.0450197123 0.0158606935 0.0115505336 -0.0450196713 0.0158538874 0.0121365814 -0.0450176224 0.0158538874 0.0121365814 -0.0450176224 0.0158606935 0.0115505336 -0.0450196713 0.0158606935 0.0121365814 -0.0450176224 0.0158606935 0.0115505336 -0.0450196713 0.016108552 0.0119850729 -0.0450181551 0.0158606935 0.0121365814 -0.0450176224 0.0158606935 0.0121365814 -0.0450176224 0.016108552 0.0119850729 -0.0450181551 0.0169692989 0.0120977219 -0.0450177714 0.016108552 0.0119850729 -0.0450181551 0.0166858938 0.0119880959 -0.0450181514 0.0169692989 0.0120977219 -0.0450177714 0.0169692989 0.0120977219 -0.0450177714 0.0166858938 0.0119880959 -0.0450181514 0.0172605868 0.0115992436 -0.0450195111 0.0166858938 0.0119880959 -0.0450181514 0.0169771835 0.0114896167 -0.0450198911 0.0172605868 0.0115992436 -0.0450195111 0.0172605868 0.0115992436 -0.0450195111 0.0169771835 0.0114896167 -0.0450198911 0.0178379305 0.0116022667 -0.0450195074 0.0169771835 0.0114896167 -0.0450198911 0.0195500981 0.0114457542 -0.0450200699 0.0178379305 0.0116022667 -0.0450195074 0.0178379305 0.0116022667 -0.0450195074 0.0195500981 0.0114457542 -0.0450200699 0.0181239825 0.0121037681 -0.0450177602 0.0195500981 0.0114457542 -0.0450200699 0.0195464808 0.0121365814 -0.0450176559 0.0181239825 0.0121037681 -0.0450177602 0.0181239825 0.0121037681 -0.0450177602 0.0195464808 0.0121365814 -0.0450176559 0.0195440743 0.0125962254 -0.0450160541 0.0158470795 0.0114415046 -0.0450200513 0.0158445965 0.0114457542 -0.0450200364 0.0158402734 0.0114457542 -0.0450200364 0.0158445965 0.0114457542 -0.0450200364 0.0158402734 0.0114531536 -0.0450200103 0.0158402734 0.0114457542 -0.0450200364 0.0158402734 0.0114457542 -0.0450200364 0.0158402734 0.0114531536 -0.0450200103 0.0153814908 0.0114457542 -0.0450200327 0.0158402734 0.0114531536 -0.0450200103 0.0158224981 0.0114835715 -0.0450199023 0.0153814908 0.0114457542 -0.0450200327 0.0159319602 0.0112962509 -0.0450205579 0.0158606935 0.0114182085 -0.0450201333 0.0158606935 0.0112962509 -0.0450205579 0.0158606935 0.0114182085 -0.0450201333 0.0158538874 0.0114298565 -0.0450200923 0.0158606935 0.0112962509 -0.0450205579 0.0158606935 0.0112962509 -0.0450205579 0.0158538874 0.0114298565 -0.0450200923 0.0158538874 0.0112962509 -0.0450205579 0.0158538874 0.0114298565 -0.0450200923 0.0158470795 0.0114415046 -0.0450200513 0.0158538874 0.0112962509 -0.0450205579 0.0158538874 0.0112962509 -0.0450205579 0.0158470795 0.0114415046 -0.0450200513 0.0158470795 0.0112962509 -0.0450205579 0.0158470795 0.0114415046 -0.0450200513 0.0158402734 0.0114457542 -0.0450200364 0.0158470795 0.0112962509 -0.0450205579 0.0172621589 0.0112992497 -0.0450205579 0.0169771835 0.0114896167 -0.0450198911 0.016976105 0.0107977474 -0.0450223088 0.0169771835 0.0114896167 -0.0450198911 0.0166911297 0.0109881153 -0.045021642 0.016976105 0.0107977474 -0.0450223088 0.016976105 0.0107977474 -0.0450223088 0.0166911297 0.0109881153 -0.045021642 0.0158606935 0.0108366068 -0.0450221598 0.0158402734 0.0101648271 -0.0450245067 0.0158293042 0.010183597 -0.0450244397 0.0153814908 0.0101457797 -0.0450245701 0.0158538874 0.010141531 -0.0450245887 0.0158470795 0.0101457797 -0.0450245738 0.0158538874 0.00999627635 -0.0450250953 0.0158606935 0.010129882 -0.0450246297 0.0158538874 0.010141531 -0.0450245887 0.0158606935 0.00999627635 -0.0450250953 0.0158538874 0.010141531 -0.0450245887 0.0158538874 0.00999627635 -0.0450250953 0.0158606935 0.00999627635 -0.0450250953 0.0158606935 0.00999627635 -0.0450250953 0.0158538874 0.00999627635 -0.0450250953 0.0158606935 0.0089267185 -0.0450288281 0.0158538874 0.00999627635 -0.0450250953 0.0158538874 0.00891478546 -0.0450288691 0.0158606935 0.0089267185 -0.0450288281 0.0158538874 0.00891478546 -0.0450288691 0.0158470795 0.00999627635 -0.0450250953 0.0158470795 0.00890285149 -0.04502891 0.0158470795 0.00999627635 -0.0450250953 0.0158402734 0.00999627635 -0.0450250953 0.0158470795 0.00890285149 -0.04502891 0.0158470795 0.00890285149 -0.04502891 0.0158402734 0.00999627635 -0.0450250953 0.0158402734 0.00889091846 -0.0450289547 0.0158402734 0.00887650065 -0.0450290032 0.0158361122 0.00888362247 -0.0450289771 0.0153814908 0.00884580519 -0.0450291075 0.0158361122 0.00888362247 -0.0450289771 0.0158376284 0.00949177705 -0.0450268574 0.0155515764 0.00899027567 -0.0450286046 0.0153814908 0.00884580519 -0.0450291075 0.0158402734 0.00884580519 -0.0450291112 0.0158402734 0.00887650065 -0.0450290032 0.0158402734 0.00884580519 -0.0450291112 0.0158470795 0.00884580519 -0.0450291112 0.0158402734 0.00887650065 -0.0450290032 0.0158402734 0.00887650065 -0.0450290032 0.0158470795 0.00884580519 -0.0450291112 0.0158470795 0.0088648526 -0.0450290442 0.0158470795 0.00884580519 -0.0450291112 0.0158538874 0.00884580519 -0.0450291112 0.0158470795 0.0088648526 -0.0450290442 0.0158470795 0.0088648526 -0.0450290442 0.0158538874 0.00884580519 -0.0450291112 0.0158538874 0.00885320455 -0.0450290851 0.0161274001 0.00838514417 -0.0450307205 0.0159455743 0.00869630277 -0.0450296327 0.0158606935 0.00869630277 -0.0450296327 0.0159455743 0.00869630277 -0.0450296327 0.0158606935 0.0088415565 -0.0450291261 0.0158606935 0.00869630277 -0.0450296327 0.0158606935 0.00869630277 -0.0450296327 0.0158606935 0.0088415565 -0.0450291261 0.0158538874 0.00884580519 -0.0450291112 0.0158606935 0.0088415565 -0.0450291261 0.0158582106 0.00884580519 -0.0450291112 0.0158538874 0.00884580519 -0.0450291112 0.0158538874 0.00884580519 -0.0450291112 0.0158582106 0.00884580519 -0.0450291112 0.0158538874 0.00885320455 -0.0450290851 0.0172757711 0.0086993007 -0.0450296365 0.0169907957 0.00888966862 -0.0450289696 0.0169897191 0.00819779932 -0.0450313836 0.0169907957 0.00888966862 -0.0450289696 0.0167047437 0.00838816725 -0.0450307168 0.0169897191 0.00819779932 -0.0450313836 0.0169897191 0.00819779932 -0.0450313836 0.0167047437 0.00838816725 -0.0450307168 0.0158606935 0.00823665876 -0.0450312383 0.0158402734 0.00823665876 -0.0450312383 0.0158444345 0.00819180254 -0.0450313948 0.0158470795 0.00823665876 -0.0450312383 0.019566901 0.00823665876 -0.0450312719 0.0181444027 0.00820384547 -0.0450313725 0.0195705183 0.00754583115 -0.0450336821 0.0181444027 0.00820384547 -0.0450313725 0.0178583506 0.00770234363 -0.0450331196 0.0195705183 0.00754583115 -0.0450336821 0.0195705183 0.00754583115 -0.0450336821 0.0178583506 0.00770234363 -0.0450331196 0.0169976037 0.00758969411 -0.045033507 0.0178583506 0.00770234363 -0.0450331196 0.017281007 0.00769932056 -0.0450331271 0.0169976037 0.00758969411 -0.045033507 0.0169976037 0.00758969411 -0.045033507 0.017281007 0.00769932056 -0.0450331271 0.0167063139 0.00808817241 -0.0450317636 0.017281007 0.00769932056 -0.0450331271 0.0169897191 0.00819779932 -0.0450313836 0.0167063139 0.00808817241 -0.0450317636 0.0167063139 0.00808817241 -0.0450317636 0.0169897191 0.00819779932 -0.0450313836 0.0161289722 0.00808515027 -0.0450317673 0.0169897191 0.00819779932 -0.0450313836 0.0158606935 0.00823665876 -0.0450312383 0.0161289722 0.00808515027 -0.0450317673 0.0161289722 0.00808515027 -0.0450317673 0.0158606935 0.00823665876 -0.0450312383 0.0158606935 0.00761481095 -0.0450334065 0.0158606935 0.00823665876 -0.0450312383 0.0158538874 0.00823665876 -0.0450312383 0.0158606935 0.00761481095 -0.0450334065 0.0158606935 0.00761481095 -0.0450334065 0.0158538874 0.00823665876 -0.0450312383 0.0158538874 0.00760287745 -0.0450334512 0.0158538874 0.00823665876 -0.0450312383 0.0158470795 0.00823665876 -0.0450312383 0.0158538874 0.00760287745 -0.0450334512 0.0158538874 0.00760287745 -0.0450334512 0.0158470795 0.00823665876 -0.0450312383 0.0158470795 0.00759094395 -0.0450334921 0.0158470795 0.00823665876 -0.0450312383 0.0158444345 0.00819180254 -0.0450313948 0.0158470795 0.00759094395 -0.0450334921 0.0158470795 0.00759094395 -0.0450334921 0.0158444345 0.00819180254 -0.0450313948 0.0158429183 0.00758364843 -0.0450335145 0.0158444345 0.00819180254 -0.0450313948 0.0155583834 0.00769030116 -0.045033142 0.0158429183 0.00758364843 -0.0450335145 0.0158429183 0.00758364843 -0.0450335145 0.0155583834 0.00769030116 -0.045033142 0.0158470795 0.00757652661 -0.0450335406 0.0158650167 0.00754583115 -0.0450336486 0.0158606935 0.00755323051 -0.0450336225 0.0158606935 0.00754583115 -0.0450336486 0.0158606935 0.00755323051 -0.0450336225 0.0158538874 0.00756487856 -0.0450335816 0.0158606935 0.00754583115 -0.0450336486 0.0158606935 0.00754583115 -0.0450336486 0.0158538874 0.00756487856 -0.0450335816 0.0158538874 0.00754583115 -0.0450336486 0.0158538874 0.00756487856 -0.0450335816 0.0158470795 0.00757652661 -0.0450335406 0.0158538874 0.00754583115 -0.0450336486 0.0158538874 0.00754583115 -0.0450336486 0.0158470795 0.00757652661 -0.0450335406 0.0158470795 0.00754583115 -0.0450336486 0.0195713006 0.00739632826 -0.0450342037 0.0195705183 0.00754583115 -0.0450336821 0.0178599209 0.00740234926 -0.0450341664 0.0195705183 0.00754583115 -0.0450336821 0.0169976037 0.00758969411 -0.045033507 0.0178599209 0.00740234926 -0.0450341664 0.0178599209 0.00740234926 -0.0450341664 0.0169976037 0.00758969411 -0.045033507 0.0172825791 0.00739932666 -0.0450341739 0.0169976037 0.00758969411 -0.045033507 0.0169965252 0.00689782482 -0.045035921 0.0172825791 0.00739932666 -0.0450341739 0.0158497244 0.00628367392 -0.0450380556 0.0158538874 0.0062909699 -0.0450380296 0.0158538874 0.00693668425 -0.0450357758 0.0158538874 0.0062909699 -0.0450380296 0.0161357783 0.00678517576 -0.0450363047 0.0158538874 0.00693668425 -0.0450357758 0.0158538874 0.00693668425 -0.0450357758 0.0161357783 0.00678517576 -0.0450363047 0.0158606935 0.00693668425 -0.0450357758 0.0161357783 0.00678517576 -0.0450363047 0.0169965252 0.00689782482 -0.045035921 0.0158606935 0.00693668425 -0.0450357758 0.0158606935 0.00693668425 -0.0450357758 0.0169965252 0.00689782482 -0.045035921 0.0167115498 0.00708819274 -0.0450352542 0.0169965252 0.00689782482 -0.045035921 0.0169976037 0.00758969411 -0.045033507 0.0167115498 0.00708819274 -0.0450352542 0.0158470795 0.00689894985 -0.0450359061 0.0158512406 0.00689182803 -0.0450359322 0.0158538874 0.00693668425 -0.0450357758 0.0158538874 0.00693668425 -0.0450357758 0.0158512406 0.00689182803 -0.0450359322 0.0158497244 0.00628367392 -0.0450380556 0.0158512406 0.00689182803 -0.0450359322 0.0158470795 0.00609635375 -0.0450387076 0.0158497244 0.00628367392 -0.0450380556 0.0158497244 0.00628367392 -0.0450380556 0.0158470795 0.00609635375 -0.0450387076 0.0158538874 0.00627655257 -0.045038078 0.0159591865 0.00609635375 -0.0450387076 0.0158606935 0.00626490451 -0.045038119 0.0158606935 0.00609635375 -0.0450387076 0.0158606935 0.00626490451 -0.045038119 0.0158538874 0.00627655257 -0.045038078 0.0158606935 0.00609635375 -0.0450387076 0.0158606935 0.00609635375 -0.0450387076 0.0158538874 0.00627655257 -0.045038078 0.0158538874 0.00609635375 -0.0450387076 0.0158538874 0.00627655257 -0.045038078 0.0158470795 0.00609635375 -0.0450387076 0.0158538874 0.00609635375 -0.0450387076 0.0178651568 0.00640236912 -0.045037657 0.017287815 0.00639934652 -0.0450376645 0.0172893852 0.00609935215 -0.0450387113 0.017287815 0.00639934652 -0.0450376645 0.0170044098 0.00628972007 -0.0450380445 0.0172893852 0.00609935215 -0.0450387113 0.0172893852 0.00609935215 -0.0450387113 0.0170044098 0.00628972007 -0.0450380445 0.0170033313 0.00559785077 -0.0450404584 0.0170044098 0.00628972007 -0.0450380445 0.0167183559 0.00578821823 -0.0450397916 0.0170033313 0.00559785077 -0.0450404584 0.0170033313 0.00559785077 -0.0450404584 0.0167183559 0.00578821823 -0.0450397916 0.0158606935 0.00563670974 -0.0450403132 0.0158565324 0.00498369988 -0.045042593 0.0158538874 0.0049458826 -0.0450427234 0.0158606935 0.00497657852 -0.0450426154 0.0158538874 0.0049458826 -0.0450427234 0.0158606935 0.0049458826 -0.0450427234 0.0158606935 0.00497657852 -0.0450426154 0.0158606935 0.00497657852 -0.0450426154 0.0158606935 0.0049458826 -0.0450427234 0.0158786308 0.0049458826 -0.0450427234 0.0195849147 0.00479637971 -0.0450432785 0.0195841305 0.0049458826 -0.0450427569 0.0178735349 0.00480240118 -0.045043245 0.0195841305 0.0049458826 -0.0450427569 0.0170112159 0.00498974556 -0.0450425819 0.0178735349 0.00480240118 -0.045043245 0.0178735349 0.00480240118 -0.045043245 0.0170112159 0.00498974556 -0.0450425819 0.0172961913 0.0047993781 -0.0450432487 0.0170112159 0.00498974556 -0.0450425819 0.0170323029 0.0043367357 -0.0450448617 0.0172961913 0.0047993781 -0.0450432487 0.0159728006 0.00349640544 -0.0450477861 0.0158633385 0.0036837256 -0.0450471304 0.0158606935 0.00364590832 -0.0450472608 0.0158386435 0.0043367357 -0.0450448506 0.0158402734 0.00433394592 -0.045044858 0.0158402734 0.0043367357 -0.0450448506 0.0158402734 0.00433394592 -0.045044858 0.0158470795 0.00432229787 -0.045044899 0.0158402734 0.0043367357 -0.0450448506 0.0158402734 0.0043367357 -0.0450448506 0.0158470795 0.00432229787 -0.045044899 0.0158470795 0.0043367357 -0.0450448506 0.0158470795 0.00432229787 -0.045044899 0.0158538874 0.00431064935 -0.04504494 0.0158470795 0.0043367357 -0.0450448506 0.0158470795 0.0043367357 -0.0450448506 0.0158538874 0.00431064935 -0.04504494 0.0158538874 0.0043367357 -0.0450448506 0.0158538874 0.00431064935 -0.04504494 0.0158606935 0.0042990013 -0.0450449809 0.0158538874 0.0043367357 -0.0450448506 0.0158538874 0.0043367357 -0.0450448506 0.0158606935 0.0042990013 -0.0450449809 0.0158606935 0.0043367357 -0.0450448506 0.0158606935 0.0042990013 -0.0450449809 0.0170323029 0.0043367357 -0.0450448617 0.0158606935 0.0043367357 -0.0450448506 0.0158606935 0.0043367357 -0.0450448506 0.0170323029 0.0043367357 -0.0450448617 0.0167251639 0.00448824419 -0.045044329 0.0170323029 0.0043367357 -0.0450448617 0.0170112159 0.00498974556 -0.0450425819 0.0167251639 0.00448824419 -0.045044329 0.0158606935 0.00563670974 -0.0450403132 0.0158538874 0.00559897535 -0.0450404435 0.0161425844 0.00548520125 -0.0450408421 0.0158538874 0.00559897535 -0.0450404435 0.0158580486 0.00559185399 -0.0450404696 0.0161425844 0.00548520125 -0.0450408421 0.0161425844 0.00548520125 -0.0450408421 0.0158580486 0.00559185399 -0.0450404696 0.0158565324 0.00498369988 -0.045042593 0.0158580486 0.00559185399 -0.0450404696 0.0158538874 0.00558455801 -0.0450404957 0.0158565324 0.00498369988 -0.045042593 0.0158565324 0.00498369988 -0.045042593 0.0158538874 0.00558455801 -0.0450404957 0.0158538874 0.0049458826 -0.0450427234 0.0158538874 0.00558455801 -0.0450404957 0.0158470795 0.0055726245 -0.0450405367 0.0158538874 0.0049458826 -0.0450427234 0.0158538874 0.0049458826 -0.0450427234 0.0158470795 0.0055726245 -0.0450405367 0.0158470795 0.0049458826 -0.0450427234 0.0158470795 0.0055726245 -0.0450405367 0.0158402734 0.00556069147 -0.0450405777 0.0158470795 0.0049458826 -0.0450427234 0.0158470795 0.0049458826 -0.0450427234 0.0158402734 0.00556069147 -0.0450405777 0.0158402734 0.0049458826 -0.0450427234 0.0158402734 0.00556069147 -0.0450405777 0.0155719966 0.00509035261 -0.0450422168 0.0158402734 0.0049458826 -0.0450427234 0.0158402734 0.0049458826 -0.0450427234 0.0155719966 0.00509035261 -0.0450422168 0.0153814908 0.0049458826 -0.0450427197 0.0155719966 0.00509035261 -0.0450422168 0.0153833227 0.00508936448 -0.0450422205 0.0153814908 0.0049458826 -0.0450427197 0.0158318356 0.00563670974 -0.0450403132 0.0158402734 0.00562227191 -0.0450403616 0.0158402734 0.00563670974 -0.0450403132 0.0158402734 0.00562227191 -0.0450403616 0.0158470795 0.00561062386 -0.0450404026 0.0158402734 0.00563670974 -0.0450403132 0.0158402734 0.00563670974 -0.0450403132 0.0158470795 0.00561062386 -0.0450404026 0.0158470795 0.00563670974 -0.0450403132 0.0158470795 0.00561062386 -0.0450404026 0.0158538874 0.00559897535 -0.0450404435 0.0158470795 0.00563670974 -0.0450403132 0.0158470795 0.00563670974 -0.0450403132 0.0158538874 0.00559897535 -0.0450404435 0.0158538874 0.00563670974 -0.0450403132 0.0158538874 0.00559897535 -0.0450404435 0.0158606935 0.00563670974 -0.0450403132 0.0158538874 0.00563670974 -0.0450403132 0.0158250295 0.00693668425 -0.0450357758 0.0158402734 0.00691059791 -0.0450358652 0.0158402734 0.00693668425 -0.0450357758 0.0158402734 0.00691059791 -0.0450358652 0.0158470795 0.00689894985 -0.0450359061 0.0158402734 0.00693668425 -0.0450357758 0.0158402734 0.00693668425 -0.0450357758 0.0158470795 0.00689894985 -0.0450359061 0.0158470795 0.00693668425 -0.0450357758 0.0158470795 0.00689894985 -0.0450359061 0.0158538874 0.00693668425 -0.0450357758 0.0158470795 0.00693668425 -0.0450357758 0.0153474575 0.00739632826 -0.0450341664 0.0153474575 0.00693668425 -0.0450357683 0.0153712807 0.00738931913 -0.0450341888 0.0158470795 0.00754583115 -0.0450336486 0.0158470795 0.00757652661 -0.0450335406 0.0158402734 0.00754583115 -0.0450336486 0.0158470795 0.00757652661 -0.0450335406 0.0155583834 0.00769030116 -0.045033142 0.0158402734 0.00754583115 -0.0450336486 0.0158402734 0.00754583115 -0.0450336486 0.0155583834 0.00769030116 -0.045033142 0.0153814908 0.00754583115 -0.0450336449 0.0155583834 0.00769030116 -0.045033142 0.0153697086 0.00768931303 -0.045033142 0.0153814908 0.00754583115 -0.0450336449 0.0153814908 0.00754583115 -0.0450336449 0.0153697086 0.00768931303 -0.045033142 0.0153746847 0.00754583115 -0.0450336449 0.0158361122 0.00888362247 -0.0450289771 0.0155515764 0.00899027567 -0.0450286046 0.0153814908 0.00884580519 -0.0450291075 0.0155515764 0.00899027567 -0.0450286046 0.0153629025 0.00898928754 -0.0450286046 0.0153814908 0.00884580519 -0.0450291075 0.0153814908 0.00884580519 -0.0450291075 0.0153629025 0.00898928754 -0.0450286046 0.0153746847 0.00884580519 -0.0450291075 0.0158361122 0.00888362247 -0.0450289771 0.0158402734 0.00889091846 -0.0450289547 0.0158376284 0.00949177705 -0.0450268574 0.0158402734 0.00889091846 -0.0450289547 0.0158402734 0.00999627635 -0.0450250953 0.0158376284 0.00949177705 -0.0450268574 0.0158376284 0.00949177705 -0.0450268574 0.0158402734 0.00999627635 -0.0450250953 0.0155463386 0.00999025535 -0.045025114 0.0158402734 0.00999627635 -0.0450250953 0.0153814908 0.00999627635 -0.0450250916 0.0155463386 0.00999025535 -0.045025114 0.0155463386 0.00999025535 -0.045025114 0.0153814908 0.00999627635 -0.0450250916 0.0153576676 0.00998926722 -0.045025114 0.0155395325 0.0112902299 -0.0450205766 0.0158308223 0.0107917506 -0.0450223163 0.0158402734 0.0108366068 -0.0450221598 0.0153474575 0.0101457797 -0.0450245701 0.0153560955 0.0102892611 -0.0450240672 0.0153474575 0.0108366068 -0.0450221561 0.0153560955 0.0102892611 -0.0450240672 0.0153508615 0.0112892417 -0.0450205766 0.0153474575 0.0108366068 -0.0450221561 0.0153474575 0.0108366068 -0.0450221561 0.0153508615 0.0112892417 -0.0450205766 0.0153474575 0.0112962509 -0.0450205542 0.0158470795 0.0115266666 -0.0450197533 0.0158402734 0.0121365814 -0.0450176224 0.0158402734 0.0115147335 -0.0450197943 0.0158402734 0.0121365814 -0.0450176224 0.0158240143 0.0120917251 -0.0450177789 0.0158402734 0.0115147335 -0.0450197943 0.0158402734 0.0115147335 -0.0450197943 0.0158240143 0.0120917251 -0.0450177789 0.0158224981 0.0114835715 -0.0450199023 0.0158240143 0.0120917251 -0.0450177789 0.0155379632 0.0115902238 -0.0450195298 0.0158224981 0.0114835715 -0.0450199023 0.0158224981 0.0114835715 -0.0450199023 0.0155379632 0.0115902238 -0.0450195298 0.0153814908 0.0114457542 -0.0450200327 0.0155379632 0.0115902238 -0.0450195298 0.0153492885 0.0115892356 -0.0450195298 0.0153814908 0.0114457542 -0.0450200327 0.0153814908 0.0114457542 -0.0450200327 0.0153492885 0.0115892356 -0.0450195298 0.0153746847 0.0114457542 -0.0450200327 0.0153440544 0.0125892162 -0.0450160392 0.0153474575 0.0125892339 -0.0450160392 0.0153474575 0.0125962254 -0.0450160131 0.0153474575 0.0125892339 -0.0450160392 0.0153746847 0.0125893764 -0.0450160392 0.0153474575 0.0125962254 -0.0450160131 0.0153474575 0.0125962254 -0.0450160131 0.0153746847 0.0125893764 -0.0450160392 0.0153746847 0.0125962254 -0.0450160168 0.0153746847 0.0125893764 -0.0450160392 0.0153814908 0.0125894118 -0.0450160392 0.0153746847 0.0125962254 -0.0450160168 0.0153746847 0.0125962254 -0.0450160168 0.0153814908 0.0125894118 -0.0450160392 0.0153814908 0.0125962254 -0.0450160168 0.0153814908 0.0125894118 -0.0450160392 0.0155327255 0.0125902034 -0.0450160392 0.0153814908 0.0125962254 -0.0450160168 0.0153814908 0.0125962254 -0.0450160168 0.0155327255 0.0125902034 -0.0450160392 0.0158402734 0.0125962254 -0.0450160205 0.0155327255 0.0125902034 -0.0450160392 0.0158402734 0.0121365814 -0.0450176224 0.0158402734 0.0125962254 -0.0450160205 0.0153474575 0.0128892362 -0.0450149924 0.0153424824 0.0128892101 -0.0450149924 0.0153338443 0.0127457278 -0.0450154915 0.0153338443 0.0127457278 -0.0450154915 0.0153424824 0.0128892101 -0.0450149924 0.0153338443 0.0138961989 -0.0450114757 0.0153424824 0.0128892101 -0.0450149924 0.0153372474 0.0138891898 -0.0450115018 0.0153338443 0.0138961989 -0.0450114757 0.0153338443 0.0138961989 -0.0450114757 0.0153372474 0.0138891898 -0.0450115018 0.0153474575 0.0138961989 -0.0450114757 0.0155311562 0.0128901983 -0.0450149886 0.0153814908 0.0128894141 -0.0450149924 0.0153814908 0.0127457278 -0.0450154915 0.0153814908 0.0128894141 -0.0450149924 0.0153746847 0.0128893787 -0.0450149924 0.0153814908 0.0127457278 -0.0450154915 0.0153814908 0.0127457278 -0.0450154915 0.0153746847 0.0128893787 -0.0450149924 0.0153746847 0.0127457278 -0.0450154915 0.0153746847 0.0128893787 -0.0450149924 0.0153474575 0.0128892362 -0.0450149924 0.0153746847 0.0127457278 -0.0450154915 0.0153746847 0.0127457278 -0.0450154915 0.0153474575 0.0128892362 -0.0450149924 0.0153474575 0.0127457278 -0.0450154915 0.0153474575 0.0128892362 -0.0450149924 0.0153338443 0.0127457278 -0.0450154915 0.0153474575 0.0127457278 -0.0450154915 0.0153372474 0.0138891898 -0.0450115018 0.0153474575 0.0138892438 -0.0450115018 0.0153474575 0.0138961989 -0.0450114757 0.0153474575 0.0138892438 -0.0450115018 0.0153746847 0.0138893863 -0.0450115018 0.0153474575 0.0138961989 -0.0450114757 0.0153474575 0.0138961989 -0.0450114757 0.0153746847 0.0138893863 -0.0450115018 0.0153746847 0.0138961989 -0.0450114757 0.0153746847 0.0138893863 -0.0450115018 0.0153814908 0.0138894217 -0.0450115018 0.0153746847 0.0138961989 -0.0450114757 0.0153746847 0.0138961989 -0.0450114757 0.0153814908 0.0138894217 -0.0450115018 0.0153814908 0.0138961989 -0.0450114757 0.0153814908 0.0138894217 -0.0450115018 0.0155259185 0.0138901779 -0.045011498 0.0153814908 0.0138961989 -0.0450114757 0.0153814908 0.0138961989 -0.0450114757 0.0155259185 0.0138901779 -0.045011498 0.0158402734 0.0138961999 -0.0450114831 0.0155259185 0.0138901779 -0.045011498 0.0158172082 0.0133916996 -0.0450132415 0.0158402734 0.0138961999 -0.0450114831 0.0158402734 0.0138961999 -0.0450114831 0.0158172082 0.0133916996 -0.0450132415 0.0158402734 0.0128266411 -0.0450152159 0.0158172082 0.0133916996 -0.0450132415 0.015815692 0.0127835451 -0.0450153649 0.0158402734 0.0128266411 -0.0450152159 0.0155243492 0.0141901728 -0.0450104512 0.0153814908 0.014189424 -0.045010455 0.0153814908 0.0140457023 -0.0450109541 0.0153814908 0.014189424 -0.045010455 0.0153746847 0.0141893886 -0.045010455 0.0153814908 0.0140457023 -0.0450109541 0.0153814908 0.0140457023 -0.0450109541 0.0153746847 0.0141893886 -0.045010455 0.0153746847 0.0140457023 -0.0450109541 0.0153746847 0.0141893886 -0.045010455 0.0153474575 0.0141892461 -0.045010455 0.0153746847 0.0140457023 -0.0450109541 0.0153746847 0.0140457023 -0.0450109541 0.0153474575 0.0141892461 -0.045010455 0.0153474575 0.0140457023 -0.0450109541 0.0153474575 0.0141892461 -0.045010455 0.0153356753 0.0141891846 -0.045010455 0.0153474575 0.0140457023 -0.0450109541 0.0153474575 0.0140457023 -0.0450109541 0.0153356753 0.0141891846 -0.045010455 0.0153338443 0.0140457023 -0.0450109541 0.0153356753 0.0141891846 -0.045010455 0.0150364228 0.0140457023 -0.0450109541 0.0153338443 0.0140457023 -0.0450109541 0.0153304413 0.0151891643 -0.0450069644 0.0153338443 0.015189182 -0.0450069644 0.0153338443 0.0151961735 -0.0450069383 0.0153338443 0.015189182 -0.0450069644 0.0153474575 0.0151892537 -0.0450069644 0.0153338443 0.0151961735 -0.0450069383 0.0153338443 0.0151961735 -0.0450069383 0.0153474575 0.0151892537 -0.0450069644 0.0153474575 0.0151961735 -0.0450069383 0.0153474575 0.0151892537 -0.0450069644 0.0153746847 0.0151893962 -0.0450069644 0.0153474575 0.0151961735 -0.0450069383 0.0153474575 0.0151961735 -0.0450069383 0.0153746847 0.0151893962 -0.0450069644 0.0153746847 0.0151961735 -0.0450069383 0.0153746847 0.0151893962 -0.0450069644 0.0153814908 0.0151894316 -0.0450069644 0.0153746847 0.0151961735 -0.0450069383 0.0153746847 0.0151961735 -0.0450069383 0.0153814908 0.0151894316 -0.0450069644 0.0153814908 0.0151961735 -0.0450069383 0.0153814908 0.0151894316 -0.0450069644 0.0155191123 0.0151901525 -0.0450069606 0.0153814908 0.0151961735 -0.0450069383 0.0153814908 0.0151961735 -0.0450069383 0.0155191123 0.0151901525 -0.0450069606 0.0158402734 0.0151961735 -0.045006942 0.0155191123 0.0151901525 -0.0450069606 0.0158104021 0.0146916742 -0.0450087041 0.0158402734 0.0151961735 -0.045006942 0.0158402734 0.0151961735 -0.045006942 0.0158104021 0.0146916742 -0.0450087041 0.0158402734 0.0141385486 -0.0450106375 0.0158104021 0.0146916742 -0.0450087041 0.0158088841 0.0140835196 -0.0450108275 0.0158402734 0.0141385486 -0.0450106375 0.0166843235 0.0122880898 -0.0450171009 0.0161069799 0.0122850668 -0.0450171083 0.0158606935 0.0121365814 -0.0450176224 0.0161069799 0.0122850668 -0.0450171083 0.0158606935 0.0125962254 -0.0450160205 0.0158606935 0.0121365814 -0.0450176224 0.0158606935 0.0121365814 -0.0450176224 0.0158606935 0.0125962254 -0.0450160205 0.0158538874 0.0121365814 -0.0450176224 0.0158606935 0.0125962254 -0.0450160205 0.0158538874 0.0125962254 -0.0450160205 0.0158538874 0.0121365814 -0.0450176224 0.0158538874 0.0121365814 -0.0450176224 0.0158538874 0.0125962254 -0.0450160205 0.0158470795 0.0121365814 -0.0450176224 0.0158538874 0.0125962254 -0.0450160205 0.0158470795 0.0125962254 -0.0450160205 0.0158470795 0.0121365814 -0.0450176224 0.0167251639 0.00448824419 -0.045044329 0.0161478203 0.00448522111 -0.0450443327 0.0158606935 0.0043367357 -0.0450448506 0.0161478203 0.00448522111 -0.0450443327 0.0158606935 0.00479637971 -0.045043245 0.0158606935 0.0043367357 -0.0450448506 0.0158606935 0.0043367357 -0.0450448506 0.0158606935 0.00479637971 -0.045043245 0.0158538874 0.0043367357 -0.0450448506 0.0158606935 0.00479637971 -0.045043245 0.0158538874 0.00479637971 -0.045043245 0.0158538874 0.0043367357 -0.0450448506 0.0158538874 0.0043367357 -0.0450448506 0.0158538874 0.00479637971 -0.045043245 0.0158470795 0.0043367357 -0.0450448506 0.0158538874 0.00479637971 -0.045043245 0.0158470795 0.00479637971 -0.045043245 0.0158470795 0.0043367357 -0.0450448506 0.0158470795 0.0043367357 -0.0450448506 0.0158470795 0.00479637971 -0.045043245 0.0158402734 0.0043367357 -0.0450448506 0.0158470795 0.00479637971 -0.045043245 0.0158402734 0.00479637971 -0.045043245 0.0158402734 0.0043367357 -0.0450448506 0.0158402734 0.0043367357 -0.0450448506 0.0158402734 0.00479637971 -0.045043245 0.0155735658 0.00479035825 -0.0450432636 0.0158402734 0.00479637971 -0.045043245 0.0153814908 0.00479637971 -0.0450432412 0.0155735658 0.00479035825 -0.0450432636 0.0155735658 0.00479035825 -0.0450432636 0.0153814908 0.00479637971 -0.0450432412 0.0153848948 0.00478937058 -0.0450432673 0.0153814908 0.00479637971 -0.0450432412 0.0153814908 0.0043367357 -0.0450448468 0.0153848948 0.00478937058 -0.0450432673 0.0153848948 0.00478937058 -0.0450432673 0.0153814908 0.0043367357 -0.0450448468 0.0153901288 0.0037893902 -0.0450467579 0.0153814908 0.0043367357 -0.0450448468 0.0153814908 0.00364590832 -0.0450472571 0.0153901288 0.0037893902 -0.0450467579 0.0153901288 0.0037893902 -0.0450467579 0.0153814908 0.00364590832 -0.0450472571 0.0155788036 0.00379037834 -0.0450467542 0.0153814908 0.00364590832 -0.0450472571 0.0158402734 0.00364590832 -0.0450472608 0.0155788036 0.00379037834 -0.0450467542 0.0155788036 0.00379037834 -0.0450467542 0.0158402734 0.00364590832 -0.0450472608 0.0158402734 0.00424878346 -0.045045156 0.0158402734 0.00364590832 -0.0450472608 0.0158470795 0.00364590832 -0.0450472608 0.0158402734 0.00424878346 -0.045045156 0.0158402734 0.00424878346 -0.045045156 0.0158470795 0.00364590832 -0.0450472608 0.0158470795 0.00426071696 -0.0450451151 0.0158470795 0.00364590832 -0.0450472608 0.0158538874 0.00364590832 -0.0450472608 0.0158470795 0.00426071696 -0.0450451151 0.0158470795 0.00426071696 -0.0450451151 0.0158538874 0.00364590832 -0.0450472608 0.0158538874 0.00427265046 -0.0450450741 0.0158538874 0.00364590832 -0.0450472608 0.0158606935 0.00364590832 -0.0450472608 0.0158538874 0.00427265046 -0.0450450741 0.0158538874 0.00427265046 -0.0450450741 0.0158606935 0.00364590832 -0.0450472608 0.0158606935 0.00428458396 -0.0450450331 0.0158606935 0.00364590832 -0.0450472608 0.0158633385 0.0036837256 -0.0450471304 0.0158606935 0.00428458396 -0.0450450331 0.0158606935 0.00428458396 -0.0450450331 0.0158633385 0.0036837256 -0.0450471304 0.0158648547 0.00429187948 -0.045045007 0.0158633385 0.0036837256 -0.0450471304 0.0161493924 0.00418522721 -0.0450453833 0.0158648547 0.00429187948 -0.045045007 0.0158648547 0.00429187948 -0.045045007 0.0161493924 0.00418522721 -0.0450453833 0.0170101393 0.00429787626 -0.0450449958 0.0161493924 0.00418522721 -0.0450453833 0.0167267341 0.00418825028 -0.0450453758 0.0170101393 0.00429787626 -0.0450449958 0.0170101393 0.00429787626 -0.0450449958 0.0167267341 0.00418825028 -0.0450453758 0.0173014272 0.00379939773 -0.0450467393 0.0167267341 0.00418825028 -0.0450453758 0.0170180239 0.00368977152 -0.0450471193 0.0173014272 0.00379939773 -0.0450467393 0.0173014272 0.00379939773 -0.0450467393 0.0170180239 0.00368977152 -0.0450471193 0.0178787708 0.0038024208 -0.0450467356 0.0170180239 0.00368977152 -0.0450471193 0.0195909385 0.00364590855 -0.0450472943 0.0178787708 0.0038024208 -0.0450467356 0.0178787708 0.0038024208 -0.0450467356 0.0195909385 0.00364590855 -0.0450472943 0.0181648228 0.00430392241 -0.0450449847 0.0195909385 0.00364590855 -0.0450472943 0.0195873212 0.0043367357 -0.0450448841 0.0181648228 0.00430392241 -0.0450449847 0.0181648228 0.00430392241 -0.0450449847 0.0195873212 0.0043367357 -0.0450448841 0.0195849147 0.00479637971 -0.0450432785 0.0167183559 0.00578821823 -0.0450397916 0.0161410142 0.00578519562 -0.0450397953 0.0158606935 0.00563670974 -0.0450403132 0.0161410142 0.00578519562 -0.0450397953 0.0158606935 0.00609635375 -0.0450387076 0.0158606935 0.00563670974 -0.0450403132 0.0158606935 0.00563670974 -0.0450403132 0.0158606935 0.00609635375 -0.0450387076 0.0158538874 0.00563670974 -0.0450403132 0.0158606935 0.00609635375 -0.0450387076 0.0158538874 0.00609635375 -0.0450387076 0.0158538874 0.00563670974 -0.0450403132 0.0158538874 0.00563670974 -0.0450403132 0.0158538874 0.00609635375 -0.0450387076 0.0158470795 0.00563670974 -0.0450403132 0.0158538874 0.00609635375 -0.0450387076 0.0158470795 0.00609635375 -0.0450387076 0.0158470795 0.00563670974 -0.0450403132 0.0158470795 0.00563670974 -0.0450403132 0.0158470795 0.00609635375 -0.0450387076 0.0158402734 0.00563670974 -0.0450403132 0.0158470795 0.00609635375 -0.0450387076 0.0158402734 0.00609635375 -0.0450387076 0.0158402734 0.00563670974 -0.0450403132 0.0158402734 0.00563670974 -0.0450403132 0.0158402734 0.00609635375 -0.0450387076 0.0155667588 0.00609033275 -0.0450387262 0.0158402734 0.00609635375 -0.0450387076 0.0153814908 0.00609635375 -0.0450387038 0.0155667588 0.00609033275 -0.0450387262 0.0155667588 0.00609033275 -0.0450387262 0.0153814908 0.00609635375 -0.0450387038 0.0153780878 0.00608934462 -0.0450387299 0.0158538874 0.00891478546 -0.0450288691 0.0158538874 0.00999627635 -0.0450250953 0.0158470795 0.00999627635 -0.0450250953 0.0158538874 0.00999627635 -0.0450250953 0.0158470795 0.0101457797 -0.0450245738 0.0158470795 0.00999627635 -0.0450250953 0.0158470795 0.00999627635 -0.0450250953 0.0158470795 0.0101457797 -0.0450245738 0.0158402734 0.00999627635 -0.0450250953 0.0158470795 0.0101457797 -0.0450245738 0.0158402734 0.0101457797 -0.0450245738 0.0158402734 0.00999627635 -0.0450250953 0.0158402734 0.00999627635 -0.0450250953 0.0158402734 0.0101457797 -0.0450245738 0.0153814908 0.00999627635 -0.0450250916 0.0161546282 0.00318524684 -0.0450488739 0.0159728006 0.00349640544 -0.0450477861 0.0158606935 0.00349640544 -0.0450477824 0.0159728006 0.00349640544 -0.0450477861 0.0158606935 0.00364590832 -0.0450472608 0.0158606935 0.00349640544 -0.0450477824 0.0158606935 0.00349640544 -0.0450477824 0.0158606935 0.00364590832 -0.0450472608 0.0158538874 0.00349640544 -0.0450477824 0.0158606935 0.00364590832 -0.0450472608 0.0158538874 0.00364590832 -0.0450472608 0.0158538874 0.00349640544 -0.0450477824 0.0158538874 0.00349640544 -0.0450477824 0.0158538874 0.00364590832 -0.0450472608 0.0158470795 0.00349640544 -0.0450477824 0.0158538874 0.00364590832 -0.0450472608 0.0158470795 0.00364590832 -0.0450472608 0.0158470795 0.00349640544 -0.0450477824 0.0158470795 0.00349640544 -0.0450477824 0.0158470795 0.00364590832 -0.0450472608 0.0158402734 0.00349640544 -0.0450477824 0.0158470795 0.00364590832 -0.0450472608 0.0158402734 0.00364590832 -0.0450472608 0.0158402734 0.00349640544 -0.0450477824 0.0158402734 0.00349640544 -0.0450477824 0.0158402734 0.00364590832 -0.0450472608 0.0153814908 0.00349640544 -0.0450477786 0.0158402734 0.00364590832 -0.0450472608 0.0153814908 0.00364590832 -0.0450472571 0.0153814908 0.00349640544 -0.0450477786 0.0159659944 0.00479637971 -0.045043245 0.0158786308 0.0049458826 -0.0450427234 0.0158606935 0.00479637971 -0.045043245 0.0158786308 0.0049458826 -0.0450427234 0.0158606935 0.0049458826 -0.0450427234 0.0158606935 0.00479637971 -0.045043245 0.0158606935 0.00479637971 -0.045043245 0.0158606935 0.0049458826 -0.0450427234 0.0158538874 0.00479637971 -0.045043245 0.0158606935 0.0049458826 -0.0450427234 0.0158538874 0.0049458826 -0.0450427234 0.0158538874 0.00479637971 -0.045043245 0.0158538874 0.00479637971 -0.045043245 0.0158538874 0.0049458826 -0.0450427234 0.0158470795 0.00479637971 -0.045043245 0.0158538874 0.0049458826 -0.0450427234 0.0158470795 0.0049458826 -0.0450427234 0.0158470795 0.00479637971 -0.045043245 0.0158470795 0.00479637971 -0.045043245 0.0158470795 0.0049458826 -0.0450427234 0.0158402734 0.00479637971 -0.045043245 0.0158470795 0.0049458826 -0.0450427234 0.0158402734 0.0049458826 -0.0450427234 0.0158402734 0.00479637971 -0.045043245 0.0158402734 0.00479637971 -0.045043245 0.0158402734 0.0049458826 -0.0450427234 0.0153814908 0.00479637971 -0.0450432412 0.0158402734 0.0049458826 -0.0450427234 0.0153814908 0.0049458826 -0.0450427197 0.0153814908 0.00479637971 -0.0450432412 0.0158512406 0.00689182803 -0.0450359322 0.0158470795 0.00688453251 -0.0450359583 0.0158470795 0.00609635375 -0.0450387076 0.0158470795 0.00688453251 -0.0450359583 0.0155651895 0.00639032666 -0.0450376794 0.0158470795 0.00609635375 -0.0450387076 0.0158470795 0.00609635375 -0.0450387076 0.0155651895 0.00639032666 -0.0450376794 0.0158402734 0.00609635375 -0.0450387076 0.0155651895 0.00639032666 -0.0450376794 0.0153765157 0.00638933852 -0.0450376794 0.0158402734 0.00609635375 -0.0450387076 0.0158402734 0.00609635375 -0.0450387076 0.0153765157 0.00638933852 -0.0450376794 0.0153814908 0.00609635375 -0.0450387038 0.0153765157 0.00638933852 -0.0450376794 0.0153746847 0.00609635375 -0.0450387038 0.0153814908 0.00609635375 -0.0450387038 0.0153814908 0.00609635375 -0.0450387038 0.0153746847 0.00609635375 -0.0450387038 0.0153780878 0.00608934462 -0.0450387299 0.0153746847 0.00609635375 -0.0450387038 0.0153746847 0.00563670974 -0.0450403094 0.0153780878 0.00608934462 -0.0450387299 0.0153780878 0.00608934462 -0.0450387299 0.0153746847 0.00563670974 -0.0450403094 0.0153833227 0.00508936448 -0.0450422205 0.0153746847 0.00563670974 -0.0450403094 0.0153746847 0.0049458826 -0.0450427197 0.0153833227 0.00508936448 -0.0450422205 0.0153833227 0.00508936448 -0.0450422205 0.0153746847 0.0049458826 -0.0450427197 0.0153814908 0.0049458826 -0.0450427197 0.0153746847 0.0049458826 -0.0450427197 0.0153746847 0.00479637971 -0.0450432412 0.0153814908 0.0049458826 -0.0450427197 0.0153814908 0.0049458826 -0.0450427197 0.0153746847 0.00479637971 -0.0450432412 0.0153814908 0.00479637971 -0.0450432412 0.0153746847 0.00479637971 -0.0450432412 0.0153746847 0.0043367357 -0.0450448468 0.0153814908 0.00479637971 -0.0450432412 0.0153814908 0.00479637971 -0.0450432412 0.0153746847 0.0043367357 -0.0450448468 0.0153814908 0.0043367357 -0.0450448468 0.0153746847 0.0043367357 -0.0450448468 0.0153746847 0.00364590832 -0.0450472571 0.0153814908 0.0043367357 -0.0450448468 0.0153814908 0.0043367357 -0.0450448468 0.0153746847 0.00364590832 -0.0450472571 0.0153814908 0.00364590832 -0.0450472571 0.0153746847 0.00364590832 -0.0450472571 0.0153746847 0.00349640544 -0.0450477786 0.0153814908 0.00364590832 -0.0450472571 0.0153814908 0.00364590832 -0.0450472571 0.0153746847 0.00349640544 -0.0450477786 0.0153814908 0.00349640544 -0.0450477786 0.0153746847 0.00349640544 -0.0450477786 0.0153814908 -1.06839516e-05 -0.0450600199 0.0153814908 0.00349640544 -0.0450477786 0.0153814908 0.00349640544 -0.0450477786 0.0153814908 -1.06839516e-05 -0.0450600199 0.0153969359 0.00248941593 -0.0450512953 0.0153814908 -1.06839516e-05 -0.0450600199 0.0155856097 0.00249040406 -0.0450512916 0.0153969359 0.00248941593 -0.0450512953 0.0159523804 0.00739632826 -0.0450341702 0.0158650167 0.00754583115 -0.0450336486 0.0158606935 0.00739632826 -0.0450341702 0.0158650167 0.00754583115 -0.0450336486 0.0158606935 0.00754583115 -0.0450336486 0.0158606935 0.00739632826 -0.0450341702 0.0158606935 0.00739632826 -0.0450341702 0.0158606935 0.00754583115 -0.0450336486 0.0158538874 0.00739632826 -0.0450341702 0.0158606935 0.00754583115 -0.0450336486 0.0158538874 0.00754583115 -0.0450336486 0.0158538874 0.00739632826 -0.0450341702 0.0158538874 0.00739632826 -0.0450341702 0.0158538874 0.00754583115 -0.0450336486 0.0158470795 0.00739632826 -0.0450341702 0.0158538874 0.00754583115 -0.0450336486 0.0158470795 0.00754583115 -0.0450336486 0.0158470795 0.00739632826 -0.0450341702 0.0158470795 0.00739632826 -0.0450341702 0.0158470795 0.00754583115 -0.0450336486 0.0158402734 0.00739632826 -0.0450341702 0.0158470795 0.00754583115 -0.0450336486 0.0158402734 0.00754583115 -0.0450336486 0.0158402734 0.00739632826 -0.0450341702 0.0158402734 0.00739632826 -0.0450341702 0.0158402734 0.00754583115 -0.0450336486 0.0153814908 0.00739632826 -0.0450341664 0.0158402734 0.00754583115 -0.0450336486 0.0153814908 0.00754583115 -0.0450336449 0.0153814908 0.00739632826 -0.0450341664 0.0153814908 0.00739632826 -0.0450341664 0.0153814908 0.00754583115 -0.0450336449 0.0153746847 0.00739632826 -0.0450341664 0.0153814908 0.00754583115 -0.0450336449 0.0153746847 0.00754583115 -0.0450336449 0.0153746847 0.00739632826 -0.0450341664 0.0153746847 0.00884580519 -0.0450291075 0.0153746847 0.00869630277 -0.045029629 0.0153814908 0.00884580519 -0.0450291075 0.0153746847 0.00869630277 -0.045029629 0.0153814908 0.00869630277 -0.045029629 0.0153814908 0.00884580519 -0.0450291075 0.0153814908 0.00884580519 -0.0450291075 0.0153814908 0.00869630277 -0.045029629 0.0158402734 0.00884580519 -0.0450291112 0.0153814908 0.00869630277 -0.045029629 0.0158402734 0.00869630277 -0.0450296327 0.0158402734 0.00884580519 -0.0450291112 0.0158402734 0.00884580519 -0.0450291112 0.0158402734 0.00869630277 -0.0450296327 0.0158470795 0.00884580519 -0.0450291112 0.0158402734 0.00869630277 -0.0450296327 0.0158470795 0.00869630277 -0.0450296327 0.0158470795 0.00884580519 -0.0450291112 0.0158470795 0.00884580519 -0.0450291112 0.0158470795 0.00869630277 -0.0450296327 0.0158538874 0.00884580519 -0.0450291112 0.0158470795 0.00869630277 -0.0450296327 0.0158538874 0.00869630277 -0.0450296327 0.0158538874 0.00884580519 -0.0450291112 0.0158538874 0.00884580519 -0.0450291112 0.0158538874 0.00869630277 -0.0450296327 0.0158606935 0.00869630277 -0.0450296327 0.0153746847 0.0101457797 -0.0450245701 0.0153746847 0.00999627635 -0.0450250916 0.0153814908 0.0101457797 -0.0450245701 0.0153746847 0.0114457542 -0.0450200327 0.0153746847 0.0112962509 -0.0450205542 0.0153814908 0.0114457542 -0.0450200327 0.0153746847 0.0112962509 -0.0450205542 0.0153814908 0.0112962509 -0.0450205542 0.0153814908 0.0114457542 -0.0450200327 0.0153814908 0.0114457542 -0.0450200327 0.0153814908 0.0112962509 -0.0450205542 0.0158402734 0.0114457542 -0.0450200364 0.0153814908 0.0112962509 -0.0450205542 0.0158402734 0.0112962509 -0.0450205579 0.0158402734 0.0114457542 -0.0450200364 0.0158402734 0.0114457542 -0.0450200364 0.0158402734 0.0112962509 -0.0450205579 0.0158470795 0.0112962509 -0.0450205579 0.0153712807 0.00738931913 -0.0450341888 0.0153474575 0.00693668425 -0.0450357683 0.0153765157 0.00638933852 -0.0450376794 0.0153474575 0.00693668425 -0.0450357683 0.0153474575 0.00609635375 -0.0450387038 0.0153765157 0.00638933852 -0.0450376794 0.0153765157 0.00638933852 -0.0450376794 0.0153474575 0.00609635375 -0.0450387038 0.0153746847 0.00609635375 -0.0450387038 0.0153474575 0.00609635375 -0.0450387038 0.0153474575 0.00563670974 -0.0450403094 0.0153746847 0.00609635375 -0.0450387038 0.0153746847 0.00609635375 -0.0450387038 0.0153474575 0.00563670974 -0.0450403094 0.0153746847 0.00563670974 -0.0450403094 0.0153474575 0.00563670974 -0.0450403094 0.0153474575 0.0049458826 -0.0450427197 0.0153746847 0.00563670974 -0.0450403094 0.0153746847 0.00563670974 -0.0450403094 0.0153474575 0.0049458826 -0.0450427197 0.0153746847 0.0049458826 -0.0450427197 0.0153474575 0.0049458826 -0.0450427197 0.0153474575 0.00479637971 -0.0450432412 0.0153746847 0.0049458826 -0.0450427197 0.0153746847 0.0049458826 -0.0450427197 0.0153474575 0.00479637971 -0.0450432412 0.0153746847 0.00479637971 -0.0450432412 0.0153474575 0.00479637971 -0.0450432412 0.0153474575 0.0043367357 -0.0450448468 0.0153746847 0.00479637971 -0.0450432412 0.0153746847 0.00479637971 -0.0450432412 0.0153474575 0.0043367357 -0.0450448468 0.0153746847 0.0043367357 -0.0450448468 0.0153474575 0.0043367357 -0.0450448468 0.0153474575 0.00364590832 -0.0450472571 0.0153746847 0.0043367357 -0.0450448468 0.0153746847 0.0043367357 -0.0450448468 0.0153474575 0.00364590832 -0.0450472571 0.0153746847 0.00364590832 -0.0450472571 0.0153474575 0.00364590832 -0.0450472571 0.0153474575 0.00349640544 -0.0450477786 0.0153746847 0.00364590832 -0.0450472571 0.0153746847 0.00364590832 -0.0450472571 0.0153474575 0.00349640544 -0.0450477786 0.0153746847 0.00349640544 -0.0450477786 0.0153474575 0.00349640544 -0.0450477786 0.0153746847 -1.0719592e-05 -0.0450600199 0.0153746847 0.00349640544 -0.0450477786 0.0153746847 0.00349640544 -0.0450477786 0.0153746847 -1.0719592e-05 -0.0450600199 0.0153814908 -1.06839516e-05 -0.0450600199 0.0167115498 0.00708819274 -0.0450352542 0.0161342081 0.00708516967 -0.0450352579 0.0158606935 0.00693668425 -0.0450357758 0.0161342081 0.00708516967 -0.0450352579 0.0158606935 0.00739632826 -0.0450341702 0.0158606935 0.00693668425 -0.0450357758 0.0158606935 0.00693668425 -0.0450357758 0.0158606935 0.00739632826 -0.0450341702 0.0158538874 0.00693668425 -0.0450357758 0.0158606935 0.00739632826 -0.0450341702 0.0158538874 0.00739632826 -0.0450341702 0.0158538874 0.00693668425 -0.0450357758 0.0158538874 0.00693668425 -0.0450357758 0.0158538874 0.00739632826 -0.0450341702 0.0158470795 0.00693668425 -0.0450357758 0.0158538874 0.00739632826 -0.0450341702 0.0158470795 0.00739632826 -0.0450341702 0.0158470795 0.00693668425 -0.0450357758 0.0158470795 0.00693668425 -0.0450357758 0.0158470795 0.00739632826 -0.0450341702 0.0158402734 0.00693668425 -0.0450357758 0.0158470795 0.00739632826 -0.0450341702 0.0158402734 0.00739632826 -0.0450341702 0.0158402734 0.00693668425 -0.0450357758 0.0158402734 0.00693668425 -0.0450357758 0.0158402734 0.00739632826 -0.0450341702 0.0155599527 0.0073903068 -0.0450341888 0.0158402734 0.00739632826 -0.0450341702 0.0153814908 0.00739632826 -0.0450341664 0.0155599527 0.0073903068 -0.0450341888 0.0155599527 0.0073903068 -0.0450341888 0.0153814908 0.00739632826 -0.0450341664 0.0153712807 0.00738931913 -0.0450341888 0.0153814908 0.00739632826 -0.0450341664 0.0153746847 0.00739632826 -0.0450341664 0.0153712807 0.00738931913 -0.0450341888 0.0153712807 0.00738931913 -0.0450341888 0.0153746847 0.00739632826 -0.0450341664 0.0153474575 0.00739632826 -0.0450341664 0.0153746847 0.00739632826 -0.0450341664 0.0153746847 0.00754583115 -0.0450336449 0.0153474575 0.00739632826 -0.0450341664 0.0153474575 0.00739632826 -0.0450341664 0.0153746847 0.00754583115 -0.0450336449 0.0153474575 0.00754583115 -0.0450336449 0.0153746847 0.00754583115 -0.0450336449 0.0153697086 0.00768931303 -0.045033142 0.0153474575 0.00754583115 -0.0450336449 0.0153474575 0.00754583115 -0.0450336449 0.0153697086 0.00768931303 -0.045033142 0.0153474575 0.00823665876 -0.0450312309 0.0153697086 0.00768931303 -0.045033142 0.0153644746 0.00868929364 -0.0450296514 0.0153474575 0.00823665876 -0.0450312309 0.0153474575 0.00823665876 -0.0450312309 0.0153644746 0.00868929364 -0.0450296514 0.0153474575 0.00869630277 -0.045029629 0.0158514045 0.0101457797 -0.0450245738 0.0158470795 0.0101531791 -0.0450245477 0.0158470795 0.0101457797 -0.0450245738 0.0158470795 0.0101531791 -0.0450245477 0.0158402734 0.0101648271 -0.0450245067 0.0158470795 0.0101457797 -0.0450245738 0.0158470795 0.0101457797 -0.0450245738 0.0158402734 0.0101648271 -0.0450245067 0.0158402734 0.0101457797 -0.0450245738 0.0158402734 0.0101648271 -0.0450245067 0.0153814908 0.0101457797 -0.0450245701 0.0158402734 0.0101457797 -0.0450245738 0.0158402734 0.0101457797 -0.0450245738 0.0153814908 0.0101457797 -0.0450245701 0.0153814908 0.00999627635 -0.0450250916 0.0153814908 0.0101457797 -0.0450245701 0.0153746847 0.00999627635 -0.0450250916 0.0153814908 0.00999627635 -0.0450250916 0.0153814908 0.00999627635 -0.0450250916 0.0153746847 0.00999627635 -0.0450250916 0.0153576676 0.00998926722 -0.045025114 0.0153746847 0.00999627635 -0.0450250916 0.0153474575 0.00999627635 -0.0450250916 0.0153576676 0.00998926722 -0.045025114 0.0153576676 0.00998926722 -0.045025114 0.0153474575 0.00999627635 -0.0450250916 0.0153629025 0.00898928754 -0.0450286046 0.0153474575 0.00999627635 -0.0450250916 0.0153474575 0.00884580519 -0.0450291075 0.0153629025 0.00898928754 -0.0450286046 0.0153629025 0.00898928754 -0.0450286046 0.0153474575 0.00884580519 -0.0450291075 0.0153746847 0.00884580519 -0.0450291075 0.0153474575 0.00884580519 -0.0450291075 0.0153474575 0.00869630277 -0.045029629 0.0153746847 0.00884580519 -0.0450291075 0.0153746847 0.00884580519 -0.0450291075 0.0153474575 0.00869630277 -0.045029629 0.0153746847 0.00869630277 -0.045029629 0.0153474575 0.00869630277 -0.045029629 0.0153644746 0.00868929364 -0.0450296514 0.0153746847 0.00869630277 -0.045029629 0.0153746847 0.00869630277 -0.045029629 0.0153644746 0.00868929364 -0.0450296514 0.0153814908 0.00869630277 -0.045029629 0.0153644746 0.00868929364 -0.0450296514 0.0155531457 0.00869028084 -0.0450296514 0.0153814908 0.00869630277 -0.045029629 0.0153814908 0.00869630277 -0.045029629 0.0155531457 0.00869028084 -0.0450296514 0.0158402734 0.00869630277 -0.0450296327 0.0155531457 0.00869028084 -0.0450296514 0.0158402734 0.00823665876 -0.0450312383 0.0158402734 0.00869630277 -0.0450296327 0.0158402734 0.00869630277 -0.0450296327 0.0158402734 0.00823665876 -0.0450312383 0.0158470795 0.00869630277 -0.0450296327 0.0158402734 0.00823665876 -0.0450312383 0.0158470795 0.00823665876 -0.0450312383 0.0158470795 0.00869630277 -0.0450296327 0.0158470795 0.00869630277 -0.0450296327 0.0158470795 0.00823665876 -0.0450312383 0.0158538874 0.00869630277 -0.0450296327 0.0158470795 0.00823665876 -0.0450312383 0.0158538874 0.00823665876 -0.0450312383 0.0158538874 0.00869630277 -0.0450296327 0.0158538874 0.00869630277 -0.0450296327 0.0158538874 0.00823665876 -0.0450312383 0.0158606935 0.00869630277 -0.0450296327 0.0158538874 0.00823665876 -0.0450312383 0.0158606935 0.00823665876 -0.0450312383 0.0158606935 0.00869630277 -0.0450296327 0.0158606935 0.00869630277 -0.0450296327 0.0158606935 0.00823665876 -0.0450312383 0.0161274001 0.00838514417 -0.0450307205 0.0158606935 0.00823665876 -0.0450312383 0.0167047437 0.00838816725 -0.0450307168 0.0161274001 0.00838514417 -0.0450307205 0.019553287 0.0108366068 -0.0450221971 0.0181307904 0.0108037936 -0.0450222977 0.0195569042 0.0101457797 -0.0450246073 0.0181307904 0.0108037936 -0.0450222977 0.0178447366 0.0103022922 -0.0450240448 0.0195569042 0.0101457797 -0.0450246073 0.0195569042 0.0101457797 -0.0450246073 0.0178447366 0.0103022922 -0.0450240448 0.0169839896 0.0101896431 -0.0450244285 0.0178447366 0.0103022922 -0.0450240448 0.0172673948 0.0102992691 -0.0450240485 0.0169839896 0.0101896431 -0.0450244285 0.0169839896 0.0101896431 -0.0450244285 0.0172673948 0.0102992691 -0.0450240485 0.0166926999 0.0106881214 -0.0450226888 0.0172673948 0.0102992691 -0.0450240485 0.016976105 0.0107977474 -0.0450223088 0.0166926999 0.0106881214 -0.0450226888 0.0166926999 0.0106881214 -0.0450226888 0.016976105 0.0107977474 -0.0450223088 0.0161153581 0.0106850984 -0.0450226925 0.016976105 0.0107977474 -0.0450223088 0.0158606935 0.0108366068 -0.0450221598 0.0161153581 0.0106850984 -0.0450226925 0.0161153581 0.0106850984 -0.0450226925 0.0158606935 0.0108366068 -0.0450221598 0.0158606935 0.010238626 -0.0450242497 0.0158606935 0.0108366068 -0.0450221598 0.0158538874 0.0108366068 -0.0450221598 0.0158606935 0.010238626 -0.0450242497 0.0158606935 0.010238626 -0.0450242497 0.0158538874 0.0108366068 -0.0450221598 0.0158538874 0.010226693 -0.0450242907 0.0158538874 0.0108366068 -0.0450221598 0.0158470795 0.0108366068 -0.0450221598 0.0158538874 0.010226693 -0.0450242907 0.0158538874 0.010226693 -0.0450242907 0.0158470795 0.0108366068 -0.0450221598 0.0158470795 0.010214759 -0.0450243317 0.0158470795 0.0108366068 -0.0450221598 0.0158402734 0.0108366068 -0.0450221598 0.0158470795 0.010214759 -0.0450243317 0.0158470795 0.010214759 -0.0450243317 0.0158402734 0.0108366068 -0.0450221598 0.0158402734 0.010202826 -0.0450243726 0.0158402734 0.0108366068 -0.0450221598 0.0158308223 0.0107917506 -0.0450223163 0.0158402734 0.010202826 -0.0450243726 0.0158402734 0.010202826 -0.0450243726 0.0158308223 0.0107917506 -0.0450223163 0.0158293042 0.010183597 -0.0450244397 0.0158308223 0.0107917506 -0.0450223163 0.0155447694 0.0102902493 -0.0450240672 0.0158293042 0.010183597 -0.0450244397 0.0158293042 0.010183597 -0.0450244397 0.0155447694 0.0102902493 -0.0450240672 0.0153814908 0.0101457797 -0.0450245701 0.0155447694 0.0102902493 -0.0450240672 0.0153560955 0.0102892611 -0.0450240672 0.0153814908 0.0101457797 -0.0450245701 0.0153814908 0.0101457797 -0.0450245701 0.0153560955 0.0102892611 -0.0450240672 0.0153746847 0.0101457797 -0.0450245701 0.0153560955 0.0102892611 -0.0450240672 0.0153474575 0.0101457797 -0.0450245701 0.0153746847 0.0101457797 -0.0450245701 0.0153746847 0.0101457797 -0.0450245701 0.0153474575 0.0101457797 -0.0450245701 0.0153474575 0.00999627635 -0.0450250916 0.0153492885 0.0115892356 -0.0450195298 0.0153474575 0.0114457542 -0.0450200289 0.0153746847 0.0114457542 -0.0450200327 0.0153474575 0.0114457542 -0.0450200289 0.0153474575 0.0112962509 -0.0450205542 0.0153746847 0.0114457542 -0.0450200327 0.0153746847 0.0114457542 -0.0450200327 0.0153474575 0.0112962509 -0.0450205542 0.0153746847 0.0112962509 -0.0450205542 0.0153474575 0.0112962509 -0.0450205542 0.0153508615 0.0112892417 -0.0450205766 0.0153746847 0.0112962509 -0.0450205542 0.0153746847 0.0112962509 -0.0450205542 0.0153508615 0.0112892417 -0.0450205766 0.0153814908 0.0112962509 -0.0450205542 0.0153508615 0.0112892417 -0.0450205766 0.0155395325 0.0112902299 -0.0450205766 0.0153814908 0.0112962509 -0.0450205542 0.0153814908 0.0112962509 -0.0450205542 0.0155395325 0.0112902299 -0.0450205766 0.0158402734 0.0112962509 -0.0450205579 0.0155395325 0.0112902299 -0.0450205766 0.0158402734 0.0108366068 -0.0450221598 0.0158402734 0.0112962509 -0.0450205579 0.0158402734 0.0112962509 -0.0450205579 0.0158402734 0.0108366068 -0.0450221598 0.0158470795 0.0112962509 -0.0450205579 0.0158402734 0.0108366068 -0.0450221598 0.0158470795 0.0108366068 -0.0450221598 0.0158470795 0.0112962509 -0.0450205579 0.0158470795 0.0112962509 -0.0450205579 0.0158470795 0.0108366068 -0.0450221598 0.0158538874 0.0112962509 -0.0450205579 0.0158470795 0.0108366068 -0.0450221598 0.0158538874 0.0108366068 -0.0450221598 0.0158538874 0.0112962509 -0.0450205579 0.0158538874 0.0112962509 -0.0450205579 0.0158538874 0.0108366068 -0.0450221598 0.0158606935 0.0112962509 -0.0450205579 0.0158538874 0.0108366068 -0.0450221598 0.0158606935 0.0108366068 -0.0450221598 0.0158606935 0.0112962509 -0.0450205579 0.0158606935 0.0112962509 -0.0450205579 0.0158606935 0.0108366068 -0.0450221598 0.0161137879 0.0109850923 -0.0450216457 0.0158606935 0.0108366068 -0.0450221598 0.0166911297 0.0109881153 -0.045021642 0.0161137879 0.0109850923 -0.0450216457 0.0153474575 0.0125962254 -0.0450160131 0.0153338443 0.0125962254 -0.0450160131 0.0153440544 0.0125892162 -0.0450160392 0.0153338443 0.0125962254 -0.0450160131 0.0153338443 0.0121365814 -0.0450176187 0.0153440544 0.0125892162 -0.0450160392 0.0153440544 0.0125892162 -0.0450160392 0.0153338443 0.0121365814 -0.0450176187 0.0153492885 0.0115892356 -0.0450195298 0.0153338443 0.0121365814 -0.0450176187 0.0153338443 0.0114457542 -0.0450200289 0.0153492885 0.0115892356 -0.0450195298 0.0153492885 0.0115892356 -0.0450195298 0.0153338443 0.0114457542 -0.0450200289 0.0153474575 0.0114457542 -0.0450200289 0.0153338443 0.0114457542 -0.0450200289 0.0153338443 0.0112962509 -0.0450205542 0.0153474575 0.0114457542 -0.0450200289 0.0153474575 0.0114457542 -0.0450200289 0.0153338443 0.0112962509 -0.0450205542 0.0153474575 0.0112962509 -0.0450205542 0.0153338443 0.0112962509 -0.0450205542 0.0153338443 0.0108366068 -0.0450221561 0.0153474575 0.0112962509 -0.0450205542 0.0153474575 0.0112962509 -0.0450205542 0.0153338443 0.0108366068 -0.0450221561 0.0153474575 0.0108366068 -0.0450221561 0.0153338443 0.0108366068 -0.0450221561 0.0153338443 0.0101457797 -0.0450245701 0.0153474575 0.0108366068 -0.0450221561 0.0153474575 0.0108366068 -0.0450221561 0.0153338443 0.0101457797 -0.0450245701 0.0153474575 0.0101457797 -0.0450245701 0.0153338443 0.0101457797 -0.0450245701 0.0153338443 0.00999627635 -0.0450250916 0.0153474575 0.0101457797 -0.0450245701 0.0153474575 0.0101457797 -0.0450245701 0.0153338443 0.00999627635 -0.0450250916 0.0153474575 0.00999627635 -0.0450250916 0.0153338443 0.00999627635 -0.0450250916 0.0153338443 0.00884580519 -0.0450291075 0.0153474575 0.00999627635 -0.0450250916 0.0153474575 0.00999627635 -0.0450250916 0.0153338443 0.00884580519 -0.0450291075 0.0153474575 0.00884580519 -0.0450291075 0.0153338443 0.00884580519 -0.0450291075 0.0153338443 0.00869630277 -0.045029629 0.0153474575 0.00884580519 -0.0450291075 0.0153474575 0.00884580519 -0.0450291075 0.0153338443 0.00869630277 -0.045029629 0.0153474575 0.00869630277 -0.045029629 0.0153338443 0.00869630277 -0.045029629 0.0153338443 0.00823665876 -0.0450312309 0.0153474575 0.00869630277 -0.045029629 0.0153474575 0.00869630277 -0.045029629 0.0153338443 0.00823665876 -0.0450312309 0.0153474575 0.00823665876 -0.0450312309 0.0153338443 0.00823665876 -0.0450312309 0.0153338443 0.00754583115 -0.0450336449 0.0153474575 0.00823665876 -0.0450312309 0.0153474575 0.00823665876 -0.0450312309 0.0153338443 0.00754583115 -0.0450336449 0.0153474575 0.00754583115 -0.0450336449 0.0153338443 0.00754583115 -0.0450336449 0.0153338443 0.00739632826 -0.0450341664 0.0153474575 0.00754583115 -0.0450336449 0.0153474575 0.00754583115 -0.0450336449 0.0153338443 0.00739632826 -0.0450341664 0.0153474575 0.00739632826 -0.0450341664 0.0153338443 0.00739632826 -0.0450341664 0.0153338443 0.00693668425 -0.0450357683 0.0153474575 0.00739632826 -0.0450341664 0.0153474575 0.00739632826 -0.0450341664 0.0153338443 0.00693668425 -0.0450357683 0.0153474575 0.00693668425 -0.0450357683 0.0153338443 0.00693668425 -0.0450357683 0.0153338443 0.00609635375 -0.0450387038 0.0153474575 0.00693668425 -0.0450357683 0.0153474575 0.00693668425 -0.0450357683 0.0153338443 0.00609635375 -0.0450387038 0.0153474575 0.00609635375 -0.0450387038 0.0153338443 0.00609635375 -0.0450387038 0.0153338443 0.00563670974 -0.0450403094 0.0153474575 0.00609635375 -0.0450387038 0.0153474575 0.00609635375 -0.0450387038 0.0153338443 0.00563670974 -0.0450403094 0.0153474575 0.00563670974 -0.0450403094 0.0153338443 0.00563670974 -0.0450403094 0.0153338443 0.0049458826 -0.0450427197 0.0153474575 0.00563670974 -0.0450403094 0.0153474575 0.00563670974 -0.0450403094 0.0153338443 0.0049458826 -0.0450427197 0.0153474575 0.0049458826 -0.0450427197 0.0153338443 0.0049458826 -0.0450427197 0.0153338443 0.00479637971 -0.0450432412 0.0153474575 0.0049458826 -0.0450427197 0.0153474575 0.0049458826 -0.0450427197 0.0153338443 0.00479637971 -0.0450432412 0.0153474575 0.00479637971 -0.0450432412 0.0153338443 0.00479637971 -0.0450432412 0.0153338443 0.0043367357 -0.0450448468 0.0153474575 0.00479637971 -0.0450432412 0.0153474575 0.00479637971 -0.0450432412 0.0153338443 0.0043367357 -0.0450448468 0.0153474575 0.0043367357 -0.0450448468 0.0153338443 0.0043367357 -0.0450448468 0.0153338443 0.00364590832 -0.0450472571 0.0153474575 0.0043367357 -0.0450448468 0.0153474575 0.0043367357 -0.0450448468 0.0153338443 0.00364590832 -0.0450472571 0.0153474575 0.00364590832 -0.0450472571 0.0153338443 0.00364590832 -0.0450472571 0.0153338443 0.00349640544 -0.0450477786 0.0153474575 0.00364590832 -0.0450472571 0.0153474575 0.00364590832 -0.0450472571 0.0153338443 0.00349640544 -0.0450477786 0.0153474575 0.00349640544 -0.0450477786 0.0153338443 0.00349640544 -0.0450477786 0.0153474575 -1.08621516e-05 -0.0450600199 0.0153474575 0.00349640544 -0.0450477786 0.0153474575 0.00349640544 -0.0450477786 0.0153474575 -1.08621516e-05 -0.0450600199 0.0153746847 -1.0719592e-05 -0.0450600199 0.0150432298 0.0127457278 -0.0450154915 0.0150440121 0.0125962254 -0.0450160131 0.0153338443 0.0127457278 -0.0450154915 0.0150440121 0.0125962254 -0.0450160131 0.0153338443 0.0125962254 -0.0450160131 0.0153338443 0.0127457278 -0.0450154915 0.0153338443 0.0127457278 -0.0450154915 0.0153338443 0.0125962254 -0.0450160131 0.0153474575 0.0127457278 -0.0450154915 0.0153338443 0.0125962254 -0.0450160131 0.0153474575 0.0125962254 -0.0450160131 0.0153474575 0.0127457278 -0.0450154915 0.0153474575 0.0127457278 -0.0450154915 0.0153474575 0.0125962254 -0.0450160131 0.0153746847 0.0127457278 -0.0450154915 0.0153474575 0.0125962254 -0.0450160131 0.0153746847 0.0125962254 -0.0450160168 0.0153746847 0.0127457278 -0.0450154915 0.0153746847 0.0127457278 -0.0450154915 0.0153746847 0.0125962254 -0.0450160168 0.0153814908 0.0127457278 -0.0450154915 0.0153746847 0.0125962254 -0.0450160168 0.0153814908 0.0125962254 -0.0450160168 0.0153814908 0.0127457278 -0.0450154915 0.0153814908 0.0127457278 -0.0450154915 0.0153814908 0.0125962254 -0.0450160168 0.0158402734 0.0127414791 -0.0450155139 0.0153814908 0.0125962254 -0.0450160168 0.0158402734 0.0125962254 -0.0450160205 0.0158402734 0.0127414791 -0.0450155139 0.0158402734 0.0127414791 -0.0450155139 0.0158402734 0.0125962254 -0.0450160205 0.0158470795 0.0125962254 -0.0450160205 0.0158402734 0.0125962254 -0.0450160205 0.0158402734 0.0121365814 -0.0450176224 0.0158470795 0.0125962254 -0.0450160205 0.0158470795 0.0125962254 -0.0450160205 0.0158402734 0.0121365814 -0.0450176224 0.0158470795 0.0121365814 -0.0450176224 0.0158402734 0.0121365814 -0.0450176224 0.0158470795 0.0115266666 -0.0450197533 0.0158470795 0.0121365814 -0.0450176224 0.0158470795 0.0121365814 -0.0450176224 0.0158470795 0.0115266666 -0.0450197533 0.0158538874 0.0115386005 -0.0450197123 0.0150364228 0.0140457023 -0.0450109541 0.0150372051 0.0138961989 -0.0450114757 0.0153338443 0.0140457023 -0.0450109541 0.0150372051 0.0138961989 -0.0450114757 0.0153338443 0.0138961989 -0.0450114757 0.0153338443 0.0140457023 -0.0450109541 0.0153338443 0.0140457023 -0.0450109541 0.0153338443 0.0138961989 -0.0450114757 0.0153474575 0.0140457023 -0.0450109541 0.0153338443 0.0138961989 -0.0450114757 0.0153474575 0.0138961989 -0.0450114757 0.0153474575 0.0140457023 -0.0450109541 0.0153474575 0.0140457023 -0.0450109541 0.0153474575 0.0138961989 -0.0450114757 0.0153746847 0.0140457023 -0.0450109541 0.0153474575 0.0138961989 -0.0450114757 0.0153746847 0.0138961989 -0.0450114757 0.0153746847 0.0140457023 -0.0450109541 0.0153746847 0.0140457023 -0.0450109541 0.0153746847 0.0138961989 -0.0450114757 0.0153814908 0.0140457023 -0.0450109541 0.0153746847 0.0138961989 -0.0450114757 0.0153814908 0.0138961989 -0.0450114757 0.0153814908 0.0140457023 -0.0450109541 0.0153814908 0.0140457023 -0.0450109541 0.0153814908 0.0138961989 -0.0450114757 0.0158402734 0.0140298055 -0.0450110137 0.0153814908 0.0138961989 -0.0450114757 0.0158402734 0.0138961999 -0.0450114831 0.0158402734 0.0140298055 -0.0450110137 0.0158402734 0.0140298055 -0.0450110137 0.0158402734 0.0138961999 -0.0450114831 0.0158470795 0.0138961999 -0.0450114831 0.0158402734 0.0138961999 -0.0450114831 0.0158470795 0.0128385751 -0.0450151749 0.0158470795 0.0138961999 -0.0450114831 0.0158470795 0.0138961999 -0.0450114831 0.0158470795 0.0128385751 -0.0450151749 0.0158538874 0.0128505081 -0.0450151302 0.0155191077 0.0151911993 -0.0453069583 0.0155191123 0.0151901525 -0.0450069606 0.0153814871 0.0151904793 -0.045306962 0.0155191123 0.0151901525 -0.0450069606 0.0153814908 0.0151894316 -0.0450069644 0.0153814871 0.0151904793 -0.045306962 0.0153814871 0.0151904793 -0.045306962 0.0153814908 0.0151894316 -0.0450069644 0.01537468 0.015190443 -0.045306962 0.0153814908 0.0151894316 -0.0450069644 0.0153746847 0.0151893962 -0.0450069644 0.01537468 0.015190443 -0.045306962 0.01537468 0.015190443 -0.045306962 0.0153746847 0.0151893962 -0.0450069644 0.0153474538 0.0151903005 -0.045306962 0.0153746847 0.0151893962 -0.0450069644 0.0153474575 0.0151892537 -0.0450069644 0.0153474538 0.0151903005 -0.045306962 0.0153474538 0.0151903005 -0.045306962 0.0153474575 0.0151892537 -0.0450069644 0.0153338397 0.0151902298 -0.045306962 0.0153474575 0.0151892537 -0.0450069644 0.0153338443 0.015189182 -0.0450069644 0.0153338397 0.0151902298 -0.045306962 0.0153338397 0.0151902298 -0.045306962 0.0153338443 0.015189182 -0.0450069644 0.0153304366 0.0151902121 -0.045306962 0.0153338443 0.015189182 -0.0450069644 0.0153304413 0.0151891643 -0.0450069644 0.0153304366 0.0151902121 -0.045306962 0.0153356725 0.0141902314 -0.0453104526 0.0153304366 0.0151902121 -0.045306962 0.0153356753 0.0141891846 -0.045010455 0.0153304366 0.0151902121 -0.045306962 0.0153304413 0.0151891643 -0.0450069644 0.0153356753 0.0141891846 -0.045010455 0.0153356725 0.0141902314 -0.0453104526 0.0153356753 0.0141891846 -0.045010455 0.0153474538 0.0141902929 -0.0453104526 0.0153356753 0.0141891846 -0.045010455 0.0153474575 0.0141892461 -0.045010455 0.0153474538 0.0141902929 -0.0453104526 0.0153474538 0.0141902929 -0.0453104526 0.0153474575 0.0141892461 -0.045010455 0.01537468 0.0141904354 -0.0453104526 0.0153474575 0.0141892461 -0.045010455 0.0153746847 0.0141893886 -0.045010455 0.01537468 0.0141904354 -0.0453104526 0.01537468 0.0141904354 -0.0453104526 0.0153746847 0.0141893886 -0.045010455 0.0153814871 0.0141904717 -0.0453104526 0.0153746847 0.0141893886 -0.045010455 0.0153814908 0.014189424 -0.045010455 0.0153814871 0.0141904717 -0.0453104526 0.0153814871 0.0141904717 -0.0453104526 0.0153814908 0.014189424 -0.045010455 0.0155243455 0.0141912196 -0.0453104526 0.0153814908 0.014189424 -0.045010455 0.0155243492 0.0141901728 -0.0450104512 0.0155243455 0.0141912196 -0.0453104526 0.0158103984 0.014692721 -0.0453087017 0.0155243455 0.0141912196 -0.0453104526 0.0158104021 0.0146916742 -0.0450087041 0.0155243455 0.0141912196 -0.0453104526 0.0155243492 0.0141901728 -0.0450104512 0.0158104021 0.0146916742 -0.0450087041 0.0155191077 0.0151911993 -0.0453069583 0.0158103984 0.014692721 -0.0453087017 0.0155191123 0.0151901525 -0.0450069606 0.0158103984 0.014692721 -0.0453087017 0.0158104021 0.0146916742 -0.0450087041 0.0155191123 0.0151901525 -0.0450069606 0.0155259147 0.0138912257 -0.0453114994 0.0155259185 0.0138901779 -0.045011498 0.0153814871 0.0138904694 -0.0453114994 0.0155259185 0.0138901779 -0.045011498 0.0153814908 0.0138894217 -0.0450115018 0.0153814871 0.0138904694 -0.0453114994 0.0153814871 0.0138904694 -0.0453114994 0.0153814908 0.0138894217 -0.0450115018 0.01537468 0.0138904331 -0.0453114994 0.0153814908 0.0138894217 -0.0450115018 0.0153746847 0.0138893863 -0.0450115018 0.01537468 0.0138904331 -0.0453114994 0.01537468 0.0138904331 -0.0453114994 0.0153746847 0.0138893863 -0.0450115018 0.0153474538 0.0138902906 -0.0453114994 0.0153746847 0.0138893863 -0.0450115018 0.0153474575 0.0138892438 -0.0450115018 0.0153474538 0.0138902906 -0.0453114994 0.0153474538 0.0138902906 -0.0453114994 0.0153474575 0.0138892438 -0.0450115018 0.0153372437 0.0138902375 -0.0453114994 0.0153474575 0.0138892438 -0.0450115018 0.0153372474 0.0138891898 -0.0450115018 0.0153372437 0.0138902375 -0.0453114994 0.0153372437 0.0138902375 -0.0453114994 0.0153372474 0.0138891898 -0.0450115018 0.0153424796 0.0128902569 -0.04531499 0.0153372474 0.0138891898 -0.0450115018 0.0153424824 0.0128892101 -0.0450149924 0.0153424796 0.0128902569 -0.04531499 0.0155311562 0.0128901983 -0.0450149886 0.0155311516 0.0128912451 -0.04531499 0.0153814908 0.0128894141 -0.0450149924 0.0155311516 0.0128912451 -0.04531499 0.0153814871 0.0128904618 -0.04531499 0.0153814908 0.0128894141 -0.0450149924 0.0153814908 0.0128894141 -0.0450149924 0.0153814871 0.0128904618 -0.04531499 0.0153746847 0.0128893787 -0.0450149924 0.0153814871 0.0128904618 -0.04531499 0.01537468 0.0128904255 -0.04531499 0.0153746847 0.0128893787 -0.0450149924 0.0153746847 0.0128893787 -0.0450149924 0.01537468 0.0128904255 -0.04531499 0.0153474575 0.0128892362 -0.0450149924 0.01537468 0.0128904255 -0.04531499 0.0153474538 0.012890283 -0.04531499 0.0153474575 0.0128892362 -0.0450149924 0.0153474575 0.0128892362 -0.0450149924 0.0153474538 0.012890283 -0.04531499 0.0153424824 0.0128892101 -0.0450149924 0.0153474538 0.012890283 -0.04531499 0.0153424796 0.0128902569 -0.04531499 0.0153424824 0.0128892101 -0.0450149924 0.0158172045 0.0133927464 -0.0453132391 0.0155311516 0.0128912451 -0.04531499 0.0158172082 0.0133916996 -0.0450132415 0.0155311516 0.0128912451 -0.04531499 0.0155311562 0.0128901983 -0.0450149886 0.0158172082 0.0133916996 -0.0450132415 0.0155259147 0.0138912257 -0.0453114994 0.0158172045 0.0133927464 -0.0453132391 0.0155259185 0.0138901779 -0.045011498 0.0158172045 0.0133927464 -0.0453132391 0.0158172082 0.0133916996 -0.0450132415 0.0155259185 0.0138901779 -0.045011498 0.0155327218 0.0125912512 -0.0453160368 0.0155327255 0.0125902034 -0.0450160392 0.0153814871 0.0125904595 -0.0453160368 0.0155327255 0.0125902034 -0.0450160392 0.0153814908 0.0125894118 -0.0450160392 0.0153814871 0.0125904595 -0.0453160368 0.0153814871 0.0125904595 -0.0453160368 0.0153814908 0.0125894118 -0.0450160392 0.01537468 0.0125904232 -0.0453160368 0.0153814908 0.0125894118 -0.0450160392 0.0153746847 0.0125893764 -0.0450160392 0.01537468 0.0125904232 -0.0453160368 0.01537468 0.0125904232 -0.0453160368 0.0153746847 0.0125893764 -0.0450160392 0.0153474538 0.0125902807 -0.0453160368 0.0153746847 0.0125893764 -0.0450160392 0.0153474575 0.0125892339 -0.0450160392 0.0153474538 0.0125902807 -0.0453160368 0.0153474538 0.0125902807 -0.0453160368 0.0153474575 0.0125892339 -0.0450160392 0.0153440498 0.012590263 -0.0453160368 0.0153474575 0.0125892339 -0.0450160392 0.0153440544 0.0125892162 -0.0450160392 0.0153440498 0.012590263 -0.0453160368 0.0153492866 0.0115902834 -0.0453195274 0.0153492596 0.0115952864 -0.0453195088 0.0153492885 0.0115892356 -0.0450195298 0.0153492596 0.0115952864 -0.0453195088 0.0153474538 0.0119402763 -0.0453183055 0.0153492885 0.0115892356 -0.0450195298 0.0153492885 0.0115892356 -0.0450195298 0.0153474538 0.0119402763 -0.0453183055 0.0153440544 0.0125892162 -0.0450160392 0.0153474538 0.0119402763 -0.0453183055 0.01534642 0.0121376282 -0.0453176163 0.0153440544 0.0125892162 -0.0450160392 0.0153440544 0.0125892162 -0.0450160392 0.01534642 0.0121376282 -0.0453176163 0.0153440498 0.012590263 -0.0453160368 0.0153492866 0.0115902834 -0.0453195274 0.0153492885 0.0115892356 -0.0450195298 0.0155379586 0.0115912706 -0.0453195274 0.0153492885 0.0115892356 -0.0450195298 0.0155379632 0.0115902238 -0.0450195298 0.0155379586 0.0115912706 -0.0453195274 0.0158240125 0.0120927719 -0.0453177765 0.0155379586 0.0115912706 -0.0453195274 0.0158240143 0.0120917251 -0.0450177789 0.0155379586 0.0115912706 -0.0453195274 0.0155379632 0.0115902238 -0.0450195298 0.0158240143 0.0120917251 -0.0450177789 0.0155327218 0.0125912512 -0.0453160368 0.0158240125 0.0120927719 -0.0453177765 0.0155327255 0.0125902034 -0.0450160392 0.0158240125 0.0120927719 -0.0453177765 0.0158240143 0.0120917251 -0.0450177789 0.0155327255 0.0125902034 -0.0450160392 0.0153508615 0.0112892417 -0.0450205766 0.0153508568 0.0112902885 -0.0453205742 0.0155395325 0.0112902299 -0.0450205766 0.0153508568 0.0112902885 -0.0453205742 0.0155395279 0.0112912767 -0.0453205742 0.0155395325 0.0112902299 -0.0450205766 0.0153508568 0.0112902885 -0.0453205742 0.0153508615 0.0112892417 -0.0450205766 0.0153560927 0.0102903089 -0.0453240648 0.0153508615 0.0112892417 -0.0450205766 0.0153560955 0.0102892611 -0.0450240672 0.0153560927 0.0102903089 -0.0453240648 0.0167335384 0.00288932305 -0.0453499109 0.0170248281 0.00239084451 -0.0453516543 0.0167335402 0.00288827578 -0.0450499132 0.0170248281 0.00239084451 -0.0453516543 0.01702483 0.00238979724 -0.0450516567 0.0167335402 0.00288827578 -0.0450499132 0.0161561966 0.00288629998 -0.0453499183 0.0167335384 0.00288932305 -0.0453499109 0.0161561985 0.00288525294 -0.0450499207 0.0167335384 0.00288932305 -0.0453499109 0.0167335402 0.00288827578 -0.0450499132 0.0161561985 0.00288525294 -0.0450499207 0.0158701427 0.00238479837 -0.0453516655 0.0161561966 0.00288629998 -0.0453499183 0.0158701446 0.00238375133 -0.0450516678 0.0161561966 0.00288629998 -0.0453499183 0.0161561985 0.00288525294 -0.0450499207 0.0158701446 0.00238375133 -0.0450516678 0.0161614325 0.00188631983 -0.0453534089 0.0158701427 0.00238479837 -0.0453516655 0.0161614344 0.00188527268 -0.0450534113 0.0158701427 0.00238479837 -0.0453516655 0.0158701446 0.00238375133 -0.0450516678 0.0161614344 0.00188527268 -0.0450534113 0.0167387743 0.00188934279 -0.0453534015 0.0161614325 0.00188631983 -0.0453534089 0.0167387761 0.00188829564 -0.0450534038 0.0161614325 0.00188631983 -0.0453534089 0.0161614344 0.00188527268 -0.0450534113 0.0167387761 0.00188829564 -0.0450534038 0.0170248281 0.00239084451 -0.0453516543 0.0167387743 0.00188934279 -0.0453534015 0.01702483 0.00238979724 -0.0450516567 0.0167387743 0.00188934279 -0.0453534015 0.0167387761 0.00188829564 -0.0450534038 0.01702483 0.00238979724 -0.0450516567 0.0167267323 0.00418929709 -0.0453453735 0.0170180202 0.00369081856 -0.0453471169 0.0167267341 0.00418825028 -0.0450453758 0.0170180202 0.00369081856 -0.0453471169 0.0170180239 0.00368977152 -0.0450471193 0.0167267341 0.00418825028 -0.0450453758 0.0161493886 0.00418627448 -0.0453453809 0.0167267323 0.00418929709 -0.0453453735 0.0161493924 0.00418522721 -0.0450453833 0.0167267323 0.00418929709 -0.0453453735 0.0167267341 0.00418825028 -0.0450453758 0.0161493924 0.00418522721 -0.0450453833 0.0158633366 0.00368477264 -0.0453471281 0.0161493886 0.00418627448 -0.0453453809 0.0158633385 0.0036837256 -0.0450471304 0.0161493886 0.00418627448 -0.0453453809 0.0161493924 0.00418522721 -0.0450453833 0.0158633385 0.0036837256 -0.0450471304 0.0161546282 0.00318524684 -0.0450488739 0.0161546245 0.00318629411 -0.0453488715 0.0159728006 0.00349640544 -0.0450477861 0.0161546245 0.00318629411 -0.0453488715 0.0158633366 0.00368477264 -0.0453471281 0.0159728006 0.00349640544 -0.0450477861 0.0159728006 0.00349640544 -0.0450477861 0.0158633366 0.00368477264 -0.0453471281 0.0158633385 0.0036837256 -0.0450471304 0.0167319681 0.00318931718 -0.045348864 0.0161546245 0.00318629411 -0.0453488715 0.01673197 0.00318826991 -0.0450488664 0.0161546245 0.00318629411 -0.0453488715 0.0161546282 0.00318524684 -0.0450488739 0.01673197 0.00318826991 -0.0450488664 0.0170180202 0.00369081856 -0.0453471169 0.0167319681 0.00318931718 -0.045348864 0.0170180239 0.00368977152 -0.0450471193 0.0167319681 0.00318931718 -0.045348864 0.01673197 0.00318826991 -0.0450488664 0.0170180239 0.00368977152 -0.0450471193 0.0167199243 0.0054892716 -0.045340836 0.017011214 0.00499079283 -0.0453425795 0.016719928 0.00548822433 -0.0450408384 0.017011214 0.00499079283 -0.0453425795 0.0170112159 0.00498974556 -0.0450425819 0.016719928 0.00548822433 -0.0450408384 0.0161425825 0.00548624853 -0.0453408435 0.0167199243 0.0054892716 -0.045340836 0.0161425844 0.00548520125 -0.0450408421 0.0167199243 0.0054892716 -0.045340836 0.016719928 0.00548822433 -0.0450408384 0.0161425844 0.00548520125 -0.0450408421 0.0158565287 0.00498474715 -0.0453425907 0.0161425825 0.00548624853 -0.0453408435 0.0158565324 0.00498369988 -0.045042593 0.0161425825 0.00548624853 -0.0453408435 0.0161425844 0.00548520125 -0.0450408421 0.0158565324 0.00498369988 -0.045042593 0.0161478203 0.00448522111 -0.0450443327 0.0161478184 0.00448626839 -0.0453443341 0.0159659944 0.00479637971 -0.045043245 0.0161478184 0.00448626839 -0.0453443341 0.0158565287 0.00498474715 -0.0453425907 0.0159659944 0.00479637971 -0.045043245 0.0158565324 0.00498369988 -0.045042593 0.0158606935 0.00497657852 -0.0450426154 0.0158565287 0.00498474715 -0.0453425907 0.0158606935 0.00497657852 -0.0450426154 0.0158786308 0.0049458826 -0.0450427234 0.0158565287 0.00498474715 -0.0453425907 0.0158565287 0.00498474715 -0.0453425907 0.0158786308 0.0049458826 -0.0450427234 0.0159659944 0.00479637971 -0.045043245 0.0167251602 0.00448929146 -0.0453443266 0.0161478184 0.00448626839 -0.0453443341 0.0167251639 0.00448824419 -0.045044329 0.0161478184 0.00448626839 -0.0453443341 0.0161478203 0.00448522111 -0.0450443327 0.0167251639 0.00448824419 -0.045044329 0.017011214 0.00499079283 -0.0453425795 0.0167251602 0.00448929146 -0.0453443266 0.0170112159 0.00498974556 -0.0450425819 0.0167251602 0.00448929146 -0.0453443266 0.0167251639 0.00448824419 -0.045044329 0.0170112159 0.00498974556 -0.0450425819 0.0167131182 0.00678924564 -0.0453362986 0.0170044079 0.00629076734 -0.0453380421 0.01671312 0.00678819884 -0.045036301 0.0170044079 0.00629076734 -0.0453380421 0.0170044098 0.00628972007 -0.0450380445 0.01671312 0.00678819884 -0.045036301 0.0161357764 0.00678622304 -0.0453363061 0.0167131182 0.00678924564 -0.0453362986 0.0161357783 0.00678517576 -0.0450363047 0.0167131182 0.00678924564 -0.0453362986 0.01671312 0.00678819884 -0.045036301 0.0161357783 0.00678517576 -0.0450363047 0.0158497244 0.00628367392 -0.0450380556 0.0158497225 0.0062847212 -0.0453380533 0.0158538874 0.0062909699 -0.0450380296 0.0158497225 0.0062847212 -0.0453380533 0.0158538837 0.00629201718 -0.0453380272 0.0158538874 0.0062909699 -0.0450380296 0.0161357764 0.00678622304 -0.0453363061 0.0161357783 0.00678517576 -0.0450363047 0.0159128476 0.00639538979 -0.0453376658 0.0161357783 0.00678517576 -0.0450363047 0.0158538874 0.0062909699 -0.0450380296 0.0159128476 0.00639538979 -0.0453376658 0.0159128476 0.00639538979 -0.0453376658 0.0158538874 0.0062909699 -0.0450380296 0.0158606898 0.00630395021 -0.0453379862 0.0158538874 0.0062909699 -0.0450380296 0.0158538837 0.00629201718 -0.0453380272 0.0158606898 0.00630395021 -0.0453379862 0.0161410142 0.00578519562 -0.0450397953 0.0161410123 0.00578624289 -0.0453397967 0.0159591865 0.00609635375 -0.0450387076 0.0161410123 0.00578624289 -0.0453397967 0.015871821 0.00624690391 -0.0453381836 0.0159591865 0.00609635375 -0.0450387076 0.0159591865 0.00609635375 -0.0450387076 0.015871821 0.00624690391 -0.0453381836 0.0158606935 0.00626490451 -0.045038119 0.015871821 0.00624690391 -0.0453381836 0.0158606898 0.00626595179 -0.0453381166 0.0158606935 0.00626490451 -0.045038119 0.0158606935 0.00626490451 -0.045038119 0.0158606898 0.00626595179 -0.0453381166 0.0158538874 0.00627655257 -0.045038078 0.0158606898 0.00626595179 -0.0453381166 0.0158538837 0.00627759984 -0.0453380756 0.0158538874 0.00627655257 -0.045038078 0.0158538874 0.00627655257 -0.045038078 0.0158538837 0.00627759984 -0.0453380756 0.0158497244 0.00628367392 -0.0450380556 0.0158538837 0.00627759984 -0.0453380756 0.0158497225 0.0062847212 -0.0453380533 0.0158497244 0.00628367392 -0.0450380556 0.0167183541 0.0057892655 -0.0453397892 0.0161410123 0.00578624289 -0.0453397967 0.0167183559 0.00578821823 -0.0450397916 0.0161410123 0.00578624289 -0.0453397967 0.0161410142 0.00578519562 -0.0450397953 0.0167183559 0.00578821823 -0.0450397916 0.0170044079 0.00629076734 -0.0453380421 0.0167183541 0.0057892655 -0.0453397892 0.0170044098 0.00628972007 -0.0450380445 0.0167183541 0.0057892655 -0.0453397892 0.0167183559 0.00578821823 -0.0450397916 0.0170044098 0.00628972007 -0.0450380445 0.0167063121 0.00808922015 -0.0453317612 0.0169976 0.00759074138 -0.0453335047 0.0167063139 0.00808817241 -0.0450317636 0.0169976 0.00759074138 -0.0453335047 0.0169976037 0.00758969411 -0.045033507 0.0167063139 0.00808817241 -0.0450317636 0.0161289684 0.00808619708 -0.045331765 0.0167063121 0.00808922015 -0.0453317612 0.0161289722 0.00808515027 -0.0450317673 0.0167063121 0.00808922015 -0.0453317612 0.0167063139 0.00808817241 -0.0450317636 0.0161289722 0.00808515027 -0.0450317673 0.0158429183 0.00758364843 -0.0450335145 0.0158429164 0.0075846957 -0.0453335159 0.0158470795 0.00759094395 -0.0450334921 0.0158429164 0.0075846957 -0.0453335159 0.0158470776 0.00759199122 -0.0453334898 0.0158470795 0.00759094395 -0.0450334921 0.0158470795 0.00759094395 -0.0450334921 0.0158470776 0.00759199122 -0.0453334898 0.0158538874 0.00760287745 -0.0450334512 0.0161289684 0.00808619708 -0.045331765 0.0161289722 0.00808515027 -0.0450317673 0.0159060396 0.00769536383 -0.0453331284 0.0161289722 0.00808515027 -0.0450317673 0.0158606935 0.00761481095 -0.0450334065 0.0159060396 0.00769536383 -0.0453331284 0.0159060396 0.00769536383 -0.0453331284 0.0158606935 0.00761481095 -0.0450334065 0.0158606898 0.00761585776 -0.0453334041 0.0158606935 0.00761481095 -0.0450334065 0.0158538874 0.00760287745 -0.0450334512 0.0158606898 0.00761585776 -0.0453334041 0.0158606898 0.00761585776 -0.0453334041 0.0158538874 0.00760287745 -0.0450334512 0.0158538837 0.00760392472 -0.0453334488 0.0158538874 0.00760287745 -0.0450334512 0.0158470776 0.00759199122 -0.0453334898 0.0158538837 0.00760392472 -0.0453334488 0.0158429164 0.0075846957 -0.0453335159 0.0158429183 0.00758364843 -0.0450335145 0.0158470776 0.00757757388 -0.0453335382 0.0158429183 0.00758364843 -0.0450335145 0.0158470795 0.00757652661 -0.0450335406 0.0158470776 0.00757757388 -0.0453335382 0.0158470776 0.00757757388 -0.0453335382 0.0158470795 0.00757652661 -0.0450335406 0.0158538837 0.00756592583 -0.0453335792 0.0158470795 0.00757652661 -0.0450335406 0.0158538874 0.00756487856 -0.0450335816 0.0158538837 0.00756592583 -0.0453335792 0.0158538837 0.00756592583 -0.0453335792 0.0158538874 0.00756487856 -0.0450335816 0.0158606898 0.00755427778 -0.0453336202 0.0158538874 0.00756487856 -0.0450335816 0.0158606935 0.00755323051 -0.0450336225 0.0158606898 0.00755427778 -0.0453336202 0.0158606898 0.00755427778 -0.0453336202 0.0158606935 0.00755323051 -0.0450336225 0.0158650149 0.00754687842 -0.0453336462 0.0161342081 0.00708516967 -0.0450352579 0.0161342043 0.00708621694 -0.0453352556 0.0159523804 0.00739632826 -0.0450341702 0.0161342043 0.00708621694 -0.0453352556 0.0158650149 0.00754687842 -0.0453336462 0.0159523804 0.00739632826 -0.0450341702 0.0159523804 0.00739632826 -0.0450341702 0.0158650149 0.00754687842 -0.0453336462 0.0158650167 0.00754583115 -0.0450336486 0.0158650149 0.00754687842 -0.0453336462 0.0158606935 0.00755323051 -0.0450336225 0.0158650167 0.00754583115 -0.0450336486 0.016711548 0.00708924001 -0.0453352518 0.0161342043 0.00708621694 -0.0453352556 0.0167115498 0.00708819274 -0.0450352542 0.0161342043 0.00708621694 -0.0453352556 0.0161342081 0.00708516967 -0.0450352579 0.0167115498 0.00708819274 -0.0450352542 0.0169976 0.00759074138 -0.0453335047 0.016711548 0.00708924001 -0.0453352518 0.0169976037 0.00758969411 -0.045033507 0.016711548 0.00708924001 -0.0453352518 0.0167115498 0.00708819274 -0.0450352542 0.0169976037 0.00758969411 -0.045033507 0.0166995041 0.00938919466 -0.0453272238 0.0169907939 0.00889071543 -0.0453289673 0.0166995078 0.00938814692 -0.0450272262 0.0169907939 0.00889071543 -0.0453289673 0.0169907957 0.00888966862 -0.0450289696 0.0166995078 0.00938814692 -0.0450272262 0.0161221623 0.00938617159 -0.0453272276 0.0166995041 0.00938919466 -0.0453272238 0.0161221642 0.00938512385 -0.0450272299 0.0166995041 0.00938919466 -0.0453272238 0.0166995078 0.00938814692 -0.0450272262 0.0161221642 0.00938512385 -0.0450272299 0.0158361122 0.00888362247 -0.0450289771 0.0158361085 0.00888467021 -0.0453289784 0.0158402734 0.00889091846 -0.0450289547 0.0158361085 0.00888467021 -0.0453289784 0.0158402696 0.00889196526 -0.0453289524 0.0158402734 0.00889091846 -0.0450289547 0.0158402734 0.00889091846 -0.0450289547 0.0158402696 0.00889196526 -0.0453289524 0.0158470795 0.00890285149 -0.04502891 0.0158402696 0.00889196526 -0.0453289524 0.0158470776 0.00890389923 -0.0453289114 0.0158470795 0.00890285149 -0.04502891 0.0158470795 0.00890285149 -0.04502891 0.0158470776 0.00890389923 -0.0453289114 0.0158538874 0.00891478546 -0.0450288691 0.0158470776 0.00890389923 -0.0453289114 0.0158538837 0.00891583227 -0.0453288667 0.0158538874 0.00891478546 -0.0450288691 0.0158538874 0.00891478546 -0.0450288691 0.0158538837 0.00891583227 -0.0453288667 0.0158606935 0.0089267185 -0.0450288281 0.0161221623 0.00938617159 -0.0453272276 0.0161221642 0.00938512385 -0.0450272299 0.0158992335 0.00899533834 -0.045328591 0.0161221642 0.00938512385 -0.0450272299 0.0158606935 0.0089267185 -0.0450288281 0.0158992335 0.00899533834 -0.045328591 0.0158992335 0.00899533834 -0.045328591 0.0158606935 0.0089267185 -0.0450288281 0.0158606898 0.0089277653 -0.0453288257 0.0158606935 0.0089267185 -0.0450288281 0.0158538837 0.00891583227 -0.0453288667 0.0158606898 0.0089277653 -0.0453288257 0.0161274001 0.00838514417 -0.0450307205 0.0161273982 0.00838619098 -0.0453307182 0.0159455743 0.00869630277 -0.0450296327 0.0161273982 0.00838619098 -0.0453307182 0.0158606898 0.0088426033 -0.0453291237 0.0159455743 0.00869630277 -0.0450296327 0.0158361085 0.00888467021 -0.0453289784 0.0158361122 0.00888362247 -0.0450289771 0.0158402696 0.00887754839 -0.0453290008 0.0158361122 0.00888362247 -0.0450289771 0.0158402734 0.00887650065 -0.0450290032 0.0158402696 0.00887754839 -0.0453290008 0.0158402696 0.00887754839 -0.0453290008 0.0158402734 0.00887650065 -0.0450290032 0.0158470776 0.00886590034 -0.0453290418 0.0158402734 0.00887650065 -0.0450290032 0.0158470795 0.0088648526 -0.0450290442 0.0158470776 0.00886590034 -0.0453290418 0.0158470776 0.00886590034 -0.0453290418 0.0158470795 0.0088648526 -0.0450290442 0.0158538837 0.00885425229 -0.0453290828 0.0158470795 0.0088648526 -0.0450290442 0.0158538874 0.00885320455 -0.0450290851 0.0158538837 0.00885425229 -0.0453290828 0.0158538837 0.00885425229 -0.0453290828 0.0158538874 0.00885320455 -0.0450290851 0.0158582069 0.00884685293 -0.0453291088 0.0158538874 0.00885320455 -0.0450290851 0.0158582106 0.00884580519 -0.0450291112 0.0158582069 0.00884685293 -0.0453291088 0.0158582069 0.00884685293 -0.0453291088 0.0158582106 0.00884580519 -0.0450291112 0.0158606898 0.0088426033 -0.0453291237 0.0158582106 0.00884580519 -0.0450291112 0.0158606935 0.0088415565 -0.0450291261 0.0158606898 0.0088426033 -0.0453291237 0.0158606898 0.0088426033 -0.0453291237 0.0158606935 0.0088415565 -0.0450291261 0.0159455743 0.00869630277 -0.0450296327 0.01670474 0.00838921405 -0.0453307144 0.0161273982 0.00838619098 -0.0453307182 0.0167047437 0.00838816725 -0.0450307168 0.0161273982 0.00838619098 -0.0453307182 0.0161274001 0.00838514417 -0.0450307205 0.0167047437 0.00838816725 -0.0450307168 0.0169907939 0.00889071543 -0.0453289673 0.01670474 0.00838921405 -0.0453307144 0.0169907957 0.00888966862 -0.0450289696 0.01670474 0.00838921405 -0.0453307144 0.0167047437 0.00838816725 -0.0450307168 0.0169907957 0.00888966862 -0.0450289696 0.016692698 0.0106891682 -0.0453226864 0.0169839878 0.0101906899 -0.0453244299 0.0166926999 0.0106881214 -0.0450226888 0.0169839878 0.0101906899 -0.0453244299 0.0169839896 0.0101896431 -0.0450244285 0.0166926999 0.0106881214 -0.0450226888 0.0161153562 0.0106861452 -0.0453226902 0.016692698 0.0106891682 -0.0453226864 0.0161153581 0.0106850984 -0.0450226925 0.016692698 0.0106891682 -0.0453226864 0.0166926999 0.0106881214 -0.0450226888 0.0161153581 0.0106850984 -0.0450226925 0.0161153562 0.0106861452 -0.0453226902 0.0161153581 0.0106850984 -0.0450226925 0.0158924274 0.0102953129 -0.0453240536 0.0161153581 0.0106850984 -0.0450226925 0.0158606935 0.010238626 -0.0450242497 0.0158924274 0.0102953129 -0.0453240536 0.0158924274 0.0102953129 -0.0453240536 0.0158606935 0.010238626 -0.0450242497 0.0158606898 0.0102396728 -0.0453242473 0.0158606935 0.010238626 -0.0450242497 0.0158538874 0.010226693 -0.0450242907 0.0158606898 0.0102396728 -0.0453242473 0.0158293042 0.010183597 -0.0450244397 0.0158293024 0.0101846438 -0.0453244373 0.0158402734 0.010202826 -0.0450243726 0.0158293024 0.0101846438 -0.0453244373 0.0158402696 0.0102038728 -0.0453243703 0.0158402734 0.010202826 -0.0450243726 0.0158402734 0.010202826 -0.0450243726 0.0158402696 0.0102038728 -0.0453243703 0.0158470795 0.010214759 -0.0450243317 0.0158402696 0.0102038728 -0.0453243703 0.0158470776 0.0102158068 -0.0453243293 0.0158470795 0.010214759 -0.0450243317 0.0158470795 0.010214759 -0.0450243317 0.0158470776 0.0102158068 -0.0453243293 0.0158538874 0.010226693 -0.0450242907 0.0158470776 0.0102158068 -0.0453243293 0.0158538837 0.0102277398 -0.0453242883 0.0158538874 0.010226693 -0.0450242907 0.0158538874 0.010226693 -0.0450242907 0.0158538837 0.0102277398 -0.0453242883 0.0158606898 0.0102396728 -0.0453242473 0.0158293024 0.0101846438 -0.0453244373 0.0158293042 0.010183597 -0.0450244397 0.0158402696 0.0101658748 -0.0453245044 0.0158293042 0.010183597 -0.0450244397 0.0158402734 0.0101648271 -0.0450245067 0.0158402696 0.0101658748 -0.0453245044 0.0158402696 0.0101658748 -0.0453245044 0.0158402734 0.0101648271 -0.0450245067 0.0158470776 0.0101542259 -0.0453245454 0.0158402734 0.0101648271 -0.0450245067 0.0158470795 0.0101531791 -0.0450245477 0.0158470776 0.0101542259 -0.0453245454 0.0158470776 0.0101542259 -0.0453245454 0.0158470795 0.0101531791 -0.0450245477 0.0158514008 0.0101468265 -0.0453245714 0.0158470795 0.0101531791 -0.0450245477 0.0158514045 0.0101457797 -0.0450245738 0.0158514008 0.0101468265 -0.0453245714 0.0158514008 0.0101468265 -0.0453245714 0.0158514045 0.0101457797 -0.0450245738 0.0158538837 0.0101425778 -0.0453245863 0.0158514045 0.0101457797 -0.0450245738 0.0158538874 0.010141531 -0.0450245887 0.0158538837 0.0101425778 -0.0453245863 0.0158538837 0.0101425778 -0.0453245863 0.0158538874 0.010141531 -0.0450245887 0.0158606898 0.0101309298 -0.0453246273 0.016120594 0.00968511868 -0.0450261831 0.0161205921 0.00968616549 -0.0453261808 0.0159387663 0.00999627635 -0.0450250953 0.0161205921 0.00968616549 -0.0453261808 0.0158606898 0.0101309298 -0.0453246273 0.0159387663 0.00999627635 -0.0450250953 0.0159387663 0.00999627635 -0.0450250953 0.0158606898 0.0101309298 -0.0453246273 0.0158606935 0.010129882 -0.0450246297 0.0158606898 0.0101309298 -0.0453246273 0.0158538874 0.010141531 -0.0450245887 0.0158606935 0.010129882 -0.0450246297 0.0166979339 0.00968918856 -0.045326177 0.0161205921 0.00968616549 -0.0453261808 0.0166979358 0.00968814082 -0.0450261794 0.0161205921 0.00968616549 -0.0453261808 0.016120594 0.00968511868 -0.0450261831 0.0166979358 0.00968814082 -0.0450261794 0.0169839878 0.0101906899 -0.0453244299 0.0166979339 0.00968918856 -0.045326177 0.0169839896 0.0101896431 -0.0450244285 0.0166979339 0.00968918856 -0.045326177 0.0166979358 0.00968814082 -0.0450261794 0.0169839896 0.0101896431 -0.0450244285 0.0153969331 0.0024904632 -0.0453512929 0.0153969359 0.00248941593 -0.0450512953 0.015585606 0.0024914511 -0.0453512892 0.0153969359 0.00248941593 -0.0450512953 0.0155856097 0.00249040406 -0.0450512916 0.015585606 0.0024914511 -0.0453512892 0.0158716608 0.00299190544 -0.0450495444 0.0158716589 0.00299295248 -0.0453495421 0.0158606935 0.00297267619 -0.0450496115 0.0158716589 0.00299295248 -0.0453495421 0.0158606898 0.00297372323 -0.0453496091 0.0158606935 0.00297267619 -0.0450496115 0.0158606935 0.00297267619 -0.0450496115 0.0158606898 0.00297372323 -0.0453496091 0.0158538874 0.00296074268 -0.0450496525 0.0158606898 0.00297372323 -0.0453496091 0.0158538837 0.00296178996 -0.0453496501 0.0158538874 0.00296074268 -0.0450496525 0.0158538874 0.00296074268 -0.0450496525 0.0158538837 0.00296178996 -0.0453496501 0.0158470795 0.00294880942 -0.0450496934 0.0158538837 0.00296178996 -0.0453496501 0.0158470776 0.00294985669 -0.0453496948 0.0158470795 0.00294880942 -0.0450496934 0.0158470795 0.00294880942 -0.0450496934 0.0158470776 0.00294985669 -0.0453496948 0.0158402734 0.00293687591 -0.0450497381 0.0158470776 0.00294985669 -0.0453496948 0.0158402696 0.00293792319 -0.0453497358 0.0158402734 0.00293687591 -0.0450497381 0.0158402734 0.00293687591 -0.0450497381 0.0158402696 0.00293792319 -0.0453497358 0.0155856097 0.00249040406 -0.0450512916 0.0158402696 0.00293792319 -0.0453497358 0.0155878961 0.00249546696 -0.045351278 0.0155856097 0.00249040406 -0.0450512916 0.0155856097 0.00249040406 -0.0450512916 0.0155878961 0.00249546696 -0.045351278 0.015585606 0.0024914511 -0.0453512892 0.0155803729 0.00349038397 -0.045047801 0.0155803682 0.00349143124 -0.0453477986 0.0158402734 0.00304561993 -0.0450493582 0.0155803682 0.00349143124 -0.0453477986 0.0158402715 0.0030466665 -0.0453493558 0.0158402734 0.00304561993 -0.0450493582 0.0158402734 0.00304561993 -0.0450493582 0.0158402715 0.0030466665 -0.0453493558 0.0158470795 0.00303397165 -0.0450493991 0.0158716589 0.00299295248 -0.0453495421 0.0158716608 0.00299190544 -0.0450495444 0.0158606898 0.00301172212 -0.0453494787 0.0158716608 0.00299190544 -0.0450495444 0.0158606935 0.00301067508 -0.0450494774 0.0158606898 0.00301172212 -0.0453494787 0.0158606898 0.00301172212 -0.0453494787 0.0158606935 0.00301067508 -0.0450494774 0.0158538837 0.00302337017 -0.0453494377 0.0158606935 0.00301067508 -0.0450494774 0.0158538874 0.00302232336 -0.0450494401 0.0158538837 0.00302337017 -0.0453494377 0.0158538837 0.00302337017 -0.0453494377 0.0158538874 0.00302232336 -0.0450494401 0.0158470776 0.00303501845 -0.0453493968 0.0158538874 0.00302232336 -0.0450494401 0.0158470795 0.00303397165 -0.0450493991 0.0158470776 0.00303501845 -0.0453493968 0.0158470776 0.00303501845 -0.0453493968 0.0158470795 0.00303397165 -0.0450493991 0.0158454459 0.0030378087 -0.0453493856 0.0158470795 0.00303397165 -0.0450493991 0.0158402715 0.0030466665 -0.0453493558 0.0158454459 0.0030378087 -0.0453493856 0.0195104871 0.0190110803 -0.0449936613 0.0195104834 0.0190121271 -0.045293659 0.0158606935 0.0189919695 -0.0449936949 0.0195104834 0.0190121271 -0.045293659 0.0150105422 0.0189885665 -0.0452936999 0.0158606935 0.0189919695 -0.0449936949 0.0153474575 0.0189892817 -0.0449936986 0.0150105422 0.0189885665 -0.0452936999 0.0153338443 0.0189892109 -0.0449936986 0.0150105422 0.0189885665 -0.0452936999 0.0150105469 0.0189875178 -0.0449937023 0.0153338443 0.0189892109 -0.0449936986 0.0153474575 0.0189892817 -0.0449936986 0.0153746847 0.0189894252 -0.0449936986 0.0150105422 0.0189885665 -0.0452936999 0.0153746847 0.0189894252 -0.0449936986 0.0153814908 0.0189894605 -0.0449936986 0.0150105422 0.0189885665 -0.0452936999 0.0150105422 0.0189885665 -0.0452936999 0.0153814908 0.0189894605 -0.0449936986 0.0158402734 0.0189918634 -0.0449936949 0.0158402734 0.0189918634 -0.0449936949 0.0158470795 0.0189918987 -0.0449936949 0.0150105422 0.0189885665 -0.0452936999 0.0158470795 0.0189918987 -0.0449936949 0.0158538874 0.0189919341 -0.0449936949 0.0150105422 0.0189885665 -0.0452936999 0.0150105422 0.0189885665 -0.0452936999 0.0158538874 0.0189919341 -0.0449936949 0.0158606935 0.0189919695 -0.0449936949 0.0195104871 0.0190110803 -0.0449936613 0.0195304602 0.0151961735 -0.0450069793 0.0195104834 0.0190121271 -0.045293659 0.0195304602 0.0151961735 -0.0450069793 0.019536484 0.0140457023 -0.0450109951 0.0195104834 0.0190121271 -0.045293659 0.0195805132 0.00563671021 -0.0450403467 0.0195841305 0.0049458826 -0.0450427569 0.0196099654 1.25035494e-05 -0.0453599803 0.0195841305 0.0049458826 -0.0450427569 0.0195849147 0.00479637971 -0.0450432785 0.0196099654 1.25035494e-05 -0.0453599803 0.0196099654 1.25035494e-05 -0.0453599803 0.0195849147 0.00479637971 -0.0450432785 0.0195873212 0.0043367357 -0.0450448841 0.019536484 0.0140457023 -0.0450109951 0.0195372663 0.0138961999 -0.0450115167 0.0195104834 0.0190121271 -0.045293659 0.0195372663 0.0138961999 -0.0450115167 0.0195432901 0.0127457287 -0.0450155325 0.0195104834 0.0190121271 -0.045293659 0.0195104834 0.0190121271 -0.045293659 0.0195432901 0.0127457287 -0.0450155325 0.0195440743 0.0125962254 -0.0450160541 0.0195713006 0.00739632826 -0.0450342037 0.0195737071 0.00693668425 -0.0450358093 0.0196099654 1.25035494e-05 -0.0453599803 0.0195737071 0.00693668425 -0.0450358093 0.0195781067 0.00609635375 -0.0450387411 0.0196099654 1.25035494e-05 -0.0453599803 0.0196099654 1.25035494e-05 -0.0453599803 0.0195781067 0.00609635375 -0.0450387411 0.0195805132 0.00563671021 -0.0450403467 0.0195873212 0.0043367357 -0.0450448841 0.0195909385 0.00364590855 -0.0450472943 0.0196099654 1.25035494e-05 -0.0453599803 0.0195909385 0.00364590855 -0.0450472943 0.0195917208 0.00349640544 -0.0450478159 0.0196099654 1.25035494e-05 -0.0453599803 0.0196099654 1.25035494e-05 -0.0453599803 0.0195917208 0.00349640544 -0.0450478159 0.0196099672 1.14563691e-05 -0.0450599827 0.019553287 0.0108366068 -0.0450221971 0.0195569042 0.0101457797 -0.0450246073 0.0196099654 1.25035494e-05 -0.0453599803 0.0195440743 0.0125962254 -0.0450160541 0.0195464808 0.0121365814 -0.0450176559 0.0195104834 0.0190121271 -0.045293659 0.0195464808 0.0121365814 -0.0450176559 0.0195500981 0.0114457542 -0.0450200699 0.0195104834 0.0190121271 -0.045293659 0.0195104834 0.0190121271 -0.045293659 0.0195500981 0.0114457542 -0.0450200699 0.0196099654 1.25035494e-05 -0.0453599803 0.0195500981 0.0114457542 -0.0450200699 0.0195508804 0.0112962509 -0.0450205915 0.0196099654 1.25035494e-05 -0.0453599803 0.0196099654 1.25035494e-05 -0.0453599803 0.0195508804 0.0112962509 -0.0450205915 0.019553287 0.0108366068 -0.0450221971 0.0195569042 0.0101457797 -0.0450246073 0.0195576865 0.00999627635 -0.0450251289 0.0196099654 1.25035494e-05 -0.0453599803 0.0195576865 0.00999627635 -0.0450251289 0.0195637103 0.00884580519 -0.0450291447 0.0196099654 1.25035494e-05 -0.0453599803 0.0196099654 1.25035494e-05 -0.0453599803 0.0195637103 0.00884580519 -0.0450291447 0.0195644945 0.00869630277 -0.0450296663 0.0195644945 0.00869630277 -0.0450296663 0.019566901 0.00823665876 -0.0450312719 0.0196099654 1.25035494e-05 -0.0453599803 0.019566901 0.00823665876 -0.0450312719 0.0195705183 0.00754583115 -0.0450336821 0.0196099654 1.25035494e-05 -0.0453599803 0.0196099654 1.25035494e-05 -0.0453599803 0.0195705183 0.00754583115 -0.0450336821 0.0195713006 0.00739632826 -0.0450342037 0.0151100252 -1.10581532e-05 -0.0453600213 0.0196099654 1.25035494e-05 -0.0453599803 0.0196099672 1.14563691e-05 -0.0450599827 0.0196099672 1.14563691e-05 -0.0450599827 0.0158606935 -8.17484761e-06 -0.0450600162 0.0151100252 -1.10581532e-05 -0.0453600213 0.0158606935 -8.17484761e-06 -0.0450600162 0.0158538874 -8.21048707e-06 -0.0450600162 0.0151100252 -1.10581532e-05 -0.0453600213 0.0151100252 -1.10581532e-05 -0.0453600213 0.0158538874 -8.21048707e-06 -0.0450600162 0.0158470795 -8.24612744e-06 -0.0450600162 0.0158470795 -8.24612744e-06 -0.0450600162 0.0158402734 -8.2817678e-06 -0.0450600162 0.0151100252 -1.10581532e-05 -0.0453600213 0.0158402734 -8.2817678e-06 -0.0450600162 0.0153814908 -1.06839516e-05 -0.0450600199 0.0151100252 -1.10581532e-05 -0.0453600213 0.0151100252 -1.10581532e-05 -0.0453600213 0.0153814908 -1.06839516e-05 -0.0450600199 0.0153746847 -1.0719592e-05 -0.0450600199 0.0153746847 -1.0719592e-05 -0.0450600199 0.0153474575 -1.08621516e-05 -0.0450600199 0.0151100252 -1.10581532e-05 -0.0453600213 0.0153474575 -1.08621516e-05 -0.0450600199 0.0153338443 -1.09334314e-05 -0.0450600199 0.0151100252 -1.10581532e-05 -0.0453600213 0.0151100252 -1.10581532e-05 -0.0453600213 0.0153338443 -1.09334314e-05 -0.0450600199 0.0151100298 -1.21053254e-05 -0.0450600237 0.0151006021 0.00178890617 -0.0453537405 0.0151006002 0.00178939488 -0.0454937369 0.0151097644 3.94295494e-05 -0.0454998463 0.0151100252 -1.10581532e-05 -0.0453600213 0.0151100298 -1.21053254e-05 -0.0450600237 0.0151097653 3.89408669e-05 -0.0453598462 0.0151100298 -1.21053254e-05 -0.0450600237 0.0150916595 0.0034964052 -0.0450477749 0.0151097653 3.89408669e-05 -0.0453598462 0.0150108039 0.0189390555 -0.0454338752 0.0150288688 0.0154891238 -0.0454459153 0.0150108058 0.0189385675 -0.045293875 0.0150288688 0.0154891238 -0.0454459153 0.0150288716 0.0154886348 -0.0453059189 0.0150108058 0.0189385675 -0.045293875 0.0151097644 3.94295494e-05 -0.0454998463 0.0151097653 3.89408669e-05 -0.0453598462 0.0151006021 0.00178890617 -0.0453537405 0.0151097653 3.89408669e-05 -0.0453598462 0.0150916595 0.0034964052 -0.0450477749 0.0151006021 0.00178890617 -0.0453537405 0.0151006021 0.00178890617 -0.0453537405 0.0150916595 0.0034964052 -0.0450477749 0.0151003478 0.00183761306 -0.0453535691 0.0150916595 0.0034964052 -0.0450477749 0.0150969028 0.00249546696 -0.0453512706 0.0151003478 0.00183761306 -0.0453535691 0.0150900958 0.00379544124 -0.0453467332 0.0150908735 0.00364695559 -0.045347251 0.0150908763 0.00364590832 -0.0450472534 0.0150532257 0.0108366068 -0.0450221561 0.0150532238 0.0108376537 -0.0453221537 0.0150560634 0.0102953129 -0.0453240462 0.0150780454 0.00609635375 -0.0450387001 0.0150736459 0.00693668425 -0.0450357683 0.0150736431 0.00693773152 -0.0453357659 0.0150736431 0.00693773152 -0.0453357659 0.0150736459 0.00693668425 -0.0450357683 0.0150704542 0.00754687842 -0.0453336388 0.0150908763 0.00364590832 -0.0450472534 0.0150908735 0.00364695559 -0.045347251 0.0150916595 0.0034964052 -0.0450477749 0.0150908735 0.00364695559 -0.045347251 0.0150940632 0.00303780846 -0.0453493781 0.0150916595 0.0034964052 -0.0450477749 0.0150916595 0.0034964052 -0.0450477749 0.0150940632 0.00303780846 -0.0453493781 0.0150969028 0.00249546696 -0.0453512706 0.0150532257 0.0108366068 -0.0450221561 0.0150560634 0.0102953129 -0.0453240462 0.0150568429 0.0101457797 -0.0450245664 0.0150560634 0.0102953129 -0.0453240462 0.0150568411 0.0101468265 -0.045324564 0.0150568429 0.0101457797 -0.0450245664 0.0150568429 0.0101457797 -0.0450245664 0.0150568411 0.0101468265 -0.045324564 0.0150576252 0.00999627635 -0.0450250879 0.0150568411 0.0101468265 -0.045324564 0.0150600299 0.00953768007 -0.0453266911 0.0150576252 0.00999627635 -0.0450250879 0.0150576252 0.00999627635 -0.0450250879 0.0150600299 0.00953768007 -0.0453266911 0.015063649 0.00884580519 -0.0450291038 0.0150600299 0.00953768007 -0.0453266911 0.0150628695 0.00899533834 -0.0453285836 0.015063649 0.00884580519 -0.0450291038 0.015063649 0.00884580519 -0.0450291038 0.0150628695 0.00899533834 -0.0453285836 0.0150636472 0.00884685293 -0.0453291014 0.0150736459 0.00693668425 -0.0450357683 0.0150712393 0.00739632826 -0.0450341627 0.0150704542 0.00754687842 -0.0453336388 0.0150712393 0.00739632826 -0.0450341627 0.0150704561 0.00754583115 -0.0450336412 0.0150704542 0.00754687842 -0.0453336388 0.0150704542 0.00754687842 -0.0453336388 0.0150704561 0.00754583115 -0.0450336412 0.0150696766 0.00769536383 -0.045333121 0.0150704561 0.00754583115 -0.0450336412 0.0150668388 0.00823665876 -0.0450312309 0.0150696766 0.00769536383 -0.045333121 0.0150696766 0.00769536383 -0.045333121 0.0150668388 0.00823665876 -0.0450312309 0.0150636472 0.00884685293 -0.0453291014 0.0150668388 0.00823665876 -0.0450312309 0.0150644323 0.00869630277 -0.0450296253 0.0150636472 0.00884685293 -0.0453291014 0.0150636472 0.00884685293 -0.0453291014 0.0150644323 0.00869630277 -0.0450296253 0.015063649 0.00884580519 -0.0450291038 0.0150532238 0.0108376537 -0.0453221537 0.0150532257 0.0108366068 -0.0450221561 0.015050034 0.011446801 -0.0453200266 0.0150532257 0.0108366068 -0.0450221561 0.0150508191 0.0112962509 -0.0450205505 0.015050034 0.011446801 -0.0453200266 0.015050034 0.011446801 -0.0453200266 0.0150508191 0.0112962509 -0.0450205505 0.0150492564 0.0115952864 -0.0453195088 0.0150508191 0.0112962509 -0.0450205505 0.0150500359 0.0114457542 -0.0450200289 0.0150492564 0.0115952864 -0.0453195088 0.0150492564 0.0115952864 -0.0453195088 0.0150500359 0.0114457542 -0.0450200289 0.0150464168 0.0121376282 -0.0453176163 0.0150500359 0.0114457542 -0.0450200289 0.0150464186 0.0121365814 -0.045017615 0.0150464168 0.0121376282 -0.0453176163 0.0150464168 0.0121376282 -0.0453176163 0.0150464186 0.0121365814 -0.045017615 0.015043227 0.0127467755 -0.0453154892 0.0150464186 0.0121365814 -0.045017615 0.0150440121 0.0125962254 -0.0450160131 0.015043227 0.0127467755 -0.0453154892 0.015043227 0.0127467755 -0.0453154892 0.0150440121 0.0125962254 -0.0450160131 0.0150424503 0.0128952609 -0.0453149714 0.0150440121 0.0125962254 -0.0450160131 0.0150432298 0.0127457278 -0.0450154915 0.0150424503 0.0128952609 -0.0453149714 0.0150424503 0.0128952609 -0.0453149714 0.0150432298 0.0127457278 -0.0450154915 0.0150364209 0.01404675 -0.0453109518 0.0150432298 0.0127457278 -0.0450154915 0.0150372051 0.0138961989 -0.0450114757 0.0150364209 0.01404675 -0.0453109518 0.0150364209 0.01404675 -0.0453109518 0.0150372051 0.0138961989 -0.0450114757 0.0150356432 0.0141952354 -0.045310434 0.0150372051 0.0138961989 -0.0450114757 0.0150364228 0.0140457023 -0.0450109541 0.0150356432 0.0141952354 -0.045310434 0.0150356432 0.0141952354 -0.045310434 0.0150364228 0.0140457023 -0.0450109541 0.0150288716 0.0154886348 -0.0453059189 0.0150364228 0.0140457023 -0.0450109541 0.015030399 0.0151961735 -0.0450069383 0.0150288716 0.0154886348 -0.0453059189 0.0150288716 0.0154886348 -0.0453059189 0.015030399 0.0151961735 -0.0450069383 0.0150108058 0.0189385675 -0.045293875 0.015030399 0.0151961735 -0.0450069383 0.0150105469 0.0189875178 -0.0449937023 0.0150108058 0.0189385675 -0.045293875 0.0150108058 0.0189385675 -0.045293875 0.0150105469 0.0189875178 -0.0449937023 0.0150105422 0.0189885665 -0.0452936999 0.0150900958 0.00379544124 -0.0453467332 0.0150908763 0.00364590832 -0.0450472534 0.0150872562 0.00433778297 -0.0453448407 0.0150908763 0.00364590832 -0.0450472534 0.015087259 0.0043367357 -0.0450448431 0.0150872562 0.00433778297 -0.0453448407 0.0150872562 0.00433778297 -0.0453448407 0.015087259 0.0043367357 -0.0450448431 0.0150832897 0.00509541528 -0.0453421958 0.0150736431 0.00693773152 -0.0453357659 0.0150764827 0.00639538979 -0.0453376584 0.0150780454 0.00609635375 -0.0450387001 0.0150764827 0.00639538979 -0.0453376584 0.0150772603 0.00624690391 -0.0453381762 0.0150780454 0.00609635375 -0.0450387001 0.0150780454 0.00609635375 -0.0450387001 0.0150772603 0.00624690391 -0.0453381762 0.015080452 0.00563670974 -0.0450403057 0.0150772603 0.00624690391 -0.0453381762 0.0150804501 0.00563775701 -0.0453403033 0.015080452 0.00563670974 -0.0450403057 0.015080452 0.00563670974 -0.0450403057 0.0150804501 0.00563775701 -0.0453403033 0.0150840692 0.0049458826 -0.045042716 0.0150804501 0.00563775701 -0.0453403033 0.0150832897 0.00509541528 -0.0453421958 0.0150840692 0.0049458826 -0.045042716 0.0150840692 0.0049458826 -0.045042716 0.0150832897 0.00509541528 -0.0453421958 0.0150848525 0.00479637971 -0.0450432375 0.0150832897 0.00509541528 -0.0453421958 0.015087259 0.0043367357 -0.0450448431 0.0150848525 0.00479637971 -0.0450432375 0.0158470776 0.00754687842 -0.0453336462 0.0158538837 0.00754687842 -0.0453336462 0.0158538837 0.00693773152 -0.0453357734 0.0169635676 0.0140906125 -0.0453108139 0.0181356855 0.0141952354 -0.04531046 0.0181364622 0.01404675 -0.0453109778 0.0169703737 0.012790638 -0.0453153513 0.0181424916 0.0128952609 -0.0453149974 0.0181432683 0.0127467755 -0.0453155152 0.0169624891 0.0133987432 -0.0453132316 0.0172537789 0.0129002649 -0.0453149714 0.0166775137 0.0135891112 -0.0453125648 0.0169771798 0.0114906644 -0.0453198925 0.0181492977 0.0115952864 -0.0453195348 0.0181500763 0.011446801 -0.0453200527 0.0161085483 0.0119861197 -0.0453181528 0.0158856194 0.0115952864 -0.0453195162 0.0158606898 0.0115952864 -0.0453195162 0.0169839878 0.0101906899 -0.0453244299 0.0181561057 0.0102953129 -0.0453240722 0.0181568824 0.0101468274 -0.0453245938 0.0169907939 0.00889071543 -0.0453289673 0.0181629118 0.00899533834 -0.0453286134 0.0181636885 0.00884685293 -0.0453291312 0.0169976 0.00759074138 -0.0453335047 0.0181697179 0.00769536383 -0.0453331508 0.0181704964 0.00754687842 -0.0453336686 0.0158606898 0.00761585776 -0.0453334041 0.0158606898 0.00769536383 -0.0453331284 0.0159060396 0.00769536383 -0.0453331284 0.0170180202 0.00369081856 -0.0453471169 0.018190138 0.00379544124 -0.045346763 0.0181909166 0.00364695559 -0.0453472808 0.015585606 0.0024914511 -0.0453512892 0.0155878961 0.00249546696 -0.045351278 0.0158402696 0.00249546696 -0.045351278 0.0155787989 0.00379142538 -0.0453467518 0.01558109 0.00379544124 -0.0453467406 0.0158402696 0.00379544124 -0.0453467406 0.0158512387 0.0068928753 -0.0453359298 0.0158470776 0.00689999666 -0.0453359038 0.0158470776 0.00693773152 -0.0453357734 0.0158250276 0.00693773152 -0.0453357734 0.0158402696 0.00693773152 -0.0453357734 0.0158402696 0.00691164471 -0.0453358628 0.0158444326 0.00819284935 -0.0453313924 0.0158402696 0.00769536383 -0.0453331284 0.0155583788 0.00769134797 -0.0453331396 0.0158402696 0.00769536383 -0.0453331284 0.0158402696 0.00754687842 -0.0453336462 0.0155583788 0.00769134797 -0.0453331396 0.0158361085 0.00888467021 -0.0453289784 0.0158402696 0.00887754839 -0.0453290008 0.0158402696 0.00884685293 -0.0453291088 0.0153424796 0.0128902569 -0.04531499 0.0153474538 0.012890283 -0.04531499 0.0153474538 0.0127467755 -0.0453154929 0.0153474538 0.012890283 -0.04531499 0.01537468 0.0128904255 -0.04531499 0.0153474538 0.0127467755 -0.0453154929 0.0153474538 0.0127467755 -0.0453154929 0.01537468 0.0128904255 -0.04531499 0.01537468 0.0127467755 -0.0453154929 0.01537468 0.0128904255 -0.04531499 0.0153814871 0.0128904618 -0.04531499 0.01537468 0.0127467755 -0.0453154929 0.01537468 0.0127467755 -0.0453154929 0.0153814871 0.0128904618 -0.04531499 0.0153814871 0.0127467755 -0.0453154929 0.0153814871 0.0128904618 -0.04531499 0.0155311516 0.0128912451 -0.04531499 0.0153814871 0.0127467755 -0.0453154929 0.0153814871 0.0127467755 -0.0453154929 0.0155311516 0.0128912451 -0.04531499 0.0158402696 0.0128276888 -0.0453152135 0.0158309806 0.01404675 -0.0453109592 0.0158402696 0.0140308524 -0.0453110151 0.0158172045 0.0133927464 -0.0453132391 0.0158402696 0.0115157804 -0.0453197919 0.0158224963 0.0114846183 -0.0453198999 0.0153814871 0.011446801 -0.0453200303 0.0153814871 0.011446801 -0.0453200303 0.0158224963 0.0114846183 -0.0453198999 0.0158402696 0.011446801 -0.045320034 0.01537468 0.011446801 -0.0453200303 0.0153492866 0.0115902834 -0.0453195274 0.0155379586 0.0115912706 -0.0453195274 0.01537468 0.011446801 -0.0453200303 0.0153474538 0.011446801 -0.0453200303 0.0153492866 0.0115902834 -0.0453195274 0.0153474538 0.011446801 -0.0453200303 0.0153474538 0.0115952864 -0.0453195088 0.0153492866 0.0115902834 -0.0453195274 0.0153492866 0.0115902834 -0.0453195274 0.0153474538 0.0115952864 -0.0453195088 0.0153492596 0.0115952864 -0.0453195088 0.0153338397 0.0121376282 -0.0453176163 0.01534642 0.0121376282 -0.0453176163 0.0153474538 0.0119402763 -0.0453183055 0.0153338397 0.0121376282 -0.0453176163 0.0153474538 0.0119402763 -0.0453183055 0.0153338397 0.0115952864 -0.0453195088 0.01534642 0.0121376282 -0.0453176163 0.0153338397 0.0121376282 -0.0453176163 0.0153440498 0.012590263 -0.0453160368 0.0153338397 0.0121376282 -0.0453176163 0.0153338397 0.0127467755 -0.0453154892 0.0153440498 0.012590263 -0.0453160368 0.0153440498 0.012590263 -0.0453160368 0.0153338397 0.0127467755 -0.0453154892 0.0153474538 0.0125902807 -0.0453160368 0.0155327218 0.0125912512 -0.0453160368 0.0153814871 0.0125904595 -0.0453160368 0.0153814871 0.0127467755 -0.0453154929 0.0153814871 0.0125904595 -0.0453160368 0.01537468 0.0125904232 -0.0453160368 0.0153814871 0.0127467755 -0.0453154929 0.0153814871 0.0127467755 -0.0453154929 0.01537468 0.0125904232 -0.0453160368 0.01537468 0.0127467755 -0.0453154929 0.01537468 0.0125904232 -0.0453160368 0.0153474538 0.0125902807 -0.0453160368 0.01537468 0.0127467755 -0.0453154929 0.01537468 0.0127467755 -0.0453154929 0.0153474538 0.0125902807 -0.0453160368 0.0153474538 0.0127467755 -0.0453154929 0.0153474538 0.0125902807 -0.0453160368 0.0153338397 0.0127467755 -0.0453154892 0.0153474538 0.0127467755 -0.0453154929 0.0153474538 0.0127467755 -0.0453154929 0.0153338397 0.0127467755 -0.0453154892 0.0153424796 0.0128902569 -0.04531499 0.0153338397 0.0127467755 -0.0453154892 0.0153338397 0.0128952609 -0.0453149714 0.0153424796 0.0128902569 -0.04531499 0.0153424796 0.0128902569 -0.04531499 0.0153338397 0.0128952609 -0.0453149714 0.0153372437 0.0138902375 -0.0453114994 0.0153338397 0.0128952609 -0.0453149714 0.0153338397 0.01404675 -0.0453109518 0.0153372437 0.0138902375 -0.0453114994 0.0153372437 0.0138902375 -0.0453114994 0.0153338397 0.01404675 -0.0453109518 0.0153474538 0.0138902906 -0.0453114994 0.0155327218 0.0125912512 -0.0453160368 0.0158402696 0.0121376282 -0.0453176238 0.0158240125 0.0120927719 -0.0453177765 0.0158402696 0.0121376282 -0.0453176238 0.0158402696 0.0115952864 -0.0453195162 0.0158240125 0.0120927719 -0.0453177765 0.0158240125 0.0120927719 -0.0453177765 0.0158402696 0.0115952864 -0.0453195162 0.0155379586 0.0115912706 -0.0453195274 0.0158402696 0.0102038728 -0.0453243703 0.0158293024 0.0101846438 -0.0453244373 0.0153814871 0.0101468265 -0.0453245677 0.0153474538 0.0101468265 -0.0453245677 0.0153560927 0.0102903089 -0.0453240648 0.01537468 0.0101468265 -0.0453245677 0.0153560927 0.0102903089 -0.0453240648 0.0155447656 0.010291297 -0.0453240648 0.01537468 0.0101468265 -0.0453245677 0.0153474538 0.0101468265 -0.0453245677 0.0153474538 0.0102953129 -0.0453240499 0.0153560927 0.0102903089 -0.0453240648 0.0153474538 0.0102953129 -0.0453240499 0.0153474538 0.0108376537 -0.0453221537 0.0153560927 0.0102903089 -0.0453240648 0.0153560927 0.0102903089 -0.0453240648 0.0153474538 0.0108376537 -0.0453221537 0.0153508568 0.0112902885 -0.0453205742 0.0155395279 0.0112912767 -0.0453205742 0.0158402696 0.0108376546 -0.0453221612 0.0158308186 0.0107927984 -0.0453223176 0.0158402696 0.0108376546 -0.0453221612 0.0158402696 0.0102953129 -0.0453240536 0.0158308186 0.0107927984 -0.0453223176 0.0158308186 0.0107927984 -0.0453223176 0.0158402696 0.0102953129 -0.0453240536 0.0155447656 0.010291297 -0.0453240648 0.0153474538 0.00884685293 -0.0453291051 0.0153628998 0.00899033435 -0.0453286022 0.01537468 0.00884685293 -0.0453291051 0.0153628998 0.00899033435 -0.0453286022 0.0155515717 0.00899132248 -0.0453286022 0.01537468 0.00884685293 -0.0453291051 0.0153474538 0.00884685293 -0.0453291051 0.0153474538 0.00899533834 -0.0453285873 0.0153628998 0.00899033435 -0.0453286022 0.0153474538 0.00899533834 -0.0453285873 0.0153474538 0.00953768007 -0.0453266911 0.0153628998 0.00899033435 -0.0453286022 0.0153628998 0.00899033435 -0.0453286022 0.0153474538 0.00953768007 -0.0453266911 0.0153576639 0.00999031495 -0.0453251116 0.0153814871 0.0101468265 -0.0453245677 0.0155463349 0.00999130215 -0.0453251116 0.0153576639 0.00999031495 -0.0453251116 0.0153814871 0.0101468265 -0.0453245677 0.0158402696 0.0101468265 -0.0453245714 0.0155463349 0.00999130215 -0.0453251116 0.0158402696 0.0101468265 -0.0453245714 0.0158402696 0.00953768007 -0.0453266986 0.0155463349 0.00999130215 -0.0453251116 0.0155463349 0.00999130215 -0.0453251116 0.0158402696 0.00953768007 -0.0453266986 0.0158376247 0.00949282385 -0.045326855 0.0158402696 0.00953768007 -0.0453266986 0.0158402696 0.00899533834 -0.045328591 0.0158376247 0.00949282385 -0.045326855 0.0158376247 0.00949282385 -0.045326855 0.0158402696 0.00899533834 -0.045328591 0.0155515717 0.00899132248 -0.0453286022 0.0158402696 0.00754687842 -0.0453336462 0.0153814871 0.00754687842 -0.0453336425 0.0155583788 0.00769134797 -0.0453331396 0.0153814871 0.00754687842 -0.0453336425 0.01537468 0.00754687842 -0.0453336425 0.0155583788 0.00769134797 -0.0453331396 0.0155583788 0.00769134797 -0.0453331396 0.01537468 0.00754687842 -0.0453336425 0.0153697059 0.0076903603 -0.0453331396 0.0153814871 0.00884685293 -0.0453291051 0.0155531419 0.00869132858 -0.045329649 0.01536447 0.00869034044 -0.045329649 0.0158402696 0.00889196526 -0.0453289524 0.0158361085 0.00888467021 -0.0453289784 0.0153814871 0.00884685293 -0.0453291051 0.0158361085 0.00888467021 -0.0453289784 0.0158402696 0.00884685293 -0.0453291088 0.0153814871 0.00884685293 -0.0453291051 0.0153814871 0.00884685293 -0.0453291051 0.0158402696 0.00884685293 -0.0453291088 0.0155531419 0.00869132858 -0.045329649 0.0158402696 0.00884685293 -0.0453291088 0.0158444326 0.00819284935 -0.0453313924 0.0155531419 0.00869132858 -0.045329649 0.0153814871 0.00624690391 -0.0453381799 0.0153765129 0.0063903858 -0.0453376807 0.0158402696 0.00624690391 -0.0453381836 0.0153765129 0.0063903858 -0.0453376807 0.0155651858 0.00639137393 -0.045337677 0.0158402696 0.00624690391 -0.0453381836 0.0158402696 0.00624690391 -0.0453381836 0.0155651858 0.00639137393 -0.045337677 0.0158402696 0.00639538979 -0.0453376658 0.0153814871 0.00624690391 -0.0453381799 0.01537468 0.00624690391 -0.0453381799 0.0153765129 0.0063903858 -0.0453376807 0.01537468 0.00624690391 -0.0453381799 0.01537468 0.00639538979 -0.0453376621 0.0153765129 0.0063903858 -0.0453376807 0.0153765129 0.0063903858 -0.0453376807 0.01537468 0.00639538979 -0.0453376621 0.0153764868 0.00639538979 -0.0453376621 0.0153474538 0.00639538979 -0.0453376621 0.0153474538 0.00693773152 -0.0453357697 0.01537468 0.00674037915 -0.0453364588 0.0153474538 0.00754687842 -0.0453336425 0.015371277 0.00739036594 -0.0453341901 0.0153474538 0.00693773152 -0.0453357697 0.015371277 0.00739036594 -0.0453341901 0.0153736472 0.00693773152 -0.0453357697 0.0153474538 0.00693773152 -0.0453357697 0.0153474538 0.00693773152 -0.0453357697 0.0153736472 0.00693773152 -0.0453357697 0.01537468 0.00674037915 -0.0453364588 0.0158402696 0.00754687842 -0.0453336462 0.015559948 0.00739135407 -0.0453341864 0.0153814871 0.00754687842 -0.0453336425 0.015559948 0.00739135407 -0.0453341864 0.015371277 0.00739036594 -0.0453341901 0.0153814871 0.00754687842 -0.0453336425 0.0153814871 0.00754687842 -0.0453336425 0.015371277 0.00739036594 -0.0453341901 0.01537468 0.00754687842 -0.0453336425 0.015371277 0.00739036594 -0.0453341901 0.0153474538 0.00754687842 -0.0453336425 0.01537468 0.00754687842 -0.0453336425 0.01537468 0.00754687842 -0.0453336425 0.0153474538 0.00754687842 -0.0453336425 0.0153697059 0.0076903603 -0.0453331396 0.0153474538 0.00754687842 -0.0453336425 0.0153474538 0.00769536383 -0.0453331247 0.0153697059 0.0076903603 -0.0453331396 0.0153697059 0.0076903603 -0.0453331396 0.0153474538 0.00769536383 -0.0453331247 0.01536447 0.00869034044 -0.045329649 0.0155651858 0.00639137393 -0.045337677 0.0155674759 0.00639538979 -0.0453376621 0.0158402696 0.00639538979 -0.0453376658 0.0155674759 0.00639538979 -0.0453376621 0.0158402696 0.00687364629 -0.0453359969 0.0158402696 0.00639538979 -0.0453376658 0.0158402696 0.00639538979 -0.0453376658 0.0158402696 0.00687364629 -0.0453359969 0.0158470776 0.00688557932 -0.0453359559 0.0155719919 0.00509139942 -0.0453422144 0.015574283 0.00509541528 -0.0453421995 0.0158402696 0.00509541528 -0.0453422032 0.0153848901 0.00479041738 -0.0453432649 0.0153833199 0.00509041175 -0.0453422181 0.0155735621 0.00479140552 -0.0453432612 0.0153833199 0.00509041175 -0.0453422181 0.0155719919 0.00509139942 -0.0453422144 0.0155735621 0.00479140552 -0.0453432612 0.015378084 0.00609039189 -0.0453387275 0.0153804542 0.00563775701 -0.0453403071 0.01537468 0.00563775701 -0.0453403071 0.0153804542 0.00563775701 -0.0453403071 0.0153814871 0.00544040464 -0.0453409962 0.01537468 0.00563775701 -0.0453403071 0.01537468 0.00563775701 -0.0453403071 0.0153814871 0.00544040464 -0.0453409962 0.01537468 0.00509541528 -0.0453421995 0.01537468 0.00563775701 -0.0453403071 0.01537468 0.00624690391 -0.0453381799 0.015378084 0.00609039189 -0.0453387275 0.01537468 0.00624690391 -0.0453381799 0.0153814871 0.00624690391 -0.0453381799 0.015378084 0.00609039189 -0.0453387275 0.015378084 0.00609039189 -0.0453387275 0.0153814871 0.00624690391 -0.0453381799 0.0155667551 0.00609137956 -0.0453387238 0.0153814871 0.00624690391 -0.0453381799 0.0158402696 0.00624690391 -0.0453381836 0.0155667551 0.00609137956 -0.0453387238 0.0155667551 0.00609137956 -0.0453387238 0.0158402696 0.00624690391 -0.0453381836 0.0158318337 0.00563775701 -0.0453403108 0.0158402696 0.00624690391 -0.0453381836 0.0158402696 0.00563775701 -0.0453403108 0.0158318337 0.00563775701 -0.0453403108 0.0158318337 0.00563775701 -0.0453403108 0.0158402696 0.00563775701 -0.0453403108 0.0158402715 0.00562331872 -0.0453403592 0.0158580448 0.00559290079 -0.0453404672 0.0158538837 0.00560002215 -0.0453404412 0.0158538837 0.00563775701 -0.0453403108 0.0158538837 0.00560002215 -0.0453404412 0.0158470776 0.00561167067 -0.0453404002 0.0158538837 0.00563775701 -0.0453403108 0.0158538837 0.00563775701 -0.0453403108 0.0158470776 0.00561167067 -0.0453404002 0.0158470776 0.00563775701 -0.0453403108 0.0158470776 0.00561167067 -0.0453404002 0.0158402715 0.00562331872 -0.0453403592 0.0158470776 0.00563775701 -0.0453403108 0.0158538837 0.00563775701 -0.0453403108 0.0158606898 0.00563775701 -0.0453403108 0.0158580448 0.00559290079 -0.0453404672 0.0158606898 0.00563775701 -0.0453403108 0.0158606898 0.00509541528 -0.0453422032 0.0158580448 0.00559290079 -0.0453404672 0.0158580448 0.00559290079 -0.0453404672 0.0158606898 0.00509541528 -0.0453422032 0.0158538837 0.00558560528 -0.0453404933 0.015574283 0.00509541528 -0.0453421995 0.0158402696 0.00556173827 -0.0453405753 0.0158402696 0.00509541528 -0.0453422032 0.0158402696 0.00556173827 -0.0453405753 0.0158470776 0.00557367178 -0.0453405343 0.0158402696 0.00509541528 -0.0453422032 0.0158402696 0.00509541528 -0.0453422032 0.0158470776 0.00557367178 -0.0453405343 0.0158470776 0.00509541528 -0.0453422032 0.0158470776 0.00557367178 -0.0453405343 0.0158538837 0.00558560528 -0.0453404933 0.0158470776 0.00509541528 -0.0453422032 0.0158470776 0.00509541528 -0.0453422032 0.0158538837 0.00558560528 -0.0453404933 0.0158538837 0.00509541528 -0.0453422032 0.0158538837 0.00558560528 -0.0453404933 0.0158606898 0.00509541528 -0.0453422032 0.0158538837 0.00509541528 -0.0453422032 0.0158402696 0.00364695559 -0.0453472584 0.0153814871 0.00364695559 -0.0453472547 0.015390126 0.00379043748 -0.0453467555 0.0153814871 0.00364695559 -0.0453472547 0.0153814871 0.00379544124 -0.0453467369 0.015390126 0.00379043748 -0.0453467555 0.0153814871 0.00379544124 -0.0453467369 0.0153814871 0.00433778297 -0.0453448445 0.015390126 0.00379043748 -0.0453467555 0.015390126 0.00379043748 -0.0453467555 0.0153814871 0.00433778297 -0.0453448445 0.0153848901 0.00479041738 -0.0453432649 0.0153814871 0.00433778297 -0.0453448445 0.0153814871 0.00509541528 -0.0453421995 0.0153848901 0.00479041738 -0.0453432649 0.0153848901 0.00479041738 -0.0453432649 0.0153814871 0.00509541528 -0.0453421995 0.0153833199 0.00509041175 -0.0453422181 0.0153814871 0.00509541528 -0.0453421995 0.0153832939 0.00509541528 -0.0453421995 0.0153833199 0.00509041175 -0.0453422181 0.0170180202 0.00369081856 -0.0453471169 0.0167267323 0.00418929709 -0.0453453735 0.0170101356 0.00429892354 -0.0453449935 0.0167267323 0.00418929709 -0.0453453735 0.0158648528 0.00429292675 -0.0453450046 0.0170101356 0.00429892354 -0.0453449935 0.0170101356 0.00429892354 -0.0453449935 0.0158648528 0.00429292675 -0.0453450046 0.0170323011 0.00433778297 -0.0453448594 0.0158648528 0.00429292675 -0.0453450046 0.0158606898 0.00430004811 -0.0453449786 0.0170323011 0.00433778297 -0.0453448594 0.0170323011 0.00433778297 -0.0453448594 0.0158606898 0.00430004811 -0.0453449786 0.0158606898 0.00433778297 -0.0453448482 0.0158606898 0.00430004811 -0.0453449786 0.0158538837 0.00431169616 -0.0453449376 0.0158606898 0.00433778297 -0.0453448482 0.0158606898 0.00433778297 -0.0453448482 0.0158538837 0.00431169616 -0.0453449376 0.0158538837 0.00433778297 -0.0453448482 0.0158538837 0.00431169616 -0.0453449376 0.0158470776 0.00432334468 -0.0453449003 0.0158538837 0.00433778297 -0.0453448482 0.0158538837 0.00433778297 -0.0453448482 0.0158470776 0.00432334468 -0.0453449003 0.0158470776 0.00433778297 -0.0453448482 0.0158470776 0.00432334468 -0.0453449003 0.0158402715 0.00433499273 -0.0453448594 0.0158470776 0.00433778297 -0.0453448482 0.0158470776 0.00433778297 -0.0453448482 0.0158402715 0.00433499273 -0.0453448594 0.0158402696 0.00433778297 -0.0453448482 0.0158402715 0.00433499273 -0.0453448594 0.0158386398 0.00433778297 -0.0453448482 0.0158402696 0.00433778297 -0.0453448482 0.0170101356 0.00429892354 -0.0453449935 0.0173014253 0.003800445 -0.0453467369 0.0170180202 0.00369081856 -0.0453471169 0.0173014253 0.003800445 -0.0453467369 0.0178787671 0.00380346784 -0.0453467332 0.0170180202 0.00369081856 -0.0453471169 0.0170180202 0.00369081856 -0.0453471169 0.0178787671 0.00380346784 -0.0453467332 0.018190138 0.00379544124 -0.045346763 0.0178787671 0.00380346784 -0.0453467332 0.018164821 0.00430496968 -0.0453449823 0.018190138 0.00379544124 -0.045346763 0.01558109 0.00379544124 -0.0453467406 0.0158402696 0.00424983073 -0.0453451537 0.0158402696 0.00379544124 -0.0453467406 0.0158402696 0.00424983073 -0.0453451537 0.0158470776 0.00426176423 -0.0453451127 0.0158402696 0.00379544124 -0.0453467406 0.0158402696 0.00379544124 -0.0453467406 0.0158470776 0.00426176423 -0.0453451127 0.0158470776 0.00379544124 -0.0453467406 0.0158470776 0.00426176423 -0.0453451127 0.0158538837 0.00427369773 -0.0453450717 0.0158470776 0.00379544124 -0.0453467406 0.0158470776 0.00379544124 -0.0453467406 0.0158538837 0.00427369773 -0.0453450717 0.0158538837 0.00379544124 -0.0453467406 0.0158538837 0.00427369773 -0.0453450717 0.0158606898 0.00428563077 -0.0453450307 0.0158538837 0.00379544124 -0.0453467406 0.0158538837 0.00379544124 -0.0453467406 0.0158606898 0.00428563077 -0.0453450307 0.0158606898 0.00379544124 -0.0453467406 0.0158606898 0.00428563077 -0.0453450307 0.0158648528 0.00429292675 -0.0453450046 0.0158606898 0.00379544124 -0.0453467406 0.0158606898 0.00379544124 -0.0453467406 0.0158648528 0.00429292675 -0.0453450046 0.0161493886 0.00418627448 -0.0453453809 0.0158648528 0.00429292675 -0.0453450046 0.0167267323 0.00418929709 -0.0453453735 0.0161493886 0.00418627448 -0.0453453809 0.0158402696 0.00183761306 -0.0453535765 0.0153814871 0.00183761306 -0.0453535728 0.0153969331 0.0024904632 -0.0453512929 0.0158470776 0.00303501845 -0.0453493968 0.0158454459 0.0030378087 -0.0453493856 0.0158470776 0.00303780846 -0.0453493856 0.0158454459 0.0030378087 -0.0453493856 0.0158402715 0.0030466665 -0.0453493558 0.0158470776 0.00303780846 -0.0453493856 0.0170169435 0.00299894926 -0.0453495309 0.0158716589 0.00299295248 -0.0453495421 0.0170391072 0.0030378087 -0.0453493968 0.0158716589 0.00299295248 -0.0453495421 0.0158606898 0.00301172212 -0.0453494787 0.0170391072 0.0030378087 -0.0453493968 0.0170391072 0.0030378087 -0.0453493968 0.0158606898 0.00301172212 -0.0453494787 0.0158606898 0.00303780846 -0.0453493856 0.0158606898 0.00301172212 -0.0453494787 0.0158538837 0.00302337017 -0.0453494377 0.0158606898 0.00303780846 -0.0453493856 0.0158606898 0.00303780846 -0.0453493856 0.0158538837 0.00302337017 -0.0453494377 0.0158538837 0.00303780846 -0.0453493856 0.018196946 0.00249546696 -0.0453513004 0.0178855751 0.00250349357 -0.0453512706 0.0181716271 0.00300499517 -0.0453495234 0.0173082314 0.00250047073 -0.0453512743 0.0170248281 0.00239084451 -0.0453516543 0.0170169435 0.00299894926 -0.0453495309 0.0170248281 0.00239084451 -0.0453516543 0.0167335384 0.00288932305 -0.0453499109 0.0170169435 0.00299894926 -0.0453495309 0.0170169435 0.00299894926 -0.0453495309 0.0167335384 0.00288932305 -0.0453499109 0.0158716589 0.00299295248 -0.0453495421 0.0155878961 0.00249546696 -0.045351278 0.0158402696 0.00293792319 -0.0453497358 0.0158402696 0.00249546696 -0.045351278 0.0158402696 0.00293792319 -0.0453497358 0.0158470776 0.00294985669 -0.0453496948 0.0158402696 0.00249546696 -0.045351278 0.0158402696 0.00249546696 -0.045351278 0.0158470776 0.00294985669 -0.0453496948 0.0158470776 0.00249546696 -0.045351278 0.0158470776 0.00294985669 -0.0453496948 0.0158538837 0.00296178996 -0.0453496501 0.0158470776 0.00249546696 -0.045351278 0.0158470776 0.00249546696 -0.045351278 0.0158538837 0.00296178996 -0.0453496501 0.0158538837 0.00249546696 -0.045351278 0.0158538837 0.00296178996 -0.0453496501 0.0158606898 0.00297372323 -0.0453496091 0.0158538837 0.00249546696 -0.045351278 0.0158538837 0.00249546696 -0.045351278 0.0158606898 0.00297372323 -0.0453496091 0.0158606898 0.00249546696 -0.045351278 0.0158606898 0.00297372323 -0.0453496091 0.0158716589 0.00299295248 -0.0453495421 0.0158606898 0.00249546696 -0.045351278 0.0158606898 0.00249546696 -0.045351278 0.0158716589 0.00299295248 -0.0453495421 0.0161561966 0.00288629998 -0.0453499183 0.0158716589 0.00299295248 -0.0453495421 0.0167335384 0.00288932305 -0.0453499109 0.0161561966 0.00288629998 -0.0453499183 0.0158701427 0.00238479837 -0.0453516655 0.0161614325 0.00188631983 -0.0453534089 0.0158606898 0.00183761306 -0.0453535765 0.0161614325 0.00188631983 -0.0453534089 0.0167387743 0.00188934279 -0.0453534015 0.0158606898 0.00183761306 -0.0453535765 0.0158606898 0.00303780846 -0.0453493856 0.0161546245 0.00318629411 -0.0453488715 0.0170391072 0.0030378087 -0.0453493968 0.0161546245 0.00318629411 -0.0453488715 0.0167319681 0.00318931718 -0.045348864 0.0170391072 0.0030378087 -0.0453493968 0.0170391072 0.0030378087 -0.0453493968 0.0167319681 0.00318931718 -0.045348864 0.0173029955 0.00350045087 -0.0453477837 0.0167319681 0.00318931718 -0.045348864 0.0170180202 0.00369081856 -0.0453471169 0.0173029955 0.00350045087 -0.0453477837 0.0173029955 0.00350045087 -0.0453477837 0.0170180202 0.00369081856 -0.0453471169 0.0178803373 0.00350347394 -0.04534778 0.0170180202 0.00369081856 -0.0453471169 0.0181909166 0.00364695559 -0.0453472808 0.0178803373 0.00350347394 -0.04534778 0.0178803373 0.00350347394 -0.04534778 0.0181909166 0.00364695559 -0.0453472808 0.0181716271 0.00300499517 -0.0453495234 0.0181909166 0.00364695559 -0.0453472808 0.0181941055 0.0030378087 -0.0453494079 0.0181716271 0.00300499517 -0.0453495234 0.0181716271 0.00300499517 -0.0453495234 0.0181941055 0.0030378087 -0.0453494079 0.018196946 0.00249546696 -0.0453513004 0.0158538837 0.00433778297 -0.0453448482 0.0158565287 0.00498474715 -0.0453425907 0.0158606898 0.00433778297 -0.0453448482 0.0158565287 0.00498474715 -0.0453425907 0.0161478184 0.00448626839 -0.0453443341 0.0158606898 0.00433778297 -0.0453448482 0.0158606898 0.00433778297 -0.0453448482 0.0161478184 0.00448626839 -0.0453443341 0.0170323011 0.00433778297 -0.0453448594 0.0161478184 0.00448626839 -0.0453443341 0.0167251602 0.00448929146 -0.0453443266 0.0170323011 0.00433778297 -0.0453448594 0.0170323011 0.00433778297 -0.0453448594 0.0167251602 0.00448929146 -0.0453443266 0.0172961894 0.00480042538 -0.0453432463 0.0167251602 0.00448929146 -0.0453443266 0.017011214 0.00499079283 -0.0453425795 0.0172961894 0.00480042538 -0.0453432463 0.0172961894 0.00480042538 -0.0453432463 0.017011214 0.00499079283 -0.0453425795 0.0178735312 0.00480344798 -0.0453432426 0.017011214 0.00499079283 -0.0453425795 0.0181833319 0.00509541528 -0.0453422256 0.0178735312 0.00480344798 -0.0453432426 0.0178735312 0.00480344798 -0.0453432426 0.0181833319 0.00509541528 -0.0453422256 0.018164821 0.00430496968 -0.0453449823 0.0181833319 0.00509541528 -0.0453422256 0.0181872994 0.00433778297 -0.0453448705 0.018164821 0.00430496968 -0.0453449823 0.018164821 0.00430496968 -0.0453449823 0.0181872994 0.00433778297 -0.0453448705 0.018190138 0.00379544124 -0.045346763 0.0178667251 0.00610342249 -0.0453387052 0.0172893833 0.00610039942 -0.0453387089 0.0170044079 0.00629076734 -0.0453380421 0.0181773026 0.00624690438 -0.045338206 0.0181804933 0.00563775701 -0.0453403331 0.0181580149 0.00560494373 -0.0453404449 0.0181804933 0.00563775701 -0.0453403331 0.0181833319 0.00509541528 -0.0453422256 0.0181580149 0.00560494373 -0.0453404449 0.0181580149 0.00560494373 -0.0453404449 0.0181833319 0.00509541528 -0.0453422256 0.017871961 0.00510344235 -0.0453421958 0.0181833319 0.00509541528 -0.0453422256 0.017011214 0.00499079283 -0.0453425795 0.017871961 0.00510344235 -0.0453421958 0.017871961 0.00510344235 -0.0453421958 0.017011214 0.00499079283 -0.0453425795 0.0172946192 0.00510041928 -0.0453421995 0.0170044079 0.00629076734 -0.0453380421 0.0172893833 0.00610039942 -0.0453387089 0.0167183541 0.0057892655 -0.0453397892 0.0172893833 0.00610039942 -0.0453387089 0.0170033295 0.00559889758 -0.0453404561 0.0167183541 0.0057892655 -0.0453397892 0.0167183541 0.0057892655 -0.0453397892 0.0170033295 0.00559889758 -0.0453404561 0.0161410123 0.00578624289 -0.0453397967 0.0170033295 0.00559889758 -0.0453404561 0.0158606898 0.00563775701 -0.0453403108 0.0161410123 0.00578624289 -0.0453397967 0.0161410123 0.00578624289 -0.0453397967 0.0158606898 0.00563775701 -0.0453403108 0.015871821 0.00624690391 -0.0453381836 0.0158497225 0.0062847212 -0.0453380533 0.0158538837 0.00627759984 -0.0453380756 0.0158538837 0.00624690391 -0.0453381836 0.0158538837 0.00627759984 -0.0453380756 0.0158606898 0.00626595179 -0.0453381166 0.0158538837 0.00624690391 -0.0453381836 0.0158538837 0.00624690391 -0.0453381836 0.0158606898 0.00626595179 -0.0453381166 0.0158606898 0.00624690391 -0.0453381836 0.0159128476 0.00639538979 -0.0453376658 0.0158606898 0.00630395021 -0.0453379862 0.0158606898 0.00639538979 -0.0453376658 0.0158606898 0.00630395021 -0.0453379862 0.0158538837 0.00629201718 -0.0453380272 0.0158606898 0.00639538979 -0.0453376658 0.0181580149 0.00560494373 -0.0453404449 0.0178667251 0.00610342249 -0.0453387052 0.0181773026 0.00624690438 -0.045338206 0.0178667251 0.00610342249 -0.0453387052 0.0170044079 0.00629076734 -0.0453380421 0.0181773026 0.00624690438 -0.045338206 0.0181773026 0.00624690438 -0.045338206 0.0170044079 0.00629076734 -0.0453380421 0.0181765258 0.00639538979 -0.0453376882 0.0170044079 0.00629076734 -0.0453380421 0.0178651549 0.0064034164 -0.0453376547 0.0181765258 0.00639538979 -0.0453376882 0.0181765258 0.00639538979 -0.0453376882 0.0178651549 0.0064034164 -0.0453376547 0.0181512069 0.00690491823 -0.0453359075 0.0159128476 0.00639538979 -0.0453376658 0.0158606898 0.00639538979 -0.0453376658 0.0161357764 0.00678622304 -0.0453363061 0.0158606898 0.00639538979 -0.0453376658 0.0158606898 0.00693773152 -0.0453357734 0.0161357764 0.00678622304 -0.0453363061 0.0161357764 0.00678622304 -0.0453363061 0.0158606898 0.00693773152 -0.0453357734 0.0167131182 0.00678924564 -0.0453362986 0.0158606898 0.00693773152 -0.0453357734 0.0169965234 0.00689887209 -0.0453359187 0.0167131182 0.00678924564 -0.0453362986 0.0167131182 0.00678924564 -0.0453362986 0.0169965234 0.00689887209 -0.0453359187 0.0170044079 0.00629076734 -0.0453380421 0.0169965234 0.00689887209 -0.0453359187 0.0172878113 0.00640039332 -0.0453376621 0.0170044079 0.00629076734 -0.0453380421 0.0170044079 0.00629076734 -0.0453380421 0.0172878113 0.00640039332 -0.0453376621 0.0178651549 0.0064034164 -0.0453376547 0.0158606898 0.00754687842 -0.0453336462 0.0158650149 0.00754687842 -0.0453336462 0.0158606898 0.00693773152 -0.0453357734 0.0158650149 0.00754687842 -0.0453336462 0.0161342043 0.00708621694 -0.0453352556 0.0158606898 0.00693773152 -0.0453357734 0.0158606898 0.00693773152 -0.0453357734 0.0161342043 0.00708621694 -0.0453352556 0.0169965234 0.00689887209 -0.0453359187 0.0161342043 0.00708621694 -0.0453352556 0.016711548 0.00708924001 -0.0453352518 0.0169965234 0.00689887209 -0.0453359187 0.0169965234 0.00689887209 -0.0453359187 0.016711548 0.00708924001 -0.0453352518 0.0172825754 0.00740037346 -0.0453341715 0.016711548 0.00708924001 -0.0453352518 0.0169976 0.00759074138 -0.0453335047 0.0172825754 0.00740037346 -0.0453341715 0.0172825754 0.00740037346 -0.0453341715 0.0169976 0.00759074138 -0.0453335047 0.017859919 0.00740339654 -0.0453341641 0.0169976 0.00759074138 -0.0453335047 0.0181704964 0.00754687842 -0.0453336686 0.017859919 0.00740339654 -0.0453341641 0.017859919 0.00740339654 -0.0453341641 0.0181704964 0.00754687842 -0.0453336686 0.0181512069 0.00690491823 -0.0453359075 0.0181704964 0.00754687842 -0.0453336686 0.0181736853 0.00693773152 -0.0453357957 0.0181512069 0.00690491823 -0.0453359075 0.0181512069 0.00690491823 -0.0453359075 0.0181736853 0.00693773152 -0.0453357957 0.0181765258 0.00639538979 -0.0453376882 0.0158429164 0.0075846957 -0.0453335159 0.0158470776 0.00757757388 -0.0453335382 0.0158470776 0.00754687842 -0.0453336462 0.0158470776 0.00757757388 -0.0453335382 0.0158538837 0.00756592583 -0.0453335792 0.0158470776 0.00754687842 -0.0453336462 0.0158470776 0.00754687842 -0.0453336462 0.0158538837 0.00756592583 -0.0453335792 0.0158538837 0.00754687842 -0.0453336462 0.0158538837 0.00756592583 -0.0453335792 0.0158606898 0.00755427778 -0.0453336202 0.0158538837 0.00754687842 -0.0453336462 0.0158538837 0.00769536383 -0.0453331284 0.0158538837 0.00760392472 -0.0453334488 0.0158470776 0.00759199122 -0.0453334898 0.0159060396 0.00769536383 -0.0453331284 0.0158606898 0.00769536383 -0.0453331284 0.0161289684 0.00808619708 -0.045331765 0.0169976 0.00759074138 -0.0453335047 0.0178583469 0.0077033909 -0.0453331172 0.0181697179 0.00769536383 -0.0453331508 0.0178583469 0.0077033909 -0.0453331172 0.0181444008 0.00820489228 -0.0453313701 0.0181697179 0.00769536383 -0.0453331508 0.0181697179 0.00769536383 -0.0453331508 0.0181444008 0.00820489228 -0.0453313701 0.0181636885 0.00884685293 -0.0453291312 0.0181444008 0.00820489228 -0.0453313701 0.017853111 0.00870337058 -0.0453296266 0.0181636885 0.00884685293 -0.0453291312 0.0181636885 0.00884685293 -0.0453291312 0.017853111 0.00870337058 -0.0453296266 0.0169907939 0.00889071543 -0.0453289673 0.017853111 0.00870337058 -0.0453296266 0.0172757693 0.00870034751 -0.0453296341 0.0169907939 0.00889071543 -0.0453289673 0.0169907939 0.00889071543 -0.0453289673 0.0172757693 0.00870034751 -0.0453296341 0.01670474 0.00838921405 -0.0453307144 0.0172757693 0.00870034751 -0.0453296341 0.0169897154 0.00819884613 -0.0453313813 0.01670474 0.00838921405 -0.0453307144 0.01670474 0.00838921405 -0.0453307144 0.0169897154 0.00819884613 -0.0453313813 0.0172810052 0.00770036783 -0.0453331247 0.0158606898 0.00769536383 -0.0453331284 0.0158606898 0.0088426033 -0.0453291237 0.0161289684 0.00808619708 -0.045331765 0.0158606898 0.0088426033 -0.0453291237 0.0161273982 0.00838619098 -0.0453307182 0.0161289684 0.00808619708 -0.045331765 0.0161289684 0.00808619708 -0.045331765 0.0161273982 0.00838619098 -0.0453307182 0.0167063121 0.00808922015 -0.0453317612 0.0161273982 0.00838619098 -0.0453307182 0.01670474 0.00838921405 -0.0453307144 0.0167063121 0.00808922015 -0.0453317612 0.0167063121 0.00808922015 -0.0453317612 0.01670474 0.00838921405 -0.0453307144 0.0169976 0.00759074138 -0.0453335047 0.01670474 0.00838921405 -0.0453307144 0.0172810052 0.00770036783 -0.0453331247 0.0169976 0.00759074138 -0.0453335047 0.0169976 0.00759074138 -0.0453335047 0.0172810052 0.00770036783 -0.0453331247 0.0178583469 0.0077033909 -0.0453331172 0.0158606898 0.00761585776 -0.0453334041 0.0158538837 0.00760392472 -0.0453334488 0.0158606898 0.00769536383 -0.0453331284 0.0158538837 0.00760392472 -0.0453334488 0.0158538837 0.00769536383 -0.0453331284 0.0158606898 0.00769536383 -0.0453331284 0.0158606898 0.00769536383 -0.0453331284 0.0158538837 0.00769536383 -0.0453331284 0.0158606898 0.0088426033 -0.0453291237 0.0158538837 0.00769536383 -0.0453331284 0.0158538837 0.00884685293 -0.0453291088 0.0158606898 0.0088426033 -0.0453291237 0.0158606898 0.0088426033 -0.0453291237 0.0158538837 0.00884685293 -0.0453291088 0.0158582069 0.00884685293 -0.0453291088 0.0158470776 0.00884685293 -0.0453291088 0.0158470776 0.00886590034 -0.0453290418 0.0158538837 0.00885425229 -0.0453290828 0.0158402696 0.00887754839 -0.0453290008 0.0158470776 0.00886590034 -0.0453290418 0.0158402696 0.00884685293 -0.0453291088 0.0158470776 0.00886590034 -0.0453290418 0.0158470776 0.00884685293 -0.0453291088 0.0158402696 0.00884685293 -0.0453291088 0.0158402696 0.00884685293 -0.0453291088 0.0158470776 0.00884685293 -0.0453291088 0.0158444326 0.00819284935 -0.0453313924 0.0158470776 0.00884685293 -0.0453291088 0.0158470776 0.00769536383 -0.0453331284 0.0158444326 0.00819284935 -0.0453313924 0.0158444326 0.00819284935 -0.0453313924 0.0158470776 0.00769536383 -0.0453331284 0.0158402696 0.00769536383 -0.0453331284 0.0158606898 0.00899533834 -0.045328591 0.0158538837 0.00891583227 -0.0453288667 0.0158538837 0.00899533834 -0.045328591 0.0158538837 0.00891583227 -0.0453288667 0.0158470776 0.00890389923 -0.0453289114 0.0158538837 0.00899533834 -0.045328591 0.0158538837 0.00899533834 -0.045328591 0.0158470776 0.00890389923 -0.0453289114 0.0158470776 0.00899533834 -0.045328591 0.0158470776 0.00890389923 -0.0453289114 0.0158402696 0.00889196526 -0.0453289524 0.0158470776 0.00899533834 -0.045328591 0.0161221623 0.00938617159 -0.0453272276 0.0158992335 0.00899533834 -0.045328591 0.0158606898 0.00899533834 -0.045328591 0.0158992335 0.00899533834 -0.045328591 0.0158606898 0.0089277653 -0.0453288257 0.0158606898 0.00899533834 -0.045328591 0.0158606898 0.00899533834 -0.045328591 0.0158606898 0.0089277653 -0.0453288257 0.0158538837 0.00891583227 -0.0453288667 0.0169907939 0.00889071543 -0.0453289673 0.0166995041 0.00938919466 -0.0453272238 0.0169829093 0.00949882064 -0.0453268439 0.0169829093 0.00949882064 -0.0453268439 0.0166995041 0.00938919466 -0.0453272238 0.0158606898 0.00953768007 -0.0453266986 0.0169829093 0.00949882064 -0.0453268439 0.0172741991 0.00900034234 -0.0453285873 0.0169907939 0.00889071543 -0.0453289673 0.0172741991 0.00900034234 -0.0453285873 0.0178515408 0.00900336541 -0.0453285798 0.0169907939 0.00889071543 -0.0453289673 0.0169907939 0.00889071543 -0.0453289673 0.0178515408 0.00900336541 -0.0453285798 0.0181629118 0.00899533834 -0.0453286134 0.0178515408 0.00900336541 -0.0453285798 0.0181375947 0.00950486679 -0.0453268327 0.0181629118 0.00899533834 -0.0453286134 0.0181629118 0.00899533834 -0.0453286134 0.0181375947 0.00950486679 -0.0453268327 0.0181600731 0.00953768007 -0.0453267172 0.0158470776 0.0101468265 -0.0453245714 0.0158514008 0.0101468265 -0.0453245714 0.0158538837 0.0101425778 -0.0453245863 0.0181600731 0.00953768007 -0.0453267172 0.0181375947 0.00950486679 -0.0453268327 0.0181568824 0.0101468274 -0.0453245938 0.0181375947 0.00950486679 -0.0453268327 0.0178463049 0.0100033451 -0.0453250892 0.0181568824 0.0101468274 -0.0453245938 0.0181568824 0.0101468274 -0.0453245938 0.0178463049 0.0100033451 -0.0453250892 0.0169839878 0.0101906899 -0.0453244299 0.0178463049 0.0100033451 -0.0453250892 0.0172689632 0.010000322 -0.0453250967 0.0169839878 0.0101906899 -0.0453244299 0.0169839878 0.0101906899 -0.0453244299 0.0172689632 0.010000322 -0.0453250967 0.0166979339 0.00968918856 -0.045326177 0.0172689632 0.010000322 -0.0453250967 0.0169829093 0.00949882064 -0.0453268439 0.0166979339 0.00968918856 -0.045326177 0.0166979339 0.00968918856 -0.045326177 0.0169829093 0.00949882064 -0.0453268439 0.0161205921 0.00968616549 -0.0453261808 0.0169829093 0.00949882064 -0.0453268439 0.0158606898 0.00953768007 -0.0453266986 0.0161205921 0.00968616549 -0.0453261808 0.0161205921 0.00968616549 -0.0453261808 0.0158606898 0.00953768007 -0.0453266986 0.0158606898 0.0101309298 -0.0453246273 0.0158606898 0.00953768007 -0.0453266986 0.0158538837 0.00953768007 -0.0453266986 0.0158606898 0.0101309298 -0.0453246273 0.0158606898 0.0101309298 -0.0453246273 0.0158538837 0.00953768007 -0.0453266986 0.0158538837 0.0101425778 -0.0453245863 0.0158538837 0.00953768007 -0.0453266986 0.0158470776 0.00953768007 -0.0453266986 0.0158538837 0.0101425778 -0.0453245863 0.0158538837 0.0101425778 -0.0453245863 0.0158470776 0.00953768007 -0.0453266986 0.0158470776 0.0101468265 -0.0453245714 0.0153814871 0.0101468265 -0.0453245677 0.0158293024 0.0101846438 -0.0453244373 0.0158402696 0.0101468265 -0.0453245714 0.0158293024 0.0101846438 -0.0453244373 0.0158402696 0.0101658748 -0.0453245044 0.0158402696 0.0101468265 -0.0453245714 0.0158402696 0.0101468265 -0.0453245714 0.0158402696 0.0101658748 -0.0453245044 0.0158470776 0.0101542259 -0.0453245454 0.0158606898 0.0102953129 -0.0453240536 0.0158538837 0.0102277398 -0.0453242883 0.0158538837 0.0102953129 -0.0453240536 0.0158538837 0.0102277398 -0.0453242883 0.0158470776 0.0102158068 -0.0453243293 0.0158538837 0.0102953129 -0.0453240536 0.0158538837 0.0102953129 -0.0453240536 0.0158470776 0.0102158068 -0.0453243293 0.0158470776 0.0102953129 -0.0453240536 0.0158470776 0.0102158068 -0.0453243293 0.0158402696 0.0102038728 -0.0453243703 0.0158470776 0.0102953129 -0.0453240536 0.0161153562 0.0106861452 -0.0453226902 0.0158924274 0.0102953129 -0.0453240536 0.0158606898 0.0102953129 -0.0453240536 0.0158924274 0.0102953129 -0.0453240536 0.0158606898 0.0102396728 -0.0453242473 0.0158606898 0.0102953129 -0.0453240536 0.0158606898 0.0102953129 -0.0453240536 0.0158606898 0.0102396728 -0.0453242473 0.0158538837 0.0102277398 -0.0453242883 0.0169839878 0.0101906899 -0.0453244299 0.016692698 0.0106891682 -0.0453226864 0.0169761032 0.0107987951 -0.0453223065 0.0169761032 0.0107987951 -0.0453223065 0.016692698 0.0106891682 -0.0453226864 0.0158606898 0.0108376546 -0.0453221612 0.0169761032 0.0107987951 -0.0453223065 0.0172673911 0.0103003159 -0.0453240499 0.0169839878 0.0101906899 -0.0453244299 0.0172673911 0.0103003159 -0.0453240499 0.0178447347 0.010303339 -0.0453240424 0.0169839878 0.0101906899 -0.0453244299 0.0169839878 0.0101906899 -0.0453244299 0.0178447347 0.010303339 -0.0453240424 0.0181561057 0.0102953129 -0.0453240722 0.0178447347 0.010303339 -0.0453240424 0.0181307867 0.0108048404 -0.0453222953 0.0181561057 0.0102953129 -0.0453240722 0.0158470776 0.0108376546 -0.0453221612 0.0158538837 0.0114309043 -0.0453200899 0.0158538837 0.0108376546 -0.0453221612 0.0158538837 0.0114309043 -0.0453200899 0.0158606898 0.0114192562 -0.0453201309 0.0158538837 0.0108376546 -0.0453221612 0.0158538837 0.0108376546 -0.0453221612 0.0158606898 0.0114192562 -0.0453201309 0.0158606898 0.0108376546 -0.0453221612 0.0158606898 0.0114192562 -0.0453201309 0.0161137842 0.01098614 -0.0453216434 0.0158606898 0.0108376546 -0.0453221612 0.0158606898 0.0108376546 -0.0453221612 0.0161137842 0.01098614 -0.0453216434 0.0169761032 0.0107987951 -0.0453223065 0.0161137842 0.01098614 -0.0453216434 0.0166911278 0.0109891631 -0.0453216396 0.0169761032 0.0107987951 -0.0453223065 0.0169761032 0.0107987951 -0.0453223065 0.0166911278 0.0109891631 -0.0453216396 0.0172621552 0.0113002965 -0.0453205593 0.0166911278 0.0109891631 -0.0453216396 0.0169771798 0.0114906644 -0.0453198925 0.0172621552 0.0113002965 -0.0453205593 0.0172621552 0.0113002965 -0.0453205593 0.0169771798 0.0114906644 -0.0453198925 0.0178394988 0.0113033196 -0.0453205518 0.0169771798 0.0114906644 -0.0453198925 0.0181500763 0.011446801 -0.0453200527 0.0178394988 0.0113033196 -0.0453205518 0.0178394988 0.0113033196 -0.0453205518 0.0181500763 0.011446801 -0.0453200527 0.0181307867 0.0108048404 -0.0453222953 0.0181500763 0.011446801 -0.0453200527 0.0181532651 0.0108376546 -0.0453221798 0.0181307867 0.0108048404 -0.0453222953 0.0181307867 0.0108048404 -0.0453222953 0.0181532651 0.0108376546 -0.0453221798 0.0181561057 0.0102953129 -0.0453240722 0.0158224963 0.0114846183 -0.0453198999 0.0158402696 0.0114542004 -0.045320008 0.0158402696 0.011446801 -0.045320034 0.0158402696 0.0114542004 -0.045320008 0.0158445947 0.011446801 -0.045320034 0.0158402696 0.011446801 -0.045320034 0.0158402696 0.011446801 -0.045320034 0.0158445947 0.011446801 -0.045320034 0.0158470776 0.0114425523 -0.0453200489 0.0153508568 0.0112902885 -0.0453205742 0.0153814871 0.011446801 -0.0453200303 0.0155395279 0.0112912767 -0.0453205742 0.0153814871 0.011446801 -0.0453200303 0.0158402696 0.011446801 -0.045320034 0.0155395279 0.0112912767 -0.0453205742 0.0155395279 0.0112912767 -0.0453205742 0.0158402696 0.011446801 -0.045320034 0.0158402696 0.0108376546 -0.0453221612 0.0158402696 0.011446801 -0.045320034 0.0158470776 0.0114425523 -0.0453200489 0.0158402696 0.0108376546 -0.0453221612 0.0158856194 0.0115952864 -0.0453195162 0.0158606898 0.0115515804 -0.0453196689 0.0158606898 0.0115952864 -0.0453195162 0.0158606898 0.0115515804 -0.0453196689 0.0158538837 0.0115396474 -0.0453197099 0.0158606898 0.0115952864 -0.0453195162 0.0158606898 0.0115952864 -0.0453195162 0.0158538837 0.0115396474 -0.0453197099 0.0158538837 0.0115952864 -0.0453195162 0.0158538837 0.0115396474 -0.0453197099 0.0158470776 0.0115277143 -0.0453197509 0.0158538837 0.0115952864 -0.0453195162 0.0158538837 0.0115952864 -0.0453195162 0.0158470776 0.0115277143 -0.0453197509 0.0158470776 0.0115952864 -0.0453195162 0.0158470776 0.0115277143 -0.0453197509 0.0158402696 0.0115157804 -0.0453197919 0.0158470776 0.0115952864 -0.0453195162 0.0158606898 0.0121376282 -0.0453176238 0.0169692952 0.0120987687 -0.0453177691 0.0166858919 0.0119891427 -0.045318149 0.0166858919 0.0119891427 -0.045318149 0.0169692952 0.0120987687 -0.0453177691 0.0169771798 0.0114906644 -0.0453198925 0.0169692952 0.0120987687 -0.0453177691 0.017260585 0.0116002904 -0.0453195088 0.0169771798 0.0114906644 -0.0453198925 0.017260585 0.0116002904 -0.0453195088 0.0178379267 0.0116033135 -0.045319505 0.0169771798 0.0114906644 -0.0453198925 0.0169771798 0.0114906644 -0.0453198925 0.0178379267 0.0116033135 -0.045319505 0.0181492977 0.0115952864 -0.0453195348 0.0178379267 0.0116033135 -0.045319505 0.0181239806 0.0121048149 -0.0453177579 0.0181492977 0.0115952864 -0.0453195348 0.0158470776 0.0121376282 -0.0453176238 0.0158538837 0.0127192298 -0.0453155935 0.0158538837 0.0121376282 -0.0453176238 0.0158538837 0.0127192298 -0.0453155935 0.0158606898 0.0127075817 -0.0453156345 0.0158538837 0.0121376282 -0.0453176238 0.0158538837 0.0121376282 -0.0453176238 0.0158606898 0.0127075817 -0.0453156345 0.0158606898 0.0121376282 -0.0453176238 0.0158606898 0.0127075817 -0.0453156345 0.0161069781 0.0122861136 -0.0453171059 0.0158606898 0.0121376282 -0.0453176238 0.0158606898 0.0121376282 -0.0453176238 0.0161069781 0.0122861136 -0.0453171059 0.0169692952 0.0120987687 -0.0453177691 0.0161069781 0.0122861136 -0.0453171059 0.0166843198 0.0122891366 -0.0453171022 0.0169692952 0.0120987687 -0.0453177691 0.0169692952 0.0120987687 -0.0453177691 0.0166843198 0.0122891366 -0.0453171022 0.0172553491 0.012600271 -0.0453160182 0.0166843198 0.0122891366 -0.0453171022 0.0169703737 0.012790638 -0.0453153513 0.0172553491 0.012600271 -0.0453160182 0.0172553491 0.012600271 -0.0453160182 0.0169703737 0.012790638 -0.0453153513 0.0178326908 0.0126032941 -0.0453160144 0.0169703737 0.012790638 -0.0453153513 0.0181432683 0.0127467755 -0.0453155152 0.0178326908 0.0126032941 -0.0453160144 0.0178326908 0.0126032941 -0.0453160144 0.0181432683 0.0127467755 -0.0453155152 0.0181239806 0.0121048149 -0.0453177579 0.0181432683 0.0127467755 -0.0453155152 0.018146459 0.0121376282 -0.0453176424 0.0181239806 0.0121048149 -0.0453177579 0.0181239806 0.0121048149 -0.0453177579 0.018146459 0.0121376282 -0.0453176424 0.0181492977 0.0115952864 -0.0453195348 0.0158402696 0.0128276888 -0.0453152135 0.0158156883 0.0127845928 -0.0453153625 0.0153814871 0.0127467755 -0.0453154929 0.0158156883 0.0127845928 -0.0453153625 0.0158377867 0.0127467755 -0.0453154966 0.0153814871 0.0127467755 -0.0453154929 0.0153814871 0.0127467755 -0.0453154929 0.0158377867 0.0127467755 -0.0453154966 0.0155327218 0.0125912512 -0.0453160368 0.0158377867 0.0127467755 -0.0453154966 0.0158402696 0.0127425268 -0.0453155115 0.0155327218 0.0125912512 -0.0453160368 0.0155327218 0.0125912512 -0.0453160368 0.0158402696 0.0127425268 -0.0453155115 0.0158402696 0.0121376282 -0.0453176238 0.0158402696 0.0127425268 -0.0453155115 0.0158470776 0.0127308778 -0.0453155525 0.0158402696 0.0121376282 -0.0453176238 0.0158788133 0.0128952609 -0.0453149788 0.0158606898 0.0128634889 -0.0453150868 0.0158606898 0.0128952609 -0.0453149788 0.0158606898 0.0128634889 -0.0453150868 0.0158538837 0.0128515549 -0.0453151315 0.0158606898 0.0128952609 -0.0453149788 0.0158606898 0.0128952609 -0.0453149788 0.0158538837 0.0128515549 -0.0453151315 0.0158538837 0.0128952609 -0.0453149788 0.0158538837 0.0128515549 -0.0453151315 0.0158470776 0.0128396219 -0.0453151725 0.0158538837 0.0128952609 -0.0453149788 0.0158538837 0.0128952609 -0.0453149788 0.0158470776 0.0128396219 -0.0453151725 0.0158470776 0.0128952609 -0.0453149788 0.0158470776 0.0128396219 -0.0453151725 0.0158402696 0.0128276888 -0.0453152135 0.0158470776 0.0128952609 -0.0453149788 0.0158470776 0.0128952609 -0.0453149788 0.0158402696 0.0128276888 -0.0453152135 0.0158402696 0.0128952609 -0.0453149788 0.0158402696 0.0128276888 -0.0453152135 0.0155311516 0.0128912451 -0.04531499 0.0158402696 0.0128952609 -0.0453149788 0.0158402696 0.0128952609 -0.0453149788 0.0155311516 0.0128912451 -0.04531499 0.0158172045 0.0133927464 -0.0453132391 0.0169624891 0.0133987432 -0.0453132316 0.0166775137 0.0135891112 -0.0453125648 0.017248543 0.0139002446 -0.0453114808 0.0166775137 0.0135891112 -0.0453125648 0.0169635676 0.0140906125 -0.0453108139 0.017248543 0.0139002446 -0.0453114808 0.017248543 0.0139002446 -0.0453114808 0.0169635676 0.0140906125 -0.0453108139 0.0178258847 0.0139032677 -0.045311477 0.0169635676 0.0140906125 -0.0453108139 0.0181364622 0.01404675 -0.0453109778 0.0178258847 0.0139032677 -0.045311477 0.0178258847 0.0139032677 -0.045311477 0.0181364622 0.01404675 -0.0453109778 0.0181171745 0.0134047894 -0.0453132205 0.0181364622 0.01404675 -0.0453109778 0.0181424916 0.0128952609 -0.0453149974 0.0181171745 0.0134047894 -0.0453132205 0.0181171745 0.0134047894 -0.0453132205 0.0181424916 0.0128952609 -0.0453149974 0.0178311206 0.012903288 -0.0453149676 0.0181424916 0.0128952609 -0.0453149974 0.0169703737 0.012790638 -0.0453153513 0.0178311206 0.012903288 -0.0453149676 0.0178311206 0.012903288 -0.0453149676 0.0169703737 0.012790638 -0.0453153513 0.0172537789 0.0129002649 -0.0453149714 0.0172537789 0.0129002649 -0.0453149714 0.0169703737 0.012790638 -0.0453153513 0.0166775137 0.0135891112 -0.0453125648 0.0169703737 0.012790638 -0.0453153513 0.0166790839 0.0132891173 -0.0453136116 0.0166775137 0.0135891112 -0.0453125648 0.0166775137 0.0135891112 -0.0453125648 0.0166790839 0.0132891173 -0.0453136116 0.016100172 0.0135860881 -0.0453125685 0.0166790839 0.0132891173 -0.0453136116 0.0161017422 0.0132860942 -0.0453136154 0.016100172 0.0135860881 -0.0453125685 0.016100172 0.0135860881 -0.0453125685 0.0161017422 0.0132860942 -0.0453136154 0.0158606898 0.0139959082 -0.0453111343 0.0158172045 0.0133927464 -0.0453132391 0.0158402696 0.0140308524 -0.0453110151 0.0158402696 0.0128952609 -0.0453149788 0.0158402696 0.0140308524 -0.0453110151 0.0158470776 0.0140192043 -0.0453110524 0.0158402696 0.0128952609 -0.0453149788 0.0158402696 0.0128952609 -0.0453149788 0.0158470776 0.0140192043 -0.0453110524 0.0158470776 0.0128952609 -0.0453149788 0.0158470776 0.0140192043 -0.0453110524 0.0158538837 0.0140075563 -0.0453110933 0.0158470776 0.0128952609 -0.0453149788 0.0158470776 0.0128952609 -0.0453149788 0.0158538837 0.0140075563 -0.0453110933 0.0158538837 0.0128952609 -0.0453149788 0.0158538837 0.0140075563 -0.0453110933 0.0158606898 0.0139959082 -0.0453111343 0.0158538837 0.0128952609 -0.0453149788 0.0158538837 0.0128952609 -0.0453149788 0.0158606898 0.0139959082 -0.0453111343 0.0158606898 0.0128952609 -0.0453149788 0.0158606898 0.0139959082 -0.0453111343 0.0161017422 0.0132860942 -0.0453136154 0.0158606898 0.0128952609 -0.0453149788 0.0158606898 0.0128952609 -0.0453149788 0.0161017422 0.0132860942 -0.0453136154 0.0158788133 0.0128952609 -0.0453149788 0.0158172045 0.0133927464 -0.0453132391 0.0155259147 0.0138912257 -0.0453114994 0.0158309806 0.01404675 -0.0453109592 0.0155259147 0.0138912257 -0.0453114994 0.0153814871 0.01404675 -0.0453109555 0.0158309806 0.01404675 -0.0453109592 0.0158309806 0.01404675 -0.0453109592 0.0153814871 0.01404675 -0.0453109555 0.0158088822 0.0140845664 -0.0453108251 0.0153814871 0.01404675 -0.0453109555 0.0158402696 0.0141395964 -0.0453106351 0.0158088822 0.0140845664 -0.0453108251 0.017241735 0.0152002191 -0.0453069434 0.0158606898 0.0154929906 -0.0453059115 0.0181288272 0.0155048659 -0.0453058891 0.0169635676 0.0140906125 -0.0453108139 0.0166722778 0.0145890918 -0.0453090742 0.016955683 0.0146987177 -0.0453086905 0.0160949361 0.0145860687 -0.0453090779 0.0158606898 0.0154929906 -0.0453059115 0.0166722778 0.0145890918 -0.0453090742 0.0158606898 0.0154929906 -0.0453059115 0.017241735 0.0152002191 -0.0453069434 0.0166722778 0.0145890918 -0.0453090742 0.0166722778 0.0145890918 -0.0453090742 0.017241735 0.0152002191 -0.0453069434 0.016955683 0.0146987177 -0.0453086905 0.016955683 0.0146987177 -0.0453086905 0.0172469709 0.0142002394 -0.045310434 0.0169635676 0.0140906125 -0.0453108139 0.0172469709 0.0142002394 -0.045310434 0.0178243145 0.0142032616 -0.0453104302 0.0169635676 0.0140906125 -0.0453108139 0.0169635676 0.0140906125 -0.0453108139 0.0178243145 0.0142032616 -0.0453104302 0.0181356855 0.0141952354 -0.04531046 0.0178243145 0.0142032616 -0.0453104302 0.0181103665 0.0147047639 -0.0453086831 0.0181356855 0.0141952354 -0.04531046 0.0181356855 0.0141952354 -0.04531046 0.0181103665 0.0147047639 -0.0453086831 0.0181288272 0.0155048659 -0.0453058891 0.0181103665 0.0147047639 -0.0453086831 0.0178190786 0.0152032422 -0.0453069396 0.0181288272 0.0155048659 -0.0453058891 0.0181288272 0.0155048659 -0.0453058891 0.0178190786 0.0152032422 -0.0453069396 0.017241735 0.0152002191 -0.0453069434 0.0153356725 0.0141902314 -0.0453104526 0.0153474538 0.0141902929 -0.0453104526 0.0153474538 0.01404675 -0.0453109518 0.0153474538 0.0141902929 -0.0453104526 0.01537468 0.0141904354 -0.0453104526 0.0153474538 0.01404675 -0.0453109518 0.0153474538 0.01404675 -0.0453109518 0.01537468 0.0141904354 -0.0453104526 0.01537468 0.01404675 -0.0453109555 0.01537468 0.0141904354 -0.0453104526 0.0153814871 0.0141904717 -0.0453104526 0.01537468 0.01404675 -0.0453109555 0.01537468 0.01404675 -0.0453109555 0.0153814871 0.0141904717 -0.0453104526 0.0153814871 0.01404675 -0.0453109555 0.0153814871 0.0141904717 -0.0453104526 0.0155243455 0.0141912196 -0.0453104526 0.0153814871 0.01404675 -0.0453109555 0.0153814871 0.01404675 -0.0453109555 0.0155243455 0.0141912196 -0.0453104526 0.0158402696 0.0141395964 -0.0453106351 0.0155259147 0.0138912257 -0.0453114994 0.0153814871 0.0138904694 -0.0453114994 0.0153814871 0.01404675 -0.0453109555 0.0153814871 0.0138904694 -0.0453114994 0.01537468 0.0138904331 -0.0453114994 0.0153814871 0.01404675 -0.0453109555 0.0153814871 0.01404675 -0.0453109555 0.01537468 0.0138904331 -0.0453114994 0.01537468 0.01404675 -0.0453109555 0.01537468 0.0138904331 -0.0453114994 0.0153474538 0.0138902906 -0.0453114994 0.01537468 0.01404675 -0.0453109555 0.01537468 0.01404675 -0.0453109555 0.0153474538 0.0138902906 -0.0453114994 0.0153474538 0.01404675 -0.0453109518 0.0153474538 0.0138902906 -0.0453114994 0.0153338397 0.01404675 -0.0453109518 0.0153474538 0.01404675 -0.0453109518 0.0153474538 0.01404675 -0.0453109518 0.0153338397 0.01404675 -0.0453109518 0.0153356725 0.0141902314 -0.0453104526 0.0153338397 0.01404675 -0.0453109518 0.0153338397 0.0141952354 -0.045310434 0.0153356725 0.0141902314 -0.0453104526 0.0153356725 0.0141902314 -0.0453104526 0.0153338397 0.0141952354 -0.045310434 0.0153304366 0.0151902121 -0.045306962 0.0153338397 0.0151902298 -0.045306962 0.0153304366 0.0151902121 -0.045306962 0.0150288716 0.0154886348 -0.0453059189 0.0150288716 0.0154886348 -0.0453059189 0.0153304366 0.0151902121 -0.045306962 0.0150356432 0.0141952354 -0.045310434 0.0150288716 0.0154886348 -0.0453059189 0.0153338397 0.015490232 -0.0453059152 0.0153338397 0.0151902298 -0.045306962 0.0153338397 0.015490232 -0.0453059152 0.0153474538 0.0154903028 -0.0453059152 0.0153338397 0.0151902298 -0.045306962 0.0153338397 0.0151902298 -0.045306962 0.0153474538 0.0154903028 -0.0453059152 0.0153474538 0.0151903005 -0.045306962 0.0153474538 0.0154903028 -0.0453059152 0.01537468 0.0154904453 -0.0453059152 0.0153474538 0.0151903005 -0.045306962 0.0153474538 0.0151903005 -0.045306962 0.01537468 0.0154904453 -0.0453059152 0.01537468 0.015190443 -0.045306962 0.01537468 0.0154904453 -0.0453059152 0.0153814871 0.0154904807 -0.0453059152 0.01537468 0.015190443 -0.045306962 0.01537468 0.015190443 -0.045306962 0.0153814871 0.0154904807 -0.0453059152 0.0153814871 0.0151904793 -0.045306962 0.0158720072 0.0141952354 -0.0453104414 0.0158606898 0.0141753964 -0.0453105085 0.0158606898 0.0141952354 -0.0453104414 0.0158606898 0.0141753964 -0.0453105085 0.0158538837 0.0141634624 -0.0453105494 0.0158606898 0.0141952354 -0.0453104414 0.0158606898 0.0141952354 -0.0453104414 0.0158538837 0.0141634624 -0.0453105494 0.0158538837 0.0141952354 -0.0453104414 0.0158538837 0.0141634624 -0.0453105494 0.0158470776 0.0141515294 -0.0453105904 0.0158538837 0.0141952354 -0.0453104414 0.0158538837 0.0141952354 -0.0453104414 0.0158470776 0.0141515294 -0.0453105904 0.0158470776 0.0141952354 -0.0453104414 0.0158470776 0.0141515294 -0.0453105904 0.0158402696 0.0141395964 -0.0453106351 0.0158470776 0.0141952354 -0.0453104414 0.0158470776 0.0141952354 -0.0453104414 0.0158402696 0.0141395964 -0.0453106351 0.0158402696 0.0141952354 -0.0453104414 0.0158402696 0.0141395964 -0.0453106351 0.0155243455 0.0141912196 -0.0453104526 0.0158402696 0.0141952354 -0.0453104414 0.0158402696 0.0141952354 -0.0453104414 0.0155243455 0.0141912196 -0.0453104526 0.0158103984 0.014692721 -0.0453087017 0.0153814871 0.0151904793 -0.045306962 0.0153814871 0.0154904807 -0.0453059152 0.0155191077 0.0151911993 -0.0453069583 0.0153814871 0.0154904807 -0.0453059152 0.0158402696 0.0154928835 -0.0453059115 0.0155191077 0.0151911993 -0.0453069583 0.0155191077 0.0151911993 -0.0453069583 0.0158402696 0.0154928835 -0.0453059115 0.0158103984 0.014692721 -0.0453087017 0.0173082314 0.00250047073 -0.0453512743 0.0178855751 0.00250349357 -0.0453512706 0.0170248281 0.00239084451 -0.0453516543 0.0178855751 0.00250349357 -0.0453512706 0.018196946 0.00249546696 -0.0453513004 0.0170248281 0.00239084451 -0.0453516543 0.0170248281 0.00239084451 -0.0453516543 0.018196946 0.00249546696 -0.0453513004 0.0167387743 0.00188934279 -0.0453534015 0.018196946 0.00249546696 -0.0453513004 0.01820039 0.00183761318 -0.0453535952 0.0167387743 0.00188934279 -0.0453534015 0.0167387743 0.00188934279 -0.0453534015 0.01820039 0.00183761318 -0.0453535952 0.0158606898 0.00183761306 -0.0453535765 0.01820039 0.00183761318 -0.0453535952 0.0182005614 0.00180513761 -0.0453537107 0.0158606898 0.00183761306 -0.0453535765 0.0158103984 0.014692721 -0.0453087017 0.0158402696 0.0154928835 -0.0453059115 0.0158402696 0.0141952354 -0.0453104414 0.0158402696 0.0154928835 -0.0453059115 0.0158470776 0.0154929189 -0.0453059115 0.0158402696 0.0141952354 -0.0453104414 0.0158402696 0.0141952354 -0.0453104414 0.0158470776 0.0154929189 -0.0453059115 0.0158470776 0.0141952354 -0.0453104414 0.0158470776 0.0154929189 -0.0453059115 0.0158538837 0.0154929543 -0.0453059115 0.0158470776 0.0141952354 -0.0453104414 0.0158470776 0.0141952354 -0.0453104414 0.0158538837 0.0154929543 -0.0453059115 0.0158538837 0.0141952354 -0.0453104414 0.0158538837 0.0154929543 -0.0453059115 0.0158606898 0.0154929906 -0.0453059115 0.0158538837 0.0141952354 -0.0453104414 0.0158538837 0.0141952354 -0.0453104414 0.0158606898 0.0154929906 -0.0453059115 0.0158606898 0.0141952354 -0.0453104414 0.0158606898 0.0154929906 -0.0453059115 0.0160949361 0.0145860687 -0.0453090779 0.0158606898 0.0141952354 -0.0453104414 0.0158606898 0.0141952354 -0.0453104414 0.0160949361 0.0145860687 -0.0453090779 0.0158720072 0.0141952354 -0.0453104414 0.0153304366 0.0151902121 -0.045306962 0.0153338397 0.0141952354 -0.045310434 0.0150356432 0.0141952354 -0.045310434 0.0153338397 0.0141952354 -0.045310434 0.0153338397 0.01404675 -0.0453109518 0.0150356432 0.0141952354 -0.045310434 0.0150356432 0.0141952354 -0.045310434 0.0153338397 0.01404675 -0.0453109518 0.0150364209 0.01404675 -0.0453109518 0.0153338397 0.01404675 -0.0453109518 0.0153338397 0.0128952609 -0.0453149714 0.0150364209 0.01404675 -0.0453109518 0.0150364209 0.01404675 -0.0453109518 0.0153338397 0.0128952609 -0.0453149714 0.0150424503 0.0128952609 -0.0453149714 0.0153338397 0.0128952609 -0.0453149714 0.0153338397 0.0127467755 -0.0453154892 0.0150424503 0.0128952609 -0.0453149714 0.0150424503 0.0128952609 -0.0453149714 0.0153338397 0.0127467755 -0.0453154892 0.015043227 0.0127467755 -0.0453154892 0.0153338397 0.0127467755 -0.0453154892 0.0153338397 0.0121376282 -0.0453176163 0.015043227 0.0127467755 -0.0453154892 0.015043227 0.0127467755 -0.0453154892 0.0153338397 0.0121376282 -0.0453176163 0.0150464168 0.0121376282 -0.0453176163 0.0153338397 0.0121376282 -0.0453176163 0.0153338397 0.0115952864 -0.0453195088 0.0150464168 0.0121376282 -0.0453176163 0.0150464168 0.0121376282 -0.0453176163 0.0153338397 0.0115952864 -0.0453195088 0.0150492564 0.0115952864 -0.0453195088 0.0153338397 0.0115952864 -0.0453195088 0.0153338397 0.011446801 -0.0453200303 0.0150492564 0.0115952864 -0.0453195088 0.0150492564 0.0115952864 -0.0453195088 0.0153338397 0.011446801 -0.0453200303 0.015050034 0.011446801 -0.0453200266 0.0153338397 0.011446801 -0.0453200303 0.0153338397 0.0108376537 -0.0453221537 0.015050034 0.011446801 -0.0453200266 0.015050034 0.011446801 -0.0453200266 0.0153338397 0.0108376537 -0.0453221537 0.0150532238 0.0108376537 -0.0453221537 0.0153338397 0.0108376537 -0.0453221537 0.0153338397 0.0102953129 -0.0453240499 0.0150532238 0.0108376537 -0.0453221537 0.0150532238 0.0108376537 -0.0453221537 0.0153338397 0.0102953129 -0.0453240499 0.0150560634 0.0102953129 -0.0453240462 0.0153338397 0.0102953129 -0.0453240499 0.0153338397 0.0101468265 -0.0453245677 0.0150560634 0.0102953129 -0.0453240462 0.0150560634 0.0102953129 -0.0453240462 0.0153338397 0.0101468265 -0.0453245677 0.0150568411 0.0101468265 -0.045324564 0.0153338397 0.0101468265 -0.0453245677 0.0153338397 0.00953768007 -0.0453266911 0.0150568411 0.0101468265 -0.045324564 0.0150568411 0.0101468265 -0.045324564 0.0153338397 0.00953768007 -0.0453266911 0.0150600299 0.00953768007 -0.0453266911 0.0153338397 0.00953768007 -0.0453266911 0.0153338397 0.00899533834 -0.0453285873 0.0150600299 0.00953768007 -0.0453266911 0.0150600299 0.00953768007 -0.0453266911 0.0153338397 0.00899533834 -0.0453285873 0.0150628695 0.00899533834 -0.0453285836 0.0153338397 0.00899533834 -0.0453285873 0.0153338397 0.00884685293 -0.0453291051 0.0150628695 0.00899533834 -0.0453285836 0.0150628695 0.00899533834 -0.0453285836 0.0153338397 0.00884685293 -0.0453291051 0.0150636472 0.00884685293 -0.0453291014 0.0153338397 0.00884685293 -0.0453291051 0.0153338397 0.00769536383 -0.0453331247 0.0150636472 0.00884685293 -0.0453291014 0.0150636472 0.00884685293 -0.0453291014 0.0153338397 0.00769536383 -0.0453331247 0.0150696766 0.00769536383 -0.045333121 0.0153338397 0.00769536383 -0.0453331247 0.0153338397 0.00754687842 -0.0453336425 0.0150696766 0.00769536383 -0.045333121 0.0150696766 0.00769536383 -0.045333121 0.0153338397 0.00754687842 -0.0453336425 0.0150704542 0.00754687842 -0.0453336388 0.0153338397 0.00754687842 -0.0453336425 0.0153338397 0.00693773152 -0.0453357697 0.0150704542 0.00754687842 -0.0453336388 0.0150704542 0.00754687842 -0.0453336388 0.0153338397 0.00693773152 -0.0453357697 0.0150736431 0.00693773152 -0.0453357659 0.0153338397 0.00693773152 -0.0453357697 0.0153338397 0.00639538979 -0.0453376621 0.0150736431 0.00693773152 -0.0453357659 0.0150736431 0.00693773152 -0.0453357659 0.0153338397 0.00639538979 -0.0453376621 0.0150764827 0.00639538979 -0.0453376584 0.0153338397 0.00639538979 -0.0453376621 0.0153338397 0.00624690391 -0.0453381799 0.0150764827 0.00639538979 -0.0453376584 0.0150764827 0.00639538979 -0.0453376584 0.0153338397 0.00624690391 -0.0453381799 0.0150772603 0.00624690391 -0.0453381762 0.0153338397 0.00624690391 -0.0453381799 0.0153338397 0.00563775701 -0.0453403071 0.0150772603 0.00624690391 -0.0453381762 0.0150772603 0.00624690391 -0.0453381762 0.0153338397 0.00563775701 -0.0453403071 0.0150804501 0.00563775701 -0.0453403033 0.0153338397 0.00563775701 -0.0453403071 0.0153338397 0.00509541528 -0.0453421995 0.0150804501 0.00563775701 -0.0453403033 0.0150804501 0.00563775701 -0.0453403033 0.0153338397 0.00509541528 -0.0453421995 0.0150832897 0.00509541528 -0.0453421958 0.0153338397 0.00509541528 -0.0453421995 0.0153338397 0.00433778297 -0.0453448445 0.0150832897 0.00509541528 -0.0453421958 0.0150832897 0.00509541528 -0.0453421958 0.0153338397 0.00433778297 -0.0453448445 0.0150872562 0.00433778297 -0.0453448407 0.0153338397 0.00433778297 -0.0453448445 0.0153338397 0.00379544124 -0.0453467369 0.0150872562 0.00433778297 -0.0453448407 0.0150872562 0.00433778297 -0.0453448407 0.0153338397 0.00379544124 -0.0453467369 0.0150900958 0.00379544124 -0.0453467332 0.0153338397 0.00379544124 -0.0453467369 0.0153338397 0.00364695559 -0.0453472547 0.0150900958 0.00379544124 -0.0453467332 0.0150900958 0.00379544124 -0.0453467332 0.0153338397 0.00364695559 -0.0453472547 0.0150908735 0.00364695559 -0.045347251 0.0153338397 0.00364695559 -0.0453472547 0.0153338397 0.00303780846 -0.0453493819 0.0150908735 0.00364695559 -0.045347251 0.0150908735 0.00364695559 -0.045347251 0.0153338397 0.00303780846 -0.0453493819 0.0150940632 0.00303780846 -0.0453493781 0.0153338397 0.00303780846 -0.0453493819 0.0153338397 0.00249546696 -0.0453512743 0.0150940632 0.00303780846 -0.0453493781 0.0150940632 0.00303780846 -0.0453493781 0.0153338397 0.00249546696 -0.0453512743 0.0150969028 0.00249546696 -0.0453512706 0.0153338397 0.00249546696 -0.0453512743 0.0153338397 0.00183761306 -0.0453535691 0.0150969028 0.00249546696 -0.0453512706 0.0150969028 0.00249546696 -0.0453512706 0.0153338397 0.00183761306 -0.0453535691 0.0151003478 0.00183761306 -0.0453535691 0.0153474538 0.00183761306 -0.0453535691 0.0153474538 0.00179019873 -0.0453537367 0.0153338397 0.00179012748 -0.0453537367 0.01537468 0.00183761306 -0.0453535728 0.01537468 0.00179034134 -0.0453537367 0.0153474538 0.00179019873 -0.0453537367 0.0182005614 0.00180513761 -0.0453537107 0.0158606898 0.00179288606 -0.045353733 0.0158606898 0.00183761306 -0.0453535765 0.0158606898 0.00179288606 -0.045353733 0.0158538837 0.00179285044 -0.045353733 0.0158606898 0.00183761306 -0.0453535765 0.0158606898 0.00183761306 -0.0453535765 0.0158538837 0.00179285044 -0.045353733 0.0158538837 0.00183761306 -0.0453535765 0.0158538837 0.00179285044 -0.045353733 0.0158470776 0.00179281482 -0.045353733 0.0158538837 0.00183761306 -0.0453535765 0.0158538837 0.00183761306 -0.0453535765 0.0158470776 0.00179281482 -0.045353733 0.0158470776 0.00183761306 -0.0453535765 0.0158470776 0.00179281482 -0.045353733 0.0158402696 0.00179277908 -0.045353733 0.0158470776 0.00183761306 -0.0453535765 0.0158470776 0.00183761306 -0.0453535765 0.0158402696 0.00179277908 -0.045353733 0.0158402696 0.00183761306 -0.0453535765 0.0158402696 0.00179277908 -0.045353733 0.0153814871 0.00179037696 -0.0453537367 0.0158402696 0.00183761306 -0.0453535765 0.0158402696 0.00183761306 -0.0453535765 0.0153814871 0.00179037696 -0.0453537367 0.0153814871 0.00183761306 -0.0453535728 0.0153814871 0.00179037696 -0.0453537367 0.01537468 0.00179034134 -0.0453537367 0.0153814871 0.00183761306 -0.0453535728 0.0158538837 0.00624690391 -0.0453381836 0.0158470776 0.00624690391 -0.0453381836 0.0158497225 0.0062847212 -0.0453380533 0.0158470776 0.00624690391 -0.0453381836 0.0158470776 0.00639538979 -0.0453376658 0.0158497225 0.0062847212 -0.0453380533 0.0158497225 0.0062847212 -0.0453380533 0.0158470776 0.00639538979 -0.0453376658 0.0158538837 0.00629201718 -0.0453380272 0.0158470776 0.00639538979 -0.0453376658 0.0158538837 0.00639538979 -0.0453376658 0.0158538837 0.00629201718 -0.0453380272 0.0158538837 0.00629201718 -0.0453380272 0.0158538837 0.00639538979 -0.0453376658 0.0158606898 0.00639538979 -0.0453376658 0.0158538837 0.00639538979 -0.0453376658 0.0158538837 0.00693773152 -0.0453357734 0.0158606898 0.00639538979 -0.0453376658 0.0158606898 0.00639538979 -0.0453376658 0.0158538837 0.00693773152 -0.0453357734 0.0158606898 0.00693773152 -0.0453357734 0.0158538837 0.00693773152 -0.0453357734 0.0158538837 0.00754687842 -0.0453336462 0.0158606898 0.00693773152 -0.0453357734 0.0158606898 0.00693773152 -0.0453357734 0.0158538837 0.00754687842 -0.0453336462 0.0158606898 0.00754687842 -0.0453336462 0.0158538837 0.00754687842 -0.0453336462 0.0158606898 0.00755427778 -0.0453336202 0.0158606898 0.00754687842 -0.0453336462 0.0158606898 0.00754687842 -0.0453336462 0.0158606898 0.00755427778 -0.0453336202 0.0158650149 0.00754687842 -0.0453336462 0.0158633366 0.00368477264 -0.0453471281 0.0161546245 0.00318629411 -0.0453488715 0.0158606898 0.00364695559 -0.0453472584 0.0161546245 0.00318629411 -0.0453488715 0.0158606898 0.00303780846 -0.0453493856 0.0158606898 0.00364695559 -0.0453472584 0.0158606898 0.00364695559 -0.0453472584 0.0158606898 0.00303780846 -0.0453493856 0.0158538837 0.00364695559 -0.0453472584 0.0158606898 0.00303780846 -0.0453493856 0.0158538837 0.00303780846 -0.0453493856 0.0158538837 0.00364695559 -0.0453472584 0.0158538837 0.00364695559 -0.0453472584 0.0158538837 0.00303780846 -0.0453493856 0.0158470776 0.00364695559 -0.0453472584 0.0166858919 0.0119891427 -0.045318149 0.0161085483 0.0119861197 -0.0453181528 0.0158606898 0.0121376282 -0.0453176238 0.0161085483 0.0119861197 -0.0453181528 0.0158606898 0.0115952864 -0.0453195162 0.0158606898 0.0121376282 -0.0453176238 0.0158606898 0.0121376282 -0.0453176238 0.0158606898 0.0115952864 -0.0453195162 0.0158538837 0.0121376282 -0.0453176238 0.0158606898 0.0115952864 -0.0453195162 0.0158538837 0.0115952864 -0.0453195162 0.0158538837 0.0121376282 -0.0453176238 0.0158538837 0.0121376282 -0.0453176238 0.0158538837 0.0115952864 -0.0453195162 0.0158470776 0.0121376282 -0.0453176238 0.0158538837 0.0115952864 -0.0453195162 0.0158470776 0.0115952864 -0.0453195162 0.0158470776 0.0121376282 -0.0453176238 0.016692698 0.0106891682 -0.0453226864 0.0161153562 0.0106861452 -0.0453226902 0.0158606898 0.0108376546 -0.0453221612 0.0161153562 0.0106861452 -0.0453226902 0.0158606898 0.0102953129 -0.0453240536 0.0158606898 0.0108376546 -0.0453221612 0.0158606898 0.0108376546 -0.0453221612 0.0158606898 0.0102953129 -0.0453240536 0.0158538837 0.0108376546 -0.0453221612 0.0158606898 0.0102953129 -0.0453240536 0.0158538837 0.0102953129 -0.0453240536 0.0158538837 0.0108376546 -0.0453221612 0.0158538837 0.0108376546 -0.0453221612 0.0158538837 0.0102953129 -0.0453240536 0.0158470776 0.0108376546 -0.0453221612 0.0158538837 0.0102953129 -0.0453240536 0.0158470776 0.0102953129 -0.0453240536 0.0158470776 0.0108376546 -0.0453221612 0.0166995041 0.00938919466 -0.0453272238 0.0161221623 0.00938617159 -0.0453272276 0.0158606898 0.00953768007 -0.0453266986 0.0161221623 0.00938617159 -0.0453272276 0.0158606898 0.00899533834 -0.045328591 0.0158606898 0.00953768007 -0.0453266986 0.0158606898 0.00953768007 -0.0453266986 0.0158606898 0.00899533834 -0.045328591 0.0158538837 0.00953768007 -0.0453266986 0.0158606898 0.00899533834 -0.045328591 0.0158538837 0.00899533834 -0.045328591 0.0158538837 0.00953768007 -0.0453266986 0.0158538837 0.00953768007 -0.0453266986 0.0158538837 0.00899533834 -0.045328591 0.0158470776 0.00953768007 -0.0453266986 0.0158538837 0.00899533834 -0.045328591 0.0158470776 0.00899533834 -0.045328591 0.0158470776 0.00953768007 -0.0453266986 0.0158606898 0.00626595179 -0.0453381166 0.015871821 0.00624690391 -0.0453381836 0.0158606898 0.00624690391 -0.0453381836 0.015871821 0.00624690391 -0.0453381836 0.0158606898 0.00563775701 -0.0453403108 0.0158606898 0.00624690391 -0.0453381836 0.0158606898 0.00624690391 -0.0453381836 0.0158606898 0.00563775701 -0.0453403108 0.0158538837 0.00624690391 -0.0453381836 0.0158606898 0.00563775701 -0.0453403108 0.0158538837 0.00563775701 -0.0453403108 0.0158538837 0.00624690391 -0.0453381836 0.0158538837 0.00624690391 -0.0453381836 0.0158538837 0.00563775701 -0.0453403108 0.0158470776 0.00624690391 -0.0453381836 0.0158538837 0.00563775701 -0.0453403108 0.0158470776 0.00563775701 -0.0453403108 0.0158470776 0.00624690391 -0.0453381836 0.0153814871 0.00183761306 -0.0453535728 0.0153814871 0.00249546696 -0.0453512743 0.0153969331 0.0024904632 -0.0453512929 0.0153814871 0.00249546696 -0.0453512743 0.0153814871 0.00303780846 -0.0453493819 0.0153969331 0.0024904632 -0.0453512929 0.0153969331 0.0024904632 -0.0453512929 0.0153814871 0.00303780846 -0.0453493819 0.0153916972 0.00349044334 -0.0453478023 0.0153814871 0.00303780846 -0.0453493819 0.0153814871 0.00364695559 -0.0453472547 0.0153916972 0.00349044334 -0.0453478023 0.0153916972 0.00349044334 -0.0453478023 0.0153814871 0.00364695559 -0.0453472547 0.0155803682 0.00349143124 -0.0453477986 0.0153814871 0.00364695559 -0.0453472547 0.0158402696 0.00364695559 -0.0453472584 0.0155803682 0.00349143124 -0.0453477986 0.0155803682 0.00349143124 -0.0453477986 0.0158402696 0.00364695559 -0.0453472584 0.0158402715 0.0030466665 -0.0453493558 0.0158402696 0.00364695559 -0.0453472584 0.0158470776 0.00364695559 -0.0453472584 0.0158402715 0.0030466665 -0.0453493558 0.0158402715 0.0030466665 -0.0453493558 0.0158470776 0.00364695559 -0.0453472584 0.0158470776 0.00303780846 -0.0453493856 0.0158470776 0.00364695559 -0.0453472584 0.0158538837 0.00303780846 -0.0453493856 0.0158470776 0.00303780846 -0.0453493856 0.0158470776 0.00303780846 -0.0453493856 0.0158538837 0.00303780846 -0.0453493856 0.0158470776 0.00303501845 -0.0453493968 0.0158538837 0.00303780846 -0.0453493856 0.0158538837 0.00302337017 -0.0453494377 0.0158470776 0.00303501845 -0.0453493968 0.0153474538 0.0108376537 -0.0453221537 0.0153474538 0.011446801 -0.0453200303 0.0153508568 0.0112902885 -0.0453205742 0.0153474538 0.011446801 -0.0453200303 0.01537468 0.011446801 -0.0453200303 0.0153508568 0.0112902885 -0.0453205742 0.0153508568 0.0112902885 -0.0453205742 0.01537468 0.011446801 -0.0453200303 0.0153814871 0.011446801 -0.0453200303 0.01537468 0.011446801 -0.0453200303 0.0155379586 0.0115912706 -0.0453195274 0.0153814871 0.011446801 -0.0453200303 0.0153814871 0.011446801 -0.0453200303 0.0155379586 0.0115912706 -0.0453195274 0.0158402696 0.0115157804 -0.0453197919 0.0155379586 0.0115912706 -0.0453195274 0.0158402696 0.0115952864 -0.0453195162 0.0158402696 0.0115157804 -0.0453197919 0.0158402696 0.0115157804 -0.0453197919 0.0158402696 0.0115952864 -0.0453195162 0.0158470776 0.0115952864 -0.0453195162 0.0158402696 0.0115952864 -0.0453195162 0.0158402696 0.0121376282 -0.0453176238 0.0158470776 0.0115952864 -0.0453195162 0.0158470776 0.0115952864 -0.0453195162 0.0158402696 0.0121376282 -0.0453176238 0.0158470776 0.0121376282 -0.0453176238 0.0158402696 0.0121376282 -0.0453176238 0.0158470776 0.0127308778 -0.0453155525 0.0158470776 0.0121376282 -0.0453176238 0.0158470776 0.0121376282 -0.0453176238 0.0158470776 0.0127308778 -0.0453155525 0.0158538837 0.0127192298 -0.0453155935 0.0153474538 0.00953768007 -0.0453266911 0.0153474538 0.0101468265 -0.0453245677 0.0153576639 0.00999031495 -0.0453251116 0.0153474538 0.0101468265 -0.0453245677 0.01537468 0.0101468265 -0.0453245677 0.0153576639 0.00999031495 -0.0453251116 0.0153576639 0.00999031495 -0.0453251116 0.01537468 0.0101468265 -0.0453245677 0.0153814871 0.0101468265 -0.0453245677 0.01537468 0.0101468265 -0.0453245677 0.0155447656 0.010291297 -0.0453240648 0.0153814871 0.0101468265 -0.0453245677 0.0153814871 0.0101468265 -0.0453245677 0.0155447656 0.010291297 -0.0453240648 0.0158402696 0.0102038728 -0.0453243703 0.0155447656 0.010291297 -0.0453240648 0.0158402696 0.0102953129 -0.0453240536 0.0158402696 0.0102038728 -0.0453243703 0.0158402696 0.0102038728 -0.0453243703 0.0158402696 0.0102953129 -0.0453240536 0.0158470776 0.0102953129 -0.0453240536 0.0158402696 0.0102953129 -0.0453240536 0.0158402696 0.0108376546 -0.0453221612 0.0158470776 0.0102953129 -0.0453240536 0.0158470776 0.0102953129 -0.0453240536 0.0158402696 0.0108376546 -0.0453221612 0.0158470776 0.0108376546 -0.0453221612 0.0158402696 0.0108376546 -0.0453221612 0.0158470776 0.0114425523 -0.0453200489 0.0158470776 0.0108376546 -0.0453221612 0.0158470776 0.0108376546 -0.0453221612 0.0158470776 0.0114425523 -0.0453200489 0.0158538837 0.0114309043 -0.0453200899 0.0153474538 0.00769536383 -0.0453331247 0.0153474538 0.00884685293 -0.0453291051 0.01536447 0.00869034044 -0.045329649 0.0153474538 0.00884685293 -0.0453291051 0.01537468 0.00884685293 -0.0453291051 0.01536447 0.00869034044 -0.045329649 0.01536447 0.00869034044 -0.045329649 0.01537468 0.00884685293 -0.0453291051 0.0153814871 0.00884685293 -0.0453291051 0.01537468 0.00884685293 -0.0453291051 0.0155515717 0.00899132248 -0.0453286022 0.0153814871 0.00884685293 -0.0453291051 0.0153814871 0.00884685293 -0.0453291051 0.0155515717 0.00899132248 -0.0453286022 0.0158402696 0.00889196526 -0.0453289524 0.0155515717 0.00899132248 -0.0453286022 0.0158402696 0.00899533834 -0.045328591 0.0158402696 0.00889196526 -0.0453289524 0.0158402696 0.00889196526 -0.0453289524 0.0158402696 0.00899533834 -0.045328591 0.0158470776 0.00899533834 -0.045328591 0.0158402696 0.00899533834 -0.045328591 0.0158402696 0.00953768007 -0.0453266986 0.0158470776 0.00899533834 -0.045328591 0.0158470776 0.00899533834 -0.045328591 0.0158402696 0.00953768007 -0.0453266986 0.0158470776 0.00953768007 -0.0453266986 0.0158402696 0.00953768007 -0.0453266986 0.0158402696 0.0101468265 -0.0453245714 0.0158470776 0.00953768007 -0.0453266986 0.0158470776 0.00953768007 -0.0453266986 0.0158402696 0.0101468265 -0.0453245714 0.0158470776 0.0101468265 -0.0453245714 0.0158402696 0.0101468265 -0.0453245714 0.0158470776 0.0101542259 -0.0453245454 0.0158470776 0.0101468265 -0.0453245714 0.0158470776 0.0101468265 -0.0453245714 0.0158470776 0.0101542259 -0.0453245454 0.0158514008 0.0101468265 -0.0453245714 0.0158470776 0.00689999666 -0.0453359038 0.0158402696 0.00691164471 -0.0453358628 0.0158470776 0.00693773152 -0.0453357734 0.0158402696 0.00691164471 -0.0453358628 0.0158402696 0.00693773152 -0.0453357734 0.0158470776 0.00693773152 -0.0453357734 0.0158470776 0.00693773152 -0.0453357734 0.0158402696 0.00693773152 -0.0453357734 0.0158402696 0.00754687842 -0.0453336462 0.0158402696 0.00693773152 -0.0453357734 0.0158250276 0.00693773152 -0.0453357734 0.0158402696 0.00754687842 -0.0453336462 0.0158402696 0.00754687842 -0.0453336462 0.0158250276 0.00693773152 -0.0453357734 0.015559948 0.00739135407 -0.0453341864 0.0158402715 0.00562331872 -0.0453403592 0.0158402696 0.00563775701 -0.0453403108 0.0158470776 0.00563775701 -0.0453403108 0.0158402696 0.00563775701 -0.0453403108 0.0158402696 0.00624690391 -0.0453381836 0.0158470776 0.00563775701 -0.0453403108 0.0158470776 0.00563775701 -0.0453403108 0.0158402696 0.00624690391 -0.0453381836 0.0158470776 0.00624690391 -0.0453381836 0.0158402696 0.00624690391 -0.0453381836 0.0158402696 0.00639538979 -0.0453376658 0.0158470776 0.00624690391 -0.0453381836 0.0158470776 0.00624690391 -0.0453381836 0.0158402696 0.00639538979 -0.0453376658 0.0158470776 0.00639538979 -0.0453376658 0.0158402696 0.00639538979 -0.0453376658 0.0158470776 0.00688557932 -0.0453359559 0.0158470776 0.00639538979 -0.0453376658 0.0158470776 0.00639538979 -0.0453376658 0.0158470776 0.00688557932 -0.0453359559 0.0158538837 0.00639538979 -0.0453376658 0.0158470776 0.00688557932 -0.0453359559 0.0158512387 0.0068928753 -0.0453359298 0.0158538837 0.00639538979 -0.0453376658 0.0158538837 0.00639538979 -0.0453376658 0.0158512387 0.0068928753 -0.0453359298 0.0158538837 0.00693773152 -0.0453357734 0.0158512387 0.0068928753 -0.0453359298 0.0158470776 0.00693773152 -0.0453357734 0.0158538837 0.00693773152 -0.0453357734 0.0158538837 0.00693773152 -0.0453357734 0.0158470776 0.00693773152 -0.0453357734 0.0158470776 0.00754687842 -0.0453336462 0.0158470776 0.00693773152 -0.0453357734 0.0158402696 0.00754687842 -0.0453336462 0.0158470776 0.00754687842 -0.0453336462 0.0158470776 0.00754687842 -0.0453336462 0.0158402696 0.00754687842 -0.0453336462 0.0158429164 0.0075846957 -0.0453335159 0.0158402696 0.00754687842 -0.0453336462 0.0158402696 0.00769536383 -0.0453331284 0.0158429164 0.0075846957 -0.0453335159 0.0158429164 0.0075846957 -0.0453335159 0.0158402696 0.00769536383 -0.0453331284 0.0158470776 0.00759199122 -0.0453334898 0.0158402696 0.00769536383 -0.0453331284 0.0158470776 0.00769536383 -0.0453331284 0.0158470776 0.00759199122 -0.0453334898 0.0158470776 0.00759199122 -0.0453334898 0.0158470776 0.00769536383 -0.0453331284 0.0158538837 0.00769536383 -0.0453331284 0.0158470776 0.00769536383 -0.0453331284 0.0158470776 0.00884685293 -0.0453291088 0.0158538837 0.00769536383 -0.0453331284 0.0158538837 0.00769536383 -0.0453331284 0.0158470776 0.00884685293 -0.0453291088 0.0158538837 0.00884685293 -0.0453291088 0.0158470776 0.00884685293 -0.0453291088 0.0158538837 0.00885425229 -0.0453290828 0.0158538837 0.00884685293 -0.0453291088 0.0158538837 0.00884685293 -0.0453291088 0.0158538837 0.00885425229 -0.0453290828 0.0158582069 0.00884685293 -0.0453291088 0.0172946192 0.00510041928 -0.0453421995 0.017011214 0.00499079283 -0.0453425795 0.0170033295 0.00559889758 -0.0453404561 0.017011214 0.00499079283 -0.0453425795 0.0167199243 0.0054892716 -0.045340836 0.0170033295 0.00559889758 -0.0453404561 0.0170033295 0.00559889758 -0.0453404561 0.0167199243 0.0054892716 -0.045340836 0.0158606898 0.00563775701 -0.0453403108 0.0167199243 0.0054892716 -0.045340836 0.0161425825 0.00548624853 -0.0453408435 0.0158606898 0.00563775701 -0.0453403108 0.0158606898 0.00563775701 -0.0453403108 0.0161425825 0.00548624853 -0.0453408435 0.0158606898 0.00509541528 -0.0453422032 0.0161425825 0.00548624853 -0.0453408435 0.0158565287 0.00498474715 -0.0453425907 0.0158606898 0.00509541528 -0.0453422032 0.0158606898 0.00509541528 -0.0453422032 0.0158565287 0.00498474715 -0.0453425907 0.0158538837 0.00509541528 -0.0453422032 0.0158565287 0.00498474715 -0.0453425907 0.0158538837 0.00433778297 -0.0453448482 0.0158538837 0.00509541528 -0.0453422032 0.0158538837 0.00509541528 -0.0453422032 0.0158538837 0.00433778297 -0.0453448482 0.0158470776 0.00509541528 -0.0453422032 0.0158538837 0.00433778297 -0.0453448482 0.0158470776 0.00433778297 -0.0453448482 0.0158470776 0.00509541528 -0.0453422032 0.0158470776 0.00509541528 -0.0453422032 0.0158470776 0.00433778297 -0.0453448482 0.0158402696 0.00509541528 -0.0453422032 0.0158470776 0.00433778297 -0.0453448482 0.0158402696 0.00433778297 -0.0453448482 0.0158402696 0.00509541528 -0.0453422032 0.0158402696 0.00509541528 -0.0453422032 0.0158402696 0.00433778297 -0.0453448482 0.0155719919 0.00509139942 -0.0453422144 0.0158402696 0.00433778297 -0.0453448482 0.0158386398 0.00433778297 -0.0453448482 0.0155719919 0.00509139942 -0.0453422144 0.0155719919 0.00509139942 -0.0453422144 0.0158386398 0.00433778297 -0.0453448482 0.0155735621 0.00479140552 -0.0453432612 0.0161493886 0.00418627448 -0.0453453809 0.0158633366 0.00368477264 -0.0453471281 0.0158606898 0.00379544124 -0.0453467406 0.0158633366 0.00368477264 -0.0453471281 0.0158606898 0.00364695559 -0.0453472584 0.0158606898 0.00379544124 -0.0453467406 0.0158606898 0.00379544124 -0.0453467406 0.0158606898 0.00364695559 -0.0453472584 0.0158538837 0.00379544124 -0.0453467406 0.0158606898 0.00364695559 -0.0453472584 0.0158538837 0.00364695559 -0.0453472584 0.0158538837 0.00379544124 -0.0453467406 0.0158538837 0.00379544124 -0.0453467406 0.0158538837 0.00364695559 -0.0453472584 0.0158470776 0.00379544124 -0.0453467406 0.0158538837 0.00364695559 -0.0453472584 0.0158470776 0.00364695559 -0.0453472584 0.0158470776 0.00379544124 -0.0453467406 0.0158470776 0.00379544124 -0.0453467406 0.0158470776 0.00364695559 -0.0453472584 0.0158402696 0.00379544124 -0.0453467406 0.0158470776 0.00364695559 -0.0453472584 0.0158402696 0.00364695559 -0.0453472584 0.0158402696 0.00379544124 -0.0453467406 0.0158402696 0.00379544124 -0.0453467406 0.0158402696 0.00364695559 -0.0453472584 0.0155787989 0.00379142538 -0.0453467518 0.0158402696 0.00364695559 -0.0453472584 0.015390126 0.00379043748 -0.0453467555 0.0155787989 0.00379142538 -0.0453467518 0.0161561966 0.00288629998 -0.0453499183 0.0158701427 0.00238479837 -0.0453516655 0.0158606898 0.00249546696 -0.045351278 0.0158701427 0.00238479837 -0.0453516655 0.0158606898 0.00183761306 -0.0453535765 0.0158606898 0.00249546696 -0.045351278 0.0158606898 0.00249546696 -0.045351278 0.0158606898 0.00183761306 -0.0453535765 0.0158538837 0.00249546696 -0.045351278 0.0158606898 0.00183761306 -0.0453535765 0.0158538837 0.00183761306 -0.0453535765 0.0158538837 0.00249546696 -0.045351278 0.0158538837 0.00249546696 -0.045351278 0.0158538837 0.00183761306 -0.0453535765 0.0158470776 0.00249546696 -0.045351278 0.0158538837 0.00183761306 -0.0453535765 0.0158470776 0.00183761306 -0.0453535765 0.0158470776 0.00249546696 -0.045351278 0.0158470776 0.00249546696 -0.045351278 0.0158470776 0.00183761306 -0.0453535765 0.0158402696 0.00249546696 -0.045351278 0.0158470776 0.00183761306 -0.0453535765 0.0158402696 0.00183761306 -0.0453535765 0.0158402696 0.00249546696 -0.045351278 0.0158402696 0.00249546696 -0.045351278 0.0158402696 0.00183761306 -0.0453535765 0.015585606 0.0024914511 -0.0453512892 0.0158402696 0.00183761306 -0.0453535765 0.0153969331 0.0024904632 -0.0453512929 0.015585606 0.0024914511 -0.0453512892 0.01537468 0.00179034134 -0.0453537367 0.01537468 0.00183761306 -0.0453535728 0.0153814871 0.00183761306 -0.0453535728 0.01537468 0.00183761306 -0.0453535728 0.01537468 0.00249546696 -0.0453512743 0.0153814871 0.00183761306 -0.0453535728 0.0153814871 0.00183761306 -0.0453535728 0.01537468 0.00249546696 -0.0453512743 0.0153814871 0.00249546696 -0.0453512743 0.01537468 0.00249546696 -0.0453512743 0.01537468 0.00303780846 -0.0453493819 0.0153814871 0.00249546696 -0.0453512743 0.0153814871 0.00249546696 -0.0453512743 0.01537468 0.00303780846 -0.0453493819 0.0153814871 0.00303780846 -0.0453493819 0.01537468 0.00303780846 -0.0453493819 0.01537468 0.00364695559 -0.0453472547 0.0153814871 0.00303780846 -0.0453493819 0.0153814871 0.00303780846 -0.0453493819 0.01537468 0.00364695559 -0.0453472547 0.0153814871 0.00364695559 -0.0453472547 0.01537468 0.00364695559 -0.0453472547 0.01537468 0.00379544124 -0.0453467369 0.0153814871 0.00364695559 -0.0453472547 0.0153814871 0.00364695559 -0.0453472547 0.01537468 0.00379544124 -0.0453467369 0.0153814871 0.00379544124 -0.0453467369 0.01537468 0.00379544124 -0.0453467369 0.01537468 0.00433778297 -0.0453448445 0.0153814871 0.00379544124 -0.0453467369 0.0153814871 0.00379544124 -0.0453467369 0.01537468 0.00433778297 -0.0453448445 0.0153814871 0.00433778297 -0.0453448445 0.01537468 0.00433778297 -0.0453448445 0.01537468 0.00509541528 -0.0453421995 0.0153814871 0.00433778297 -0.0453448445 0.0153814871 0.00433778297 -0.0453448445 0.01537468 0.00509541528 -0.0453421995 0.0153814871 0.00509541528 -0.0453421995 0.01537468 0.00509541528 -0.0453421995 0.0153814871 0.00544040464 -0.0453409962 0.0153814871 0.00509541528 -0.0453421995 0.0153814871 0.00509541528 -0.0453421995 0.0153814871 0.00544040464 -0.0453409962 0.0153832939 0.00509541528 -0.0453421995 0.0153474538 0.00179019873 -0.0453537367 0.0153474538 0.00183761306 -0.0453535691 0.01537468 0.00183761306 -0.0453535728 0.0153474538 0.00183761306 -0.0453535691 0.0153474538 0.00249546696 -0.0453512743 0.01537468 0.00183761306 -0.0453535728 0.01537468 0.00183761306 -0.0453535728 0.0153474538 0.00249546696 -0.0453512743 0.01537468 0.00249546696 -0.0453512743 0.0153474538 0.00249546696 -0.0453512743 0.0153474538 0.00303780846 -0.0453493819 0.01537468 0.00249546696 -0.0453512743 0.01537468 0.00249546696 -0.0453512743 0.0153474538 0.00303780846 -0.0453493819 0.01537468 0.00303780846 -0.0453493819 0.0153474538 0.00303780846 -0.0453493819 0.0153474538 0.00364695559 -0.0453472547 0.01537468 0.00303780846 -0.0453493819 0.01537468 0.00303780846 -0.0453493819 0.0153474538 0.00364695559 -0.0453472547 0.01537468 0.00364695559 -0.0453472547 0.0153474538 0.00364695559 -0.0453472547 0.0153474538 0.00379544124 -0.0453467369 0.01537468 0.00364695559 -0.0453472547 0.01537468 0.00364695559 -0.0453472547 0.0153474538 0.00379544124 -0.0453467369 0.01537468 0.00379544124 -0.0453467369 0.0153474538 0.00379544124 -0.0453467369 0.0153474538 0.00433778297 -0.0453448445 0.01537468 0.00379544124 -0.0453467369 0.01537468 0.00379544124 -0.0453467369 0.0153474538 0.00433778297 -0.0453448445 0.01537468 0.00433778297 -0.0453448445 0.0153474538 0.00433778297 -0.0453448445 0.0153474538 0.00509541528 -0.0453421995 0.01537468 0.00433778297 -0.0453448445 0.01537468 0.00433778297 -0.0453448445 0.0153474538 0.00509541528 -0.0453421995 0.01537468 0.00509541528 -0.0453421995 0.0153474538 0.00509541528 -0.0453421995 0.0153474538 0.00563775701 -0.0453403071 0.01537468 0.00509541528 -0.0453421995 0.01537468 0.00509541528 -0.0453421995 0.0153474538 0.00563775701 -0.0453403071 0.01537468 0.00563775701 -0.0453403071 0.0153474538 0.00563775701 -0.0453403071 0.0153474538 0.00624690391 -0.0453381799 0.01537468 0.00563775701 -0.0453403071 0.01537468 0.00563775701 -0.0453403071 0.0153474538 0.00624690391 -0.0453381799 0.01537468 0.00624690391 -0.0453381799 0.0153474538 0.00624690391 -0.0453381799 0.0153474538 0.00639538979 -0.0453376621 0.01537468 0.00624690391 -0.0453381799 0.01537468 0.00624690391 -0.0453381799 0.0153474538 0.00639538979 -0.0453376621 0.01537468 0.00639538979 -0.0453376621 0.0153474538 0.00639538979 -0.0453376621 0.01537468 0.00674037915 -0.0453364588 0.01537468 0.00639538979 -0.0453376621 0.01537468 0.00639538979 -0.0453376621 0.01537468 0.00674037915 -0.0453364588 0.0153764868 0.00639538979 -0.0453376621 0.0151006021 0.00178890617 -0.0453537405 0.0151003478 0.00183761306 -0.0453535691 0.0153338397 0.00179012748 -0.0453537367 0.0151003478 0.00183761306 -0.0453535691 0.0153338397 0.00183761306 -0.0453535691 0.0153338397 0.00179012748 -0.0453537367 0.0153338397 0.00179012748 -0.0453537367 0.0153338397 0.00183761306 -0.0453535691 0.0153474538 0.00183761306 -0.0453535691 0.0153338397 0.00183761306 -0.0453535691 0.0153338397 0.00249546696 -0.0453512743 0.0153474538 0.00183761306 -0.0453535691 0.0153474538 0.00183761306 -0.0453535691 0.0153338397 0.00249546696 -0.0453512743 0.0153474538 0.00249546696 -0.0453512743 0.0153338397 0.00249546696 -0.0453512743 0.0153338397 0.00303780846 -0.0453493819 0.0153474538 0.00249546696 -0.0453512743 0.0153474538 0.00249546696 -0.0453512743 0.0153338397 0.00303780846 -0.0453493819 0.0153474538 0.00303780846 -0.0453493819 0.0153338397 0.00303780846 -0.0453493819 0.0153338397 0.00364695559 -0.0453472547 0.0153474538 0.00303780846 -0.0453493819 0.0153474538 0.00303780846 -0.0453493819 0.0153338397 0.00364695559 -0.0453472547 0.0153474538 0.00364695559 -0.0453472547 0.0153338397 0.00364695559 -0.0453472547 0.0153338397 0.00379544124 -0.0453467369 0.0153474538 0.00364695559 -0.0453472547 0.0153474538 0.00364695559 -0.0453472547 0.0153338397 0.00379544124 -0.0453467369 0.0153474538 0.00379544124 -0.0453467369 0.0153338397 0.00379544124 -0.0453467369 0.0153338397 0.00433778297 -0.0453448445 0.0153474538 0.00379544124 -0.0453467369 0.0153474538 0.00379544124 -0.0453467369 0.0153338397 0.00433778297 -0.0453448445 0.0153474538 0.00433778297 -0.0453448445 0.0153338397 0.00433778297 -0.0453448445 0.0153338397 0.00509541528 -0.0453421995 0.0153474538 0.00433778297 -0.0453448445 0.0153474538 0.00433778297 -0.0453448445 0.0153338397 0.00509541528 -0.0453421995 0.0153474538 0.00509541528 -0.0453421995 0.0153338397 0.00509541528 -0.0453421995 0.0153338397 0.00563775701 -0.0453403071 0.0153474538 0.00509541528 -0.0453421995 0.0153474538 0.00509541528 -0.0453421995 0.0153338397 0.00563775701 -0.0453403071 0.0153474538 0.00563775701 -0.0453403071 0.0153338397 0.00563775701 -0.0453403071 0.0153338397 0.00624690391 -0.0453381799 0.0153474538 0.00563775701 -0.0453403071 0.0153474538 0.00563775701 -0.0453403071 0.0153338397 0.00624690391 -0.0453381799 0.0153474538 0.00624690391 -0.0453381799 0.0153338397 0.00624690391 -0.0453381799 0.0153338397 0.00639538979 -0.0453376621 0.0153474538 0.00624690391 -0.0453381799 0.0153474538 0.00624690391 -0.0453381799 0.0153338397 0.00639538979 -0.0453376621 0.0153474538 0.00639538979 -0.0453376621 0.0153338397 0.00639538979 -0.0453376621 0.0153338397 0.00693773152 -0.0453357697 0.0153474538 0.00639538979 -0.0453376621 0.0153474538 0.00639538979 -0.0453376621 0.0153338397 0.00693773152 -0.0453357697 0.0153474538 0.00693773152 -0.0453357697 0.0153338397 0.00693773152 -0.0453357697 0.0153338397 0.00754687842 -0.0453336425 0.0153474538 0.00693773152 -0.0453357697 0.0153474538 0.00693773152 -0.0453357697 0.0153338397 0.00754687842 -0.0453336425 0.0153474538 0.00754687842 -0.0453336425 0.0153338397 0.00754687842 -0.0453336425 0.0153338397 0.00769536383 -0.0453331247 0.0153474538 0.00754687842 -0.0453336425 0.0153474538 0.00754687842 -0.0453336425 0.0153338397 0.00769536383 -0.0453331247 0.0153474538 0.00769536383 -0.0453331247 0.0153338397 0.00769536383 -0.0453331247 0.0153338397 0.00884685293 -0.0453291051 0.0153474538 0.00769536383 -0.0453331247 0.0153474538 0.00769536383 -0.0453331247 0.0153338397 0.00884685293 -0.0453291051 0.0153474538 0.00884685293 -0.0453291051 0.0153338397 0.00884685293 -0.0453291051 0.0153338397 0.00899533834 -0.0453285873 0.0153474538 0.00884685293 -0.0453291051 0.0153474538 0.00884685293 -0.0453291051 0.0153338397 0.00899533834 -0.0453285873 0.0153474538 0.00899533834 -0.0453285873 0.0153338397 0.00899533834 -0.0453285873 0.0153338397 0.00953768007 -0.0453266911 0.0153474538 0.00899533834 -0.0453285873 0.0153474538 0.00899533834 -0.0453285873 0.0153338397 0.00953768007 -0.0453266911 0.0153474538 0.00953768007 -0.0453266911 0.0153338397 0.00953768007 -0.0453266911 0.0153338397 0.0101468265 -0.0453245677 0.0153474538 0.00953768007 -0.0453266911 0.0153474538 0.00953768007 -0.0453266911 0.0153338397 0.0101468265 -0.0453245677 0.0153474538 0.0101468265 -0.0453245677 0.0153338397 0.0101468265 -0.0453245677 0.0153338397 0.0102953129 -0.0453240499 0.0153474538 0.0101468265 -0.0453245677 0.0153474538 0.0101468265 -0.0453245677 0.0153338397 0.0102953129 -0.0453240499 0.0153474538 0.0102953129 -0.0453240499 0.0153338397 0.0102953129 -0.0453240499 0.0153338397 0.0108376537 -0.0453221537 0.0153474538 0.0102953129 -0.0453240499 0.0153474538 0.0102953129 -0.0453240499 0.0153338397 0.0108376537 -0.0453221537 0.0153474538 0.0108376537 -0.0453221537 0.0153338397 0.0108376537 -0.0453221537 0.0153338397 0.011446801 -0.0453200303 0.0153474538 0.0108376537 -0.0453221537 0.0153474538 0.0108376537 -0.0453221537 0.0153338397 0.011446801 -0.0453200303 0.0153474538 0.011446801 -0.0453200303 0.0153338397 0.011446801 -0.0453200303 0.0153338397 0.0115952864 -0.0453195088 0.0153474538 0.011446801 -0.0453200303 0.0153474538 0.011446801 -0.0453200303 0.0153338397 0.0115952864 -0.0453195088 0.0153474538 0.0115952864 -0.0453195088 0.0153338397 0.0115952864 -0.0453195088 0.0153474538 0.0119402763 -0.0453183055 0.0153474538 0.0115952864 -0.0453195088 0.0153474538 0.0115952864 -0.0453195088 0.0153474538 0.0119402763 -0.0453183055 0.0153492596 0.0115952864 -0.0453195088 0.0150108058 0.0189385675 -0.045293875 0.0150105422 0.0189885665 -0.0452936999 0.0194607452 0.0189618673 -0.0452938341 0.0150105422 0.0189885665 -0.0452936999 0.0195104834 0.0190121271 -0.045293659 0.0194607452 0.0189618673 -0.0452938341 0.0194607452 0.0189618673 -0.0452938341 0.0195104834 0.0190121271 -0.045293659 0.0195597038 6.22407606e-05 -0.0453598052 0.0195104834 0.0190121271 -0.045293659 0.0196099654 1.25035494e-05 -0.0453599803 0.0195597038 6.22407606e-05 -0.0453598052 0.0195597038 6.22407606e-05 -0.0453598052 0.0196099654 1.25035494e-05 -0.0453599803 0.0151097653 3.89408669e-05 -0.0453598462 0.0196099654 1.25035494e-05 -0.0453599803 0.0151100252 -1.10581532e-05 -0.0453600213 0.0151097653 3.89408669e-05 -0.0453598462 0.0150288688 0.0154891238 -0.0454459153 0.0150108039 0.0189390555 -0.0454338752 0.0181288272 0.0155053549 -0.0454458892 0.0150108039 0.0189390555 -0.0454338752 0.0194607433 0.0189623553 -0.0454338342 0.0181288272 0.0155053549 -0.0454458892 0.0181288272 0.0155053549 -0.0454458892 0.0194607433 0.0189623553 -0.0454338342 0.0182005595 0.00180562632 -0.0454937108 0.0194607433 0.0189623553 -0.0454338342 0.0195597038 6.27294503e-05 -0.0454998054 0.0182005595 0.00180562632 -0.0454937108 0.0182005595 0.00180562632 -0.0454937108 0.0195597038 6.27294503e-05 -0.0454998054 0.0151006002 0.00178939488 -0.0454937369 0.0195597038 6.27294503e-05 -0.0454998054 0.0151097644 3.94295494e-05 -0.0454998463 0.0151006002 0.00178939488 -0.0454937369 0.0151097644 3.94295494e-05 -0.0454998463 0.0195597038 6.27294503e-05 -0.0454998054 0.0151097653 3.89408669e-05 -0.0453598462 0.0195597038 6.27294503e-05 -0.0454998054 0.0195597038 6.22407606e-05 -0.0453598052 0.0151097653 3.89408669e-05 -0.0453598462 0.0194607433 0.0189623553 -0.0454338342 0.0150108039 0.0189390555 -0.0454338752 0.0194607452 0.0189618673 -0.0452938341 0.0150108039 0.0189390555 -0.0454338752 0.0150108058 0.0189385675 -0.045293875 0.0194607452 0.0189618673 -0.0452938341 0.0195597038 6.27294503e-05 -0.0454998054 0.0194607433 0.0189623553 -0.0454338342 0.0195597038 6.22407606e-05 -0.0453598052 0.0194607433 0.0189623553 -0.0454338342 0.0194607452 0.0189618673 -0.0452938341 0.0195597038 6.22407606e-05 -0.0453598052 0.0181288272 0.0155053549 -0.0454458892 0.0181288272 0.0155048659 -0.0453058891 0.0158606898 0.0154929906 -0.0453059115 0.0158470776 0.0154929189 -0.0453059115 0.0158402696 0.0154928835 -0.0453059115 0.0150288688 0.0154891238 -0.0454459153 0.0158402696 0.0154928835 -0.0453059115 0.0153814871 0.0154904807 -0.0453059152 0.0150288688 0.0154891238 -0.0454459153 0.0150288688 0.0154891238 -0.0454459153 0.0153814871 0.0154904807 -0.0453059152 0.01537468 0.0154904453 -0.0453059152 0.01537468 0.0154904453 -0.0453059152 0.0153474538 0.0154903028 -0.0453059152 0.0150288688 0.0154891238 -0.0454459153 0.0153474538 0.0154903028 -0.0453059152 0.0153338397 0.015490232 -0.0453059152 0.0150288688 0.0154891238 -0.0454459153 0.0150288688 0.0154891238 -0.0454459153 0.0153338397 0.015490232 -0.0453059152 0.0150288716 0.0154886348 -0.0453059189 0.0181288272 0.0155053549 -0.0454458892 0.0158606898 0.0154929906 -0.0453059115 0.0150288688 0.0154891238 -0.0454459153 0.0158606898 0.0154929906 -0.0453059115 0.0158538837 0.0154929543 -0.0453059115 0.0150288688 0.0154891238 -0.0454459153 0.0150288688 0.0154891238 -0.0454459153 0.0158538837 0.0154929543 -0.0453059115 0.0158470776 0.0154929189 -0.0453059115 0.0181356855 0.0141952354 -0.04531046 0.0181288272 0.0155048659 -0.0453058891 0.0181288272 0.0155053549 -0.0454458892 0.0181356855 0.0141952354 -0.04531046 0.0181288272 0.0155053549 -0.0454458892 0.0181364622 0.01404675 -0.0453109778 0.0181736853 0.00693773152 -0.0453357957 0.0181704964 0.00754687842 -0.0453336686 0.0182005595 0.00180562632 -0.0454937108 0.0182005614 0.00180513761 -0.0453537107 0.01820039 0.00183761318 -0.0453535952 0.0182005595 0.00180562632 -0.0454937108 0.01820039 0.00183761318 -0.0453535952 0.018196946 0.00249546696 -0.0453513004 0.0182005595 0.00180562632 -0.0454937108 0.0181704964 0.00754687842 -0.0453336686 0.0181697179 0.00769536383 -0.0453331508 0.0182005595 0.00180562632 -0.0454937108 0.0181697179 0.00769536383 -0.0453331508 0.0181636885 0.00884685293 -0.0453291312 0.0182005595 0.00180562632 -0.0454937108 0.0182005595 0.00180562632 -0.0454937108 0.0181636885 0.00884685293 -0.0453291312 0.0181288272 0.0155053549 -0.0454458892 0.0181636885 0.00884685293 -0.0453291312 0.0181629118 0.00899533834 -0.0453286134 0.0181288272 0.0155053549 -0.0454458892 0.0181288272 0.0155053549 -0.0454458892 0.0181629118 0.00899533834 -0.0453286134 0.0181600731 0.00953768007 -0.0453267172 0.0181804933 0.00563775701 -0.0453403331 0.0181773026 0.00624690438 -0.045338206 0.0182005595 0.00180562632 -0.0454937108 0.0181773026 0.00624690438 -0.045338206 0.0181765258 0.00639538979 -0.0453376882 0.0182005595 0.00180562632 -0.0454937108 0.0182005595 0.00180562632 -0.0454937108 0.0181765258 0.00639538979 -0.0453376882 0.0181736853 0.00693773152 -0.0453357957 0.0181600731 0.00953768007 -0.0453267172 0.0181568824 0.0101468274 -0.0453245938 0.0181288272 0.0155053549 -0.0454458892 0.0181568824 0.0101468274 -0.0453245938 0.0181561057 0.0102953129 -0.0453240722 0.0181288272 0.0155053549 -0.0454458892 0.0181288272 0.0155053549 -0.0454458892 0.0181561057 0.0102953129 -0.0453240722 0.0181532651 0.0108376546 -0.0453221798 0.0181532651 0.0108376546 -0.0453221798 0.0181500763 0.011446801 -0.0453200527 0.0181288272 0.0155053549 -0.0454458892 0.0181500763 0.011446801 -0.0453200527 0.0181492977 0.0115952864 -0.0453195348 0.0181288272 0.0155053549 -0.0454458892 0.0181288272 0.0155053549 -0.0454458892 0.0181492977 0.0115952864 -0.0453195348 0.018146459 0.0121376282 -0.0453176424 0.018146459 0.0121376282 -0.0453176424 0.0181432683 0.0127467755 -0.0453155152 0.0181288272 0.0155053549 -0.0454458892 0.0181432683 0.0127467755 -0.0453155152 0.0181424916 0.0128952609 -0.0453149974 0.0181288272 0.0155053549 -0.0454458892 0.0181288272 0.0155053549 -0.0454458892 0.0181424916 0.0128952609 -0.0453149974 0.0181364622 0.01404675 -0.0453109778 0.018196946 0.00249546696 -0.0453513004 0.0181941055 0.0030378087 -0.0453494079 0.0182005595 0.00180562632 -0.0454937108 0.0181941055 0.0030378087 -0.0453494079 0.0181909166 0.00364695559 -0.0453472808 0.0182005595 0.00180562632 -0.0454937108 0.0182005595 0.00180562632 -0.0454937108 0.0181909166 0.00364695559 -0.0453472808 0.018190138 0.00379544124 -0.045346763 0.018190138 0.00379544124 -0.045346763 0.0181872994 0.00433778297 -0.0453448705 0.0182005595 0.00180562632 -0.0454937108 0.0181872994 0.00433778297 -0.0453448705 0.0181833319 0.00509541528 -0.0453422256 0.0182005595 0.00180562632 -0.0454937108 0.0182005595 0.00180562632 -0.0454937108 0.0181833319 0.00509541528 -0.0453422256 0.0181804933 0.00563775701 -0.0453403331 0.0151006002 0.00178939488 -0.0454937369 0.0158402696 0.00179277908 -0.045353733 0.0158470776 0.00179281482 -0.045353733 0.0158470776 0.00179281482 -0.045353733 0.0158538837 0.00179285044 -0.045353733 0.0151006002 0.00178939488 -0.0454937369 0.0158538837 0.00179285044 -0.045353733 0.0158606898 0.00179288606 -0.045353733 0.0151006002 0.00178939488 -0.0454937369 0.0151006002 0.00178939488 -0.0454937369 0.0158606898 0.00179288606 -0.045353733 0.0182005595 0.00180562632 -0.0454937108 0.0158606898 0.00179288606 -0.045353733 0.0182005614 0.00180513761 -0.0453537107 0.0182005595 0.00180562632 -0.0454937108 0.0151006021 0.00178890617 -0.0453537405 0.0153338397 0.00179012748 -0.0453537367 0.0151006002 0.00178939488 -0.0454937369 0.0153338397 0.00179012748 -0.0453537367 0.0153474538 0.00179019873 -0.0453537367 0.0151006002 0.00178939488 -0.0454937369 0.0153474538 0.00179019873 -0.0453537367 0.01537468 0.00179034134 -0.0453537367 0.0151006002 0.00178939488 -0.0454937369 0.01537468 0.00179034134 -0.0453537367 0.0153814871 0.00179037696 -0.0453537367 0.0151006002 0.00178939488 -0.0454937369 0.0151006002 0.00178939488 -0.0454937369 0.0153814871 0.00179037696 -0.0453537367 0.0158402696 0.00179277908 -0.045353733 0.0153916972 0.00349044334 -0.0453478023 0.0153917009 0.00348939607 -0.0450478047 0.0153969331 0.0024904632 -0.0453512929 0.0153917009 0.00348939607 -0.0450478047 0.0153969359 0.00248941593 -0.0450512953 0.0153969331 0.0024904632 -0.0453512929 0.0153917009 0.00348939607 -0.0450478047 0.0153916972 0.00349044334 -0.0453478023 0.0155803729 0.00349038397 -0.045047801 0.0153916972 0.00349044334 -0.0453478023 0.0155803682 0.00349143124 -0.0453477986 0.0155803729 0.00349038397 -0.045047801 0.0169635676 0.0140906125 -0.0453108139 0.0166775137 0.0135891112 -0.0453125648 0.0169635694 0.0140895657 -0.0450108163 0.0166775137 0.0135891112 -0.0453125648 0.0166775156 0.0135880644 -0.0450125635 0.0169635694 0.0140895657 -0.0450108163 0.0166775137 0.0135891112 -0.0453125648 0.016100172 0.0135860881 -0.0453125685 0.0166775156 0.0135880644 -0.0450125635 0.016100172 0.0135860881 -0.0453125685 0.0161001738 0.0135850413 -0.0450125709 0.0166775156 0.0135880644 -0.0450125635 0.0161001738 0.0135850413 -0.0450125709 0.016100172 0.0135860881 -0.0453125685 0.0159183461 0.0138961999 -0.0450114831 0.016100172 0.0135860881 -0.0453125685 0.0158606898 0.0139959082 -0.0453111343 0.0159183461 0.0138961999 -0.0450114831 0.0159183461 0.0138961999 -0.0450114831 0.0158606898 0.0139959082 -0.0453111343 0.0158606935 0.0139948605 -0.0450111367 0.0158606898 0.0139959082 -0.0453111343 0.0158538837 0.0140075563 -0.0453110933 0.0158606935 0.0139948605 -0.0450111367 0.0158088822 0.0140845664 -0.0453108251 0.0158088841 0.0140835196 -0.0450108275 0.0158309806 0.01404675 -0.0453109592 0.0158088841 0.0140835196 -0.0450108275 0.0158309843 0.0140457023 -0.0450109579 0.0158309806 0.01404675 -0.0453109592 0.0158309806 0.01404675 -0.0453109592 0.0158309843 0.0140457023 -0.0450109579 0.0158402696 0.0140308524 -0.0453110151 0.0158309843 0.0140457023 -0.0450109579 0.0158402734 0.0140298055 -0.0450110137 0.0158402696 0.0140308524 -0.0453110151 0.0158402696 0.0140308524 -0.0453110151 0.0158402734 0.0140298055 -0.0450110137 0.0158470776 0.0140192043 -0.0453110524 0.0158402734 0.0140298055 -0.0450110137 0.0158470795 0.0140181566 -0.0450110547 0.0158470776 0.0140192043 -0.0453110524 0.0158470776 0.0140192043 -0.0453110524 0.0158470795 0.0140181566 -0.0450110547 0.0158538837 0.0140075563 -0.0453110933 0.0158470795 0.0140181566 -0.0450110547 0.0158538874 0.0140065085 -0.0450110957 0.0158538837 0.0140075563 -0.0453110933 0.0158538837 0.0140075563 -0.0453110933 0.0158538874 0.0140065085 -0.0450110957 0.0158606935 0.0139948605 -0.0450111367 0.0160949361 0.0145860687 -0.0453090779 0.0160949379 0.014585021 -0.0450090803 0.0158720072 0.0141952354 -0.0453104414 0.0160949379 0.014585021 -0.0450090803 0.0158606935 0.0141743487 -0.0450105108 0.0158720072 0.0141952354 -0.0453104414 0.0158088841 0.0140835196 -0.0450108275 0.0158088822 0.0140845664 -0.0453108251 0.0158402734 0.0141385486 -0.0450106375 0.0158088822 0.0140845664 -0.0453108251 0.0158402696 0.0141395964 -0.0453106351 0.0158402734 0.0141385486 -0.0450106375 0.0158402734 0.0141385486 -0.0450106375 0.0158402696 0.0141395964 -0.0453106351 0.0158470795 0.0141504826 -0.0450105928 0.0158402696 0.0141395964 -0.0453106351 0.0158470776 0.0141515294 -0.0453105904 0.0158470795 0.0141504826 -0.0450105928 0.0158470795 0.0141504826 -0.0450105928 0.0158470776 0.0141515294 -0.0453105904 0.0158538874 0.0141624156 -0.0450105518 0.0158470776 0.0141515294 -0.0453105904 0.0158538837 0.0141634624 -0.0453105494 0.0158538874 0.0141624156 -0.0450105518 0.0158538874 0.0141624156 -0.0450105518 0.0158538837 0.0141634624 -0.0453105494 0.0158606935 0.0141743487 -0.0450105108 0.0158538837 0.0141634624 -0.0453105494 0.0158606898 0.0141753964 -0.0453105085 0.0158606935 0.0141743487 -0.0450105108 0.0158606935 0.0141743487 -0.0450105108 0.0158606898 0.0141753964 -0.0453105085 0.0158720072 0.0141952354 -0.0453104414 0.0160949361 0.0145860687 -0.0453090779 0.0166722778 0.0145890918 -0.0453090742 0.0160949379 0.014585021 -0.0450090803 0.0166722778 0.0145890918 -0.0453090742 0.0166722797 0.014588044 -0.0450090729 0.0160949379 0.014585021 -0.0450090803 0.0166722778 0.0145890918 -0.0453090742 0.0169635676 0.0140906125 -0.0453108139 0.0166722797 0.014588044 -0.0450090729 0.0169635676 0.0140906125 -0.0453108139 0.0169635694 0.0140895657 -0.0450108163 0.0166722797 0.014588044 -0.0450090729 0.0169703737 0.012790638 -0.0453153513 0.0166843198 0.0122891366 -0.0453171022 0.0169703756 0.0127895912 -0.0450153537 0.0166843198 0.0122891366 -0.0453171022 0.0166843235 0.0122880898 -0.0450171009 0.0169703756 0.0127895912 -0.0450153537 0.0166843198 0.0122891366 -0.0453171022 0.0161069781 0.0122861136 -0.0453171059 0.0166843235 0.0122880898 -0.0450171009 0.0161069781 0.0122861136 -0.0453171059 0.0161069799 0.0122850668 -0.0450171083 0.0166843235 0.0122880898 -0.0450171009 0.0158156883 0.0127845928 -0.0453153625 0.015815692 0.0127835451 -0.0450153649 0.0158377867 0.0127467755 -0.0453154966 0.015815692 0.0127835451 -0.0450153649 0.0158377904 0.0127457278 -0.045015499 0.0158377867 0.0127467755 -0.0453154966 0.0158377867 0.0127467755 -0.0453154966 0.0158377904 0.0127457278 -0.045015499 0.0158402696 0.0127425268 -0.0453155115 0.0158377904 0.0127457278 -0.045015499 0.0158402734 0.0127414791 -0.0450155139 0.0158402696 0.0127425268 -0.0453155115 0.0158402696 0.0127425268 -0.0453155115 0.0158402734 0.0127414791 -0.0450155139 0.0158470776 0.0127308778 -0.0453155525 0.0158402734 0.0127414791 -0.0450155139 0.0158470795 0.012729831 -0.0450155511 0.0158470776 0.0127308778 -0.0453155525 0.0158470776 0.0127308778 -0.0453155525 0.0158470795 0.012729831 -0.0450155511 0.0158538837 0.0127192298 -0.0453155935 0.0158470795 0.012729831 -0.0450155511 0.0158538874 0.012718183 -0.0450155921 0.0158538837 0.0127192298 -0.0453155935 0.0158538837 0.0127192298 -0.0453155935 0.0158538874 0.012718183 -0.0450155921 0.0158606898 0.0127075817 -0.0453156345 0.0161069799 0.0122850668 -0.0450171083 0.0161069781 0.0122861136 -0.0453171059 0.0159251541 0.0125962254 -0.0450160205 0.0161069781 0.0122861136 -0.0453171059 0.0158606898 0.0127075817 -0.0453156345 0.0159251541 0.0125962254 -0.0450160205 0.0159251541 0.0125962254 -0.0450160205 0.0158606898 0.0127075817 -0.0453156345 0.0158606935 0.0127065349 -0.0450156331 0.0158606898 0.0127075817 -0.0453156345 0.0158538874 0.012718183 -0.0450155921 0.0158606935 0.0127065349 -0.0450156331 0.015815692 0.0127835451 -0.0450153649 0.0158156883 0.0127845928 -0.0453153625 0.0158402734 0.0128266411 -0.0450152159 0.0158156883 0.0127845928 -0.0453153625 0.0158402696 0.0128276888 -0.0453152135 0.0158402734 0.0128266411 -0.0450152159 0.0158402734 0.0128266411 -0.0450152159 0.0158402696 0.0128276888 -0.0453152135 0.0158470795 0.0128385751 -0.0450151749 0.0158402696 0.0128276888 -0.0453152135 0.0158470776 0.0128396219 -0.0453151725 0.0158470795 0.0128385751 -0.0450151749 0.0158470795 0.0128385751 -0.0450151749 0.0158470776 0.0128396219 -0.0453151725 0.0158538874 0.0128505081 -0.0450151302 0.0158470776 0.0128396219 -0.0453151725 0.0158538837 0.0128515549 -0.0453151315 0.0158538874 0.0128505081 -0.0450151302 0.0158538874 0.0128505081 -0.0450151302 0.0158538837 0.0128515549 -0.0453151315 0.0158606935 0.0128624411 -0.0450150892 0.0161017422 0.0132860942 -0.0453136154 0.016101744 0.0132850474 -0.0450136177 0.0158788133 0.0128952609 -0.0453149788 0.016101744 0.0132850474 -0.0450136177 0.0158606935 0.0128624411 -0.0450150892 0.0158788133 0.0128952609 -0.0453149788 0.0158788133 0.0128952609 -0.0453149788 0.0158606935 0.0128624411 -0.0450150892 0.0158606898 0.0128634889 -0.0453150868 0.0158606935 0.0128624411 -0.0450150892 0.0158538837 0.0128515549 -0.0453151315 0.0158606898 0.0128634889 -0.0453150868 0.0161017422 0.0132860942 -0.0453136154 0.0166790839 0.0132891173 -0.0453136116 0.016101744 0.0132850474 -0.0450136177 0.0166790839 0.0132891173 -0.0453136116 0.0166790877 0.0132880695 -0.0450136103 0.016101744 0.0132850474 -0.0450136177 0.0166790839 0.0132891173 -0.0453136116 0.0169703737 0.012790638 -0.0453153513 0.0166790877 0.0132880695 -0.0450136103 0.0169703737 0.012790638 -0.0453153513 0.0169703756 0.0127895912 -0.0450153537 0.0166790877 0.0132880695 -0.0450136103 0.0169771798 0.0114906644 -0.0453198925 0.0166911278 0.0109891631 -0.0453216396 0.0169771835 0.0114896167 -0.0450198911 0.0166911278 0.0109891631 -0.0453216396 0.0166911297 0.0109881153 -0.045021642 0.0169771835 0.0114896167 -0.0450198911 0.0166911278 0.0109891631 -0.0453216396 0.0161137842 0.01098614 -0.0453216434 0.0166911297 0.0109881153 -0.045021642 0.0161137842 0.01098614 -0.0453216434 0.0161137879 0.0109850923 -0.0450216457 0.0166911297 0.0109881153 -0.045021642 0.0158224963 0.0114846183 -0.0453198999 0.0158224981 0.0114835715 -0.0450199023 0.0158402696 0.0114542004 -0.045320008 0.0158224981 0.0114835715 -0.0450199023 0.0158402734 0.0114531536 -0.0450200103 0.0158402696 0.0114542004 -0.045320008 0.0158402696 0.0114542004 -0.045320008 0.0158402734 0.0114531536 -0.0450200103 0.0158445947 0.011446801 -0.045320034 0.0158402734 0.0114531536 -0.0450200103 0.0158445965 0.0114457542 -0.0450200364 0.0158445947 0.011446801 -0.045320034 0.0158445947 0.011446801 -0.045320034 0.0158445965 0.0114457542 -0.0450200364 0.0158470776 0.0114425523 -0.0453200489 0.0158445965 0.0114457542 -0.0450200364 0.0158470795 0.0114415046 -0.0450200513 0.0158470776 0.0114425523 -0.0453200489 0.0158470776 0.0114425523 -0.0453200489 0.0158470795 0.0114415046 -0.0450200513 0.0158538837 0.0114309043 -0.0453200899 0.0158470795 0.0114415046 -0.0450200513 0.0158538874 0.0114298565 -0.0450200923 0.0158538837 0.0114309043 -0.0453200899 0.0158538837 0.0114309043 -0.0453200899 0.0158538874 0.0114298565 -0.0450200923 0.0158606898 0.0114192562 -0.0453201309 0.0161137879 0.0109850923 -0.0450216457 0.0161137842 0.01098614 -0.0453216434 0.0159319602 0.0112962509 -0.0450205579 0.0161137842 0.01098614 -0.0453216434 0.0158606898 0.0114192562 -0.0453201309 0.0159319602 0.0112962509 -0.0450205579 0.0159319602 0.0112962509 -0.0450205579 0.0158606898 0.0114192562 -0.0453201309 0.0158606935 0.0114182085 -0.0450201333 0.0158606898 0.0114192562 -0.0453201309 0.0158538874 0.0114298565 -0.0450200923 0.0158606935 0.0114182085 -0.0450201333 0.0161085483 0.0119861197 -0.0453181528 0.016108552 0.0119850729 -0.0450181551 0.0158856194 0.0115952864 -0.0453195162 0.016108552 0.0119850729 -0.0450181551 0.0158606935 0.0115505336 -0.0450196713 0.0158856194 0.0115952864 -0.0453195162 0.0158856194 0.0115952864 -0.0453195162 0.0158606935 0.0115505336 -0.0450196713 0.0158606898 0.0115515804 -0.0453196689 0.0158606935 0.0115505336 -0.0450196713 0.0158538874 0.0115386005 -0.0450197123 0.0158606898 0.0115515804 -0.0453196689 0.0158224981 0.0114835715 -0.0450199023 0.0158224963 0.0114846183 -0.0453198999 0.0158402734 0.0115147335 -0.0450197943 0.0158224963 0.0114846183 -0.0453198999 0.0158402696 0.0115157804 -0.0453197919 0.0158402734 0.0115147335 -0.0450197943 0.0158402734 0.0115147335 -0.0450197943 0.0158402696 0.0115157804 -0.0453197919 0.0158470795 0.0115266666 -0.0450197533 0.0158402696 0.0115157804 -0.0453197919 0.0158470776 0.0115277143 -0.0453197509 0.0158470795 0.0115266666 -0.0450197533 0.0158470795 0.0115266666 -0.0450197533 0.0158470776 0.0115277143 -0.0453197509 0.0158538874 0.0115386005 -0.0450197123 0.0158470776 0.0115277143 -0.0453197509 0.0158538837 0.0115396474 -0.0453197099 0.0158538874 0.0115386005 -0.0450197123 0.0158538874 0.0115386005 -0.0450197123 0.0158538837 0.0115396474 -0.0453197099 0.0158606898 0.0115515804 -0.0453196689 0.0161085483 0.0119861197 -0.0453181528 0.0166858919 0.0119891427 -0.045318149 0.016108552 0.0119850729 -0.0450181551 0.0166858919 0.0119891427 -0.045318149 0.0166858938 0.0119880959 -0.0450181514 0.016108552 0.0119850729 -0.0450181551 0.0166858919 0.0119891427 -0.045318149 0.0169771798 0.0114906644 -0.0453198925 0.0166858938 0.0119880959 -0.0450181514 0.0169771798 0.0114906644 -0.0453198925 0.0169771835 0.0114896167 -0.0450198911 0.0166858938 0.0119880959 -0.0450181514 0.0181103665 0.0147047639 -0.0453086831 0.0178243145 0.0142032616 -0.0453104302 0.0181103703 0.0147037162 -0.0450086854 0.0178243145 0.0142032616 -0.0453104302 0.0178243164 0.0142022148 -0.0450104326 0.0181103703 0.0147037162 -0.0450086854 0.0178243145 0.0142032616 -0.0453104302 0.0172469709 0.0142002394 -0.045310434 0.0178243164 0.0142022148 -0.0450104326 0.0172469709 0.0142002394 -0.045310434 0.0172469746 0.0141991917 -0.0450104363 0.0178243164 0.0142022148 -0.0450104326 0.0172469709 0.0142002394 -0.045310434 0.016955683 0.0146987177 -0.0453086905 0.0172469746 0.0141991917 -0.0450104363 0.016955683 0.0146987177 -0.0453086905 0.0169556849 0.0146976709 -0.0450086929 0.0172469746 0.0141991917 -0.0450104363 0.016955683 0.0146987177 -0.0453086905 0.017241735 0.0152002191 -0.0453069434 0.0169556849 0.0146976709 -0.0450086929 0.017241735 0.0152002191 -0.0453069434 0.0172417387 0.0151991723 -0.0450069457 0.0169556849 0.0146976709 -0.0450086929 0.017241735 0.0152002191 -0.0453069434 0.0178190786 0.0152032422 -0.0453069396 0.0172417387 0.0151991723 -0.0450069457 0.0178190786 0.0152032422 -0.0453069396 0.0178190805 0.0152021954 -0.045006942 0.0172417387 0.0151991723 -0.0450069457 0.0178190786 0.0152032422 -0.0453069396 0.0181103665 0.0147047639 -0.0453086831 0.0178190805 0.0152021954 -0.045006942 0.0181103665 0.0147047639 -0.0453086831 0.0181103703 0.0147037162 -0.0450086854 0.0178190805 0.0152021954 -0.045006942 0.0181171745 0.0134047894 -0.0453132205 0.0178311206 0.012903288 -0.0453149676 0.0181171764 0.0134037426 -0.0450132228 0.0178311206 0.012903288 -0.0453149676 0.0178311225 0.0129022403 -0.04501497 0.0181171764 0.0134037426 -0.0450132228 0.0178311206 0.012903288 -0.0453149676 0.0172537789 0.0129002649 -0.0453149714 0.0178311225 0.0129022403 -0.04501497 0.0172537789 0.0129002649 -0.0453149714 0.0172537807 0.0128992172 -0.0450149737 0.0178311225 0.0129022403 -0.04501497 0.0172537789 0.0129002649 -0.0453149714 0.0169624891 0.0133987432 -0.0453132316 0.0172537807 0.0128992172 -0.0450149737 0.0169624891 0.0133987432 -0.0453132316 0.016962491 0.0133976964 -0.0450132303 0.0172537807 0.0128992172 -0.0450149737 0.0169624891 0.0133987432 -0.0453132316 0.017248543 0.0139002446 -0.0453114808 0.016962491 0.0133976964 -0.0450132303 0.017248543 0.0139002446 -0.0453114808 0.0172485448 0.0138991978 -0.0450114831 0.016962491 0.0133976964 -0.0450132303 0.017248543 0.0139002446 -0.0453114808 0.0178258847 0.0139032677 -0.045311477 0.0172485448 0.0138991978 -0.0450114831 0.0178258847 0.0139032677 -0.045311477 0.0178258866 0.0139022209 -0.0450114794 0.0172485448 0.0138991978 -0.0450114831 0.0178258847 0.0139032677 -0.045311477 0.0181171745 0.0134047894 -0.0453132205 0.0178258866 0.0139022209 -0.0450114794 0.0181171745 0.0134047894 -0.0453132205 0.0181171764 0.0134037426 -0.0450132228 0.0178258866 0.0139022209 -0.0450114794 0.0181239806 0.0121048149 -0.0453177579 0.0178379267 0.0116033135 -0.045319505 0.0181239825 0.0121037681 -0.0450177602 0.0178379267 0.0116033135 -0.045319505 0.0178379305 0.0116022667 -0.0450195074 0.0181239825 0.0121037681 -0.0450177602 0.0178379267 0.0116033135 -0.045319505 0.017260585 0.0116002904 -0.0453195088 0.0178379305 0.0116022667 -0.0450195074 0.017260585 0.0116002904 -0.0453195088 0.0172605868 0.0115992436 -0.0450195111 0.0178379305 0.0116022667 -0.0450195074 0.017260585 0.0116002904 -0.0453195088 0.0169692952 0.0120987687 -0.0453177691 0.0172605868 0.0115992436 -0.0450195111 0.0169692952 0.0120987687 -0.0453177691 0.0169692989 0.0120977219 -0.0450177714 0.0172605868 0.0115992436 -0.0450195111 0.0169692952 0.0120987687 -0.0453177691 0.0172553491 0.012600271 -0.0453160182 0.0169692989 0.0120977219 -0.0450177714 0.0172553491 0.012600271 -0.0453160182 0.0172553509 0.0125992233 -0.0450160205 0.0169692989 0.0120977219 -0.0450177714 0.0172553491 0.012600271 -0.0453160182 0.0178326908 0.0126032941 -0.0453160144 0.0172553509 0.0125992233 -0.0450160205 0.0178326908 0.0126032941 -0.0453160144 0.0178326946 0.0126022464 -0.0450160168 0.0172553509 0.0125992233 -0.0450160205 0.0178326908 0.0126032941 -0.0453160144 0.0181239806 0.0121048149 -0.0453177579 0.0178326946 0.0126022464 -0.0450160168 0.0181239806 0.0121048149 -0.0453177579 0.0181239825 0.0121037681 -0.0450177602 0.0178326946 0.0126022464 -0.0450160168 0.0181307867 0.0108048404 -0.0453222953 0.0178447347 0.010303339 -0.0453240424 0.0181307904 0.0108037936 -0.0450222977 0.0178447347 0.010303339 -0.0453240424 0.0178447366 0.0103022922 -0.0450240448 0.0181307904 0.0108037936 -0.0450222977 0.0178447347 0.010303339 -0.0453240424 0.0172673911 0.0103003159 -0.0453240499 0.0178447366 0.0103022922 -0.0450240448 0.0172673911 0.0103003159 -0.0453240499 0.0172673948 0.0102992691 -0.0450240485 0.0178447366 0.0103022922 -0.0450240448 0.0172673911 0.0103003159 -0.0453240499 0.0169761032 0.0107987951 -0.0453223065 0.0172673948 0.0102992691 -0.0450240485 0.0169761032 0.0107987951 -0.0453223065 0.016976105 0.0107977474 -0.0450223088 0.0172673948 0.0102992691 -0.0450240485 0.0169761032 0.0107987951 -0.0453223065 0.0172621552 0.0113002965 -0.0453205593 0.016976105 0.0107977474 -0.0450223088 0.0172621552 0.0113002965 -0.0453205593 0.0172621589 0.0112992497 -0.0450205579 0.016976105 0.0107977474 -0.0450223088 0.0172621552 0.0113002965 -0.0453205593 0.0178394988 0.0113033196 -0.0453205518 0.0172621589 0.0112992497 -0.0450205579 0.0178394988 0.0113033196 -0.0453205518 0.0178395007 0.0113022719 -0.0450205542 0.0172621589 0.0112992497 -0.0450205579 0.0178394988 0.0113033196 -0.0453205518 0.0181307867 0.0108048404 -0.0453222953 0.0178395007 0.0113022719 -0.0450205542 0.0181307867 0.0108048404 -0.0453222953 0.0181307904 0.0108037936 -0.0450222977 0.0178395007 0.0113022719 -0.0450205542 0.0181375947 0.00950486679 -0.0453268327 0.0178515408 0.00900336541 -0.0453285798 0.0181375965 0.00950381905 -0.0450268351 0.0178515408 0.00900336541 -0.0453285798 0.0178515427 0.00900231767 -0.0450285822 0.0181375965 0.00950381905 -0.0450268351 0.0178515408 0.00900336541 -0.0453285798 0.0172741991 0.00900034234 -0.0453285873 0.0178515427 0.00900231767 -0.0450285822 0.0172741991 0.00900034234 -0.0453285873 0.0172742009 0.0089992946 -0.0450285897 0.0178515427 0.00900231767 -0.0450285822 0.0172741991 0.00900034234 -0.0453285873 0.0169829093 0.00949882064 -0.0453268439 0.0172742009 0.0089992946 -0.0450285897 0.0169829093 0.00949882064 -0.0453268439 0.0169829112 0.00949777383 -0.0450268462 0.0172742009 0.0089992946 -0.0450285897 0.0169829093 0.00949882064 -0.0453268439 0.0172689632 0.010000322 -0.0453250967 0.0169829112 0.00949777383 -0.0450268462 0.0172689632 0.010000322 -0.0453250967 0.017268965 0.00999927521 -0.0450250991 0.0169829112 0.00949777383 -0.0450268462 0.0172689632 0.010000322 -0.0453250967 0.0178463049 0.0100033451 -0.0453250892 0.017268965 0.00999927521 -0.0450250991 0.0178463049 0.0100033451 -0.0453250892 0.0178463068 0.0100022983 -0.0450250916 0.017268965 0.00999927521 -0.0450250991 0.0178463049 0.0100033451 -0.0453250892 0.0181375947 0.00950486679 -0.0453268327 0.0178463068 0.0100022983 -0.0450250916 0.0181375947 0.00950486679 -0.0453268327 0.0181375965 0.00950381905 -0.0450268351 0.0178463068 0.0100022983 -0.0450250916 0.0181444008 0.00820489228 -0.0453313701 0.0178583469 0.0077033909 -0.0453331172 0.0181444027 0.00820384547 -0.0450313725 0.0178583469 0.0077033909 -0.0453331172 0.0178583506 0.00770234363 -0.0450331196 0.0181444027 0.00820384547 -0.0450313725 0.0178583469 0.0077033909 -0.0453331172 0.0172810052 0.00770036783 -0.0453331247 0.0178583506 0.00770234363 -0.0450331196 0.0172810052 0.00770036783 -0.0453331247 0.017281007 0.00769932056 -0.0450331271 0.0178583506 0.00770234363 -0.0450331196 0.0172810052 0.00770036783 -0.0453331247 0.0169897154 0.00819884613 -0.0453313813 0.017281007 0.00769932056 -0.0450331271 0.0169897154 0.00819884613 -0.0453313813 0.0169897191 0.00819779932 -0.0450313836 0.017281007 0.00769932056 -0.0450331271 0.0169897154 0.00819884613 -0.0453313813 0.0172757693 0.00870034751 -0.0453296341 0.0169897191 0.00819779932 -0.0450313836 0.0172757693 0.00870034751 -0.0453296341 0.0172757711 0.0086993007 -0.0450296365 0.0169897191 0.00819779932 -0.0450313836 0.0172757693 0.00870034751 -0.0453296341 0.017853111 0.00870337058 -0.0453296266 0.0172757711 0.0086993007 -0.0450296365 0.017853111 0.00870337058 -0.0453296266 0.0178531148 0.00870232377 -0.045029629 0.0172757711 0.0086993007 -0.0450296365 0.017853111 0.00870337058 -0.0453296266 0.0181444008 0.00820489228 -0.0453313701 0.0178531148 0.00870232377 -0.045029629 0.0181444008 0.00820489228 -0.0453313701 0.0181444027 0.00820384547 -0.0450313725 0.0178531148 0.00870232377 -0.045029629 0.0181512069 0.00690491823 -0.0453359075 0.0178651549 0.0064034164 -0.0453376547 0.0181512106 0.00690387096 -0.0450359099 0.0178651549 0.0064034164 -0.0453376547 0.0178651568 0.00640236912 -0.045037657 0.0181512106 0.00690387096 -0.0450359099 0.0178651549 0.0064034164 -0.0453376547 0.0172878113 0.00640039332 -0.0453376621 0.0178651568 0.00640236912 -0.045037657 0.0172878113 0.00640039332 -0.0453376621 0.017287815 0.00639934652 -0.0450376645 0.0178651568 0.00640236912 -0.045037657 0.0172878113 0.00640039332 -0.0453376621 0.0169965234 0.00689887209 -0.0453359187 0.017287815 0.00639934652 -0.0450376645 0.0169965234 0.00689887209 -0.0453359187 0.0169965252 0.00689782482 -0.045035921 0.017287815 0.00639934652 -0.0450376645 0.0169965234 0.00689887209 -0.0453359187 0.0172825754 0.00740037346 -0.0453341715 0.0169965252 0.00689782482 -0.045035921 0.0172825754 0.00740037346 -0.0453341715 0.0172825791 0.00739932666 -0.0450341739 0.0169965252 0.00689782482 -0.045035921 0.0172825754 0.00740037346 -0.0453341715 0.017859919 0.00740339654 -0.0453341641 0.0172825791 0.00739932666 -0.0450341739 0.017859919 0.00740339654 -0.0453341641 0.0178599209 0.00740234926 -0.0450341664 0.0172825791 0.00739932666 -0.0450341739 0.017859919 0.00740339654 -0.0453341641 0.0181512069 0.00690491823 -0.0453359075 0.0178599209 0.00740234926 -0.0450341664 0.0181512069 0.00690491823 -0.0453359075 0.0181512106 0.00690387096 -0.0450359099 0.0178599209 0.00740234926 -0.0450341664 0.0181580149 0.00560494373 -0.0453404449 0.017871961 0.00510344235 -0.0453421958 0.0181580167 0.00560389645 -0.0450404473 0.017871961 0.00510344235 -0.0453421958 0.0178719629 0.00510239508 -0.0450421944 0.0181580167 0.00560389645 -0.0450404473 0.017871961 0.00510344235 -0.0453421958 0.0172946192 0.00510041928 -0.0453421995 0.0178719629 0.00510239508 -0.0450421944 0.0172946192 0.00510041928 -0.0453421995 0.0172946211 0.00509937201 -0.0450422019 0.0178719629 0.00510239508 -0.0450421944 0.0172946192 0.00510041928 -0.0453421995 0.0170033295 0.00559889758 -0.0453404561 0.0172946211 0.00509937201 -0.0450422019 0.0170033295 0.00559889758 -0.0453404561 0.0170033313 0.00559785077 -0.0450404584 0.0172946211 0.00509937201 -0.0450422019 0.0170033295 0.00559889758 -0.0453404561 0.0172893833 0.00610039942 -0.0453387089 0.0170033313 0.00559785077 -0.0450404584 0.0172893833 0.00610039942 -0.0453387089 0.0172893852 0.00609935215 -0.0450387113 0.0170033313 0.00559785077 -0.0450404584 0.0172893833 0.00610039942 -0.0453387089 0.0178667251 0.00610342249 -0.0453387052 0.0172893852 0.00609935215 -0.0450387113 0.0178667251 0.00610342249 -0.0453387052 0.017866727 0.00610237522 -0.0450387038 0.0172893852 0.00609935215 -0.0450387113 0.0178667251 0.00610342249 -0.0453387052 0.0181580149 0.00560494373 -0.0453404449 0.017866727 0.00610237522 -0.0450387038 0.0181580149 0.00560494373 -0.0453404449 0.0181580167 0.00560389645 -0.0450404473 0.017866727 0.00610237522 -0.0450387038 0.018164821 0.00430496968 -0.0453449823 0.0178787671 0.00380346784 -0.0453467332 0.0181648228 0.00430392241 -0.0450449847 0.0178787671 0.00380346784 -0.0453467332 0.0178787708 0.0038024208 -0.0450467356 0.0181648228 0.00430392241 -0.0450449847 0.0178787671 0.00380346784 -0.0453467332 0.0173014253 0.003800445 -0.0453467369 0.0178787708 0.0038024208 -0.0450467356 0.0173014253 0.003800445 -0.0453467369 0.0173014272 0.00379939773 -0.0450467393 0.0178787708 0.0038024208 -0.0450467356 0.0173014253 0.003800445 -0.0453467369 0.0170101356 0.00429892354 -0.0453449935 0.0173014272 0.00379939773 -0.0450467393 0.0170101356 0.00429892354 -0.0453449935 0.0170101393 0.00429787626 -0.0450449958 0.0173014272 0.00379939773 -0.0450467393 0.0170101393 0.00429787626 -0.0450449958 0.0170101356 0.00429892354 -0.0453449935 0.0170323029 0.0043367357 -0.0450448617 0.0170101356 0.00429892354 -0.0453449935 0.0170323011 0.00433778297 -0.0453448594 0.0170323029 0.0043367357 -0.0450448617 0.0170323029 0.0043367357 -0.0450448617 0.0170323011 0.00433778297 -0.0453448594 0.0172961913 0.0047993781 -0.0450432487 0.0170323011 0.00433778297 -0.0453448594 0.0172961894 0.00480042538 -0.0453432463 0.0172961913 0.0047993781 -0.0450432487 0.0172961894 0.00480042538 -0.0453432463 0.0178735312 0.00480344798 -0.0453432426 0.0172961913 0.0047993781 -0.0450432487 0.0178735312 0.00480344798 -0.0453432426 0.0178735349 0.00480240118 -0.045043245 0.0172961913 0.0047993781 -0.0450432487 0.0178735312 0.00480344798 -0.0453432426 0.018164821 0.00430496968 -0.0453449823 0.0178735349 0.00480240118 -0.045043245 0.018164821 0.00430496968 -0.0453449823 0.0181648228 0.00430392241 -0.0450449847 0.0178735349 0.00480240118 -0.045043245 0.0181716271 0.00300499517 -0.0453495234 0.0178855751 0.00250349357 -0.0453512706 0.0181716308 0.00300394814 -0.0450495221 0.0178855751 0.00250349357 -0.0453512706 0.0178855769 0.00250244653 -0.045051273 0.0181716308 0.00300394814 -0.0450495221 0.0178855751 0.00250349357 -0.0453512706 0.0173082314 0.00250047073 -0.0453512743 0.0178855769 0.00250244653 -0.045051273 0.0173082314 0.00250047073 -0.0453512743 0.0173082352 0.00249942346 -0.0450512767 0.0178855769 0.00250244653 -0.045051273 0.0173082314 0.00250047073 -0.0453512743 0.0170169435 0.00299894926 -0.0453495309 0.0173082352 0.00249942346 -0.0450512767 0.0170169435 0.00299894926 -0.0453495309 0.0170169454 0.00299790222 -0.0450495332 0.0173082352 0.00249942346 -0.0450512767 0.0173029955 0.00350045087 -0.0453477837 0.0173029993 0.00349940383 -0.0450477861 0.0170391072 0.0030378087 -0.0453493968 0.0173029993 0.00349940383 -0.0450477861 0.0170169454 0.00299790222 -0.0450495332 0.0170391072 0.0030378087 -0.0453493968 0.0170391072 0.0030378087 -0.0453493968 0.0170169454 0.00299790222 -0.0450495332 0.0170169435 0.00299894926 -0.0453495309 0.0173029955 0.00350045087 -0.0453477837 0.0178803373 0.00350347394 -0.04534778 0.0173029993 0.00349940383 -0.0450477861 0.0178803373 0.00350347394 -0.04534778 0.017880341 0.00350242667 -0.0450477824 0.0173029993 0.00349940383 -0.0450477861 0.0178803373 0.00350347394 -0.04534778 0.0181716271 0.00300499517 -0.0453495234 0.017880341 0.00350242667 -0.0450477824 0.0181716271 0.00300499517 -0.0453495234 0.0181716308 0.00300394814 -0.0450495221 0.017880341 0.00350242667 -0.0450477824 0.0158648528 0.00429292675 -0.0453450046 0.0158648547 0.00429187948 -0.045045007 0.0158606898 0.00430004811 -0.0453449786 0.0158648547 0.00429187948 -0.045045007 0.0158606935 0.0042990013 -0.0450449809 0.0158606898 0.00430004811 -0.0453449786 0.0158606898 0.00430004811 -0.0453449786 0.0158606935 0.0042990013 -0.0450449809 0.0158538837 0.00431169616 -0.0453449376 0.0158606935 0.0042990013 -0.0450449809 0.0158538874 0.00431064935 -0.04504494 0.0158538837 0.00431169616 -0.0453449376 0.0158538837 0.00431169616 -0.0453449376 0.0158538874 0.00431064935 -0.04504494 0.0158470776 0.00432334468 -0.0453449003 0.0158538874 0.00431064935 -0.04504494 0.0158470795 0.00432229787 -0.045044899 0.0158470776 0.00432334468 -0.0453449003 0.0158470776 0.00432334468 -0.0453449003 0.0158470795 0.00432229787 -0.045044899 0.0158402715 0.00433499273 -0.0453448594 0.0158470795 0.00432229787 -0.045044899 0.0158402734 0.00433394592 -0.045044858 0.0158402715 0.00433499273 -0.0453448594 0.0158402715 0.00433499273 -0.0453448594 0.0158402734 0.00433394592 -0.045044858 0.0158386398 0.00433778297 -0.0453448482 0.0158402734 0.00433394592 -0.045044858 0.0158386435 0.0043367357 -0.0450448506 0.0158386398 0.00433778297 -0.0453448482 0.0158386398 0.00433778297 -0.0453448482 0.0158386435 0.0043367357 -0.0450448506 0.0155735621 0.00479140552 -0.0453432612 0.0158386435 0.0043367357 -0.0450448506 0.0155735658 0.00479035825 -0.0450432636 0.0155735621 0.00479140552 -0.0453432612 0.0155787989 0.00379142538 -0.0453467518 0.0155788036 0.00379037834 -0.0450467542 0.01558109 0.00379544124 -0.0453467406 0.0155788036 0.00379037834 -0.0450467542 0.0158402734 0.00424878346 -0.045045156 0.01558109 0.00379544124 -0.0453467406 0.0158648547 0.00429187948 -0.045045007 0.0158648528 0.00429292675 -0.0453450046 0.0158606935 0.00428458396 -0.0450450331 0.0158648528 0.00429292675 -0.0453450046 0.0158606898 0.00428563077 -0.0453450307 0.0158606935 0.00428458396 -0.0450450331 0.0158606935 0.00428458396 -0.0450450331 0.0158606898 0.00428563077 -0.0453450307 0.0158538874 0.00427265046 -0.0450450741 0.0158606898 0.00428563077 -0.0453450307 0.0158538837 0.00427369773 -0.0453450717 0.0158538874 0.00427265046 -0.0450450741 0.0158538874 0.00427265046 -0.0450450741 0.0158538837 0.00427369773 -0.0453450717 0.0158470795 0.00426071696 -0.0450451151 0.0158538837 0.00427369773 -0.0453450717 0.0158470776 0.00426176423 -0.0453451127 0.0158470795 0.00426071696 -0.0450451151 0.0158470795 0.00426071696 -0.0450451151 0.0158470776 0.00426176423 -0.0453451127 0.0158402734 0.00424878346 -0.045045156 0.0158470776 0.00426176423 -0.0453451127 0.0158402696 0.00424983073 -0.0453451537 0.0158402734 0.00424878346 -0.045045156 0.0158402734 0.00424878346 -0.045045156 0.0158402696 0.00424983073 -0.0453451537 0.01558109 0.00379544124 -0.0453467406 0.015390126 0.00379043748 -0.0453467555 0.0153901288 0.0037893902 -0.0450467579 0.0155787989 0.00379142538 -0.0453467518 0.0153901288 0.0037893902 -0.0450467579 0.0155788036 0.00379037834 -0.0450467542 0.0155787989 0.00379142538 -0.0453467518 0.0153848901 0.00479041738 -0.0453432649 0.0153848948 0.00478937058 -0.0450432673 0.015390126 0.00379043748 -0.0453467555 0.0153848948 0.00478937058 -0.0450432673 0.0153901288 0.0037893902 -0.0450467579 0.015390126 0.00379043748 -0.0453467555 0.0153848948 0.00478937058 -0.0450432673 0.0153848901 0.00479041738 -0.0453432649 0.0155735658 0.00479035825 -0.0450432636 0.0153848901 0.00479041738 -0.0453432649 0.0155735621 0.00479140552 -0.0453432612 0.0155735658 0.00479035825 -0.0450432636 0.0158580448 0.00559290079 -0.0453404672 0.0158580486 0.00559185399 -0.0450404696 0.0158538837 0.00560002215 -0.0453404412 0.0158580486 0.00559185399 -0.0450404696 0.0158538874 0.00559897535 -0.0450404435 0.0158538837 0.00560002215 -0.0453404412 0.0158538837 0.00560002215 -0.0453404412 0.0158538874 0.00559897535 -0.0450404435 0.0158470776 0.00561167067 -0.0453404002 0.0158538874 0.00559897535 -0.0450404435 0.0158470795 0.00561062386 -0.0450404026 0.0158470776 0.00561167067 -0.0453404002 0.0158470776 0.00561167067 -0.0453404002 0.0158470795 0.00561062386 -0.0450404026 0.0158402715 0.00562331872 -0.0453403592 0.0158470795 0.00561062386 -0.0450404026 0.0158402734 0.00562227191 -0.0450403616 0.0158402715 0.00562331872 -0.0453403592 0.0158402715 0.00562331872 -0.0453403592 0.0158402734 0.00562227191 -0.0450403616 0.0158318337 0.00563775701 -0.0453403108 0.0158402734 0.00562227191 -0.0450403616 0.0158318356 0.00563670974 -0.0450403132 0.0158318337 0.00563775701 -0.0453403108 0.0158318337 0.00563775701 -0.0453403108 0.0158318356 0.00563670974 -0.0450403132 0.0155667551 0.00609137956 -0.0453387238 0.0158318356 0.00563670974 -0.0450403132 0.0155667588 0.00609033275 -0.0450387262 0.0155667551 0.00609137956 -0.0453387238 0.0158580486 0.00559185399 -0.0450404696 0.0158580448 0.00559290079 -0.0453404672 0.0158538874 0.00558455801 -0.0450404957 0.0158580448 0.00559290079 -0.0453404672 0.0158538837 0.00558560528 -0.0453404933 0.0158538874 0.00558455801 -0.0450404957 0.0158538874 0.00558455801 -0.0450404957 0.0158538837 0.00558560528 -0.0453404933 0.0158470795 0.0055726245 -0.0450405367 0.0158538837 0.00558560528 -0.0453404933 0.0158470776 0.00557367178 -0.0453405343 0.0158470795 0.0055726245 -0.0450405367 0.0158470795 0.0055726245 -0.0450405367 0.0158470776 0.00557367178 -0.0453405343 0.0158402734 0.00556069147 -0.0450405777 0.0155719919 0.00509139942 -0.0453422144 0.0155719966 0.00509035261 -0.0450422168 0.015574283 0.00509541528 -0.0453421995 0.0155719966 0.00509035261 -0.0450422168 0.0158402734 0.00556069147 -0.0450405777 0.015574283 0.00509541528 -0.0453421995 0.015574283 0.00509541528 -0.0453421995 0.0158402734 0.00556069147 -0.0450405777 0.0158402696 0.00556173827 -0.0453405753 0.0158402734 0.00556069147 -0.0450405777 0.0158470776 0.00557367178 -0.0453405343 0.0158402696 0.00556173827 -0.0453405753 0.0153833199 0.00509041175 -0.0453422181 0.0153833227 0.00508936448 -0.0450422205 0.0155719919 0.00509139942 -0.0453422144 0.0153833227 0.00508936448 -0.0450422205 0.0155719966 0.00509035261 -0.0450422168 0.0155719919 0.00509139942 -0.0453422144 0.0153833199 0.00509041175 -0.0453422181 0.0153832939 0.00509541528 -0.0453421995 0.0153833227 0.00508936448 -0.0450422205 0.0153832939 0.00509541528 -0.0453421995 0.0153814871 0.00544040464 -0.0453409962 0.0153833227 0.00508936448 -0.0450422205 0.0153833227 0.00508936448 -0.0450422205 0.0153814871 0.00544040464 -0.0453409962 0.0153780878 0.00608934462 -0.0450387299 0.0153814871 0.00544040464 -0.0453409962 0.0153804542 0.00563775701 -0.0453403071 0.0153780878 0.00608934462 -0.0450387299 0.0153780878 0.00608934462 -0.0450387299 0.0153804542 0.00563775701 -0.0453403071 0.015378084 0.00609039189 -0.0453387275 0.0153780878 0.00608934462 -0.0450387299 0.015378084 0.00609039189 -0.0453387275 0.0155667588 0.00609033275 -0.0450387262 0.015378084 0.00609039189 -0.0453387275 0.0155667551 0.00609137956 -0.0453387238 0.0155667588 0.00609033275 -0.0450387262 0.0158512387 0.0068928753 -0.0453359298 0.0158512406 0.00689182803 -0.0450359322 0.0158470776 0.00689999666 -0.0453359038 0.0158512406 0.00689182803 -0.0450359322 0.0158470795 0.00689894985 -0.0450359061 0.0158470776 0.00689999666 -0.0453359038 0.0158470776 0.00689999666 -0.0453359038 0.0158470795 0.00689894985 -0.0450359061 0.0158402696 0.00691164471 -0.0453358628 0.0158470795 0.00689894985 -0.0450359061 0.0158402734 0.00691059791 -0.0450358652 0.0158402696 0.00691164471 -0.0453358628 0.0158402696 0.00691164471 -0.0453358628 0.0158402734 0.00691059791 -0.0450358652 0.0158250276 0.00693773152 -0.0453357734 0.0158402734 0.00691059791 -0.0450358652 0.0158250295 0.00693668425 -0.0450357758 0.0158250276 0.00693773152 -0.0453357734 0.0158250276 0.00693773152 -0.0453357734 0.0158250295 0.00693668425 -0.0450357758 0.015559948 0.00739135407 -0.0453341864 0.0158250295 0.00693668425 -0.0450357758 0.0155599527 0.0073903068 -0.0450341888 0.015559948 0.00739135407 -0.0453341864 0.0158512406 0.00689182803 -0.0450359322 0.0158512387 0.0068928753 -0.0453359298 0.0158470795 0.00688453251 -0.0450359583 0.0158512387 0.0068928753 -0.0453359298 0.0158470776 0.00688557932 -0.0453359559 0.0158470795 0.00688453251 -0.0450359583 0.0155651858 0.00639137393 -0.045337677 0.0155651895 0.00639032666 -0.0450376794 0.0155674759 0.00639538979 -0.0453376621 0.0155651895 0.00639032666 -0.0450376794 0.0158470795 0.00688453251 -0.0450359583 0.0155674759 0.00639538979 -0.0453376621 0.0155674759 0.00639538979 -0.0453376621 0.0158470795 0.00688453251 -0.0450359583 0.0158402696 0.00687364629 -0.0453359969 0.0158470795 0.00688453251 -0.0450359583 0.0158470776 0.00688557932 -0.0453359559 0.0158402696 0.00687364629 -0.0453359969 0.0153765129 0.0063903858 -0.0453376807 0.0153765157 0.00638933852 -0.0450376794 0.0155651858 0.00639137393 -0.045337677 0.0153765157 0.00638933852 -0.0450376794 0.0155651895 0.00639032666 -0.0450376794 0.0155651858 0.00639137393 -0.045337677 0.0153765129 0.0063903858 -0.0453376807 0.0153764868 0.00639538979 -0.0453376621 0.0153765157 0.00638933852 -0.0450376794 0.0153764868 0.00639538979 -0.0453376621 0.01537468 0.00674037915 -0.0453364588 0.0153765157 0.00638933852 -0.0450376794 0.0153765157 0.00638933852 -0.0450376794 0.01537468 0.00674037915 -0.0453364588 0.0153712807 0.00738931913 -0.0450341888 0.01537468 0.00674037915 -0.0453364588 0.0153736472 0.00693773152 -0.0453357697 0.0153712807 0.00738931913 -0.0450341888 0.0153712807 0.00738931913 -0.0450341888 0.0153736472 0.00693773152 -0.0453357697 0.015371277 0.00739036594 -0.0453341901 0.0153712807 0.00738931913 -0.0450341888 0.015371277 0.00739036594 -0.0453341901 0.0155599527 0.0073903068 -0.0450341888 0.015371277 0.00739036594 -0.0453341901 0.015559948 0.00739135407 -0.0453341864 0.0155599527 0.0073903068 -0.0450341888 0.0155531419 0.00869132858 -0.045329649 0.0158444326 0.00819284935 -0.0453313924 0.0155531457 0.00869028084 -0.0450296514 0.0158444326 0.00819284935 -0.0453313924 0.0158444345 0.00819180254 -0.0450313948 0.0155531457 0.00869028084 -0.0450296514 0.0158444326 0.00819284935 -0.0453313924 0.0155583788 0.00769134797 -0.0453331396 0.0158444345 0.00819180254 -0.0450313948 0.0155583788 0.00769134797 -0.0453331396 0.0155583834 0.00769030116 -0.045033142 0.0158444345 0.00819180254 -0.0450313948 0.0153697059 0.0076903603 -0.0453331396 0.0153697086 0.00768931303 -0.045033142 0.0155583788 0.00769134797 -0.0453331396 0.0153697086 0.00768931303 -0.045033142 0.0155583834 0.00769030116 -0.045033142 0.0155583788 0.00769134797 -0.0453331396 0.01536447 0.00869034044 -0.045329649 0.0153644746 0.00868929364 -0.0450296514 0.0153697059 0.0076903603 -0.0453331396 0.0153644746 0.00868929364 -0.0450296514 0.0153697086 0.00768931303 -0.045033142 0.0153697059 0.0076903603 -0.0453331396 0.0153644746 0.00868929364 -0.0450296514 0.01536447 0.00869034044 -0.045329649 0.0155531457 0.00869028084 -0.0450296514 0.01536447 0.00869034044 -0.045329649 0.0155531419 0.00869132858 -0.045329649 0.0155531457 0.00869028084 -0.0450296514 0.0155463349 0.00999130215 -0.0453251116 0.0158376247 0.00949282385 -0.045326855 0.0155463386 0.00999025535 -0.045025114 0.0158376247 0.00949282385 -0.045326855 0.0158376284 0.00949177705 -0.0450268574 0.0155463386 0.00999025535 -0.045025114 0.0158376247 0.00949282385 -0.045326855 0.0155515717 0.00899132248 -0.0453286022 0.0158376284 0.00949177705 -0.0450268574 0.0155515717 0.00899132248 -0.0453286022 0.0155515764 0.00899027567 -0.0450286046 0.0158376284 0.00949177705 -0.0450268574 0.0153628998 0.00899033435 -0.0453286022 0.0153629025 0.00898928754 -0.0450286046 0.0155515717 0.00899132248 -0.0453286022 0.0153629025 0.00898928754 -0.0450286046 0.0155515764 0.00899027567 -0.0450286046 0.0155515717 0.00899132248 -0.0453286022 0.0153576639 0.00999031495 -0.0453251116 0.0153576676 0.00998926722 -0.045025114 0.0153628998 0.00899033435 -0.0453286022 0.0153576676 0.00998926722 -0.045025114 0.0153629025 0.00898928754 -0.0450286046 0.0153628998 0.00899033435 -0.0453286022 0.0153576676 0.00998926722 -0.045025114 0.0153576639 0.00999031495 -0.0453251116 0.0155463386 0.00999025535 -0.045025114 0.0153576639 0.00999031495 -0.0453251116 0.0155463349 0.00999130215 -0.0453251116 0.0155463386 0.00999025535 -0.045025114 0.0155395279 0.0112912767 -0.0453205742 0.0158308186 0.0107927984 -0.0453223176 0.0155395325 0.0112902299 -0.0450205766 0.0158308186 0.0107927984 -0.0453223176 0.0158308223 0.0107917506 -0.0450223163 0.0155395325 0.0112902299 -0.0450205766 0.0158308186 0.0107927984 -0.0453223176 0.0155447656 0.010291297 -0.0453240648 0.0158308223 0.0107917506 -0.0450223163 0.0155447656 0.010291297 -0.0453240648 0.0155447694 0.0102902493 -0.0450240672 0.0158308223 0.0107917506 -0.0450223163 0.0153560927 0.0102903089 -0.0453240648 0.0153560955 0.0102892611 -0.0450240672 0.0155447656 0.010291297 -0.0453240648 0.0153560955 0.0102892611 -0.0450240672 0.0155447694 0.0102902493 -0.0450240672 0.0155447656 0.010291297 -0.0453240648 </float_array>
          <technique_common>
            <accessor count="6756" offset="0" source="#mesh_0-positions-array" stride="3">
              <param name="X" type="float" />
              <param name="Y" type="float" />
              <param name="Z" type="float" />
            </accessor>
          </technique_common>
        </source>
        <source id="mesh_0-normals" name="mesh_0-normals">
          <float_array id="mesh_0-normals-array" count="20268"> 0 -0.00348846684 0.99999392 0 -0.00348846684 0.99999392 0 -0.00348846684 0.99999392 2.07042444e-06 -0.00348881166 0.99999392 2.07042444e-06 -0.00348881166 0.99999392 2.07042444e-06 -0.00348881166 0.99999392 1.9190009e-05 -0.00348628103 0.99999392 1.9190009e-05 -0.00348628103 0.99999392 1.9190009e-05 -0.00348628103 0.99999392 0 -0.00349842384 0.999993861 0 -0.00349842384 0.999993861 0 -0.00349842384 0.999993861 0 -0.00349842035 0.999993861 0 -0.00349842035 0.999993861 0 -0.00349842035 0.999993861 0 -0.00349842384 0.999993861 0 -0.00349842384 0.999993861 0 -0.00349842384 0.999993861 0 -0.003495896 0.999993861 0 -0.003495896 0.999993861 0 -0.003495896 0.999993861 0 -0.00349590136 0.999993861 0 -0.00349590136 0.999993861 0 -0.00349590136 0.999993861 0 -0.003495896 0.999993861 0 -0.003495896 0.999993861 0 -0.003495896 0.999993861 0 -0.00348531944 0.99999392 0 -0.00348531944 0.99999392 0 -0.00348531944 0.99999392 0 -0.00350721204 0.999993861 0 -0.00350721204 0.999993861 0 -0.00350721204 0.999993861 0 -0.003495896 0.999993861 0 -0.003495896 0.999993861 0 -0.003495896 0.999993861 0 -0.003495896 0.999993861 0 -0.003495896 0.999993861 0 -0.003495896 0.999993861 7.3263468e-06 -0.00348573714 0.99999392 7.3263468e-06 -0.00348573714 0.99999392 7.3263468e-06 -0.00348573714 0.99999392 9.48124489e-06 -0.00349195092 0.99999392 9.48124489e-06 -0.00349195092 0.99999392 9.48124489e-06 -0.00349195092 0.99999392 9.48218621e-06 -0.00349195371 0.99999392 9.48218621e-06 -0.00349195371 0.99999392 9.48218621e-06 -0.00349195371 0.99999392 0 -0.00349590648 0.999993861 0 -0.00349590648 0.999993861 0 -0.00349590648 0.999993861 9.67048436e-06 -0.00348935439 0.99999392 9.67048436e-06 -0.00348935439 0.99999392 9.67048436e-06 -0.00348935439 0.99999392 5.09340935e-05 -0.00354275247 0.999993742 5.09340935e-05 -0.00354275247 0.999993742 5.09340935e-05 -0.00354275247 0.999993742 1.18573189e-05 -0.00349677051 0.999993861 1.18573189e-05 -0.00349677051 0.999993861 1.18573189e-05 -0.00349677051 0.999993861 9.33643605e-06 -0.00349098397 0.99999392 9.33643605e-06 -0.00349098397 0.99999392 9.33643605e-06 -0.00349098397 0.99999392 5.36423795e-06 -0.00348914484 0.99999392 5.36423795e-06 -0.00348914484 0.99999392 5.36423795e-06 -0.00348914484 0.99999392 1.23783293e-05 -0.00349025894 0.99999392 1.23783293e-05 -0.00349025894 0.99999392 1.23783293e-05 -0.00349025894 0.99999392 5.36615607e-06 -0.00348937674 0.99999392 5.36615607e-06 -0.00348937674 0.99999392 5.36615607e-06 -0.00348937674 0.99999392 5.36473453e-06 -0.00348937418 0.99999392 5.36473453e-06 -0.00348937418 0.99999392 5.36473453e-06 -0.00348937418 0.99999392 9.66577954e-06 -0.0034893516 0.99999392 9.66577954e-06 -0.0034893516 0.99999392 9.66577954e-06 -0.0034893516 0.99999392 1.59783813e-05 -0.00349159329 0.99999392 1.59783813e-05 -0.00349159329 0.99999392 1.59783813e-05 -0.00349159329 0.99999392 7.79685161e-06 -0.0034915728 0.99999392 7.79685161e-06 -0.0034915728 0.99999392 7.79685161e-06 -0.0034915728 0.99999392 7.43997225e-05 -0.00349050388 0.99999392 7.43997225e-05 -0.00349050388 0.99999392 7.43997225e-05 -0.00349050388 0.99999392 9.93214126e-05 -0.00349050388 0.99999392 9.93214126e-05 -0.00349050388 0.99999392 9.93214126e-05 -0.00349050388 0.99999392 1.82786316e-05 -0.00349068968 0.99999392 1.82786316e-05 -0.00349068968 0.99999392 1.82786316e-05 -0.00349068968 0.99999392 9.95005175e-05 -0.00349068968 0.99999392 9.95005175e-05 -0.00349068968 0.99999392 9.95005175e-05 -0.00349068968 0.99999392 1.82750773e-05 -0.00349087687 0.99999392 1.82750773e-05 -0.00349087687 0.99999392 1.82750773e-05 -0.00349087687 0.99999392 -0.00044736694 -0.00349087641 0.999993801 -0.00044736694 -0.00349087641 0.999993801 -0.00044736694 -0.00349087641 0.999993801 1.82744425e-05 -0.00348980073 0.99999392 1.82744425e-05 -0.00348980073 0.99999392 1.82744425e-05 -0.00348980073 0.99999392 1.83033026e-05 -0.00348980073 0.99999392 1.83033026e-05 -0.00348980073 0.99999392 1.83033026e-05 -0.00348980073 0.99999392 1.01570331e-05 -0.003490631 0.99999392 1.01570331e-05 -0.003490631 0.99999392 1.01570331e-05 -0.003490631 0.99999392 0.000158222756 -0.00348981679 0.99999392 0.000158222756 -0.00348981679 0.99999392 0.000158222756 -0.00348981679 0.99999392 -2.62961777e-07 -0.00372066954 0.999993086 -2.62961777e-07 -0.00372066954 0.999993086 -2.62961777e-07 -0.00372066954 0.999993086 8.11989958e-06 -0.00344379689 0.999994099 8.11989958e-06 -0.00344379689 0.999994099 8.11989958e-06 -0.00344379689 0.999994099 1.82749245e-05 -0.00349017582 0.99999392 1.82749245e-05 -0.00349017582 0.99999392 1.82749245e-05 -0.00349017582 0.99999392 1.63510811e-06 -0.0034911253 0.99999392 1.63510811e-06 -0.0034911253 0.99999392 1.63510811e-06 -0.0034911253 0.99999392 1.53852743e-05 -0.00349017582 0.99999392 1.53852743e-05 -0.00349017582 0.99999392 1.53852743e-05 -0.00349017582 0.99999392 1.53852725e-05 -0.00348847755 0.99999392 1.53852725e-05 -0.00348847755 0.99999392 1.53852725e-05 -0.00348847755 0.99999392 1.53323326e-05 -0.00348839187 0.99999392 1.53323326e-05 -0.00348839187 0.99999392 1.53323326e-05 -0.00348839187 0.99999392 1.53323326e-05 -0.00348892971 0.99999392 1.53323326e-05 -0.00348892971 0.99999392 1.53323326e-05 -0.00348892971 0.99999392 1.51074173e-05 -0.00348885055 0.99999392 1.51074173e-05 -0.00348885055 0.99999392 1.51074173e-05 -0.00348885055 0.99999392 1.51074164e-05 -0.00349311694 0.99999392 1.51074164e-05 -0.00349311694 0.99999392 1.51074164e-05 -0.00349311694 0.99999392 1.49614016e-05 -0.0034930387 0.99999392 1.49614016e-05 -0.0034930387 0.99999392 1.49614016e-05 -0.0034930387 0.99999392 1.49614016e-05 -0.00348847755 0.99999392 1.49614016e-05 -0.00348847755 0.99999392 1.49614016e-05 -0.00348847755 0.99999392 1.49144862e-05 -0.00348839955 0.99999392 1.49144862e-05 -0.00348839955 0.99999392 1.49144862e-05 -0.00348839955 0.99999392 1.49144862e-05 -0.00348893087 0.99999392 1.49144862e-05 -0.00348893087 0.99999392 1.49144862e-05 -0.00348893087 0.99999392 1.47015771e-05 -0.00348885381 0.99999392 1.47015771e-05 -0.00348885381 0.99999392 1.47015771e-05 -0.00348885381 0.99999392 1.47015771e-05 -0.00349311694 0.99999392 1.47015771e-05 -0.00349311694 0.99999392 1.47015771e-05 -0.00349311694 0.99999392 1.45632657e-05 -0.0034930408 0.99999392 1.45632657e-05 -0.0034930408 0.99999392 1.45632657e-05 -0.0034930408 0.99999392 1.45632657e-05 -0.00349328131 0.99999392 1.45632657e-05 -0.00349328131 0.99999392 1.45632657e-05 -0.00349328131 0.99999392 0 -0.00348884822 0.99999392 0 -0.00348884822 0.99999392 0 -0.00348884822 0.99999392 -0 -0.00348501233 0.99999392 -0 -0.00348501233 0.99999392 -0 -0.00348501233 0.99999392 1.418582e-05 -0.00349304266 0.99999392 1.418582e-05 -0.00349304266 0.99999392 1.418582e-05 -0.00349304266 0.99999392 1.418582e-05 -0.00348847755 0.99999392 1.418582e-05 -0.00348847755 0.99999392 1.418582e-05 -0.00348847755 0.99999392 1.41436358e-05 -0.00348840351 0.99999392 1.41436358e-05 -0.00348840351 0.99999392 1.41436358e-05 -0.00348840351 0.99999392 1.41436349e-05 -0.0034943209 0.99999392 1.41436349e-05 -0.0034943209 0.99999392 1.41436349e-05 -0.0034943209 0.99999392 0 -0.00348892855 0.99999392 0 -0.00348892855 0.99999392 0 -0.00348892855 0.99999392 -0 -0.00348501233 0.99999392 -0 -0.00348501233 0.99999392 -0 -0.00348501233 0.99999392 1.38273972e-05 -0.00349304453 0.99999392 1.38273972e-05 -0.00349304453 0.99999392 1.38273972e-05 -0.00349304453 0.99999392 1.38273972e-05 -0.0034884885 0.99999392 1.38273972e-05 -0.0034884885 0.99999392 1.38273972e-05 -0.0034884885 0.99999392 1.37873149e-05 -0.00348841632 0.99999392 1.37873149e-05 -0.00348841632 0.99999392 1.37873149e-05 -0.00348841632 0.99999392 1.37873139e-05 -0.0034906033 0.99999392 1.37873139e-05 -0.0034906033 0.99999392 1.37873139e-05 -0.0034906033 0.99999392 1.34866405e-05 -0.00349053275 0.99999392 1.34866405e-05 -0.00349053275 0.99999392 1.34866405e-05 -0.00349053275 0.99999392 1.34866405e-05 -0.00348846684 0.99999392 1.34866405e-05 -0.00348846684 0.99999392 1.34866405e-05 -0.00348846684 0.99999392 1.34485508e-05 -0.00348839629 0.99999392 1.34485508e-05 -0.00348839629 0.99999392 1.34485508e-05 -0.00348839629 0.99999392 1.34485508e-05 -0.00349432323 0.99999392 1.34485508e-05 -0.00349432323 0.99999392 1.34485508e-05 -0.00349432323 0.99999392 0 -0.00348893087 0.99999392 0 -0.00348893087 0.99999392 0 -0.00348893087 0.99999392 -0 -0.00348501233 0.99999392 -0 -0.00348501233 0.99999392 -0 -0.00348501233 0.99999392 1.31623174e-05 -0.00349304802 0.99999392 1.31623174e-05 -0.00349304802 0.99999392 1.31623174e-05 -0.00349304802 0.99999392 1.31623165e-05 -0.00351338414 0.999993801 1.31623165e-05 -0.00351338414 0.999993801 1.31623165e-05 -0.00351338414 0.999993801 0 -0.00348846684 0.99999392 0 -0.00348846684 0.99999392 0 -0.00348846684 0.99999392 -0 -0.00348893087 0.99999392 -0 -0.00348893087 0.99999392 -0 -0.00348893087 0.99999392 1.29608015e-05 -0.00349425548 0.99999392 1.29608015e-05 -0.00349425548 0.99999392 1.29608015e-05 -0.00349425548 0.99999392 1.29608015e-05 -0.00349311694 0.99999392 1.29608015e-05 -0.00349311694 0.99999392 1.29608015e-05 -0.00349311694 0.99999392 0 -0.00348501233 0.99999392 0 -0.00348501233 0.99999392 0 -0.00348501233 0.99999392 0 -0.0034906033 0.99999392 0 -0.0034906033 0.99999392 0 -0.0034906033 0.99999392 -0 -0.0034906033 0.99999392 -0 -0.0034906033 0.99999392 -0 -0.0034906033 0.99999392 5.51363519e-06 -0.00349057443 0.99999392 5.51363519e-06 -0.00349057443 0.99999392 5.51363519e-06 -0.00349057443 0.99999392 6.76024638e-06 -0.00349104172 0.99999392 6.76024638e-06 -0.00349104172 0.99999392 6.76024638e-06 -0.00349104172 0.99999392 9.89735508e-06 -0.0034917111 0.99999392 9.89735508e-06 -0.0034917111 0.99999392 9.89735508e-06 -0.0034917111 0.99999392 9.5762025e-06 -0.00348930224 0.99999392 9.5762025e-06 -0.00348930224 0.99999392 9.5762025e-06 -0.00348930224 0.99999392 8.9975556e-06 -0.00349055626 0.99999392 8.9975556e-06 -0.00349055626 0.99999392 8.9975556e-06 -0.00349055626 0.99999392 9.48030447e-06 -0.00349194836 0.99999392 9.48030447e-06 -0.00349194836 0.99999392 9.48030447e-06 -0.00349194836 0.99999392 9.48382421e-06 -0.00349094835 0.99999392 9.48382421e-06 -0.00349094835 0.99999392 9.48382421e-06 -0.00349094835 0.99999392 1.18322923e-05 -0.0034919912 0.99999392 1.18322923e-05 -0.0034919912 0.99999392 1.18322923e-05 -0.0034919912 0.99999392 9.08981019e-06 -0.00349035882 0.99999392 9.08981019e-06 -0.00349035882 0.99999392 9.08981019e-06 -0.00349035882 0.99999392 7.58030319e-06 -0.00349090854 0.99999392 7.58030319e-06 -0.00349090854 0.99999392 7.58030319e-06 -0.00349090854 0.99999392 1.81519608e-05 -0.00349090854 0.99999392 1.81519608e-05 -0.00349090854 0.99999392 1.81519608e-05 -0.00349090854 0.99999392 0 -0.00349094113 0.99999392 0 -0.00349094113 0.99999392 0 -0.00349094113 0.99999392 1.81471623e-05 -0.00349094113 0.99999392 1.81471623e-05 -0.00349094113 0.99999392 1.81471623e-05 -0.00349094113 0.99999392 0 -0.00349097373 0.99999392 0 -0.00349097373 0.99999392 0 -0.00349097373 0.99999392 1.81522992e-05 -0.00349097373 0.99999392 1.81522992e-05 -0.00349097373 0.99999392 1.81522992e-05 -0.00349097373 0.99999392 0.000547341944 -0.00349002425 0.999993742 0.000547341944 -0.00349002425 0.999993742 0.000547341944 -0.00349002425 0.999993742 1.01586402e-05 -0.00349002471 0.99999392 1.01586402e-05 -0.00349002471 0.99999392 1.01586402e-05 -0.00349002471 0.99999392 8.11989867e-06 -0.00349027128 0.99999392 8.11989867e-06 -0.00349027128 0.99999392 8.11989867e-06 -0.00349027128 0.99999392 1.81486466e-05 -0.00349027128 0.99999392 1.81486466e-05 -0.00349027128 0.99999392 1.81486466e-05 -0.00349027128 0.99999392 0 -0.00349030388 0.99999392 0 -0.00349030388 0.99999392 0 -0.00349030388 0.99999392 1.83857301e-05 -0.00349030388 0.99999392 1.83857301e-05 -0.00349030388 0.99999392 1.83857301e-05 -0.00349030388 0.99999392 0 -0.00349043589 0.99999392 0 -0.00349043589 0.99999392 0 -0.00349043589 0.99999392 1.8148261e-05 -0.00349043589 0.99999392 1.8148261e-05 -0.00349043589 0.99999392 1.8148261e-05 -0.00349043589 0.99999392 0 -0.00349050108 0.99999392 0 -0.00349050108 0.99999392 0 -0.00349050108 0.99999392 -0 -0.00349050108 0.99999392 -0 -0.00349050108 0.99999392 -0 -0.00349050108 0.99999392 0 -0.00372041017 0.999993086 0 -0.00372041017 0.999993086 0 -0.00372041017 0.999993086 5.36811194e-06 -0.00349061866 0.99999392 5.36811194e-06 -0.00349061866 0.99999392 5.36811194e-06 -0.00349061866 0.99999392 1.17964837e-05 -0.00348515227 0.99999392 1.17964837e-05 -0.00348515227 0.99999392 1.17964837e-05 -0.00348515227 0.99999392 9.57856901e-06 -0.00348929712 0.99999392 9.57856901e-06 -0.00348929712 0.99999392 9.57856901e-06 -0.00348929712 0.99999392 8.9975556e-06 -0.00349055626 0.99999392 8.9975556e-06 -0.00349055626 0.99999392 8.9975556e-06 -0.00349055626 0.99999392 9.48218621e-06 -0.00349195371 0.99999392 9.48218621e-06 -0.00349195371 0.99999392 9.48218621e-06 -0.00349195371 0.99999392 9.49455261e-06 -0.0034884389 0.99999392 9.49455261e-06 -0.0034884389 0.99999392 9.49455261e-06 -0.0034884389 0.99999392 9.93684625e-06 -0.00349371182 0.99999392 9.93684625e-06 -0.00349371182 0.99999392 9.93684625e-06 -0.00349371182 0.99999392 1.01119376e-05 -0.00348344166 0.99999392 1.01119376e-05 -0.00348344166 0.99999392 1.01119376e-05 -0.00348344166 0.99999392 1.1857358e-05 -0.00349677796 0.999993861 1.1857358e-05 -0.00349677796 0.999993861 1.1857358e-05 -0.00349677796 0.999993861 5.36045309e-06 -0.00348936603 0.99999392 5.36045309e-06 -0.00348936603 0.99999392 5.36045309e-06 -0.00348936603 0.99999392 5.36615607e-06 -0.00348937674 0.99999392 5.36615607e-06 -0.00348937674 0.99999392 5.36615607e-06 -0.00348937674 0.99999392 1.30048929e-05 -0.00348933693 0.99999392 1.30048929e-05 -0.00348933693 0.99999392 1.30048929e-05 -0.00348933693 0.99999392 9.17657235e-06 -0.0034890743 0.99999392 9.17657235e-06 -0.0034890743 0.99999392 9.17657235e-06 -0.0034890743 0.99999392 9.17657235e-06 -0.0034890743 0.99999392 9.17657235e-06 -0.0034890743 0.99999392 9.17657235e-06 -0.0034890743 0.99999392 5.83274141e-06 -0.00349407969 0.99999392 5.83274141e-06 -0.00349407969 0.99999392 5.83274141e-06 -0.00349407969 0.99999392 1.15059738e-05 -0.0034893339 0.99999392 1.15059738e-05 -0.0034893339 0.99999392 1.15059738e-05 -0.0034893339 0.99999392 9.89736691e-06 -0.0034917111 0.99999392 9.89736691e-06 -0.0034917111 0.99999392 9.89736691e-06 -0.0034917111 0.99999392 1.17964455e-05 -0.00348515227 0.99999392 1.17964455e-05 -0.00348515227 0.99999392 1.17964455e-05 -0.00348515227 0.99999392 9.48218621e-06 -0.00349195371 0.99999392 9.48218621e-06 -0.00349195371 0.99999392 9.48218621e-06 -0.00349195371 0.99999392 9.49462901e-06 -0.00348841702 0.99999392 9.49462901e-06 -0.00348841702 0.99999392 9.49462901e-06 -0.00348841702 0.99999392 9.9382205e-06 -0.0034937053 0.99999392 9.9382205e-06 -0.0034937053 0.99999392 9.9382205e-06 -0.0034937053 0.99999392 1.01130536e-05 -0.00348345004 0.99999392 1.01130536e-05 -0.00348345004 0.99999392 1.01130536e-05 -0.00348345004 0.99999392 1.1857358e-05 -0.00349677796 0.999993861 1.1857358e-05 -0.00349677796 0.999993861 1.1857358e-05 -0.00349677796 0.999993861 1.1790994e-05 -0.00348517764 0.99999392 1.1790994e-05 -0.00348517764 0.99999392 1.1790994e-05 -0.00348517764 0.99999392 9.93821868e-06 -0.00349370553 0.99999392 9.93821868e-06 -0.00349370553 0.99999392 9.93821868e-06 -0.00349370553 0.99999392 9.49462901e-06 -0.00348841702 0.99999392 9.49462901e-06 -0.00348841702 0.99999392 9.49462901e-06 -0.00348841702 0.99999392 9.48218621e-06 -0.00349195371 0.99999392 9.48218621e-06 -0.00349195371 0.99999392 9.48218621e-06 -0.00349195371 0.99999392 9.86767736e-06 -0.00349306525 0.99999392 9.86767736e-06 -0.00349306525 0.99999392 9.86767736e-06 -0.00349306525 0.99999392 5.49588731e-06 -0.00351415249 0.999993801 5.49588731e-06 -0.00351415249 0.999993801 5.49588731e-06 -0.00351415249 0.999993801 9.5762025e-06 -0.00348930224 0.99999392 9.5762025e-06 -0.00348930224 0.99999392 9.5762025e-06 -0.00348930224 0.99999392 8.9975556e-06 -0.00349055626 0.99999392 8.9975556e-06 -0.00349055626 0.99999392 8.9975556e-06 -0.00349055626 0.99999392 9.48030447e-06 -0.00349194836 0.99999392 9.48030447e-06 -0.00349194836 0.99999392 9.48030447e-06 -0.00349194836 0.99999392 9.4927309e-06 -0.00348841702 0.99999392 9.4927309e-06 -0.00348841702 0.99999392 9.4927309e-06 -0.00348841702 0.99999392 9.93684625e-06 -0.00349371182 0.99999392 9.93684625e-06 -0.00349371182 0.99999392 9.93684625e-06 -0.00349371182 0.99999392 1.86421294e-05 -0.00349447317 0.99999392 1.86421294e-05 -0.00349447317 0.99999392 1.86421294e-05 -0.00349447317 0.99999392 5.59489217e-06 -0.00349445292 0.99999392 5.59489217e-06 -0.00349445292 0.99999392 5.59489217e-06 -0.00349445292 0.99999392 5.85147154e-06 -0.00349406875 0.99999392 5.85147154e-06 -0.00349406875 0.99999392 5.85147154e-06 -0.00349406875 0.99999392 7.11489292e-06 -0.00348996371 0.99999392 7.11489292e-06 -0.00348996371 0.99999392 7.11489292e-06 -0.00348996371 0.99999392 5.37053393e-06 -0.00348936603 0.99999392 5.37053393e-06 -0.00348936603 0.99999392 5.37053393e-06 -0.00348936603 0.99999392 1.18127418e-05 -0.00348933227 0.99999392 1.18127418e-05 -0.00348933227 0.99999392 1.18127418e-05 -0.00348933227 0.99999392 1.1818388e-05 -0.00348934298 0.99999392 1.1818388e-05 -0.00348934298 0.99999392 1.1818388e-05 -0.00348934298 0.99999392 1.14986187e-05 -0.00348934461 0.99999392 1.14986187e-05 -0.00348934461 0.99999392 1.14986187e-05 -0.00348934461 0.99999392 9.89736691e-06 -0.0034917111 0.99999392 9.89736691e-06 -0.0034917111 0.99999392 9.89736691e-06 -0.0034917111 0.99999392 5.31636806e-06 -0.00347986841 0.99999392 5.31636806e-06 -0.00347986841 0.99999392 5.31636806e-06 -0.00347986841 0.99999392 5.39420171e-06 -0.00349473627 0.99999392 5.39420171e-06 -0.00349473627 0.99999392 5.39420171e-06 -0.00349473627 0.99999392 8.33212744e-06 -0.00350291142 0.999993861 8.33212744e-06 -0.00350291142 0.999993861 8.33212744e-06 -0.00350291142 0.999993861 8.73354111e-06 -0.00347936596 0.99999392 8.73354111e-06 -0.00347936596 0.99999392 8.73354111e-06 -0.00347936596 0.99999392 9.49455261e-06 -0.00348843867 0.99999392 9.49455261e-06 -0.00348843867 0.99999392 9.49455261e-06 -0.00348843867 0.99999392 9.48218621e-06 -0.00349195371 0.99999392 9.48218621e-06 -0.00349195371 0.99999392 9.48218621e-06 -0.00349195371 0.99999392 9.86766372e-06 -0.00349306525 0.99999392 9.86766372e-06 -0.00349306525 0.99999392 9.86766372e-06 -0.00349306525 0.99999392 1.1857358e-05 -0.00349677796 0.999993861 1.1857358e-05 -0.00349677796 0.999993861 1.1857358e-05 -0.00349677796 0.999993861 9.89632645e-06 -0.00349170854 0.99999392 9.89632645e-06 -0.00349170854 0.99999392 9.89632645e-06 -0.00349170854 0.99999392 9.90203444e-06 -0.00349170831 0.99999392 9.90203444e-06 -0.00349170831 0.99999392 9.90203444e-06 -0.00349170831 0.99999392 5.36615607e-06 -0.00348937674 0.99999392 5.36615607e-06 -0.00348937674 0.99999392 5.36615607e-06 -0.00348937674 0.99999392 9.49037894e-06 -0.00348935532 0.99999392 9.49037894e-06 -0.00348935532 0.99999392 9.49037894e-06 -0.00348935532 0.99999392 9.50745016e-06 -0.00348925963 0.99999392 9.50745016e-06 -0.00348925963 0.99999392 9.50745016e-06 -0.00348925963 0.99999392 9.7692191e-06 -0.00348879723 0.99999392 9.7692191e-06 -0.00348879723 0.99999392 9.7692191e-06 -0.00348879723 0.99999392 9.86767736e-06 -0.00349306525 0.99999392 9.86767736e-06 -0.00349306525 0.99999392 9.86767736e-06 -0.00349306525 0.99999392 8.9787909e-06 -0.00347476895 0.99999398 8.9787909e-06 -0.00347476895 0.99999398 8.9787909e-06 -0.00347476895 0.99999398 1.18572398e-05 -0.0034967626 0.999993861 1.18572398e-05 -0.0034967626 0.999993861 1.18572398e-05 -0.0034967626 0.999993861 9.90105855e-06 -0.00349170575 0.99999392 9.90105855e-06 -0.00349170575 0.99999392 9.90105855e-06 -0.00349170575 0.99999392 9.90101762e-06 -0.00349170575 0.99999392 9.90101762e-06 -0.00349170575 0.99999392 9.90101762e-06 -0.00349170575 0.99999392 5.31628939e-06 -0.00347985351 0.99999392 5.31628939e-06 -0.00347985351 0.99999392 5.31628939e-06 -0.00347985351 0.99999392 8.33290687e-06 -0.00350290304 0.999993861 8.33290687e-06 -0.00350290304 0.999993861 8.33290687e-06 -0.00350290304 0.999993861 9.5762025e-06 -0.00348930224 0.99999392 9.5762025e-06 -0.00348930224 0.99999392 9.5762025e-06 -0.00348930224 0.99999392 9.77221134e-06 -0.00348887732 0.99999392 9.77221134e-06 -0.00348887732 0.99999392 9.77221134e-06 -0.00348887732 0.99999392 9.86890154e-06 -0.00349306897 0.99999392 9.86890154e-06 -0.00349306897 0.99999392 9.86890154e-06 -0.00349306897 0.99999392 9.38526955e-06 -0.00365605857 0.999993324 9.38526955e-06 -0.00365605857 0.999993324 9.38526955e-06 -0.00365605857 0.999993324 9.58048986e-06 -0.00345661212 0.99999404 9.58048986e-06 -0.00345661212 0.99999404 9.58048986e-06 -0.00345661212 0.99999404 9.89918044e-06 -0.00349170854 0.99999392 9.89918044e-06 -0.00349170854 0.99999392 9.89918044e-06 -0.00349170854 0.99999392 9.9010058e-06 -0.00349170575 0.99999392 9.9010058e-06 -0.00349170575 0.99999392 9.9010058e-06 -0.00349170575 0.99999392 8.88289014e-06 -0.00348907383 0.99999392 8.88289014e-06 -0.00348907383 0.99999392 8.88289014e-06 -0.00348907383 0.99999392 9.17941998e-06 -0.0034890743 0.99999392 9.17941998e-06 -0.0034890743 0.99999392 9.17941998e-06 -0.0034890743 0.99999392 1.17951113e-05 -0.00348515855 0.99999392 1.17951113e-05 -0.00348515855 0.99999392 1.17951113e-05 -0.00348515855 0.99999392 1.09848315e-05 -0.00349010411 0.99999392 1.09848315e-05 -0.00349010411 0.99999392 1.09848315e-05 -0.00349010411 0.99999392 1.05015706e-05 -0.00348920166 0.99999392 1.05015706e-05 -0.00348920166 0.99999392 1.05015706e-05 -0.00348920166 0.99999392 4.1221333e-06 -0.00349361775 0.99999392 4.1221333e-06 -0.00349361775 0.99999392 4.1221333e-06 -0.00349361775 0.99999392 9.21102219e-06 -0.00349117187 0.99999392 9.21102219e-06 -0.00349117187 0.99999392 9.21102219e-06 -0.00349117187 0.99999392 7.3268161e-06 -0.0034857383 0.99999392 7.3268161e-06 -0.0034857383 0.99999392 7.3268161e-06 -0.0034857383 0.99999392 7.31733235e-06 -0.00348843401 0.99999392 7.31733235e-06 -0.00348843401 0.99999392 7.31733235e-06 -0.00348843401 0.99999392 8.36636627e-06 -0.00350094028 0.999993861 8.36636627e-06 -0.00350094028 0.999993861 8.36636627e-06 -0.00350094028 0.999993861 9.32125295e-06 -0.00349564967 0.999993861 9.32125295e-06 -0.00349564967 0.999993861 9.32125295e-06 -0.00349564967 0.999993861 3.81455575e-05 -0.00349564967 0.999993861 3.81455575e-05 -0.00349564967 0.999993861 3.81455575e-05 -0.00349564967 0.999993861 0 -0.00349621102 0.999993861 0 -0.00349621102 0.999993861 0 -0.00349621102 0.999993861 3.717453e-05 -0.00349621102 0.999993861 3.717453e-05 -0.00349621102 0.999993861 3.717453e-05 -0.00349621102 0.999993861 0 -0.0034967449 0.999993861 0 -0.0034967449 0.999993861 0 -0.0034967449 0.999993861 -0.000511070888 -0.00349674444 0.999993742 -0.000511070888 -0.00349674444 0.999993742 -0.000511070888 -0.00349674444 0.999993742 0 -0.00348958373 0.99999392 0 -0.00348958373 0.99999392 0 -0.00348958373 0.99999392 1.93560809e-05 -0.00348958373 0.99999392 1.93560809e-05 -0.00348958373 0.99999392 1.93560809e-05 -0.00348958373 0.99999392 9.9046556e-06 -0.00349170039 0.99999392 9.9046556e-06 -0.00349170039 0.99999392 9.9046556e-06 -0.00349170039 0.99999392 8.80733114e-06 -0.00348886359 0.99999392 8.80733114e-06 -0.00348886359 0.99999392 8.80733114e-06 -0.00348886359 0.99999392 5.34658284e-06 -0.00348563888 0.99999392 5.34658284e-06 -0.00348563888 0.99999392 5.34658284e-06 -0.00348563888 0.99999392 7.57790758e-06 -0.00348980539 0.99999392 7.57790758e-06 -0.00348980539 0.99999392 7.57790758e-06 -0.00348980539 0.99999392 9.84642793e-06 -0.00348893576 0.99999392 9.84642793e-06 -0.00348893576 0.99999392 9.84642793e-06 -0.00348893576 0.99999392 -0 -0.00348893576 0.99999392 -0 -0.00348893576 0.99999392 -0 -0.00348893576 0.99999392 9.52211994e-05 -0.00348830153 0.99999392 9.52211994e-05 -0.00348830153 0.99999392 9.52211994e-05 -0.00348830153 0.99999392 -0 -0.00348830153 0.99999392 -0 -0.00348830153 0.99999392 -0 -0.00348830153 0.99999392 9.41088147e-05 -0.00348768197 0.99999392 9.41088147e-05 -0.00348768197 0.99999392 9.41088147e-05 -0.00348768197 0.99999392 0.000547341944 -0.00348768127 0.999993742 0.000547341944 -0.00348768127 0.999993742 0.000547341944 -0.00348768127 0.999993742 -0.00044144562 -0.00349411718 0.999993801 -0.00044144562 -0.00349411718 0.999993801 -0.00044144562 -0.00349411718 0.999993801 1.35778118e-05 -0.00349158468 0.99999392 1.35778118e-05 -0.00349158468 0.99999392 1.35778118e-05 -0.00349158468 0.99999392 3.84279374e-05 -0.00342528895 0.999994159 3.84279374e-05 -0.00342528895 0.999994159 3.84279374e-05 -0.00342528895 0.999994159 8.28770044e-06 -0.0034892601 0.99999392 8.28770044e-06 -0.0034892601 0.99999392 8.28770044e-06 -0.0034892601 0.99999392 8.28769953e-06 -0.00351028005 0.999993861 8.28769953e-06 -0.00351028005 0.999993861 8.28769953e-06 -0.00351028005 0.999993861 0 -0.00351153244 0.999993861 0 -0.00351153244 0.999993861 0 -0.00351153244 0.999993861 1.10826213e-05 -0.00351153244 0.999993861 1.10826213e-05 -0.00351153244 0.999993861 1.10826213e-05 -0.00351153244 0.999993861 0 -0.00351221627 0.999993861 0 -0.00351221627 0.999993861 0 -0.00351221627 0.999993861 9.90963872e-06 -0.00351221627 0.999993861 9.90963872e-06 -0.00351221627 0.999993861 9.90963872e-06 -0.00351221627 0.999993861 0 -0.00351276947 0.999993801 0 -0.00351276947 0.999993801 0 -0.00351276947 0.999993801 8.48495074e-06 -0.00351276947 0.999993801 8.48495074e-06 -0.00351276947 0.999993801 8.48495074e-06 -0.00351276947 0.999993801 0 -0.00348767871 0.99999392 0 -0.00348767871 0.99999392 0 -0.00348767871 0.99999392 9.41291291e-05 -0.00348767871 0.99999392 9.41291291e-05 -0.00348767871 0.99999392 9.41291291e-05 -0.00348767871 0.99999392 0 -0.00348829851 0.99999392 0 -0.00348829851 0.99999392 0 -0.00348829851 0.99999392 9.87172189e-06 -0.00348829851 0.99999392 9.87172189e-06 -0.00348829851 0.99999392 9.87172189e-06 -0.00348829851 0.99999392 0 -0.003495896 0.999993861 0 -0.003495896 0.999993861 0 -0.003495896 0.999993861 9.86076411e-05 -0.00348996068 0.99999392 9.86076411e-05 -0.00348996068 0.99999392 9.86076411e-05 -0.00348996068 0.99999392 1.35777836e-05 -0.00349158444 0.99999392 1.35777836e-05 -0.00349158444 0.99999392 1.35777836e-05 -0.00349158444 0.99999392 -8.85242753e-06 -0.00355142448 0.999993682 -8.85242753e-06 -0.00355142448 0.999993682 -8.85242753e-06 -0.00355142448 0.999993682 1.63281638e-05 -0.00349798007 0.999993861 1.63281638e-05 -0.00349798007 0.999993861 1.63281638e-05 -0.00349798007 0.999993861 1.63281638e-05 -0.00349767017 0.999993861 1.63281638e-05 -0.00349767017 0.999993861 1.63281638e-05 -0.00349767017 0.999993861 0 -0.0035121867 0.999993861 0 -0.0035121867 0.999993861 0 -0.0035121867 0.999993861 9.96309973e-06 -0.0035121867 0.999993861 9.96309973e-06 -0.0035121867 0.999993861 9.96309973e-06 -0.0035121867 0.999993861 0 -0.0035127427 0.999993801 0 -0.0035127427 0.999993801 0 -0.0035127427 0.999993801 9.00906798e-06 -0.0035127427 0.999993801 9.00906798e-06 -0.0035127427 0.999993801 9.00906798e-06 -0.0035127427 0.999993801 0 -0.00351320161 0.999993801 0 -0.00351320161 0.999993801 0 -0.00351320161 0.999993801 -0.000539116038 -0.00351320114 0.999993682 -0.000539116038 -0.00351320114 0.999993682 -0.000539116038 -0.00351320114 0.999993682 5.58349393e-06 -0.00349445292 0.99999392 5.58349393e-06 -0.00349445292 0.99999392 5.58349393e-06 -0.00349445292 0.99999392 1.86421621e-05 -0.00349447317 0.99999392 1.86421621e-05 -0.00349447317 0.99999392 1.86421621e-05 -0.00349447317 0.99999392 1.15504718e-05 -0.00350508909 0.999993861 1.15504718e-05 -0.00350508909 0.999993861 1.15504718e-05 -0.00350508909 0.999993861 0 -0.00349488668 0.99999392 0 -0.00349488668 0.99999392 0 -0.00349488668 0.99999392 0.000106766631 -0.00349488668 0.999993861 0.000106766631 -0.00349488668 0.999993861 0.000106766631 -0.00349488668 0.999993861 0 -0.0034961265 0.999993861 0 -0.0034961265 0.999993861 0 -0.0034961265 0.999993861 1.21860503e-05 -0.0034961265 0.999993861 1.21860503e-05 -0.0034961265 0.999993861 1.21860503e-05 -0.0034961265 0.999993861 1.18450862e-05 -0.00349668437 0.999993861 1.18450862e-05 -0.00349668437 0.999993861 1.18450862e-05 -0.00349668437 0.999993861 1.1857358e-05 -0.00349677796 0.999993861 1.1857358e-05 -0.00349677796 0.999993861 1.1857358e-05 -0.00349677796 0.999993861 7.53953509e-06 -0.00348561583 0.99999392 7.53953509e-06 -0.00348561583 0.99999392 7.53953509e-06 -0.00348561583 0.99999392 7.54685425e-06 -0.00348560489 0.99999392 7.54685425e-06 -0.00348560489 0.99999392 7.54685425e-06 -0.00348560489 0.99999392 1.18571606e-05 -0.0034967477 0.999993861 1.18571606e-05 -0.0034967477 0.999993861 1.18571606e-05 -0.0034967477 0.999993861 1.01134883e-05 -0.00348342466 0.99999392 1.01134883e-05 -0.00348342466 0.99999392 1.01134883e-05 -0.00348342466 0.99999392 9.57620523e-06 -0.00348930201 0.99999392 9.57620523e-06 -0.00348930201 0.99999392 9.57620523e-06 -0.00348930201 0.99999392 7.27698216e-06 -0.00349428528 0.99999392 7.27698216e-06 -0.00349428528 0.99999392 7.27698216e-06 -0.00349428528 0.99999392 7.06222909e-06 -0.00348497555 0.99999392 7.06222909e-06 -0.00348497555 0.99999392 7.06222909e-06 -0.00348497555 0.99999392 0 -0.00350644346 0.999993861 0 -0.00350644346 0.999993861 0 -0.00350644346 0.999993861 -0 -0.00352420728 0.999993801 -0 -0.00352420728 0.999993801 -0 -0.00352420728 0.999993801 8.11989776e-06 -0.00352420728 0.999993801 8.11989776e-06 -0.00352420728 0.999993801 8.11989776e-06 -0.00352420728 0.999993801 8.4819867e-06 -0.00354665751 0.999993682 8.4819867e-06 -0.00354665751 0.999993682 8.4819867e-06 -0.00354665751 0.999993682 0 -0.00348219741 0.99999392 0 -0.00348219741 0.99999392 0 -0.00348219741 0.99999392 6.1287632e-05 -0.00348219741 0.99999392 6.1287632e-05 -0.00348219741 0.99999392 6.1287632e-05 -0.00348219741 0.99999392 0 -0.00348531944 0.99999392 0 -0.00348531944 0.99999392 0 -0.00348531944 0.99999392 5.59291257e-05 -0.00348531944 0.99999392 5.59291257e-05 -0.00348531944 0.99999392 5.59291257e-05 -0.00348531944 0.99999392 0 -0.00348794088 0.99999392 0 -0.00348794088 0.99999392 0 -0.00348794088 0.99999392 1.15529128e-05 -0.00348794088 0.99999392 1.15529128e-05 -0.00348794088 0.99999392 1.15529128e-05 -0.00348794088 0.99999392 5.59489217e-06 -0.00349445292 0.99999392 5.59489217e-06 -0.00349445292 0.99999392 5.59489217e-06 -0.00349445292 0.99999392 5.58348393e-06 -0.00349445292 0.99999392 5.58348393e-06 -0.00349445292 0.99999392 5.58348393e-06 -0.00349445292 0.99999392 1.21953763e-05 -0.00348455529 0.99999392 1.21953763e-05 -0.00348455529 0.99999392 1.21953763e-05 -0.00348455529 0.99999392 1.00374755e-05 -0.00356660318 0.999993622 1.00374755e-05 -0.00356660318 0.999993622 1.00374755e-05 -0.00356660318 0.999993622 1.20408549e-05 -0.00348791853 0.99999392 1.20408549e-05 -0.00348791853 0.99999392 1.20408549e-05 -0.00348791853 0.99999392 5.54675134e-05 -0.00348531944 0.99999392 5.54675134e-05 -0.00348531944 0.99999392 5.54675134e-05 -0.00348531944 0.99999392 -0 -0.00348791853 0.99999392 -0 -0.00348791853 0.99999392 -0 -0.00348791853 0.99999392 0 -0.00348996371 0.99999392 0 -0.00348996371 0.99999392 0 -0.00348996371 0.99999392 9.70526016e-05 -0.00348934624 0.99999392 9.70526016e-05 -0.00348934624 0.99999392 9.70526016e-05 -0.00348934624 0.99999392 9.64392093e-05 -0.00348873902 0.99999392 9.64392093e-05 -0.00348873902 0.99999392 9.64392093e-05 -0.00348873902 0.99999392 -0 -0.00348873902 0.99999392 -0 -0.00348873902 0.99999392 -0 -0.00348873902 0.99999392 -0.000446481135 -0.00349151785 0.999993801 -0.000446481135 -0.00349151785 0.999993801 -0.000446481135 -0.00349151785 0.999993801 1.696035e-05 -0.00365163269 0.999993324 1.696035e-05 -0.00365163269 0.999993324 1.696035e-05 -0.00365163269 0.999993324 2.79147002e-06 -0.00348543213 0.99999392 2.79147002e-06 -0.00348543213 0.99999392 2.79147002e-06 -0.00348543213 0.99999392 8.11989776e-06 -0.00351950247 0.999993801 8.11989776e-06 -0.00351950247 0.999993801 8.11989776e-06 -0.00351950247 0.999993801 -0 -0.00351950247 0.999993801 -0 -0.00351950247 0.999993801 -0 -0.00351950247 0.999993801 -4.12138979e-06 -0.00352041633 0.999993801 -4.12138979e-06 -0.00352041633 0.999993801 -4.12138979e-06 -0.00352041633 0.999993801 -0 -0.00352041633 0.999993801 -0 -0.00352041633 0.999993801 -0 -0.00352041633 0.999993801 -1.0606369e-05 -0.00352420728 0.999993801 -1.0606369e-05 -0.00352420728 0.999993801 -1.0606369e-05 -0.00352420728 0.999993801 0 -0.003495896 0.999993861 0 -0.003495896 0.999993861 0 -0.003495896 0.999993861 -0 -0.00348794088 0.99999392 -0 -0.00348794088 0.99999392 -0 -0.00348794088 0.99999392 1.20301893e-05 -0.00348794088 0.99999392 1.20301893e-05 -0.00348794088 0.99999392 1.20301893e-05 -0.00348794088 0.99999392 -0 -0.00350721204 0.999993861 -0 -0.00350721204 0.999993861 -0 -0.00350721204 0.999993861 0 -0.00352420728 0.999993801 0 -0.00352420728 0.999993801 0 -0.00352420728 0.999993801 9.17658872e-06 -0.0034890743 0.99999392 9.17658872e-06 -0.0034890743 0.99999392 9.17658872e-06 -0.0034890743 0.99999392 9.17658872e-06 -0.0034890743 0.99999392 9.17658872e-06 -0.0034890743 0.99999392 9.17658872e-06 -0.0034890743 0.99999392 8.56155111e-06 -0.00348999491 0.99999392 8.56155111e-06 -0.00348999491 0.99999392 8.56155111e-06 -0.00348999491 0.99999392 0 -0.00348806125 0.99999392 0 -0.00348806125 0.99999392 0 -0.00348806125 0.99999392 9.77105719e-06 -0.00348887732 0.99999392 9.77105719e-06 -0.00348887732 0.99999392 9.77105719e-06 -0.00348887732 0.99999392 9.57648717e-06 -0.00348929898 0.99999392 9.57648717e-06 -0.00348929898 0.99999392 9.57648717e-06 -0.00348929898 0.99999392 8.33290687e-06 -0.00350290304 0.999993861 8.33290687e-06 -0.00350290304 0.999993861 8.33290687e-06 -0.00350290304 0.999993861 5.31627165e-06 -0.00347985327 0.99999392 5.31627165e-06 -0.00347985327 0.99999392 5.31627165e-06 -0.00347985327 0.99999392 9.9020881e-06 -0.00349170831 0.99999392 9.9020881e-06 -0.00349170831 0.99999392 9.9020881e-06 -0.00349170831 0.99999392 9.90569697e-06 -0.00349170296 0.99999392 9.90569697e-06 -0.00349170296 0.99999392 9.90569697e-06 -0.00349170296 0.99999392 1.18514827e-05 -0.00349673326 0.999993861 1.18514827e-05 -0.00349673326 0.999993861 1.18514827e-05 -0.00349673326 0.999993861 9.06297737e-06 -0.00347542646 0.99999398 9.06297737e-06 -0.00347542646 0.99999398 9.06297737e-06 -0.00347542646 0.99999398 2.77893491e-06 -0.00348655367 0.99999392 2.77893491e-06 -0.00348655367 0.99999392 2.77893491e-06 -0.00348655367 0.99999392 -0 -0.00348655367 0.99999392 -0 -0.00348655367 0.99999392 -0 -0.00348655367 0.99999392 -0.000446380698 -0.00349143893 0.999993801 -0.000446380698 -0.00349143893 0.999993801 -0.000446380698 -0.00349143893 0.999993801 -0 -0.00349143916 0.99999392 -0 -0.00349143916 0.99999392 -0 -0.00349143916 0.99999392 9.90683111e-05 -0.00349037512 0.99999392 9.90683111e-05 -0.00349037512 0.99999392 9.90683111e-05 -0.00349037512 0.99999392 3.92428519e-05 -0.00349037512 0.99999392 3.92428519e-05 -0.00349037512 0.99999392 3.92428519e-05 -0.00349037512 0.99999392 0.0007425574 -0.00348727824 0.999993622 0.0007425574 -0.00348727824 0.999993622 0.0007425574 -0.00348727824 0.999993622 2.79617848e-06 -0.00348543492 0.99999392 2.79617848e-06 -0.00348543492 0.99999392 2.79617848e-06 -0.00348543492 0.99999392 -8.09421326e-05 -0.00370883453 0.999993145 -8.09421326e-05 -0.00370883453 0.999993145 -8.09421326e-05 -0.00370883453 0.999993145 0 -0.00352420728 0.999993801 0 -0.00352420728 0.999993801 0 -0.00352420728 0.999993801 -1.06092721e-05 -0.00352420728 0.999993801 -1.06092721e-05 -0.00352420728 0.999993801 -1.06092721e-05 -0.00352420728 0.999993801 0 -0.00352041633 0.999993801 0 -0.00352041633 0.999993801 0 -0.00352041633 0.999993801 -4.12026247e-06 -0.00352041633 0.999993801 -4.12026247e-06 -0.00352041633 0.999993801 -4.12026247e-06 -0.00352041633 0.999993801 0 -0.00351950247 0.999993801 0 -0.00351950247 0.999993801 0 -0.00351950247 0.999993801 9.49459081e-06 -0.00348842796 0.99999392 9.49459081e-06 -0.00348842796 0.99999392 9.49459081e-06 -0.00348842796 0.99999392 8.73422323e-06 -0.00347936293 0.99999392 8.73422323e-06 -0.00347936293 0.99999392 8.73422323e-06 -0.00347936293 0.99999392 5.3914664e-06 -0.00349474885 0.99999392 5.3914664e-06 -0.00349474885 0.99999392 5.3914664e-06 -0.00349474885 0.99999392 9.1822676e-06 -0.0034890743 0.99999392 9.1822676e-06 -0.0034890743 0.99999392 9.1822676e-06 -0.0034890743 0.99999392 -0.000146803402 -0.00349037768 0.99999392 -0.000146803402 -0.00349037768 0.99999392 -0.000146803402 -0.00349037768 0.99999392 5.89467618e-07 -0.00349037768 0.99999392 5.89467618e-07 -0.00349037768 0.99999392 5.89467618e-07 -0.00349037768 0.99999392 0 -0.00349147432 0.99999392 0 -0.00349147432 0.99999392 0 -0.00349147432 0.99999392 9.01992462e-06 -0.00347509771 0.99999398 9.01992462e-06 -0.00347509771 0.99999398 9.01992462e-06 -0.00347509771 0.99999398 8.50747983e-06 -0.0034900757 0.99999392 8.50747983e-06 -0.0034900757 0.99999392 8.50747983e-06 -0.0034900757 0.99999392 9.17657235e-06 -0.0034890743 0.99999392 9.17657235e-06 -0.0034890743 0.99999392 9.17657235e-06 -0.0034890743 0.99999392 0.000269681914 -0.00350397383 0.999993801 0.000269681914 -0.00350397383 0.999993801 0.000269681914 -0.00350397383 0.999993801 6.17949336e-05 -0.00349170738 0.99999392 6.17949336e-05 -0.00349170738 0.99999392 6.17949336e-05 -0.00349170738 0.99999392 0.000971805071 -0.00349397445 0.999993443 0.000971805071 -0.00349397445 0.999993443 0.000971805071 -0.00349397445 0.999993443 -0.000570539269 -0.00347219803 0.999993801 -0.000570539269 -0.00347219803 0.999993801 -0.000570539269 -0.00347219803 0.999993801 0 -0.00349207735 0.99999392 0 -0.00349207735 0.99999392 0 -0.00349207735 0.99999392 4.43789213e-05 -0.00349207735 0.99999392 4.43789213e-05 -0.00349207735 0.99999392 4.43789213e-05 -0.00349207735 0.99999392 0 -0.00349375349 0.99999392 0 -0.00349375349 0.99999392 0 -0.00349375349 0.99999392 -0 -0.00349375349 0.99999392 -0 -0.00349375349 0.99999392 -0 -0.00349375349 0.99999392 5.36331345e-06 -0.00348937139 0.99999392 5.36331345e-06 -0.00348937139 0.99999392 5.36331345e-06 -0.00348937139 0.99999392 8.99069892e-06 -0.00348935253 0.99999392 8.99069892e-06 -0.00348935253 0.99999392 8.99069892e-06 -0.00348935253 0.99999392 9.17657235e-06 -0.0034890743 0.99999392 9.17657235e-06 -0.0034890743 0.99999392 9.17657235e-06 -0.0034890743 0.99999392 9.1822676e-06 -0.0034890743 0.99999392 9.1822676e-06 -0.0034890743 0.99999392 9.1822676e-06 -0.0034890743 0.99999392 8.45527939e-06 -0.00349016255 0.99999392 8.45527939e-06 -0.00349016255 0.99999392 8.45527939e-06 -0.00349016255 0.99999392 -0.000472401764 -0.00341470586 0.99999404 -0.000472401764 -0.00341470586 0.99999404 -0.000472401764 -0.00341470586 0.99999404 -0 -0.00351944915 0.999993801 -0 -0.00351944915 0.999993801 -0 -0.00351944915 0.999993801 0 -0.00351944915 0.999993801 0 -0.00351944915 0.999993801 0 -0.00351944915 0.999993801 7.31683895e-06 -0.00348843914 0.99999392 7.31683895e-06 -0.00348843914 0.99999392 7.31683895e-06 -0.00348843914 0.99999392 8.36620711e-06 -0.00350094982 0.999993861 8.36620711e-06 -0.00350094982 0.999993861 8.36620711e-06 -0.00350094982 0.999993861 1.17964901e-05 -0.00348516088 0.99999392 1.17964901e-05 -0.00348516088 0.99999392 1.17964901e-05 -0.00348516088 0.99999392 7.85414431e-06 -0.00349106244 0.99999392 7.85414431e-06 -0.00349106244 0.99999392 7.85414431e-06 -0.00349106244 0.99999392 8.00799171e-05 -0.00345334667 0.99999404 8.00799171e-05 -0.00345334667 0.99999404 8.00799171e-05 -0.00345334667 0.99999404 0 -0.00267066318 0.999996424 0 -0.00267066318 0.999996424 0 -0.00267066318 0.999996424 0.00145017076 -0.00267066038 0.99999541 0.00145017076 -0.00267066038 0.99999541 0.00145017076 -0.00267066038 0.99999541 0 -0.00335427886 0.999994397 0 -0.00335427886 0.999994397 0 -0.00335427886 0.999994397 0.000279905595 -0.00335427863 0.999994338 0.000279905595 -0.00335427863 0.999994338 0.000279905595 -0.00335427863 0.999994338 0 -0.00342732714 0.999994099 0 -0.00342732714 0.999994099 0 -0.00342732714 0.999994099 0.00015519427 -0.00342732714 0.999994099 0.00015519427 -0.00342732714 0.999994099 0.00015519427 -0.00342732714 0.999994099 0 -0.00345531921 0.99999404 0 -0.00345531921 0.99999404 0 -0.00345531921 0.99999404 9.53884864e-06 -0.00345531921 0.99999404 9.53884864e-06 -0.00345531921 0.99999404 9.53884864e-06 -0.00345531921 0.99999404 9.53884683e-06 -0.00349672488 0.999993861 9.53884683e-06 -0.00349672488 0.999993861 9.53884683e-06 -0.00349672488 0.999993861 1.24046464e-05 -0.00349091552 0.99999392 1.24046464e-05 -0.00349091552 0.99999392 1.24046464e-05 -0.00349091552 0.99999392 1.77152924e-05 -0.00345851434 0.99999404 1.77152924e-05 -0.00345851434 0.99999404 1.77152924e-05 -0.00345851434 0.99999404 -8.10581914e-05 -0.00370914466 0.999993145 -8.10581914e-05 -0.00370914466 0.999993145 -8.10581914e-05 -0.00370914466 0.999993145 5.02275896e-07 -0.00349155464 0.99999392 5.02275896e-07 -0.00349155464 0.99999392 5.02275896e-07 -0.00349155464 0.99999392 -0.000145443337 -0.00349119073 0.99999392 -0.000145443337 -0.00349119073 0.99999392 -0.000145443337 -0.00349119073 0.99999392 0.000575784827 -0.00348801538 0.999993742 0.000575784827 -0.00348801538 0.999993742 0.000575784827 -0.00348801538 0.999993742 9.49330497e-05 -0.00348801608 0.99999392 9.49330497e-05 -0.00348801608 0.99999392 9.49330497e-05 -0.00348801608 0.99999392 0 -0.00348904729 0.99999392 0 -0.00348904729 0.99999392 0 -0.00348904729 0.99999392 9.65283907e-05 -0.00348904729 0.99999392 9.65283907e-05 -0.00348904729 0.99999392 9.65283907e-05 -0.00348904729 0.99999392 0 -0.00349011575 0.99999392 0 -0.00349011575 0.99999392 0 -0.00349011575 0.99999392 9.01795647e-06 -0.00349011575 0.99999392 9.01795647e-06 -0.00349011575 0.99999392 9.01795647e-06 -0.00349011575 0.99999392 8.11989867e-06 -0.00349178351 0.99999392 8.11989867e-06 -0.00349178351 0.99999392 8.11989867e-06 -0.00349178351 0.99999392 -1.52371922e-06 -0.003479067 0.99999392 -1.52371922e-06 -0.003479067 0.99999392 -1.52371922e-06 -0.003479067 0.99999392 0 -0.00335427886 0.999994397 0 -0.00335427886 0.999994397 0 -0.00335427886 0.999994397 0.000280211709 -0.00335427863 0.999994338 0.000280211709 -0.00335427863 0.999994338 0.000280211709 -0.00335427863 0.999994338 0 -0.00342738838 0.999994099 0 -0.00342738838 0.999994099 0 -0.00342738838 0.999994099 0.000154812689 -0.00342738838 0.999994099 0.000154812689 -0.00342738838 0.999994099 0.000154812689 -0.00342738838 0.999994099 0 -0.00345531921 0.99999404 0 -0.00345531921 0.99999404 0 -0.00345531921 0.99999404 -0 -0.00345531921 0.99999404 -0 -0.00345531921 0.99999404 -0 -0.00345531921 0.99999404 0 -0.00342732714 0.999994099 0 -0.00342732714 0.999994099 0 -0.00342732714 0.999994099 0.00015519427 -0.00342732714 0.999994099 0.00015519427 -0.00342732714 0.999994099 0.00015519427 -0.00342732714 0.999994099 0 -0.00345531921 0.99999404 0 -0.00345531921 0.99999404 0 -0.00345531921 0.99999404 -0 -0.00345531921 0.99999404 -0 -0.00345531921 0.99999404 -0 -0.00345531921 0.99999404 -8.71129523e-05 -0.00348501233 0.99999392 -8.71129523e-05 -0.00348501233 0.99999392 -8.71129523e-05 -0.00348501233 0.99999392 0 -0.00351950247 0.999993801 0 -0.00351950247 0.999993801 0 -0.00351950247 0.999993801 -5.81746872e-06 -0.00351821259 0.999993801 -5.81746872e-06 -0.00351821259 0.999993801 -5.81746872e-06 -0.00351821259 0.999993801 8.11989867e-06 -0.0034910182 0.99999392 8.11989867e-06 -0.0034910182 0.99999392 8.11989867e-06 -0.0034910182 0.99999392 1.83488592e-05 -0.00350354286 0.999993861 1.83488592e-05 -0.00350354286 0.999993861 1.83488592e-05 -0.00350354286 0.999993861 0 -0.00350504951 0.999993861 0 -0.00350504951 0.999993861 0 -0.00350504951 0.999993861 3.07256346e-06 -0.00348468241 0.99999392 3.07256346e-06 -0.00348468241 0.99999392 3.07256346e-06 -0.00348468241 0.99999392 1.83443353e-05 -0.0035026616 0.999993861 1.83443353e-05 -0.0035026616 0.999993861 1.83443353e-05 -0.0035026616 0.999993861 0 -0.0035050381 0.999993861 0 -0.0035050381 0.999993861 0 -0.0035050381 0.999993861 0.000742944656 -0.00348727661 0.999993622 0.000742944656 -0.00348727661 0.999993622 0.000742944656 -0.00348727661 0.999993622 -0.000220444927 -0.00349151809 0.999993861 -0.000220444927 -0.00349151809 0.999993861 -0.000220444927 -0.00349151809 0.999993861 8.17634464e-06 -0.0034927167 0.99999392 8.17634464e-06 -0.0034927167 0.99999392 8.17634464e-06 -0.0034927167 0.99999392 8.11989867e-06 -0.00348996115 0.99999392 8.11989867e-06 -0.00348996115 0.99999392 8.11989867e-06 -0.00348996115 0.99999392 1.70041731e-05 -0.00324672344 0.999994755 1.70041731e-05 -0.00324672344 0.999994755 1.70041731e-05 -0.00324672344 0.999994755 2.45745809e-06 -0.00348857883 0.99999392 2.45745809e-06 -0.00348857883 0.99999392 2.45745809e-06 -0.00348857883 0.99999392 -0.000178358037 -0.00349432323 0.999993861 -0.000178358037 -0.00349432323 0.999993861 -0.000178358037 -0.00349432323 0.999993861 8.20188579e-05 -0.00349021424 0.99999392 8.20188579e-05 -0.00349021424 0.99999392 8.20188579e-05 -0.00349021424 0.99999392 -0.000609671406 -0.00348501187 0.999993742 -0.000609671406 -0.00348501187 0.999993742 -0.000609671406 -0.00348501187 0.999993742 0.000102659833 -0.00349254417 0.99999392 0.000102659833 -0.00349254417 0.99999392 0.000102659833 -0.00349254417 0.99999392 1.23683521e-05 -0.00349254417 0.99999392 1.23683521e-05 -0.00349254417 0.99999392 1.23683521e-05 -0.00349254417 0.99999392 4.3582113e-05 -0.00349166477 0.99999392 4.3582113e-05 -0.00349166477 0.99999392 4.3582113e-05 -0.00349166477 0.99999392 5.06985202e-07 -0.0034915572 0.99999392 5.06985202e-07 -0.0034915572 0.99999392 5.06985202e-07 -0.0034915572 0.99999392 3.15188072e-06 -0.00348450104 0.99999392 3.15188072e-06 -0.00348450104 0.99999392 3.15188072e-06 -0.00348450104 0.99999392 1.83352586e-05 -0.00350094587 0.999993861 1.83352586e-05 -0.00350094587 0.999993861 1.83352586e-05 -0.00350094587 0.999993861 0 -0.00350506091 0.999993861 0 -0.00350506091 0.999993861 0 -0.00350506091 0.999993861 1.93942797e-05 -0.00372982631 0.999993026 1.93942797e-05 -0.00372982631 0.999993026 1.93942797e-05 -0.00372982631 0.999993026 1.951987e-05 -0.00372982631 0.999993026 1.951987e-05 -0.00372982631 0.999993026 1.951987e-05 -0.00372982631 0.999993026 0.000136821574 -0.00326351263 0.999994636 0.000136821574 -0.00326351263 0.999994636 0.000136821574 -0.00326351263 0.999994636 1.69695522e-05 -0.00326351263 0.999994695 1.69695522e-05 -0.00326351263 0.999994695 1.69695522e-05 -0.00326351263 0.999994695 0 -0.0032804634 0.999994636 0 -0.0032804634 0.999994636 0 -0.0032804634 0.999994636 1.71712873e-05 -0.0032804634 0.999994636 1.71712873e-05 -0.0032804634 0.999994636 1.71712873e-05 -0.0032804634 0.999994636 8.11989776e-06 -0.00350777712 0.999993861 8.11989776e-06 -0.00350777712 0.999993861 8.11989776e-06 -0.00350777712 0.999993861 7.67415077e-06 -0.00348501233 0.99999392 7.67415077e-06 -0.00348501233 0.99999392 7.67415077e-06 -0.00348501233 0.99999392 1.82412678e-05 -0.00348017341 0.99999392 1.82412678e-05 -0.00348017341 0.99999392 1.82412678e-05 -0.00348017341 0.99999392 0.000191492058 -0.0034906033 0.999993861 0.000191492058 -0.0034906033 0.999993861 0.000191492058 -0.0034906033 0.999993861 0.000478399219 -0.00348814181 0.999993801 0.000478399219 -0.00348814181 0.999993801 0.000478399219 -0.00348814181 0.999993801 0 -0.00372041017 0.999993086 0 -0.00372041017 0.999993086 0 -0.00372041017 0.999993086 -6.68786151e-06 -0.00347413681 0.99999398 -6.68786151e-06 -0.00347413681 0.99999398 -6.68786151e-06 -0.00347413681 0.99999398 1.80647512e-05 -0.00347413681 0.99999398 1.80647512e-05 -0.00347413681 0.99999398 1.80647512e-05 -0.00347413681 0.99999398 0 -0.0034749927 0.99999398 0 -0.0034749927 0.99999398 0 -0.0034749927 0.99999398 1.81862106e-05 -0.0034749927 0.99999398 1.81862106e-05 -0.0034749927 0.99999398 1.81862106e-05 -0.0034749927 0.99999398 0 -0.00347844302 0.99999398 0 -0.00347844302 0.99999398 0 -0.00347844302 0.99999398 -0 -0.00347844302 0.99999398 -0 -0.00347844302 0.99999398 -0 -0.00347844302 0.99999398 1.98357793e-05 -0.00374930422 0.999992967 1.98357793e-05 -0.00374930422 0.999992967 1.98357793e-05 -0.00374930422 0.999992967 1.9621808e-05 -0.00374930422 0.999992967 1.9621808e-05 -0.00374930422 0.999992967 1.9621808e-05 -0.00374930422 0.999992967 0 -0.00382772321 0.999992669 0 -0.00382772321 0.999992669 0 -0.00382772321 0.999992669 1.9903322e-05 -0.00382772321 0.999992669 1.9903322e-05 -0.00382772321 0.999992669 1.9903322e-05 -0.00382772321 0.999992669 0 -0.00384771102 0.999992609 0 -0.00384771102 0.999992609 0 -0.00384771102 0.999992609 -5.64637867e-06 -0.00384771102 0.999992609 -5.64637867e-06 -0.00384771102 0.999992609 -5.64637867e-06 -0.00384771102 0.999992609 1.62465512e-05 -0.00332256523 0.999994457 1.62465512e-05 -0.00332256523 0.999994457 1.62465512e-05 -0.00332256523 0.999994457 1.93806572e-05 -0.0034861695 0.99999392 1.93806572e-05 -0.0034861695 0.99999392 1.93806572e-05 -0.0034861695 0.99999392 0.000102305203 -0.00348996068 0.99999392 0.000102305203 -0.00348996068 0.99999392 0.000102305203 -0.00348996068 0.99999392 5.97060207e-05 -0.00349169946 0.99999392 5.97060207e-05 -0.00349169946 0.99999392 5.97060207e-05 -0.00349169946 0.99999392 -7.87166118e-06 -0.00347328139 0.99999398 -7.87166118e-06 -0.00347328139 0.99999398 -7.87166118e-06 -0.00347328139 0.99999398 1.8060302e-05 -0.00347328116 0.99999398 1.8060302e-05 -0.00347328116 0.99999398 1.8060302e-05 -0.00347328116 0.99999398 0 -0.00347413681 0.99999398 0 -0.00347413681 0.99999398 0 -0.00347413681 0.99999398 1.81817322e-05 -0.00347413681 0.99999398 1.81817322e-05 -0.00347413681 0.99999398 1.81817322e-05 -0.00347413681 0.99999398 0 -0.0034775855 0.99999398 0 -0.0034775855 0.99999398 0 -0.0034775855 0.99999398 1.81424894e-05 -0.0034775855 0.99999398 1.81424894e-05 -0.0034775855 0.99999398 1.81424894e-05 -0.0034775855 0.99999398 0 -0.00347907515 0.99999392 0 -0.00347907515 0.99999392 0 -0.00347907515 0.99999392 -0 -0.00347907515 0.99999392 -0 -0.00347907515 0.99999392 -0 -0.00347907515 0.99999392 1.93942797e-05 -0.00372982631 0.999993026 1.93942797e-05 -0.00372982631 0.999993026 1.93942797e-05 -0.00372982631 0.999993026 1.96481233e-05 -0.00372982631 0.999993026 1.96481233e-05 -0.00372982631 0.999993026 1.96481233e-05 -0.00372982631 0.999993026 0 -0.00376847922 0.999992907 0 -0.00376847922 0.999992907 0 -0.00376847922 0.999992907 1.97221598e-05 -0.00376847922 0.999992907 1.97221598e-05 -0.00376847922 0.999992907 1.97221598e-05 -0.00376847922 0.999992907 0 -0.00384771102 0.999992609 0 -0.00384771102 0.999992609 0 -0.00384771102 0.999992609 2.00072554e-05 -0.00384771102 0.999992609 2.00072554e-05 -0.00384771102 0.999992609 2.00072554e-05 -0.00384771102 0.999992609 0 -0.00386790861 0.99999249 0 -0.00386790861 0.99999249 0 -0.00386790861 0.99999249 -6.80928997e-06 -0.00386790861 0.99999249 -6.80928997e-06 -0.00386790861 0.99999249 -6.80928997e-06 -0.00386790861 0.99999249 8.11989776e-06 -0.00352667808 0.999993801 8.11989776e-06 -0.00352667808 0.999993801 8.11989776e-06 -0.00352667808 0.999993801 7.49070978e-06 -0.0034931174 0.99999392 7.49070978e-06 -0.0034931174 0.99999392 7.49070978e-06 -0.0034931174 0.99999392 2.43813065e-05 -0.00349411764 0.99999392 2.43813065e-05 -0.00349411764 0.99999392 2.43813065e-05 -0.00349411764 0.99999392 6.87348002e-05 -0.00349172228 0.99999392 6.87348002e-05 -0.00349172228 0.99999392 6.87348002e-05 -0.00349172228 0.99999392 5.26962867e-06 -0.00347094564 0.99999398 5.26962867e-06 -0.00347094564 0.99999398 5.26962867e-06 -0.00347094564 0.99999398 1.37505695e-05 -0.00348501233 0.99999392 1.37505695e-05 -0.00348501233 0.99999392 1.37505695e-05 -0.00348501233 0.99999392 0 -0.00348501233 0.99999392 0 -0.00348501233 0.99999392 0 -0.00348501233 0.99999392 -0 -0.00348501233 0.99999392 -0 -0.00348501233 0.99999392 -0 -0.00348501233 0.99999392 0 -0.00348501233 0.99999392 0 -0.00348501233 0.99999392 0 -0.00348501233 0.99999392 -0 -0.00348501233 0.99999392 -0 -0.00348501233 0.99999392 -0 -0.00348501233 0.99999392 1.19284332e-05 -0.00351035921 0.999993861 1.19284332e-05 -0.00351035921 0.999993861 1.19284332e-05 -0.00351035921 0.999993861 3.01169166e-06 -0.00349311694 0.99999392 3.01169166e-06 -0.00349311694 0.99999392 3.01169166e-06 -0.00349311694 0.99999392 0 -0.00349311694 0.99999392 0 -0.00349311694 0.99999392 0 -0.00349311694 0.99999392 -0 -0.00349311694 0.99999392 -0 -0.00349311694 0.99999392 -0 -0.00349311694 0.99999392 0 -0.00349311694 0.99999392 0 -0.00349311694 0.99999392 0 -0.00349311694 0.99999392 -0 -0.00349311694 0.99999392 -0 -0.00349311694 0.99999392 -0 -0.00349311694 0.99999392 0 -0.00349311694 0.99999392 0 -0.00349311694 0.99999392 0 -0.00349311694 0.99999392 -0 -0.00349311694 0.99999392 -0 -0.00349311694 0.99999392 -0 -0.00349311694 0.99999392 9.02617285e-06 -0.00349311694 0.99999392 9.02617285e-06 -0.00349311694 0.99999392 9.02617285e-06 -0.00349311694 0.99999392 8.11989958e-06 -0.003452976 0.99999404 8.11989958e-06 -0.003452976 0.99999404 8.11989958e-06 -0.003452976 0.99999404 -2.68230878e-07 -0.00372054032 0.999993086 -2.68230878e-07 -0.00372054032 0.999993086 -2.68230878e-07 -0.00372054032 0.999993086 0.000468024693 -0.0034931167 0.999993801 0.000468024693 -0.0034931167 0.999993801 0.000468024693 -0.0034931167 0.999993801 8.20825735e-05 -0.0034902147 0.99999392 8.20825735e-05 -0.0034902147 0.99999392 8.20825735e-05 -0.0034902147 0.99999392 0.000163503253 -0.00348892971 0.99999392 0.000163503253 -0.00348892971 0.99999392 0.000163503253 -0.00348892971 0.99999392 -1.52409041e-06 -0.00347899459 0.99999392 -1.52409041e-06 -0.00347899459 0.99999392 -1.52409041e-06 -0.00347899459 0.99999392 8.11989867e-06 -0.00349216606 0.99999392 8.11989867e-06 -0.00349216606 0.99999392 8.11989867e-06 -0.00349216606 0.99999392 8.6366872e-06 -0.00349123077 0.99999392 8.6366872e-06 -0.00349123077 0.99999392 8.6366872e-06 -0.00349123077 0.99999392 -0 -0.00349123077 0.99999392 -0 -0.00349123077 0.99999392 -0 -0.00349123077 0.99999392 9.86430459e-05 -0.00349011715 0.99999392 9.86430459e-05 -0.00349011715 0.99999392 9.86430459e-05 -0.00349011715 0.99999392 -0 -0.00349011715 0.99999392 -0 -0.00349011715 0.99999392 -0 -0.00349011715 0.99999392 9.6738353e-05 -0.00348904589 0.99999392 9.6738353e-05 -0.00348904589 0.99999392 9.6738353e-05 -0.00348904589 0.99999392 -0 -0.00348904589 0.99999392 -0 -0.00348904589 0.99999392 -0 -0.00348904589 0.99999392 9.49568057e-05 -0.00348801468 0.99999392 9.49568057e-05 -0.00348801468 0.99999392 9.49568057e-05 -0.00348801468 0.99999392 0.000575766608 -0.00348801422 0.999993742 0.000575766608 -0.00348801422 0.999993742 0.000575766608 -0.00348801422 0.999993742 -0.000145833386 -0.00349119119 0.99999392 -0.000145833386 -0.00349119119 0.99999392 -0.000145833386 -0.00349119119 0.99999392 1.35876107e-05 -0.00349158864 0.99999392 1.35876107e-05 -0.00349158864 0.99999392 1.35876107e-05 -0.00349158864 0.99999392 8.59384727e-06 -0.0035049112 0.999993861 8.59384727e-06 -0.0035049112 0.999993861 8.59384727e-06 -0.0035049112 0.999993861 5.31636806e-06 -0.00347986841 0.99999392 5.31636806e-06 -0.00347986841 0.99999392 5.31636806e-06 -0.00347986841 0.99999392 9.89685213e-06 -0.00349170994 0.99999392 9.89685213e-06 -0.00349170994 0.99999392 9.89685213e-06 -0.00349170994 0.99999392 9.89871933e-06 -0.00349170715 0.99999392 9.89871933e-06 -0.00349170715 0.99999392 9.89871933e-06 -0.00349170715 0.99999392 1.18572789e-05 -0.00349677028 0.999993861 1.18572789e-05 -0.00349677028 0.999993861 1.18572789e-05 -0.00349677028 0.999993861 8.83159373e-06 -0.00347365136 0.99999398 8.83159373e-06 -0.00347365136 0.99999398 8.83159373e-06 -0.00347365136 0.99999398 6.86348221e-06 -0.00349518145 0.99999392 6.86348221e-06 -0.00349518145 0.99999392 6.86348221e-06 -0.00349518145 0.99999392 9.77111085e-06 -0.00348887965 0.99999392 9.77111085e-06 -0.00348887965 0.99999392 9.77111085e-06 -0.00348887965 0.99999392 9.86766372e-06 -0.00349306525 0.99999392 9.86766372e-06 -0.00349306525 0.99999392 9.86766372e-06 -0.00349306525 0.99999392 1.19226634e-05 -0.0035097904 0.999993861 1.19226634e-05 -0.0035097904 0.999993861 1.19226634e-05 -0.0035097904 0.999993861 3.09061738e-06 -0.00349311694 0.99999392 3.09061738e-06 -0.00349311694 0.99999392 3.09061738e-06 -0.00349311694 0.99999392 0 -0.00349311694 0.99999392 0 -0.00349311694 0.99999392 0 -0.00349311694 0.99999392 -0 -0.00349311694 0.99999392 -0 -0.00349311694 0.99999392 -0 -0.00349311694 0.99999392 0 -0.00349311694 0.99999392 0 -0.00349311694 0.99999392 0 -0.00349311694 0.99999392 -0 -0.00349311694 0.99999392 -0 -0.00349311694 0.99999392 -0 -0.00349311694 0.99999392 0 -0.00349311694 0.99999392 0 -0.00349311694 0.99999392 0 -0.00349311694 0.99999392 -0 -0.00349311694 0.99999392 -0 -0.00349311694 0.99999392 -0 -0.00349311694 0.99999392 8.79558866e-06 -0.00349311694 0.99999392 8.79558866e-06 -0.00349311694 0.99999392 8.79558866e-06 -0.00349311694 0.99999392 8.11989958e-06 -0.00346242287 0.99999398 8.11989958e-06 -0.00346242287 0.99999398 8.11989958e-06 -0.00346242287 0.99999398 -2.60392568e-07 -0.00372028374 0.999993086 -2.60392568e-07 -0.00372028374 0.999993086 -2.60392568e-07 -0.00372028374 0.999993086 0 -0.00348934624 0.99999392 0 -0.00348934624 0.99999392 0 -0.00348934624 0.99999392 -0 -0.00348846684 0.99999392 -0 -0.00348846684 0.99999392 -0 -0.00348846684 0.99999392 0 -0.00348846684 0.99999392 0 -0.00348846684 0.99999392 0 -0.00348846684 0.99999392 -0 -0.00348846684 0.99999392 -0 -0.00348846684 0.99999392 -0 -0.00348846684 0.99999392 8.11989867e-06 -0.00348846684 0.99999392 8.11989867e-06 -0.00348846684 0.99999392 8.11989867e-06 -0.00348846684 0.99999392 3.32295676e-05 -0.00347647839 0.99999398 3.32295676e-05 -0.00347647839 0.99999398 3.32295676e-05 -0.00347647839 0.99999398 3.3229564e-05 -0.00348847755 0.99999392 3.3229564e-05 -0.00348847755 0.99999392 3.3229564e-05 -0.00348847755 0.99999392 0 -0.00348847755 0.99999392 0 -0.00348847755 0.99999392 0 -0.00348847755 0.99999392 -0 -0.00348847755 0.99999392 -0 -0.00348847755 0.99999392 -0 -0.00348847755 0.99999392 0 -0.00348847755 0.99999392 0 -0.00348847755 0.99999392 0 -0.00348847755 0.99999392 -0 -0.00348847755 0.99999392 -0 -0.00348847755 0.99999392 -0 -0.00348847755 0.99999392 0 -0.00348847755 0.99999392 0 -0.00348847755 0.99999392 0 -0.00348847755 0.99999392 -0 -0.00348847755 0.99999392 -0 -0.00348847755 0.99999392 -0 -0.00348847755 0.99999392 8.11989867e-06 -0.00348847755 0.99999392 8.11989867e-06 -0.00348847755 0.99999392 8.11989867e-06 -0.00348847755 0.99999392 8.11989867e-06 -0.00348847755 0.99999392 8.11989867e-06 -0.00348847755 0.99999392 8.11989867e-06 -0.00348847755 0.99999392 0 -0.00348847755 0.99999392 0 -0.00348847755 0.99999392 0 -0.00348847755 0.99999392 -0 -0.00348847755 0.99999392 -0 -0.00348847755 0.99999392 -0 -0.00348847755 0.99999392 0 -0.00348847755 0.99999392 0 -0.00348847755 0.99999392 0 -0.00348847755 0.99999392 -0 -0.00348847755 0.99999392 -0 -0.00348847755 0.99999392 -0 -0.00348847755 0.99999392 0 -0.00348847755 0.99999392 0 -0.00348847755 0.99999392 0 -0.00348847755 0.99999392 -0 -0.00348847755 0.99999392 -0 -0.00348847755 0.99999392 -0 -0.00348847755 0.99999392 0 -0.00348847755 0.99999392 0 -0.00348847755 0.99999392 0 -0.00348847755 0.99999392 -0 -0.00348847755 0.99999392 -0 -0.00348847755 0.99999392 -0 -0.00348847755 0.99999392 8.11989867e-06 -0.00348847755 0.99999392 8.11989867e-06 -0.00348847755 0.99999392 8.11989867e-06 -0.00348847755 0.99999392 8.11989867e-06 -0.00348847755 0.99999392 8.11989867e-06 -0.00348847755 0.99999392 8.11989867e-06 -0.00348847755 0.99999392 -0.000151250351 -0.00348810153 0.99999392 -0.000151250351 -0.00348810153 0.99999392 -0.000151250351 -0.00348810153 0.99999392 9.81428366e-06 -0.00348810153 0.99999392 9.81428366e-06 -0.00348810153 0.99999392 9.81428366e-06 -0.00348810153 0.99999392 0 -0.00349751231 0.999993861 0 -0.00349751231 0.999993861 0 -0.00349751231 0.999993861 1.82280382e-05 -0.00348045561 0.99999392 1.82280382e-05 -0.00348045561 0.99999392 1.82280382e-05 -0.00348045561 0.99999392 8.11989867e-06 -0.00349645549 0.999993861 8.11989867e-06 -0.00349645549 0.999993861 8.11989867e-06 -0.00349645549 0.999993861 -0 -0.00349659333 0.999993861 -0 -0.00349659333 0.999993861 -0 -0.00349659333 0.999993861 0 -0.00372041017 0.999993086 0 -0.00372041017 0.999993086 0 -0.00372041017 0.999993086 0.000468152779 -0.0034931167 0.999993801 0.000468152779 -0.0034931167 0.999993801 0.000468152779 -0.0034931167 0.999993801 8.21535432e-05 -0.00349021493 0.99999392 8.21535432e-05 -0.00349021493 0.99999392 8.21535432e-05 -0.00349021493 0.99999392 0.000163522782 -0.00348893087 0.99999392 0.000163522782 -0.00348893087 0.99999392 0.000163522782 -0.00348893087 0.99999392 0 -0.00347908656 0.99999392 0 -0.00347908656 0.99999392 0 -0.00347908656 0.99999392 -0 -0.00348847755 0.99999392 -0 -0.00348847755 0.99999392 -0 -0.00348847755 0.99999392 0 -0.00348847755 0.99999392 0 -0.00348847755 0.99999392 0 -0.00348847755 0.99999392 -0 -0.00349311694 0.99999392 -0 -0.00349311694 0.99999392 -0 -0.00349311694 0.99999392 0 -0.00349311694 0.99999392 0 -0.00349311694 0.99999392 0 -0.00349311694 0.99999392 -0 -0.00348892971 0.99999392 -0 -0.00348892971 0.99999392 -0 -0.00348892971 0.99999392 0 -0.00348892971 0.99999392 0 -0.00348892971 0.99999392 0 -0.00348892971 0.99999392 -0 -0.00348847755 0.99999392 -0 -0.00348847755 0.99999392 -0 -0.00348847755 0.99999392 0 -0.00348847755 0.99999392 0 -0.00348847755 0.99999392 0 -0.00348847755 0.99999392 -0 -0.00349042402 0.99999392 -0 -0.00349042402 0.99999392 -0 -0.00349042402 0.99999392 0.000118624797 -0.00349042402 0.99999392 0.000118624797 -0.00349042402 0.99999392 0.000118624797 -0.00349042402 0.99999392 -1.46812386e-06 -0.00348968222 0.99999392 -1.46812386e-06 -0.00348968222 0.99999392 -1.46812386e-06 -0.00348968222 0.99999392 0 -0.00348847755 0.99999392 0 -0.00348847755 0.99999392 0 -0.00348847755 0.99999392 -0 -0.00348847755 0.99999392 -0 -0.00348847755 0.99999392 -0 -0.00348847755 0.99999392 0 -0.00348847755 0.99999392 0 -0.00348847755 0.99999392 0 -0.00348847755 0.99999392 -0 -0.00348847755 0.99999392 -0 -0.00348847755 0.99999392 -0 -0.00348847755 0.99999392 0 -0.00348847755 0.99999392 0 -0.00348847755 0.99999392 0 -0.00348847755 0.99999392 -0 -0.00348847755 0.99999392 -0 -0.00348847755 0.99999392 -0 -0.00348847755 0.99999392 0 -0.00348847755 0.99999392 0 -0.00348847755 0.99999392 0 -0.00348847755 0.99999392 -0 -0.00348847755 0.99999392 -0 -0.00348847755 0.99999392 -0 -0.00348847755 0.99999392 8.11989867e-06 -0.00348847755 0.99999392 8.11989867e-06 -0.00348847755 0.99999392 8.11989867e-06 -0.00348847755 0.99999392 8.11989867e-06 -0.00348847755 0.99999392 8.11989867e-06 -0.00348847755 0.99999392 8.11989867e-06 -0.00348847755 0.99999392 0 -0.00348847755 0.99999392 0 -0.00348847755 0.99999392 0 -0.00348847755 0.99999392 -0 -0.00348847755 0.99999392 -0 -0.00348847755 0.99999392 -0 -0.00348847755 0.99999392 0 -0.0034884885 0.99999392 0 -0.0034884885 0.99999392 0 -0.0034884885 0.99999392 -0 -0.0034884885 0.99999392 -0 -0.0034884885 0.99999392 -0 -0.0034884885 0.99999392 8.11989867e-06 -0.0034884885 0.99999392 8.11989867e-06 -0.0034884885 0.99999392 8.11989867e-06 -0.0034884885 0.99999392 8.11989867e-06 -0.0034884885 0.99999392 8.11989867e-06 -0.0034884885 0.99999392 8.11989867e-06 -0.0034884885 0.99999392 0 -0.0034884885 0.99999392 0 -0.0034884885 0.99999392 0 -0.0034884885 0.99999392 -0 -0.0034884885 0.99999392 -0 -0.0034884885 0.99999392 -0 -0.0034884885 0.99999392 0 -0.0034884885 0.99999392 0 -0.0034884885 0.99999392 0 -0.0034884885 0.99999392 -0 -0.0034884885 0.99999392 -0 -0.0034884885 0.99999392 -0 -0.0034884885 0.99999392 0 -0.0034884885 0.99999392 0 -0.0034884885 0.99999392 0 -0.0034884885 0.99999392 0 -0.00348846684 0.99999392 0 -0.00348846684 0.99999392 0 -0.00348846684 0.99999392 0 -0.00348846684 0.99999392 0 -0.00348846684 0.99999392 0 -0.00348846684 0.99999392 -0 -0.00348846684 0.99999392 -0 -0.00348846684 0.99999392 -0 -0.00348846684 0.99999392 8.11989867e-06 -0.00348846684 0.99999392 8.11989867e-06 -0.00348846684 0.99999392 8.11989867e-06 -0.00348846684 0.99999392 8.11989867e-06 -0.00348846684 0.99999392 8.11989867e-06 -0.00348846684 0.99999392 8.11989867e-06 -0.00348846684 0.99999392 0 -0.00348846684 0.99999392 0 -0.00348846684 0.99999392 0 -0.00348846684 0.99999392 1.80777133e-05 -0.00349054881 0.99999392 1.80777133e-05 -0.00349054881 0.99999392 1.80777133e-05 -0.00349054881 0.99999392 -3.33935131e-05 -0.00349328131 0.99999392 -3.33935131e-05 -0.00349328131 0.99999392 -3.33935131e-05 -0.00349328131 0.99999392 0 -0.00349659333 0.999993861 0 -0.00349659333 0.999993861 0 -0.00349659333 0.999993861 -0 -0.00349311694 0.99999392 -0 -0.00349311694 0.99999392 -0 -0.00349311694 0.99999392 0 -0.00349311694 0.99999392 0 -0.00349311694 0.99999392 0 -0.00349311694 0.99999392 -0 -0.00348893087 0.99999392 -0 -0.00348893087 0.99999392 -0 -0.00348893087 0.99999392 0 -0.00348893087 0.99999392 0 -0.00348893087 0.99999392 0 -0.00348893087 0.99999392 -0 -0.00348847755 0.99999392 -0 -0.00348847755 0.99999392 -0 -0.00348847755 0.99999392 0 -0.00348847755 0.99999392 0 -0.00348847755 0.99999392 0 -0.00348847755 0.99999392 -0 -0.00349311694 0.99999392 -0 -0.00349311694 0.99999392 -0 -0.00349311694 0.99999392 0 -0.00349311694 0.99999392 0 -0.00349311694 0.99999392 0 -0.00349311694 0.99999392 -0 -0.00348892971 0.99999392 -0 -0.00348892971 0.99999392 -0 -0.00348892971 0.99999392 0 -0.00348892971 0.99999392 0 -0.00348892971 0.99999392 0 -0.00348892971 0.99999392 -0 -0.00348847755 0.99999392 -0 -0.00348847755 0.99999392 -0 -0.00348847755 0.99999392 0 -0.00348847755 0.99999392 0 -0.00348847755 0.99999392 0 -0.00348847755 0.99999392 -0 -0.00349038863 0.99999392 -0 -0.00349038863 0.99999392 -0 -0.00349038863 0.99999392 1.8277522e-05 -0.00349038863 0.99999392 1.8277522e-05 -0.00349038863 0.99999392 1.8277522e-05 -0.00349038863 0.99999392 1.19226906e-05 -0.00350925513 0.999993861 1.19226906e-05 -0.00350925513 0.999993861 1.19226906e-05 -0.00350925513 0.999993861 3.16157684e-06 -0.00349311694 0.99999392 3.16157684e-06 -0.00349311694 0.99999392 3.16157684e-06 -0.00349311694 0.99999392 0 -0.00349311694 0.99999392 0 -0.00349311694 0.99999392 0 -0.00349311694 0.99999392 -0 -0.00349311694 0.99999392 -0 -0.00349311694 0.99999392 -0 -0.00349311694 0.99999392 0 -0.00349311694 0.99999392 0 -0.00349311694 0.99999392 0 -0.00349311694 0.99999392 -0 -0.00349311694 0.99999392 -0 -0.00349311694 0.99999392 -0 -0.00349311694 0.99999392 0 -0.00349311694 0.99999392 0 -0.00349311694 0.99999392 0 -0.00349311694 0.99999392 -0 -0.00349311694 0.99999392 -0 -0.00349311694 0.99999392 -0 -0.00349311694 0.99999392 8.58783642e-06 -0.00349311694 0.99999392 8.58783642e-06 -0.00349311694 0.99999392 8.58783642e-06 -0.00349311694 0.99999392 8.11989867e-06 -0.00347133307 0.99999398 8.11989867e-06 -0.00347133307 0.99999398 8.11989867e-06 -0.00347133307 0.99999398 1.68218048e-05 -0.00321343262 0.999994814 1.68218048e-05 -0.00321343262 0.999994814 1.68218048e-05 -0.00321343262 0.999994814 -0 -0.00318892882 0.999994934 -0 -0.00318892882 0.999994934 -0 -0.00318892882 0.999994934 0 -0.00318892882 0.999994934 0 -0.00318892882 0.999994934 0 -0.00318892882 0.999994934 -0 -0.00348847755 0.99999392 -0 -0.00348847755 0.99999392 -0 -0.00348847755 0.99999392 0 -0.00348847755 0.99999392 0 -0.00348847755 0.99999392 0 -0.00348847755 0.99999392 -0 -0.00350504951 0.999993861 -0 -0.00350504951 0.999993861 -0 -0.00350504951 0.999993861 -6.91815949e-05 -0.0034943209 0.99999392 -6.91815949e-05 -0.0034943209 0.99999392 -6.91815949e-05 -0.0034943209 0.99999392 2.44248022e-05 -0.00349051552 0.99999392 2.44248022e-05 -0.00349051552 0.99999392 2.44248022e-05 -0.00349051552 0.99999392 -0.000121954319 -0.00348501233 0.99999392 -0.000121954319 -0.00348501233 0.99999392 -0.000121954319 -0.00348501233 0.99999392 0 -0.00352420728 0.999993801 0 -0.00352420728 0.999993801 0 -0.00352420728 0.999993801 -1.06092721e-05 -0.00352420728 0.999993801 -1.06092721e-05 -0.00352420728 0.999993801 -1.06092721e-05 -0.00352420728 0.999993801 0 -0.00352041633 0.999993801 0 -0.00352041633 0.999993801 0 -0.00352041633 0.999993801 8.11989776e-06 -0.00352041633 0.999993801 8.11989776e-06 -0.00352041633 0.999993801 8.11989776e-06 -0.00352041633 0.999993801 8.11989867e-06 -0.00348846684 0.99999392 8.11989867e-06 -0.00348846684 0.99999392 8.11989867e-06 -0.00348846684 0.99999392 -0 -0.00348846684 0.99999392 -0 -0.00348846684 0.99999392 -0 -0.00348846684 0.99999392 0 -0.00318892882 0.999994934 0 -0.00318892882 0.999994934 0 -0.00318892882 0.999994934 -0 -0.00318892882 0.999994934 -0 -0.00318892882 0.999994934 -0 -0.00318892882 0.999994934 -0.000207875884 -0.00349173485 0.999993861 -0.000207875884 -0.00349173485 0.999993861 -0.000207875884 -0.00349173485 0.999993861 -0.000134098329 -0.0034906033 0.99999392 -0.000134098329 -0.0034906033 0.99999392 -0.000134098329 -0.0034906033 0.99999392 0 -0.0035050381 0.999993861 0 -0.0035050381 0.999993861 0 -0.0035050381 0.999993861 -0 -0.0034884885 0.99999392 -0 -0.0034884885 0.99999392 -0 -0.0034884885 0.99999392 0 -0.0034884885 0.99999392 0 -0.0034884885 0.99999392 0 -0.0034884885 0.99999392 -0 -0.00318892882 0.999994934 -0 -0.00318892882 0.999994934 -0 -0.00318892882 0.999994934 0 -0.00318892882 0.999994934 0 -0.00318892882 0.999994934 0 -0.00318892882 0.999994934 1.69004234e-05 -0.00322995777 0.999994755 1.69004234e-05 -0.00322995777 0.999994755 1.69004234e-05 -0.00322995777 0.999994755 8.11989867e-06 -0.00348024303 0.99999392 8.11989867e-06 -0.00348024303 0.99999392 8.11989867e-06 -0.00348024303 0.99999392 8.38990672e-06 -0.00349311694 0.99999392 8.38990672e-06 -0.00349311694 0.99999392 8.38990672e-06 -0.00349311694 0.99999392 0 -0.00349311694 0.99999392 0 -0.00349311694 0.99999392 0 -0.00349311694 0.99999392 -0 -0.00349311694 0.99999392 -0 -0.00349311694 0.99999392 -0 -0.00349311694 0.99999392 0 -0.00349311694 0.99999392 0 -0.00349311694 0.99999392 0 -0.00349311694 0.99999392 -0 -0.00349311694 0.99999392 -0 -0.00349311694 0.99999392 -0 -0.00349311694 0.99999392 0 -0.00349311694 0.99999392 0 -0.00349311694 0.99999392 0 -0.00349311694 0.99999392 -0 -0.00349311694 0.99999392 -0 -0.00349311694 0.99999392 -0 -0.00349311694 0.99999392 3.24227949e-06 -0.00349311694 0.99999392 3.24227949e-06 -0.00349311694 0.99999392 3.24227949e-06 -0.00349311694 0.99999392 1.19197621e-05 -0.00350870308 0.999993861 1.19197621e-05 -0.00350870308 0.999993861 1.19197621e-05 -0.00350870308 0.999993861 9.77112359e-06 -0.00348887965 0.99999392 9.77112359e-06 -0.00348887965 0.99999392 9.77112359e-06 -0.00348887965 0.99999392 9.5762025e-06 -0.00348930224 0.99999392 9.5762025e-06 -0.00348930224 0.99999392 9.5762025e-06 -0.00348930224 0.99999392 1.01119376e-05 -0.00348344166 0.99999392 1.01119376e-05 -0.00348344166 0.99999392 1.01119376e-05 -0.00348344166 0.99999392 1.1857358e-05 -0.00349677796 0.999993861 1.1857358e-05 -0.00349677796 0.999993861 1.1857358e-05 -0.00349677796 0.999993861 7.539526e-06 -0.00348561583 0.99999392 7.539526e-06 -0.00348561583 0.99999392 7.539526e-06 -0.00348561583 0.99999392 7.539526e-06 -0.00348561583 0.99999392 7.539526e-06 -0.00348561583 0.99999392 7.539526e-06 -0.00348561583 0.99999392 1.1857358e-05 -0.00349677796 0.999993861 1.1857358e-05 -0.00349677796 0.999993861 1.1857358e-05 -0.00349677796 0.999993861 1.17880045e-05 -0.00349624804 0.999993861 1.17880045e-05 -0.00349624804 0.999993861 1.17880045e-05 -0.00349624804 0.999993861 1.25980523e-05 -0.00349488668 0.99999392 1.25980523e-05 -0.00349488668 0.99999392 1.25980523e-05 -0.00349488668 0.99999392 -0 -0.00349488668 0.99999392 -0 -0.00349488668 0.99999392 -0 -0.00349488668 0.99999392 0.000104677732 -0.00349369505 0.99999392 0.000104677732 -0.00349369505 0.99999392 0.000104677732 -0.00349369505 0.99999392 -0 -0.00349369529 0.99999392 -0 -0.00349369529 0.99999392 -0 -0.00349369529 0.99999392 0.000103109516 -0.00349254417 0.99999392 0.000103109516 -0.00349254417 0.99999392 0.000103109516 -0.00349254417 0.99999392 -0 -0.00349254417 0.99999392 -0 -0.00349254417 0.99999392 -0 -0.00349254417 0.99999392 0.000100726917 -0.00349144172 0.99999392 0.000100726917 -0.00349144172 0.99999392 0.000100726917 -0.00349144172 0.99999392 1.60453437e-05 -0.00349144172 0.99999392 1.60453437e-05 -0.00349144172 0.99999392 1.60453437e-05 -0.00349144172 0.99999392 7.72583371e-06 -0.00349157536 0.99999392 7.72583371e-06 -0.00349157536 0.99999392 7.72583371e-06 -0.00349157536 0.99999392 5.06984634e-07 -0.0034915572 0.99999392 5.06984634e-07 -0.0034915572 0.99999392 5.06984634e-07 -0.0034915572 0.99999392 3.11278495e-06 -0.00348460535 0.99999392 3.11278495e-06 -0.00348460535 0.99999392 3.11278495e-06 -0.00348460535 0.99999392 1.83399006e-05 -0.00350181479 0.999993861 1.83399006e-05 -0.00350181479 0.999993861 1.83399006e-05 -0.00350181479 0.999993861 0 -0.00350506091 0.999993861 0 -0.00350506091 0.999993861 0 -0.00350506091 0.999993861 -0 -0.00350506091 0.999993861 -0 -0.00350506091 0.999993861 -0 -0.00350506091 0.999993861 0 -0.00348846684 0.99999392 0 -0.00348846684 0.99999392 0 -0.00348846684 0.99999392 0.000136821473 -0.00348084373 0.99999392 0.000136821473 -0.00348084373 0.99999392 0.000136821473 -0.00348084373 0.99999392 0.000136821458 -0.00351338414 0.999993801 0.000136821458 -0.00351338414 0.999993801 0.000136821458 -0.00351338414 0.999993801 0 -0.00348846684 0.99999392 0 -0.00348846684 0.99999392 0 -0.00348846684 0.99999392 -0 -0.00318892882 0.999994934 -0 -0.00318892882 0.999994934 -0 -0.00318892882 0.999994934 0 -0.00318892882 0.999994934 0 -0.00318892882 0.999994934 0 -0.00318892882 0.999994934 1.7092676e-05 -0.00326362159 0.999994695 1.7092676e-05 -0.00326362159 0.999994695 1.7092676e-05 -0.00326362159 0.999994695 8.11989776e-06 -0.0034991398 0.999993861 8.11989776e-06 -0.0034991398 0.999993861 8.11989776e-06 -0.0034991398 0.999993861 7.83705764e-06 -0.00348501233 0.99999392 7.83705764e-06 -0.00348501233 0.99999392 7.83705764e-06 -0.00348501233 0.99999392 0 -0.00348501233 0.99999392 0 -0.00348501233 0.99999392 0 -0.00348501233 0.99999392 -0 -0.00348501233 0.99999392 -0 -0.00348501233 0.99999392 -0 -0.00348501233 0.99999392 0 -0.00348501233 0.99999392 0 -0.00348501233 0.99999392 0 -0.00348501233 0.99999392 -0 -0.00348501233 0.99999392 -0 -0.00348501233 0.99999392 -0 -0.00348501233 0.99999392 0 -0.00348501233 0.99999392 0 -0.00348501233 0.99999392 0 -0.00348501233 0.99999392 -0 -0.00348501233 0.99999392 -0 -0.00348501233 0.99999392 -0 -0.00348501233 0.99999392 1.33806943e-05 -0.00348501233 0.99999392 1.33806943e-05 -0.00348501233 0.99999392 1.33806943e-05 -0.00348501233 0.99999392 1.1781478e-05 -0.00348228659 0.99999392 1.1781478e-05 -0.00348228659 0.99999392 1.1781478e-05 -0.00348228659 0.99999392 0 -0.00372041017 0.999993086 0 -0.00372041017 0.999993086 0 -0.00372041017 0.999993086 0.000156036709 -0.00349311694 0.999993861 0.000156036709 -0.00349311694 0.999993861 0.000156036709 -0.00349311694 0.999993861 3.76418575e-05 -0.00349044637 0.99999392 3.76418575e-05 -0.00349044637 0.99999392 3.76418575e-05 -0.00349044637 0.99999392 9.13543627e-05 -0.00348893087 0.99999392 9.13543627e-05 -0.00348893087 0.99999392 9.13543627e-05 -0.00348893087 0.99999392 0 -0.00347909774 0.99999392 0 -0.00347909774 0.99999392 0 -0.00347909774 0.99999392 -0 -0.00351338414 0.999993801 -0 -0.00351338414 0.999993801 -0 -0.00351338414 0.999993801 0 -0.00351338414 0.999993801 0 -0.00351338414 0.999993801 0 -0.00351338414 0.999993801 -0 -0.00348501233 0.99999392 -0 -0.00348501233 0.99999392 -0 -0.00348501233 0.99999392 0 -0.00348501233 0.99999392 0 -0.00348501233 0.99999392 0 -0.00348501233 0.99999392 -0 -0.00349432323 0.99999392 -0 -0.00349432323 0.99999392 -0 -0.00349432323 0.99999392 0 -0.00349432323 0.99999392 0 -0.00349432323 0.99999392 0 -0.00349432323 0.99999392 -0 -0.00348846684 0.99999392 -0 -0.00348846684 0.99999392 -0 -0.00348846684 0.99999392 0 -0.00348846684 0.99999392 0 -0.00348846684 0.99999392 0 -0.00348846684 0.99999392 -0 -0.0034906033 0.99999392 -0 -0.0034906033 0.99999392 -0 -0.0034906033 0.99999392 0 -0.0034906033 0.99999392 0 -0.0034906033 0.99999392 0 -0.0034906033 0.99999392 -0 -0.0034884885 0.99999392 -0 -0.0034884885 0.99999392 -0 -0.0034884885 0.99999392 0 -0.0034884885 0.99999392 0 -0.0034884885 0.99999392 0 -0.0034884885 0.99999392 -0 -0.00348501233 0.99999392 -0 -0.00348501233 0.99999392 -0 -0.00348501233 0.99999392 0 -0.00348501233 0.99999392 0 -0.00348501233 0.99999392 0 -0.00348501233 0.99999392 -0 -0.0034943209 0.99999392 -0 -0.0034943209 0.99999392 -0 -0.0034943209 0.99999392 0 -0.0034943209 0.99999392 0 -0.0034943209 0.99999392 0 -0.0034943209 0.99999392 -0 -0.00348847755 0.99999392 -0 -0.00348847755 0.99999392 -0 -0.00348847755 0.99999392 0 -0.00348847755 0.99999392 0 -0.00348847755 0.99999392 0 -0.00348847755 0.99999392 -0 -0.00348501233 0.99999392 -0 -0.00348501233 0.99999392 -0 -0.00348501233 0.99999392 0 -0.00348501233 0.99999392 0 -0.00348501233 0.99999392 0 -0.00348501233 0.99999392 -0 -0.00349328131 0.99999392 -0 -0.00349328131 0.99999392 -0 -0.00349328131 0.99999392 0 -0.00349328131 0.99999392 0 -0.00349328131 0.99999392 0 -0.00349328131 0.99999392 -0 -0.00349311694 0.99999392 -0 -0.00349311694 0.99999392 -0 -0.00349311694 0.99999392 0 -0.00349311694 0.99999392 0 -0.00349311694 0.99999392 0 -0.00349311694 0.99999392 -0 -0.00348893087 0.99999392 -0 -0.00348893087 0.99999392 -0 -0.00348893087 0.99999392 0 -0.00348893087 0.99999392 0 -0.00348893087 0.99999392 0 -0.00348893087 0.99999392 -0 -0.00348847755 0.99999392 -0 -0.00348847755 0.99999392 -0 -0.00348847755 0.99999392 0 -0.00348847755 0.99999392 0 -0.00348847755 0.99999392 0 -0.00348847755 0.99999392 -0 -0.00349311694 0.99999392 -0 -0.00349311694 0.99999392 -0 -0.00349311694 0.99999392 0 -0.00349311694 0.99999392 0 -0.00349311694 0.99999392 0 -0.00349311694 0.99999392 -0 -0.00348892971 0.99999392 -0 -0.00348892971 0.99999392 -0 -0.00348892971 0.99999392 0 -0.00348892971 0.99999392 0 -0.00348892971 0.99999392 0 -0.00348892971 0.99999392 -0 -0.00348847755 0.99999392 -0 -0.00348847755 0.99999392 -0 -0.00348847755 0.99999392 0 -0.00348847755 0.99999392 0 -0.00348847755 0.99999392 0 -0.00348847755 0.99999392 -0 -0.00349024683 0.99999392 -0 -0.00349024683 0.99999392 -0 -0.00349024683 0.99999392 1.82746699e-05 -0.00349024683 0.99999392 1.82746699e-05 -0.00349024683 0.99999392 1.82746699e-05 -0.00349024683 0.99999392 0 -0.0034884885 0.99999392 0 -0.0034884885 0.99999392 0 -0.0034884885 0.99999392 -0 -0.0034884885 0.99999392 -0 -0.0034884885 0.99999392 -0 -0.0034884885 0.99999392 0 -0.0034884885 0.99999392 0 -0.0034884885 0.99999392 0 -0.0034884885 0.99999392 -0 -0.0034884885 0.99999392 -0 -0.0034884885 0.99999392 -0 -0.0034884885 0.99999392 0 -0.0034884885 0.99999392 0 -0.0034884885 0.99999392 0 -0.0034884885 0.99999392 0.000136821458 -0.00351340603 0.999993801 0.000136821458 -0.00351340603 0.999993801 0.000136821458 -0.00351340603 0.999993801 0 -0.00351340603 0.999993801 0 -0.00351340603 0.999993801 0 -0.00351340603 0.999993801 -0 -0.00351340603 0.999993801 -0 -0.00351340603 0.999993801 -0 -0.00351340603 0.999993801 1.61824355e-05 -0.00351340603 0.999993801 1.61824355e-05 -0.00351340603 0.999993801 1.61824355e-05 -0.00351340603 0.999993801 8.11989867e-06 -0.00348794088 0.99999392 8.11989867e-06 -0.00348794088 0.99999392 8.11989867e-06 -0.00348794088 0.99999392 0 -0.00348794088 0.99999392 0 -0.00348794088 0.99999392 0 -0.00348794088 0.99999392 -0 -0.00348501233 0.99999392 -0 -0.00348501233 0.99999392 -0 -0.00348501233 0.99999392 0 -0.00348501233 0.99999392 0 -0.00348501233 0.99999392 0 -0.00348501233 0.99999392 -0 -0.00349368993 0.99999392 -0 -0.00349368993 0.99999392 -0 -0.00349368993 0.99999392 0.000105117673 -0.00349368993 0.99999392 0.000105117673 -0.00349368993 0.99999392 0.000105117673 -0.00349368993 0.99999392 0 -0.00348846684 0.99999392 0 -0.00348846684 0.99999392 0 -0.00348846684 0.99999392 -0 -0.00348846684 0.99999392 -0 -0.00348846684 0.99999392 -0 -0.00348846684 0.99999392 0 -0.00348846684 0.99999392 0 -0.00348846684 0.99999392 0 -0.00348846684 0.99999392 -0 -0.00348846684 0.99999392 -0 -0.00348846684 0.99999392 -0 -0.00348846684 0.99999392 0 -0.00348846684 0.99999392 0 -0.00348846684 0.99999392 0 -0.00348846684 0.99999392 -0 -0.00348846684 0.99999392 -0 -0.00348846684 0.99999392 -0 -0.00348846684 0.99999392 0 -0.00348846684 0.99999392 0 -0.00348846684 0.99999392 0 -0.00348846684 0.99999392 -0 -0.00348846684 0.99999392 -0 -0.00348846684 0.99999392 -0 -0.00348846684 0.99999392 9.04353419e-06 -0.00348846684 0.99999392 9.04353419e-06 -0.00348846684 0.99999392 9.04353419e-06 -0.00348846684 0.99999392 1.62469278e-05 -0.00351320161 0.999993801 1.62469278e-05 -0.00351320161 0.999993801 1.62469278e-05 -0.00351320161 0.999993801 0 -0.00351320161 0.999993801 0 -0.00351320161 0.999993801 0 -0.00351320161 0.999993801 -0 -0.00349059538 0.99999392 -0 -0.00349059538 0.99999392 -0 -0.00349059538 0.99999392 -0.000447976723 -0.00349059491 0.999993801 -0.000447976723 -0.00349059491 0.999993801 -0.000447976723 -0.00349059491 0.999993801 0.00523112901 -0.999980211 -0.00348939514 0.00523112901 -0.999980211 -0.00348939514 0.00523112901 -0.999980211 -0.00348939514 0.00523786061 -0.999980211 -0.00349248317 0.00523786061 -0.999980211 -0.00349248317 0.00523786061 -0.999980211 -0.00349248317 0.00533577893 -0.999979675 -0.00349248247 0.00533577893 -0.999979675 -0.00349248247 0.00533577893 -0.999979675 -0.00349248247 0.00519967917 -0.99998039 -0.00348939514 0.00519967917 -0.99998039 -0.00348939514 0.00519967917 -0.99998039 -0.00348939514 0.00523352856 -0.999980211 -0.00348939514 0.00523352856 -0.999980211 -0.00348939514 0.00523352856 -0.999980211 -0.00348939514 0.00523334974 -0.999980211 -0.00348937884 0.00523334974 -0.999980211 -0.00348937884 0.00523334974 -0.999980211 -0.00348937884 0.00519896764 -0.99998039 -0.00348937907 0.00519896764 -0.99998039 -0.00348937907 0.00519896764 -0.99998039 -0.00348937907 0.00526773371 -0.999980032 -0.00349249924 0.00526773371 -0.999980032 -0.00349249924 0.00526773371 -0.999980032 -0.00349249924 0.00519967917 -0.99998039 -0.00349249947 0.00519967917 -0.99998039 -0.00349249947 0.00519967917 -0.99998039 -0.00349249947 0.00519967917 -0.99998039 -0.00349249947 0.00519967917 -0.99998039 -0.00349249947 0.00519967917 -0.99998039 -0.00349249947 0.999986291 0.00523589412 8.95686662e-06 0.999986291 0.00523589412 8.95686662e-06 0.999986291 0.00523589412 8.95686662e-06 0.999986291 0.00523405802 2.75792763e-06 0.999986291 0.00523405802 2.75792763e-06 0.999986291 0.00523405802 2.75792763e-06 -0.00521728862 0.99998033 0.00348936277 -0.00521728862 0.99998033 0.00348936277 -0.00521728862 0.99998033 0.00348936277 -0.00521687604 0.99998033 0.00348937884 -0.00521687604 0.99998033 0.00348937884 -0.00521687604 0.99998033 0.00348937884 -0.00523352856 0.999980211 0.00348937884 -0.00523352856 0.999980211 0.00348937884 -0.00523352856 0.999980211 0.00348937884 -0.00523334974 0.999980211 0.00348939514 -0.00523334974 0.999980211 0.00348939514 -0.00523334974 0.999980211 0.00348939514 -0.00533577893 0.999979675 0.00348939467 -0.00533577893 0.999979675 0.00348939467 -0.00533577893 0.999979675 0.00348939467 -0.00519967917 0.99998039 0.0034924834 -0.00519967917 0.99998039 0.0034924834 -0.00519967917 0.99998039 0.0034924834 -0.00523481565 0.999980211 0.00349248317 -0.00523481565 0.999980211 0.00349248317 -0.00523481565 0.999980211 0.00349248317 -0.00524142571 0.999980152 0.00348933553 -0.00524142571 0.999980152 0.00348933553 -0.00524142571 0.999980152 0.00348933553 -0.868631601 0.495455444 0.00173962011 -0.868631601 0.495455444 0.00173962011 -0.868631601 0.495455444 0.00173962011 -0.868631601 0.495455444 0.00173959858 -0.868631601 0.495455444 0.00173959858 -0.868631601 0.495455444 0.00173959858 -0.86339426 -0.504526794 -0.00174708548 -0.86339426 -0.504526794 -0.00174708548 -0.86339426 -0.504526794 -0.00174708548 -0.863394976 -0.504525602 -0.00174976152 -0.863394976 -0.504525602 -0.00174976152 -0.863394976 -0.504525602 -0.00174976152 0.00523597095 -0.999980211 -0.00349243986 0.00523597095 -0.999980211 -0.00349243986 0.00523597095 -0.999980211 -0.00349243986 0.00523606129 -0.999980211 -0.00349248317 0.00523606129 -0.999980211 -0.00349248317 0.00523606129 -0.999980211 -0.00349248317 0.00533577893 -0.999979675 -0.00349248247 0.00533577893 -0.999979675 -0.00349248247 0.00533577893 -0.999979675 -0.00349248247 0.00519967917 -0.99998039 -0.00348939514 0.00519967917 -0.99998039 -0.00348939514 0.00519967917 -0.99998039 -0.00348939514 0.00523352856 -0.999980211 -0.00348939514 0.00523352856 -0.999980211 -0.00348939514 0.00523352856 -0.999980211 -0.00348939514 0.00523334974 -0.999980211 -0.00348937884 0.00523334974 -0.999980211 -0.00348937884 0.00523334974 -0.999980211 -0.00348937884 0.00519920466 -0.99998039 -0.00348937907 0.00519920466 -0.99998039 -0.00348937907 0.00519920466 -0.99998039 -0.00348937907 0.00529041653 -0.999979913 -0.00349248271 0.00529041653 -0.999979913 -0.00349248271 0.00529041653 -0.999979913 -0.00349248271 0.999986291 0.00523590483 5.86876877e-06 0.999986291 0.00523590483 5.86876877e-06 0.999986291 0.00523590483 5.86876877e-06 0.999986291 0.00523496745 8.95363428e-06 0.999986291 0.00523496745 8.95363428e-06 0.999986291 0.00523496745 8.95363428e-06 -0.00523949461 0.999980211 0.0034893516 -0.00523949461 0.999980211 0.0034893516 -0.00523949461 0.999980211 0.0034893516 -0.00523321796 0.999980211 0.00349248317 -0.00523321796 0.999980211 0.00349248317 -0.00523321796 0.999980211 0.00349248317 -0.00519967917 0.99998039 0.0034924834 -0.00519967917 0.99998039 0.0034924834 -0.00519967917 0.99998039 0.0034924834 -0.00533577893 0.999979675 0.00348939467 -0.00533577893 0.999979675 0.00348939467 -0.00533577893 0.999979675 0.00348939467 -0.00523334974 0.999980211 0.00348939514 -0.00523334974 0.999980211 0.00348939514 -0.00523334974 0.999980211 0.00348939514 -0.00523352856 0.999980211 0.00348937884 -0.00523352856 0.999980211 0.00348937884 -0.00523352856 0.999980211 0.00348937884 -0.00524137868 0.999980152 0.00348937884 -0.00524137868 0.999980152 0.00348937884 -0.00524137868 0.999980152 0.00348937884 -0.00524235982 0.999980152 0.00348936254 -0.00524235982 0.999980152 0.00348936254 -0.00524235982 0.999980152 0.00348936254 -0.868631601 0.495455444 0.00173962011 -0.868631601 0.495455444 0.00173962011 -0.868631601 0.495455444 0.00173962011 -0.868632317 0.495454222 0.0017422908 -0.868632317 0.495454222 0.0017422908 -0.868632317 0.495454222 0.0017422908 -0.863395393 -0.504524887 -0.00175130367 -0.863395393 -0.504524887 -0.00175130367 -0.863395393 -0.504524887 -0.00175130367 -0.863394976 -0.504525602 -0.00174976152 -0.863394976 -0.504525602 -0.00174976152 -0.863394976 -0.504525602 -0.00174976152 0.00523430575 -0.999980211 -0.00349248317 0.00523430575 -0.999980211 -0.00349248317 0.00523430575 -0.999980211 -0.00349248317 0.00523430575 -0.999980211 -0.00349248317 0.00523430575 -0.999980211 -0.00349248317 0.00523430575 -0.999980211 -0.00349248317 0.00533577893 -0.999979675 -0.00349248247 0.00533577893 -0.999979675 -0.00349248247 0.00533577893 -0.999979675 -0.00349248247 0.00519967917 -0.99998039 -0.00348939514 0.00519967917 -0.99998039 -0.00348939514 0.00519967917 -0.99998039 -0.00348939514 0.00523352856 -0.999980211 -0.00348939514 0.00523352856 -0.999980211 -0.00348939514 0.00523352856 -0.999980211 -0.00348939514 0.00523334974 -0.999980211 -0.00348937884 0.00523334974 -0.999980211 -0.00348937884 0.00523334974 -0.999980211 -0.00348937884 0.00519825658 -0.99998039 -0.00348937907 0.00519825658 -0.99998039 -0.00348937907 0.00519825658 -0.99998039 -0.00348937907 0.00519967917 -0.99998039 -0.00348939514 0.00519967917 -0.99998039 -0.00348939514 0.00519967917 -0.99998039 -0.00348939514 0.999985456 0.00539823622 1.26444957e-05 0.999985456 0.00539823622 1.26444957e-05 0.999985456 0.00539823622 1.26444957e-05 0.999986291 0.00523435278 9.33876436e-06 0.999986291 0.00523435278 9.33876436e-06 0.999986291 0.00523435278 9.33876436e-06 0.999986291 0.00523403147 8.96093479e-06 0.999986291 0.00523403147 8.96093479e-06 0.999986291 0.00523403147 8.96093479e-06 0.999986291 0.0052381237 1.74479041e-07 0.999986291 0.0052381237 1.74479041e-07 0.999986291 0.0052381237 1.74479041e-07 0.999986291 0.00523640402 2.74986564e-06 0.999986291 0.00523640402 2.74986564e-06 0.999986291 0.00523640402 2.74986564e-06 -0.00523226801 0.999980211 0.00349245057 -0.00523226801 0.999980211 0.00349245057 -0.00523226801 0.999980211 0.00349245057 -0.00523712672 0.999980211 0.00348939514 -0.00523712672 0.999980211 0.00348939514 -0.00523712672 0.999980211 0.00348939514 -0.868630946 0.495456666 0.00173423125 -0.868630946 0.495456666 0.00173423125 -0.868630946 0.495456666 0.00173423125 -0.868633032 0.495453 0.00174230826 -0.868633032 0.495453 0.00174230826 -0.868633032 0.495453 0.00174230826 -0.863394678 -0.504526079 -0.00175132963 -0.863394678 -0.504526079 -0.00175132963 -0.863394678 -0.504526079 -0.00175132963 -0.863395631 -0.50452441 -0.00175511802 -0.863395631 -0.50452441 -0.00175511802 -0.863395631 -0.50452441 -0.00175511802 0.0052372301 -0.999980211 -0.00348939514 0.0052372301 -0.999980211 -0.00348939514 0.0052372301 -0.999980211 -0.00348939514 0.0052372301 -0.999980211 -0.00348939514 0.0052372301 -0.999980211 -0.00348939514 0.0052372301 -0.999980211 -0.00348939514 0.999986291 0.00523592066 2.74817853e-06 0.999986291 0.00523592066 2.74817853e-06 0.999986291 0.00523592066 2.74817853e-06 0.999986291 0.00523403147 8.96661641e-06 0.999986291 0.00523403147 8.96661641e-06 0.999986291 0.00523403147 8.96661641e-06 -0.863395035 -0.504525423 -0.00175590476 -0.863395035 -0.504525423 -0.00175590476 -0.863395035 -0.504525423 -0.00175590476 -0.863395035 -0.504525423 -0.00175590476 -0.863395035 -0.504525423 -0.00175590476 -0.863395035 -0.504525423 -0.00175590476 0.00523613486 -0.999980211 -0.00349012227 0.00523613486 -0.999980211 -0.00349012227 0.00523613486 -0.999980211 -0.00349012227 0.0052357316 -0.999980211 -0.00349089853 0.0052357316 -0.999980211 -0.00349089853 0.0052357316 -0.999980211 -0.00349089853 0.868631005 -0.495456487 -0.00173461519 0.868631005 -0.495456487 -0.00173461519 0.868631005 -0.495456487 -0.00173461519 0.868631005 -0.495456487 -0.00173461519 0.868631005 -0.495456487 -0.00173461519 0.868631005 -0.495456487 -0.00173461519 0.863395035 0.504525423 0.00175570894 0.863395035 0.504525423 0.00175570894 0.863395035 0.504525423 0.00175570894 0.863395095 0.504525304 0.00175551279 0.863395095 0.504525304 0.00175551279 0.863395095 0.504525304 0.00175551279 -0.00523593323 0.999980211 0.0034905104 -0.00523593323 0.999980211 0.0034905104 -0.00523593323 0.999980211 0.0034905104 -0.00523593323 0.999980211 0.0034905104 -0.00523593323 0.999980211 0.0034905104 -0.00523593323 0.999980211 0.0034905104 -0.868631065 0.495456398 0.00173499936 -0.868631065 0.495456398 0.00173499936 -0.868631065 0.495456398 0.00173499936 -0.868631005 0.495456487 0.00173480739 -0.868631005 0.495456487 0.00173480739 -0.868631005 0.495456487 0.00173480739 -0.863396466 -0.504522979 -0.00175511313 -0.863396466 -0.504522979 -0.00175511313 -0.863396466 -0.504522979 -0.00175511313 -0.863395154 -0.504525244 -0.00175015186 -0.863395154 -0.504525244 -0.00175015186 -0.863395154 -0.504525244 -0.00175015186 0.00523531111 -0.999980211 -0.00349093089 0.00523531111 -0.999980211 -0.00349093089 0.00523531111 -0.999980211 -0.00349093089 0.00523613486 -0.999980211 -0.00348934624 0.00523613486 -0.999980211 -0.00348934624 0.00523613486 -0.999980211 -0.00348934624 0.868632495 -0.495453894 -0.00173460611 0.868632495 -0.495453894 -0.00173460611 0.868632495 -0.495453894 -0.00173460611 0.868631005 -0.495456487 -0.00174039276 0.868631005 -0.495456487 -0.00174039276 0.868631005 -0.495456487 -0.00174039276 0.863395333 0.504524946 0.00175054243 0.863395333 0.504524946 0.00175054243 0.863395333 0.504524946 0.00175054243 0.863396466 0.504522979 0.0017532421 0.863396466 0.504522979 0.0017532421 0.863396466 0.504522979 0.0017532421 0.863394916 0.504525721 0.00175551418 0.863394916 0.504525721 0.00175551418 0.863394916 0.504525721 0.00175551418 -0.00523611763 0.999980211 0.00349089853 -0.00523611763 0.999980211 0.00349089853 -0.00523611763 0.999980211 0.00349089853 -0.00523613486 0.999980211 0.00349093089 -0.00523613486 0.999980211 0.00349093089 -0.00523613486 0.999980211 0.00349093089 -0.868632317 0.495454222 0.00174000044 -0.868632317 0.495454222 0.00174000044 -0.868632317 0.495454222 0.00174000044 -0.868631005 0.495456487 0.00173499971 -0.868631005 0.495456487 0.00173499971 -0.868631005 0.495456487 0.00173499971 -0.863395154 -0.504525244 -0.00175054348 -0.863395154 -0.504525244 -0.00175054348 -0.863395154 -0.504525244 -0.00175054348 -0.863396585 -0.5045228 -0.00175589568 -0.863396585 -0.5045228 -0.00175589568 -0.863396585 -0.5045228 -0.00175589568 0.00523613486 -0.999980211 -0.00349085499 0.00523613486 -0.999980211 -0.00349085499 0.00523613486 -0.999980211 -0.00349085499 0.00523609528 -0.999980211 -0.00349093089 0.00523609528 -0.999980211 -0.00349093089 0.00523609528 -0.999980211 -0.00349093089 0.868630946 -0.495456666 -0.00174039346 0.868630946 -0.495456666 -0.00174039346 0.868630946 -0.495456666 -0.00174039346 0.868632317 -0.495454222 -0.00173497025 0.868632317 -0.495454222 -0.00173497025 0.868632317 -0.495454222 -0.00173497025 0.863397598 0.504521072 0.00175586785 0.863397598 0.504521072 0.00175586785 0.863397598 0.504521072 0.00175586785 0.863395154 0.504525244 0.00175012636 0.863395154 0.504525244 0.00175012636 0.863395154 0.504525244 0.00175012636 0.863409102 0.504501402 0.00175046001 0.863409102 0.504501402 0.00175046001 0.863409102 0.504501402 0.00175046001 0.863396645 0.504522681 0.00175121357 0.863396645 0.504522681 0.00175121357 0.863396645 0.504522681 0.00175121357 0.863393843 0.504527509 0.00175204372 0.863393843 0.504527509 0.00175204372 0.863393843 0.504527509 0.00175204372 -0.00523613486 0.999980211 0.00349093089 -0.00523613486 0.999980211 0.00349093089 -0.00523613486 0.999980211 0.00349093089 -0.00523609528 0.999980211 0.00349085499 -0.00523609528 0.999980211 0.00349085499 -0.00523609528 0.999980211 0.00349085499 -0.868630946 0.495456666 0.00173500029 -0.868630946 0.495456666 0.00173500029 -0.868630946 0.495456666 0.00173500029 -0.868632317 0.495454222 0.00174038496 -0.868632317 0.495454222 0.00174038496 -0.868632317 0.495454222 0.00174038496 -0.863394976 -0.504525602 -0.00175512221 -0.863394976 -0.504525602 -0.00175512221 -0.863394976 -0.504525602 -0.00175512221 -0.863395154 -0.504525244 -0.00175590406 -0.863395154 -0.504525244 -0.00175590406 -0.863395154 -0.504525244 -0.00175590406 0.00523532834 -0.999980211 -0.00349085499 0.00523532834 -0.999980211 -0.00349085499 0.00523532834 -0.999980211 -0.00349085499 0.00523611205 -0.999980211 -0.00348934624 0.00523611205 -0.999980211 -0.00348934624 0.00523611205 -0.999980211 -0.00348934624 0.868558168 -0.49558419 -0.001735445 0.868558168 -0.49558419 -0.001735445 0.868558168 -0.49558419 -0.001735445 0.868653595 -0.49541685 -0.00174025481 0.868653595 -0.49541685 -0.00174025481 0.868653595 -0.49541685 -0.00174025481 0.868631423 -0.495455831 -0.00173497584 0.868631423 -0.495455831 -0.00173497584 0.868631423 -0.495455831 -0.00173497584 0.868632197 -0.495454431 -0.00173741521 0.868632197 -0.495454431 -0.00173741521 0.868632197 -0.495454431 -0.00173741521 0.868626356 -0.495464593 -0.00174210651 0.868626356 -0.495464593 -0.00174210651 0.868626356 -0.495464593 -0.00174210651 0.868644595 -0.495432645 -0.00174030976 0.868644595 -0.495432645 -0.00174030976 0.868644595 -0.495432645 -0.00174030976 0.863394976 0.504525483 0.00175588322 0.863394976 0.504525483 0.00175588322 0.863394976 0.504525483 0.00175588322 0.863394618 0.504526138 0.00175499672 0.863394618 0.504526138 0.00175499672 0.863394618 0.504526138 0.00175499672 0.863397241 0.504521668 0.0017519847 0.863397241 0.504521668 0.0017519847 0.863397241 0.504521668 0.0017519847 0.863387287 0.504538774 0.00175059063 0.863387287 0.504538774 0.00175059063 0.863387287 0.504538774 0.00175059063 0.863411963 0.504496515 0.0017504429 0.863411963 0.504496515 0.0017504429 0.863411963 0.504496515 0.0017504429 0.863411963 0.504496515 0.0017504429 0.863411963 0.504496515 0.0017504429 0.863411963 0.504496515 0.0017504429 0.863310754 0.504669726 0.00175104884 0.863310754 0.504669726 0.00175104884 0.863310754 0.504669726 0.00175104884 0.863409102 0.504501343 0.0017558207 0.863409102 0.504501343 0.0017558207 0.863409102 0.504501343 0.0017558207 -0.00523532834 0.999980211 0.00349089853 -0.00523532834 0.999980211 0.00349089853 -0.00523532834 0.999980211 0.00349089853 -0.00523530552 0.999980211 0.00349085499 -0.00523530552 0.999980211 0.00349085499 -0.00523530552 0.999980211 0.00349085499 -0.868631124 0.495456338 0.00173499912 -0.868631124 0.495456338 0.00173499912 -0.868631124 0.495456338 0.00173499912 -0.868631124 0.495456338 0.00173499912 -0.868631124 0.495456338 0.00173499912 -0.868631124 0.495456338 0.00173499912 -0.863396585 -0.5045228 -0.0017566788 -0.863396585 -0.5045228 -0.0017566788 -0.863396585 -0.5045228 -0.0017566788 -0.863394976 -0.504525602 -0.00175054464 -0.863394976 -0.504525602 -0.00175054464 -0.863394976 -0.504525602 -0.00175054464 0.00523609528 -0.999980211 -0.00348937884 0.00523609528 -0.999980211 -0.00348937884 0.00523609528 -0.999980211 -0.00348937884 0.005234499 -0.999980211 -0.00349245057 0.005234499 -0.999980211 -0.00349245057 0.005234499 -0.999980211 -0.00349245057 0.868639648 -0.495441407 -0.00173492543 0.868639648 -0.495441407 -0.00173492543 0.868639648 -0.495441407 -0.00173492543 0.868640006 -0.495440722 -0.00173494464 0.868640006 -0.495440722 -0.00173494464 0.868640006 -0.495440722 -0.00173494464 0.868594587 -0.495520353 -0.00173522241 0.868594587 -0.495520353 -0.00173522241 0.868594587 -0.495520353 -0.00173522241 0.868631423 -0.495455801 -0.0017396214 0.868631423 -0.495455801 -0.0017396214 0.868631423 -0.495455801 -0.0017396214 0.868631363 -0.495455891 -0.0017394796 0.868631363 -0.495455891 -0.0017394796 0.868631363 -0.495455891 -0.0017394796 0.868631124 -0.495456308 -0.00173962314 0.868631124 -0.495456308 -0.00173962314 0.868631124 -0.495456308 -0.00173962314 0.868653178 -0.495417625 -0.00173948845 0.868653178 -0.495417625 -0.00173948845 0.868653178 -0.495417625 -0.00173948845 0.868644834 -0.495432228 -0.00174030836 0.868644834 -0.495432228 -0.00174030836 0.868644834 -0.495432228 -0.00174030836 0.86865294 -0.495418042 -0.00174025889 0.86865294 -0.495418042 -0.00174025889 0.86865294 -0.495418042 -0.00174025889 0.863423467 0.504476786 0.00175571302 0.863423467 0.504476786 0.00175571302 0.863423467 0.504476786 0.00175571302 0.863423884 0.50447607 0.00175573246 0.863423884 0.50447607 0.00175573246 0.863423884 0.50447607 0.00175573246 0.863411963 0.504496455 0.00175580359 0.863411963 0.504496455 0.00175580359 0.863411963 0.504496455 0.00175580359 0.863351822 0.504599392 0.00175080285 0.863351822 0.504599392 0.00175080285 0.863351822 0.504599392 0.00175080285 0.863411963 0.504496515 0.0017504429 0.863411963 0.504496515 0.0017504429 0.863411963 0.504496515 0.0017504429 0.863411963 0.504496515 0.0017504429 0.863411963 0.504496515 0.0017504429 0.863411963 0.504496515 0.0017504429 0.863334596 0.504628897 0.00175090611 0.863334596 0.504628897 0.00175090611 0.863334596 0.504628897 0.00175090611 0.863395333 0.504524946 0.00175054243 0.863395333 0.504524946 0.00175054243 0.863395333 0.504524946 0.00175054243 0.863396347 0.504523158 0.00175299949 0.863396347 0.504523158 0.00175299949 0.863396347 0.504523158 0.00175299949 0.863393843 0.504527509 0.00175591209 0.863393843 0.504527509 0.00175591209 0.863393843 0.504527509 0.00175591209 0.863429248 0.504466891 0.00175570021 0.863429248 0.504466891 0.00175570021 0.863429248 0.504466891 0.00175570021 -0.00523609528 0.999980211 0.00349089853 -0.00523609528 0.999980211 0.00349089853 -0.00523609528 0.999980211 0.00349089853 -0.00523611205 0.999980211 0.00349093089 -0.00523611205 0.999980211 0.00349093089 -0.00523611205 0.999980211 0.00349093089 -0.868632317 0.495454222 0.00174038496 -0.868632317 0.495454222 0.00174038496 -0.868632317 0.495454222 0.00174038496 -0.868630946 0.495456666 0.00173500029 -0.868630946 0.495456666 0.00173500029 -0.868630946 0.495456666 0.00173500029 -0.863395393 -0.504524887 -0.00175132533 -0.863395393 -0.504524887 -0.00175132533 -0.863395393 -0.504524887 -0.00175132533 -0.863396347 -0.504523158 -0.00175511383 -0.863396347 -0.504523158 -0.00175511383 -0.863396347 -0.504523158 -0.00175511383 0.00523611205 -0.999980211 -0.00349245057 0.00523611205 -0.999980211 -0.00349245057 0.00523611205 -0.999980211 -0.00349245057 0.00523609528 -0.999980211 -0.00349248317 0.00523609528 -0.999980211 -0.00349248317 0.00523609528 -0.999980211 -0.00349248317 0.868653238 -0.495417535 -0.00174100453 0.868653238 -0.495417535 -0.00174100453 0.868653238 -0.495417535 -0.00174100453 0.868626416 -0.495464593 -0.00173965201 0.868626416 -0.495464593 -0.00173965201 0.868626416 -0.495464593 -0.00173965201 0.868644834 -0.495432228 -0.00173953932 0.868644834 -0.495432228 -0.00173953932 0.868644834 -0.495432228 -0.00173953932 0.868602931 -0.49550578 -0.00173591904 0.868602931 -0.49550578 -0.00173591904 0.868602931 -0.49550578 -0.00173591904 0.868602931 -0.49550578 -0.00173591904 0.868602931 -0.49550578 -0.00173591904 0.868602931 -0.49550578 -0.00173591904 0.868644834 -0.495432228 -0.00173953932 0.868644834 -0.495432228 -0.00173953932 0.868644834 -0.495432228 -0.00173953932 0.868644595 -0.495432645 -0.00173954072 0.868644595 -0.495432645 -0.00173954072 0.868644595 -0.495432645 -0.00173954072 0.868631423 -0.495455831 -0.00173576642 0.868631423 -0.495455831 -0.00173576642 0.868631423 -0.495455831 -0.00173576642 0.868632078 -0.495454609 -0.00173786131 0.868632078 -0.495454609 -0.00173786131 0.868632078 -0.495454609 -0.00173786131 0.86862874 -0.49546048 -0.00173963769 0.86862874 -0.49546048 -0.00173963769 0.86862874 -0.49546048 -0.00173963769 0.868644595 -0.495432645 -0.00173954072 0.868644595 -0.495432645 -0.00173954072 0.868644595 -0.495432645 -0.00173954072 0.863397598 0.504521072 0.0017551065 0.863397598 0.504521072 0.0017551065 0.863397598 0.504521072 0.0017551065 0.863394737 0.504525959 0.00174835906 0.863394737 0.504525959 0.00174835906 0.863394737 0.504525959 0.00174835906 0.863423467 0.504476786 0.00175113534 0.863423467 0.504476786 0.00175113534 0.863423467 0.504476786 0.00175113534 0.863423884 0.50447613 0.00175115466 0.863423884 0.50447613 0.00175115466 0.863423884 0.50447613 0.00175115466 0.863351822 0.504599392 0.0017515861 0.863351822 0.504599392 0.0017515861 0.863351822 0.504599392 0.0017515861 0.863411963 0.504496455 0.00175658672 0.863411963 0.504496455 0.00175658672 0.863411963 0.504496455 0.00175658672 0.863411963 0.504496455 0.00175658672 0.863411963 0.504496455 0.00175658672 0.863411963 0.504496455 0.00175658672 0.863351822 0.504599392 0.0017515861 0.863351822 0.504599392 0.0017515861 0.863351822 0.504599392 0.0017515861 0.863429248 0.504466891 0.00175112241 0.863429248 0.504466891 0.00175112241 0.863429248 0.504466891 0.00175112241 0.863429248 0.504466891 0.00175112241 0.863429248 0.504466891 0.00175112241 0.863429248 0.504466891 0.00175112241 0.863430023 0.50446558 0.00175111776 0.863430023 0.50446558 0.00175111776 0.863430023 0.50446558 0.00175111776 0.863381863 0.504548013 0.00174983998 0.863381863 0.504548013 0.00174983998 0.863381863 0.504548013 0.00174983998 0.863393486 0.504528105 0.00174977037 0.863393486 0.504528105 0.00174977037 0.863393486 0.504528105 0.00174977037 -0.00523611205 0.999980211 0.00348937884 -0.00523611205 0.999980211 0.00348937884 -0.00523611205 0.999980211 0.00348937884 -0.00523609528 0.999980211 0.00348934624 -0.00523609528 0.999980211 0.00348934624 -0.00523609528 0.999980211 0.00348934624 -0.868630946 0.495456666 0.00173423125 -0.868630946 0.495456666 0.00173423125 -0.868630946 0.495456666 0.00173423125 -0.868632317 0.495454222 0.00173961592 -0.868632317 0.495454222 0.00173961592 -0.868632317 0.495454222 0.00173961592 -0.863394976 -0.504525602 -0.00175512221 -0.863394976 -0.504525602 -0.00175512221 -0.863394976 -0.504525602 -0.00175512221 -0.863394976 -0.504525602 -0.00175510044 -0.863394976 -0.504525602 -0.00175510044 -0.863394976 -0.504525602 -0.00175510044 0.00523611205 -0.999980211 -0.00348934624 0.00523611205 -0.999980211 -0.00348934624 0.00523611205 -0.999980211 -0.00348934624 0.00523611205 -0.999980211 -0.00348934624 0.00523611205 -0.999980211 -0.00348934624 0.00523611205 -0.999980211 -0.00348934624 0.868630886 -0.495456725 -0.00173423137 0.868630886 -0.495456725 -0.00173423137 0.868630886 -0.495456725 -0.00173423137 0.86863178 -0.495455205 -0.00173684978 0.86863178 -0.495455205 -0.00173684978 0.86863178 -0.495455205 -0.00173684978 0.868625343 -0.495466441 -0.00173965853 0.868625343 -0.495466441 -0.00173965853 0.868625343 -0.495466441 -0.00173965853 0.868644595 -0.495432645 -0.00173954072 0.868644595 -0.495432645 -0.00173954072 0.868644595 -0.495432645 -0.00173954072 0.868611813 -0.495490164 -0.0017343479 0.868611813 -0.495490164 -0.0017343479 0.868611813 -0.495490164 -0.0017343479 0.868648052 -0.495426655 -0.00173951988 0.868648052 -0.495426655 -0.00173951988 0.868648052 -0.495426655 -0.00173951988 0.868644595 -0.495432645 -0.00173954072 0.868644595 -0.495432645 -0.00173954072 0.868644595 -0.495432645 -0.00173954072 0.868602931 -0.49550578 -0.00173594058 0.868602931 -0.49550578 -0.00173594058 0.868602931 -0.49550578 -0.00173594058 0.868602931 -0.49550578 -0.00173594058 0.868602931 -0.49550578 -0.00173594058 0.868602931 -0.49550578 -0.00173594058 0.868644595 -0.495432645 -0.00173954072 0.868644595 -0.495432645 -0.00173954072 0.868644595 -0.495432645 -0.00173954072 0.868644595 -0.495432645 -0.00173954072 0.868644595 -0.495432645 -0.00173954072 0.868644595 -0.495432645 -0.00173954072 0.863405585 0.504507422 0.00175505877 0.863405585 0.504507422 0.00175505877 0.863405585 0.504507422 0.00175505877 0.86337918 0.504552603 0.00175142242 0.86337918 0.504552603 0.00175142242 0.86337918 0.504552603 0.00175142242 0.863369405 0.504569352 0.00175148086 0.863369405 0.504569352 0.00175148086 0.863369405 0.504569352 0.00175148086 0.863411963 0.504496455 0.00175502058 0.863411963 0.504496455 0.00175502058 0.863411963 0.504496455 0.00175502058 0.863429248 0.504466891 0.0017549172 0.863429248 0.504466891 0.0017549172 0.863429248 0.504466891 0.0017549172 0.863334596 0.504628897 0.00175012287 0.863334596 0.504628897 0.00175012287 0.863334596 0.504628897 0.00175012287 0.863381863 0.504548013 0.00174983998 0.863381863 0.504548013 0.00174983998 0.863381863 0.504548013 0.00174983998 0.863381863 0.504548013 0.00174983998 0.863381863 0.504548013 0.00174983998 0.863381863 0.504548013 0.00174983998 0.863411963 0.504496515 0.00174965977 0.863411963 0.504496515 0.00174965977 0.863411963 0.504496515 0.00174965977 0.863394678 0.504526079 0.00175512396 0.863394678 0.504526079 0.00175512396 0.863394678 0.504526079 0.00175512396 0.86339432 0.504526734 0.00175421464 0.86339432 0.504526734 0.00175421464 0.86339432 0.504526734 0.00175421464 0.863397121 0.504521906 0.00175131497 0.863397121 0.504521906 0.00175131497 0.863397121 0.504521906 0.00175131497 0.863429546 0.504466414 0.00175112067 0.863429546 0.504466414 0.00175112067 0.863429546 0.504466414 0.00175112067 -0.00523611205 0.999980211 0.00349245057 -0.00523611205 0.999980211 0.00349245057 -0.00523611205 0.999980211 0.00349245057 -0.005234499 0.999980211 0.00348934624 -0.005234499 0.999980211 0.00348934624 -0.005234499 0.999980211 0.00348934624 -0.868630946 0.495456666 0.00173420971 -0.868630946 0.495456666 0.00173420971 -0.868630946 0.495456666 0.00173420971 -0.868631303 0.49545595 0.00173576688 -0.868631303 0.49545595 0.00173576688 -0.868631303 0.49545595 0.00173576688 -0.00523601333 0.999980211 0.00349091459 -0.00523601333 0.999980211 0.00349091459 -0.00523601333 0.999980211 0.00349091459 -0.00523722125 0.999980211 0.00349015486 -0.00523722125 0.999980211 0.00349015486 -0.00523722125 0.999980211 0.00349015486 -0.868650615 0.495422155 0.0017344954 -0.868650615 0.495422155 0.0017344954 -0.868650615 0.495422155 0.0017344954 -0.868614435 0.495485604 0.00174010976 -0.868614435 0.495485604 0.00174010976 -0.868614435 0.495485604 0.00174010976 -0.86865294 0.495418042 0.00173987448 -0.86865294 0.495418042 0.00173987448 -0.86865294 0.495418042 0.00173987448 -0.868648767 0.495425344 0.00174028438 -0.868648767 0.495425344 0.00174028438 -0.868648767 0.495425344 0.00174028438 -0.868590415 0.495527625 0.00174064073 -0.868590415 0.495527625 0.00174064073 -0.868590415 0.495527625 0.00174064073 -0.868649006 0.495424956 0.00173486816 -0.868649006 0.495424956 0.00173486816 -0.868649006 0.495424956 0.00173486816 -0.868653178 0.495417655 0.00173484266 -0.868653178 0.495417655 0.00173484266 -0.868653178 0.495417655 0.00173484266 -0.868594587 0.495520353 0.00174061535 -0.868594587 0.495520353 0.00174061535 -0.868594587 0.495520353 0.00174061535 -0.868632317 0.495454222 0.00174038496 -0.868632317 0.495454222 0.00174038496 -0.868632317 0.495454222 0.00174038496 -0.868632019 0.495454729 0.00174141664 -0.868632019 0.495454729 0.00174141664 -0.868632019 0.495454729 0.00174141664 -0.868677497 0.495375007 0.00173972454 -0.868677497 0.495375007 0.00173972454 -0.868677497 0.495375007 0.00173972454 -0.863395751 -0.504524231 -0.00174785953 -0.863395751 -0.504524231 -0.00174785953 -0.863395751 -0.504524231 -0.00174785953 -0.863393724 -0.504527688 -0.00175473792 -0.863393724 -0.504527688 -0.00175473792 -0.863393724 -0.504527688 -0.00175473792 -0.863416374 -0.504488945 -0.00175460277 -0.863416374 -0.504488945 -0.00175460277 -0.863416374 -0.504488945 -0.00175460277 -0.86337626 -0.50455755 -0.00175562548 -0.86337626 -0.50455755 -0.00175562548 -0.86337626 -0.50455755 -0.00175562548 -0.863413751 -0.504493415 -0.00175001891 -0.863413751 -0.504493415 -0.00175001891 -0.863413751 -0.504493415 -0.00175001891 -0.863411963 -0.504496515 -0.00175002962 -0.863411963 -0.504496515 -0.00175002962 -0.863411963 -0.504496515 -0.00175002962 -0.863416135 -0.504489422 -0.00174963498 -0.863416135 -0.504489422 -0.00174963498 -0.863416135 -0.504489422 -0.00174963498 -0.863416374 -0.504489005 -0.00174963346 -0.863416374 -0.504489005 -0.00174963346 -0.863416374 -0.504489005 -0.00174963346 -0.863356233 -0.504591882 -0.00175535376 -0.863356233 -0.504591882 -0.00175535376 -0.863356233 -0.504591882 -0.00175535376 -0.863236725 -0.504796267 -0.00175606774 -0.863236725 -0.504796267 -0.00175606774 -0.863236725 -0.504796267 -0.00175606774 -0.863467157 -0.504402041 -0.0017497699 -0.863467157 -0.504402041 -0.0017497699 -0.863467157 -0.504402041 -0.0017497699 -0.00523604359 0.999980211 0.00348937884 -0.00523604359 0.999980211 0.00348937884 -0.00523604359 0.999980211 0.00348937884 -0.00523568504 0.999980211 0.00349373836 -0.00523568504 0.999980211 0.00349373836 -0.00523568504 0.999980211 0.00349373836 -0.00519932387 0.999980509 0.00345495041 -0.00519932387 0.999980509 0.00345495041 -0.00519932387 0.999980509 0.00345495041 -0.00523704663 0.999980152 0.0034956038 -0.00523704663 0.999980152 0.0034956038 -0.00523704663 0.999980152 0.0034956038 -0.00526755257 0.999979913 0.00353157567 -0.00526755257 0.999979913 0.00353157567 -0.00526755257 0.999979913 0.00353157567 -0.00519967964 0.999980509 0.00344918971 -0.00519967964 0.999980509 0.00344918971 -0.00519967964 0.999980509 0.00344918971 -0.0052372911 0.999980152 0.00349569647 -0.0052372911 0.999980152 0.00349569647 -0.0052372911 0.999980152 0.00349569647 -0.00519968104 0.999980748 0.00339167123 -0.00519968104 0.999980748 0.00339167123 -0.00519968104 0.999980748 0.00339167123 -0.00519825844 0.999980748 0.00338770449 -0.00519825844 0.999980748 0.00338770449 -0.00519825844 0.999980748 0.00338770449 -0.00519968104 0.999980748 0.00339170359 -0.00519968104 0.999980748 0.00339170359 -0.00519968104 0.999980748 0.00339170359 0.999986291 0.00523546012 5.85096222e-06 0.999986291 0.00523546012 5.85096222e-06 0.999986291 0.00523546012 5.85096222e-06 0.999986291 0.00523582753 1.07439109e-05 0.999986291 0.00523582753 1.07439109e-05 0.999986291 0.00523582753 1.07439109e-05 0.999986291 0.00523601286 1.03968287e-05 0.999986291 0.00523601286 1.03968287e-05 0.999986291 0.00523601286 1.03968287e-05 0.999986231 0.00524561992 -0.000139015639 0.999986231 0.00524561992 -0.000139015639 0.999986231 0.00524561992 -0.000139015639 0.999986291 0.00523553696 1.32962659e-05 0.999986291 0.00523553696 1.32962659e-05 0.999986291 0.00523553696 1.32962659e-05 0.999986291 0.00523283845 -4.17741285e-05 0.999986291 0.00523283845 -4.17741285e-05 0.999986291 0.00523283845 -4.17741285e-05 0.999986291 0.00523582194 1.23247846e-05 0.999986291 0.00523582194 1.23247846e-05 0.999986291 0.00523582194 1.23247846e-05 0.999986231 0.00524440128 0.000205627715 0.999986231 0.00524440128 0.000205627715 0.999986231 0.00524440128 0.000205627715 0.999986291 0.00523551786 1.87615005e-05 0.999986291 0.00523551786 1.87615005e-05 0.999986291 0.00523551786 1.87615005e-05 0.999986291 0.00523537304 2.18586574e-05 0.999986291 0.00523537304 2.18586574e-05 0.999986291 0.00523537304 2.18586574e-05 0.999986291 0.00523552205 1.90298415e-05 0.999986291 0.00523552205 1.90298415e-05 0.999986291 0.00523552205 1.90298415e-05 0.999986291 0.00523602962 6.53166262e-06 0.999986291 0.00523602962 6.53166262e-06 0.999986291 0.00523602962 6.53166262e-06 0.999986291 0.00523250271 4.75176785e-05 0.999986291 0.00523250271 4.75176785e-05 0.999986291 0.00523250271 4.75176785e-05 0.999986291 0.00523567898 1.20670311e-05 0.999986291 0.00523567898 1.20670311e-05 0.999986291 0.00523567898 1.20670311e-05 0.999986291 0.00523602869 6.9255284e-06 0.999986291 0.00523602869 6.9255284e-06 0.999986291 0.00523602869 6.9255284e-06 0.999986291 0.00523557747 1.68715542e-06 0.999986291 0.00523557747 1.68715542e-06 0.999986291 0.00523557747 1.68715542e-06 0.999986291 0.00523600914 1.24405697e-05 0.999986291 0.00523600914 1.24405697e-05 0.999986291 0.00523600914 1.24405697e-05 0.999986291 0.00523589505 9.28555619e-06 0.999986291 0.00523589505 9.28555619e-06 0.999986291 0.00523589505 9.28555619e-06 0.999986291 0.00523219351 0.000133791196 0.999986291 0.00523219351 0.000133791196 0.999986291 0.00523219351 0.000133791196 0.999986291 0.00523550017 2.3859262e-05 0.999986291 0.00523550017 2.3859262e-05 0.999986291 0.00523550017 2.3859262e-05 0.999986291 0.00523223635 0.000121502788 0.999986291 0.00523223635 0.000121502788 0.999986291 0.00523223635 0.000121502788 0.999986291 0.00523581309 1.48557319e-05 0.999986291 0.00523581309 1.48557319e-05 0.999986291 0.00523581309 1.48557319e-05 0.999986231 0.00524605298 -0.000258561253 0.999986231 0.00524605298 -0.000258561253 0.999986231 0.00524605298 -0.000258561253 0.999986291 0.00523551926 1.83855827e-05 0.999986291 0.00523551926 1.83855827e-05 0.999986291 0.00523551926 1.83855827e-05 0.999986291 0.00523602962 5.61654815e-06 0.999986291 0.00523602962 5.61654815e-06 0.999986291 0.00523602962 5.61654815e-06 0.999986291 0.00523236161 9.02996835e-05 0.999986291 0.00523236161 9.02996835e-05 0.999986291 0.00523236161 9.02996835e-05 0.00523593184 -0.999980211 -0.00349059235 0.00523593184 -0.999980211 -0.00349059235 0.00523593184 -0.999980211 -0.00349059235 0.00523593277 -0.999980211 -0.00349060912 0.00523593277 -0.999980211 -0.00349060912 0.00523593277 -0.999980211 -0.00349060912 0.00523629179 -0.999980211 -0.00349150761 0.00523629179 -0.999980211 -0.00349150761 0.00523629179 -0.999980211 -0.00349150761 0.0052349926 -0.999980211 -0.00348828663 0.0052349926 -0.999980211 -0.00348828663 0.0052349926 -0.999980211 -0.00348828663 0.00523642544 -0.999980211 -0.00349180633 0.00523642544 -0.999980211 -0.00349180633 0.00523642544 -0.999980211 -0.00349180633 0.00523592113 -0.999980211 -0.00349057908 0.00523592113 -0.999980211 -0.00349057908 0.00523592113 -0.999980211 -0.00349057908 0.00523642544 -0.999980211 -0.00349103543 0.00523642544 -0.999980211 -0.00349103543 0.00523642544 -0.999980211 -0.00349103543 0.00523582147 -0.999980211 -0.00349050248 0.00523582147 -0.999980211 -0.00349050248 0.00523582147 -0.999980211 -0.00349050248 0.00523600029 -0.999980211 -0.00349064404 0.00523600029 -0.999980211 -0.00349064404 0.00523600029 -0.999980211 -0.00349064404 0.00523595978 -0.999980211 -0.00349061377 0.00523595978 -0.999980211 -0.00349061377 0.00523595978 -0.999980211 -0.00349061377 -0.999986291 -0.00523670856 -4.97598558e-06 -0.999986291 -0.00523670856 -4.97598558e-06 -0.999986291 -0.00523670856 -4.97598558e-06 -0.99998647 -0.00519680232 -2.61801074e-06 -0.99998647 -0.00519680232 -2.61801074e-06 -0.99998647 -0.00519680232 -2.61801074e-06 -0.999986291 -0.00523583218 -9.2631908e-06 -0.999986291 -0.00523583218 -9.2631908e-06 -0.999986291 -0.00523583218 -9.2631908e-06 -0.999986291 -0.00523620704 -4.94797814e-06 -0.999986291 -0.00523620704 -4.94797814e-06 -0.999986291 -0.00523620704 -4.94797814e-06 -0.999986291 -0.00523649855 1.66842131e-06 -0.999986291 -0.00523649855 1.66842131e-06 -0.999986291 -0.00523649855 1.66842131e-06 -0.999986291 -0.00523615303 -1.1625033e-05 -0.999986291 -0.00523615303 -1.1625033e-05 -0.999986291 -0.00523615303 -1.1625033e-05 -0.999986291 -0.00523617445 -5.47052059e-06 -0.999986291 -0.00523617445 -5.47052059e-06 -0.999986291 -0.00523617445 -5.47052059e-06 -0.999986351 -0.00521960668 -9.79322358e-05 -0.999986351 -0.00521960668 -9.79322358e-05 -0.999986351 -0.00521960668 -9.79322358e-05 -0.999986291 -0.00523657538 -5.88420835e-06 -0.999986291 -0.00523657538 -5.88420835e-06 -0.999986291 -0.00523657538 -5.88420835e-06 -0.999986291 -0.00523713278 -8.96931851e-06 -0.999986291 -0.00523713278 -8.96931851e-06 -0.999986291 -0.00523713278 -8.96931851e-06 -0.999986291 -0.00523571298 -1.20606255e-05 -0.999986291 -0.00523571298 -1.20606255e-05 -0.999986291 -0.00523571298 -1.20606255e-05 -0.999986291 -0.00523541775 -8.96333222e-06 -0.999986291 -0.00523541775 -8.96333222e-06 -0.999986291 -0.00523541775 -8.96333222e-06 -0.999986291 -0.00523483846 -8.96131041e-06 -0.999986291 -0.00523483846 -8.96131041e-06 -0.999986291 -0.00523483846 -8.96131041e-06 -0.999986291 -0.00523886643 -8.97537029e-06 -0.999986291 -0.00523886643 -8.97537029e-06 -0.999986291 -0.00523886643 -8.97537029e-06 -0.999986291 -0.00523637002 -7.72029944e-06 -0.999986291 -0.00523637002 -7.72029944e-06 -0.999986291 -0.00523637002 -7.72029944e-06 -0.999986291 -0.0052357181 -8.71155225e-06 -0.999986291 -0.0052357181 -8.71155225e-06 -0.999986291 -0.0052357181 -8.71155225e-06 -0.999986291 -0.0052360124 -1.15237654e-05 -0.999986291 -0.0052360124 -1.15237654e-05 -0.999986291 -0.0052360124 -1.15237654e-05 -0.999986291 -0.00523709739 -1.20654558e-05 -0.999986291 -0.00523709739 -1.20654558e-05 -0.999986291 -0.00523709739 -1.20654558e-05 -0.999986291 -0.00523261819 -1.20498271e-05 -0.999986291 -0.00523261819 -1.20498271e-05 -0.999986291 -0.00523261819 -1.20498271e-05 -0.999986291 -0.00523482822 -1.31607057e-05 -0.999986291 -0.00523482822 -1.31607057e-05 -0.999986291 -0.00523482822 -1.31607057e-05 -0.999986291 -0.00523582427 -1.1645493e-05 -0.999986291 -0.00523582427 -1.1645493e-05 -0.999986291 -0.00523582427 -1.1645493e-05 -0.999986291 -0.00523570646 -1.13709757e-05 -0.999986291 -0.00523570646 -1.13709757e-05 -0.999986291 -0.00523570646 -1.13709757e-05 -0.999986291 -0.00523712998 -1.20818286e-05 -0.999986291 -0.00523712998 -1.20818286e-05 -0.999986291 -0.00523712998 -1.20818286e-05 -0.999986291 -0.0052355472 -1.04123601e-05 -0.999986291 -0.0052355472 -1.04123601e-05 -0.999986291 -0.0052355472 -1.04123601e-05 -0.999986291 -0.00523886364 -1.20797522e-05 -0.999986291 -0.00523886364 -1.20797522e-05 -0.999986291 -0.00523886364 -1.20797522e-05 -0.999986291 -0.00523712998 -1.20736995e-05 -0.999986291 -0.00523712998 -1.20736995e-05 -0.999986291 -0.00523712998 -1.20736995e-05 -0.999986291 -0.00523600914 -1.15138791e-05 -0.999986291 -0.00523600914 -1.15138791e-05 -0.999986291 -0.00523600914 -1.15138791e-05 -0.999986291 -0.00523604918 -1.14414233e-05 -0.999986291 -0.00523604918 -1.14414233e-05 -0.999986291 -0.00523604918 -1.14414233e-05 -0.999986291 -0.0052355472 -1.04123601e-05 -0.999986291 -0.0052355472 -1.04123601e-05 -0.999986291 -0.0052355472 -1.04123601e-05 -0.999986291 -0.00523887994 -1.20879404e-05 -0.999986291 -0.00523887994 -1.20879404e-05 -0.999986291 -0.00523887994 -1.20879404e-05 -0.999986291 -0.00523635279 -1.20628583e-05 -0.999986291 -0.00523635279 -1.20628583e-05 -0.999986291 -0.00523635279 -1.20628583e-05 -0.999986291 -0.0052355472 -1.04123601e-05 -0.999986291 -0.0052355472 -1.04123601e-05 -0.999986291 -0.0052355472 -1.04123601e-05 -0.999986291 -0.00523713324 -1.12097314e-05 -0.999986291 -0.00523713324 -1.12097314e-05 -0.999986291 -0.00523713324 -1.12097314e-05 -0.999986291 -0.00523884455 -1.29215741e-05 -0.999986291 -0.00523884455 -1.29215741e-05 -0.999986291 -0.00523884455 -1.29215741e-05 -0.999986291 -0.00523570646 -1.13547221e-05 -0.999986291 -0.00523570646 -1.13547221e-05 -0.999986291 -0.00523570646 -1.13547221e-05 -0.999986291 -0.00523601053 -1.20615141e-05 -0.999986291 -0.00523601053 -1.20615141e-05 -0.999986291 -0.00523601053 -1.20615141e-05 -0.999986291 -0.00523635279 -1.20627083e-05 -0.999986291 -0.00523635279 -1.20627083e-05 -0.999986291 -0.00523635279 -1.20627083e-05 -0.999986291 -0.0052355472 -1.04124019e-05 -0.999986291 -0.0052355472 -1.04124019e-05 -0.999986291 -0.0052355472 -1.04124019e-05 -0.999986291 -0.00523087196 -8.06220942e-06 -0.999986291 -0.00523087196 -8.06220942e-06 -0.999986291 -0.00523087196 -8.06220942e-06 -0.999986291 -0.0052326587 -9.8491164e-06 -0.999986291 -0.0052326587 -9.8491164e-06 -0.999986291 -0.0052326587 -9.8491164e-06 -0.999986291 -0.00523604918 -1.15420225e-05 -0.999986291 -0.00523604918 -1.15420225e-05 -0.999986291 -0.00523604918 -1.15420225e-05 -0.999986291 -0.00523662567 -1.40806187e-05 -0.999986291 -0.00523662567 -1.40806187e-05 -0.999986291 -0.00523662567 -1.40806187e-05 -0.999986291 -0.00523712207 -1.43303441e-05 -0.999986291 -0.00523712207 -1.43303441e-05 -0.999986291 -0.00523712207 -1.43303441e-05 -0.999986291 -0.00523262611 -9.83286827e-06 -0.999986291 -0.00523262611 -9.83286827e-06 -0.999986291 -0.00523262611 -9.83286827e-06 -0.999986291 -0.00523543078 -1.12333519e-05 -0.999986291 -0.00523543078 -1.12333519e-05 -0.999986291 -0.00523543078 -1.12333519e-05 -0.999986291 -0.00523581915 -1.31338829e-05 -0.999986291 -0.00523581915 -1.31338829e-05 -0.999986291 -0.00523581915 -1.31338829e-05 -0.999986291 -0.00523644499 -1.37457737e-05 -0.999986291 -0.00523644499 -1.37457737e-05 -0.999986291 -0.00523644499 -1.37457737e-05 -0.999986291 -0.0052360543 -8.6537384e-06 -0.999986291 -0.0052360543 -8.6537384e-06 -0.999986291 -0.0052360543 -8.6537384e-06 -0.999986112 -0.00527130952 -2.90439584e-06 -0.999986112 -0.00527130952 -2.90439584e-06 -0.999986112 -0.00527130952 -2.90439584e-06 -0.999986291 -0.00523571717 -8.26256291e-06 -0.999986291 -0.00523571717 -8.26256291e-06 -0.999986291 -0.00523571717 -8.26256291e-06 -0.999986291 -0.00523601938 -8.96543224e-06 -0.999986291 -0.00523601938 -8.96543224e-06 -0.999986291 -0.00523601938 -8.96543224e-06 -0.999986291 -0.00523528969 -8.96288566e-06 -0.999986291 -0.00523528969 -8.96288566e-06 -0.999986291 -0.00523528969 -8.96288566e-06 -0.999986291 -0.00523571204 -9.79630022e-06 -0.999986291 -0.00523571204 -9.79630022e-06 -0.999986291 -0.00523571204 -9.79630022e-06 -0.999986291 -0.00523711648 -1.12014895e-05 -0.999986291 -0.00523711648 -1.12014895e-05 -0.999986291 -0.00523711648 -1.12014895e-05 -0.999986291 -0.0052355472 -1.04123601e-05 -0.999986291 -0.0052355472 -1.04123601e-05 -0.999986291 -0.0052355472 -1.04123601e-05 -0.999986291 -0.00523635652 -1.20710001e-05 -0.999986291 -0.00523635652 -1.20710001e-05 -0.999986291 -0.00523635652 -1.20710001e-05 -0.999986291 -0.00523601053 -1.20697914e-05 -0.999986291 -0.00523601053 -1.20697914e-05 -0.999986291 -0.00523601053 -1.20697914e-05 -0.999986291 -0.00523570646 -1.13628494e-05 -0.999986291 -0.00523570646 -1.13628494e-05 -0.999986291 -0.00523570646 -1.13628494e-05 -0.999986291 -0.00523886085 -1.29378395e-05 -0.999986291 -0.00523886085 -1.29378395e-05 -0.999986291 -0.00523886085 -1.29378395e-05 -0.999986291 -0.00523554953 -9.62592821e-06 -0.999986291 -0.00523554953 -9.62592821e-06 -0.999986291 -0.00523554953 -9.62592821e-06 0 0.00349197839 -0.99999392 0 0.00349197839 -0.99999392 0 0.00349197839 -0.99999392 -9.33802221e-06 0.00348724448 -0.99999392 -9.33802221e-06 0.00348724448 -0.99999392 -9.33802221e-06 0.00348724448 -0.99999392 -9.33802221e-06 0.00348724448 -0.99999392 -9.33802221e-06 0.00348724448 -0.99999392 -9.33802221e-06 0.00348724448 -0.99999392 -1.4014463e-05 0.0034818321 -0.99999392 -1.4014463e-05 0.0034818321 -0.99999392 -1.4014463e-05 0.0034818321 -0.99999392 -6.1584924e-06 0.00348726101 -0.99999392 -6.1584924e-06 0.00348726101 -0.99999392 -6.1584924e-06 0.00348726101 -0.99999392 0 0.00348856696 -0.99999392 0 0.00348856696 -0.99999392 0 0.00348856696 -0.99999392 -8.39961012e-06 0.00351233757 -0.999993861 -8.39961012e-06 0.00351233757 -0.999993861 -8.39961012e-06 0.00351233757 -0.999993861 -9.33802221e-06 0.00348724448 -0.99999392 -9.33802221e-06 0.00348724448 -0.99999392 -9.33802221e-06 0.00348724448 -0.99999392 -9.33662704e-06 0.00348724448 -0.99999392 -9.33662704e-06 0.00348724448 -0.99999392 -9.33662704e-06 0.00348724448 -0.99999392 0 0.00346727995 -0.99999398 0 0.00346727995 -0.99999398 0 0.00346727995 -0.99999398 -9.33683168e-06 0.00348723889 -0.99999392 -9.33683168e-06 0.00348723889 -0.99999392 -9.33683168e-06 0.00348723889 -0.99999392 0 0.00278292061 -0.999996126 0 0.00278292061 -0.999996126 0 0.00278292061 -0.999996126 0 0.00278292061 -0.999996126 0 0.00278292061 -0.999996126 0 0.00278292061 -0.999996126 -0.000353415671 0.00345527614 -0.99999398 -0.000353415671 0.00345527614 -0.99999398 -0.000353415671 0.00345527614 -0.99999398 0 0.00342726614 -0.999994099 0 0.00342726614 -0.999994099 0 0.00342726614 -0.999994099 -1.00673051e-05 0.00348958233 -0.99999392 -1.00673051e-05 0.00348958233 -0.99999392 -1.00673051e-05 0.00348958233 -0.99999392 -1.0034697e-05 0.00348729338 -0.99999392 -1.0034697e-05 0.00348729338 -0.99999392 -1.0034697e-05 0.00348729338 -0.99999392 0.000652144896 0.00351950177 -0.999993622 0.000652144896 0.00351950177 -0.999993622 0.000652144896 0.00351950177 -0.999993622 -1.83718166e-05 0.00350442389 -0.999993861 -1.83718166e-05 0.00350442389 -0.999993861 -1.83718166e-05 0.00350442389 -0.999993861 -1.83408647e-05 0.00350442389 -0.999993861 -1.83408647e-05 0.00350442389 -0.999993861 -1.83408647e-05 0.00350442389 -0.999993861 0 0.00350094773 -0.999993861 0 0.00350094773 -0.999993861 0 0.00350094773 -0.999993861 -1.86806628e-05 0.00350094773 -0.999993861 -1.86806628e-05 0.00350094773 -0.999993861 -1.86806628e-05 0.00350094773 -0.999993861 0 0.00350006274 -0.999993861 0 0.00350006274 -0.999993861 0 0.00350006274 -0.999993861 -1.83169541e-05 0.00350006274 -0.999993861 -1.83169541e-05 0.00350006274 -0.999993861 -1.83169541e-05 0.00350006274 -0.999993861 -6.05721561e-06 0.00348736229 -0.99999392 -6.05721561e-06 0.00348736229 -0.99999392 -6.05721561e-06 0.00348736229 -0.99999392 -4.77496651e-05 0.00348701701 -0.99999392 -4.77496651e-05 0.00348701701 -0.99999392 -4.77496651e-05 0.00348701701 -0.99999392 -1.71844022e-06 0.00346778543 -0.99999398 -1.71844022e-06 0.00346778543 -0.99999398 -1.71844022e-06 0.00346778543 -0.99999398 -8.11989685e-06 0.00354243559 -0.999993742 -8.11989685e-06 0.00354243559 -0.999993742 -8.11989685e-06 0.00354243559 -0.999993742 -1.83226948e-05 0.00350179547 -0.999993861 -1.83226948e-05 0.00350179547 -0.999993861 -1.83226948e-05 0.00350179547 -0.999993861 0 0.0035050381 -0.999993861 0 0.0035050381 -0.999993861 0 0.0035050381 -0.999993861 -0.000574879581 0.00351238088 -0.999993682 -0.000574879581 0.00351238088 -0.999993682 -0.000574879581 0.00351238088 -0.999993682 0 0.00372298248 -0.999993086 0 0.00372298248 -0.999993086 0 0.00372298248 -0.999993086 0 0.00349210971 -0.99999392 0 0.00349210971 -0.99999392 0 0.00349210971 -0.99999392 -3.95812094e-05 0.00348937907 -0.99999392 -3.95812094e-05 0.00348937907 -0.99999392 -3.95812094e-05 0.00348937907 -0.99999392 0 0.00348959723 -0.99999392 0 0.00348959723 -0.99999392 0 0.00348959723 -0.99999392 -0.000105439169 0.0034919756 -0.99999392 -0.000105439169 0.0034919756 -0.99999392 -0.000105439169 0.0034919756 -0.99999392 -1.81821306e-05 0.00349766784 -0.999993861 -1.81821306e-05 0.00349766784 -0.999993861 -1.81821306e-05 0.00349766784 -0.999993861 -1.82127133e-05 0.00347942114 -0.99999392 -1.82127133e-05 0.00347942114 -0.99999392 -1.82127133e-05 0.00347942114 -0.99999392 -1.85657991e-05 0.00347942114 -0.99999392 -1.85657991e-05 0.00347942114 -0.99999392 -1.85657991e-05 0.00347942114 -0.99999392 0 0.00347861275 -0.99999392 0 0.00347861275 -0.99999392 0 0.00347861275 -0.99999392 -1.82057793e-05 0.00347861275 -0.99999392 -1.82057793e-05 0.00347861275 -0.99999392 -1.82057793e-05 0.00347861275 -0.99999392 0 0.00347544532 -0.99999398 0 0.00347544532 -0.99999398 0 0.00347544532 -0.99999398 -0.000273633574 0.00347544532 -0.99999392 -0.000273633574 0.00347544532 -0.99999392 -0.000273633574 0.00347544532 -0.99999392 -0.000273633574 0.00349557446 -0.999993861 -0.000273633574 0.00349557446 -0.999993861 -0.000273633574 0.00349557446 -0.999993861 -0.000136105533 0.00348729338 -0.99999392 -0.000136105533 0.00348729338 -0.99999392 -0.000136105533 0.00348729338 -0.99999392 -0.000134573347 0.0034899388 -0.99999392 -0.000134573347 0.0034899388 -0.99999392 -0.000134573347 0.0034899388 -0.99999392 -0.000372490205 0.00349075254 -0.999993861 -0.000372490205 0.00349075254 -0.999993861 -0.000372490205 0.00349075254 -0.999993861 -1.81895575e-05 0.0034984583 -0.999993861 -1.81895575e-05 0.0034984583 -0.999993861 -1.81895575e-05 0.0034984583 -0.999993861 -8.97803766e-05 0.00343755167 -0.999994099 -8.97803766e-05 0.00343755167 -0.999994099 -8.97803766e-05 0.00343755167 -0.999994099 -0.000232782855 0.00348937907 -0.999993861 -0.000232782855 0.00348937907 -0.999993861 -0.000232782855 0.00348937907 -0.999993861 -9.48152683e-06 0.00349667622 -0.999993861 -9.48152683e-06 0.00349667622 -0.999993861 -9.48152683e-06 0.00349667622 -0.999993861 -3.49766106e-06 0.00348916301 -0.99999392 -3.49766106e-06 0.00348916301 -0.99999392 -3.49766106e-06 0.00348916301 -0.99999392 0 0.0035050381 -0.999993861 0 0.0035050381 -0.999993861 0 0.0035050381 -0.999993861 -1.83444263e-05 0.0035026616 -0.999993861 -1.83444263e-05 0.0035026616 -0.999993861 -1.83444263e-05 0.0035026616 -0.999993861 0.000295084843 0.00348727126 -0.999993861 0.000295084843 0.00348727126 -0.999993861 0.000295084843 0.00348727126 -0.999993861 0.000300287851 0.00349625386 -0.999993861 0.000300287851 0.00349625386 -0.999993861 0.000300287851 0.00349625386 -0.999993861 -8.22749716e-05 0.00349021587 -0.99999392 -8.22749716e-05 0.00349021587 -0.99999392 -8.22749716e-05 0.00349021587 -0.99999392 -1.18653325e-05 0.00349056115 -0.99999392 -1.18653325e-05 0.00349056115 -0.99999392 -1.18653325e-05 0.00349056115 -0.99999392 -6.25561415e-06 0.00348937907 -0.99999392 -6.25561415e-06 0.00348937907 -0.99999392 -6.25561415e-06 0.00348937907 -0.99999392 -9.59990575e-06 0.00348931574 -0.99999392 -9.59990575e-06 0.00348931574 -0.99999392 -9.59990575e-06 0.00348931574 -0.99999392 0 0.00350506091 -0.999993861 0 0.00350506091 -0.999993861 0 0.00350506091 -0.999993861 -1.8349192e-05 0.00350355427 -0.999993861 -1.8349192e-05 0.00350355427 -0.999993861 -1.8349192e-05 0.00350355427 -0.999993861 0.000165048215 0.00348729338 -0.99999392 0.000165048215 0.00348729338 -0.99999392 0.000165048215 0.00348729338 -0.99999392 0.000167949227 0.00349624781 -0.999993861 0.000167949227 0.00349624781 -0.999993861 0.000167949227 0.00349624781 -0.999993861 -3.76393364e-05 0.00349044637 -0.99999392 -3.76393364e-05 0.00349044637 -0.99999392 -3.76393364e-05 0.00349044637 -0.99999392 -1.81974574e-05 0.00347784301 -0.99999398 -1.81974574e-05 0.00347784301 -0.99999398 -1.81974574e-05 0.00347784301 -0.99999398 -8.11989867e-06 0.00348852458 -0.99999392 -8.11989867e-06 0.00348852458 -0.99999392 -8.11989867e-06 0.00348852458 -0.99999392 -9.94875609e-06 0.00349198096 -0.99999392 -9.94875609e-06 0.00349198096 -0.99999392 -9.94875609e-06 0.00349198096 -0.99999392 -1.46638758e-05 0.00348892575 -0.99999392 -1.46638758e-05 0.00348892575 -0.99999392 -1.46638758e-05 0.00348892575 -0.99999392 -2.23528077e-05 0.00348937907 -0.99999392 -2.23528077e-05 0.00348937907 -0.99999392 -2.23528077e-05 0.00348937907 -0.99999392 -9.82803522e-06 0.00348944566 -0.99999392 -9.82803522e-06 0.00348944566 -0.99999392 -9.82803522e-06 0.00348944566 -0.99999392 -8.11989867e-06 0.00349102961 -0.99999392 -8.11989867e-06 0.00349102961 -0.99999392 -8.11989867e-06 0.00349102961 -0.99999392 -0 0.00348108751 -0.99999392 -0 0.00348108751 -0.99999392 -0 0.00348108751 -0.99999392 -1.8344952e-05 0.00350441341 -0.999993861 -1.8344952e-05 0.00350441341 -0.999993861 -1.8344952e-05 0.00350441341 -0.999993861 -1.82102885e-05 0.00347703253 -0.99999398 -1.82102885e-05 0.00347703253 -0.99999398 -1.82102885e-05 0.00347703253 -0.99999398 -1.96801775e-05 0.00358582288 -0.999993563 -1.96801775e-05 0.00358582288 -0.999993563 -1.96801775e-05 0.00358582288 -0.999993563 -8.11989958e-06 0.00344685232 -0.99999404 -8.11989958e-06 0.00344685232 -0.99999404 -8.11989958e-06 0.00344685232 -0.99999404 -8.11989867e-06 0.00348816928 -0.99999392 -8.11989867e-06 0.00348816928 -0.99999392 -8.11989867e-06 0.00348816928 -0.99999392 -1.00018087e-05 0.00349164358 -0.99999392 -1.00018087e-05 0.00349164358 -0.99999392 -1.00018087e-05 0.00349164358 -0.99999392 -8.11989867e-06 0.00347880507 -0.99999392 -8.11989867e-06 0.00347880507 -0.99999392 -8.11989867e-06 0.00347880507 -0.99999392 1.36454867e-06 0.00350945978 -0.999993861 1.36454867e-06 0.00350945978 -0.999993861 1.36454867e-06 0.00350945978 -0.999993861 -1.0282849e-05 0.00348728243 -0.99999392 -1.0282849e-05 0.00348728243 -0.99999392 -1.0282849e-05 0.00348728243 -0.99999392 0 0.00347908656 -0.99999392 0 0.00347908656 -0.99999392 0 0.00347908656 -0.99999392 -0.000641620718 0.00348728173 -0.999993742 -0.000641620718 0.00348728173 -0.999993742 -0.000641620718 0.00348728173 -0.999993742 0 0.00372228958 -0.999993086 0 0.00372228958 -0.999993086 0 0.00372228958 -0.999993086 -1.97322788e-05 0.00348937907 -0.99999392 -1.97322788e-05 0.00348937907 -0.99999392 -1.97322788e-05 0.00348937907 -0.99999392 -4.51712658e-05 0.00349197839 -0.99999392 -4.51712658e-05 0.00349197839 -0.99999392 -4.51712658e-05 0.00349197839 -0.99999392 -0 0.00348960096 -0.99999392 -0 0.00348960096 -0.99999392 -0 0.00348960096 -0.99999392 0 0.00349210133 -0.99999392 0 0.00349210133 -0.99999392 0 0.00349210133 -0.99999392 -8.11989867e-06 0.00348781398 -0.99999392 -8.11989867e-06 0.00348781398 -0.99999392 -8.11989867e-06 0.00348781398 -0.99999392 1.42059491e-06 0.00349876122 -0.999993861 1.42059491e-06 0.00349876122 -0.999993861 1.42059491e-06 0.00349876122 -0.999993861 0 0.00349885388 -0.999993861 0 0.00349885388 -0.999993861 0 0.00349885388 -0.999993861 -0 0.00349885388 -0.999993861 -0 0.00349885388 -0.999993861 -0 0.00349885388 -0.999993861 0 0.00350504951 -0.999993861 0 0.00350504951 -0.999993861 0 0.00350504951 -0.999993861 0.000114492985 0.00348729338 -0.99999392 0.000114492985 0.00348729338 -0.99999392 0.000114492985 0.00348729338 -0.99999392 0.000115382492 0.00349124917 -0.99999392 0.000115382492 0.00349124917 -0.99999392 0.000115382492 0.00349124917 -0.99999392 -1.36559775e-05 0.00371833704 -0.999993086 -1.36559775e-05 0.00371833704 -0.999993086 -1.36559775e-05 0.00371833704 -0.999993086 -1.36559884e-05 0.00348959165 -0.99999392 -1.36559884e-05 0.00348959165 -0.99999392 -1.36559884e-05 0.00348959165 -0.99999392 -9.745641e-05 0.00348959165 -0.99999392 -9.745641e-05 0.00348959165 -0.99999392 -9.745641e-05 0.00348959165 -0.99999392 -1.40054563e-05 0.00371853961 -0.999993086 -1.40054563e-05 0.00371853961 -0.999993086 -1.40054563e-05 0.00371853961 -0.999993086 1.46957871e-06 0.00348940725 -0.99999392 1.46957871e-06 0.00348940725 -0.99999392 1.46957871e-06 0.00348940725 -0.99999392 1.4781624e-06 0.0034894126 -0.99999392 1.4781624e-06 0.0034894126 -0.99999392 1.4781624e-06 0.0034894126 -0.99999392 0 0.00348959723 -0.99999392 0 0.00348959723 -0.99999392 0 0.00348959723 -0.99999392 -0 0.00349210133 -0.99999392 -0 0.00349210133 -0.99999392 -0 0.00349210133 -0.99999392 -7.89237165e-05 0.00348937907 -0.99999392 -7.89237165e-05 0.00348937907 -0.99999392 -7.89237165e-05 0.00348937907 -0.99999392 -0.000316614751 0.00349197816 -0.999993861 -0.000316614751 0.00349197816 -0.999993861 -0.000316614751 0.00349197816 -0.999993861 -0 0.00349886436 -0.999993861 -0 0.00349886436 -0.999993861 -0 0.00349886436 -0.999993861 1.42885324e-06 0.00349883339 -0.999993861 1.42885324e-06 0.00349883339 -0.999993861 1.42885324e-06 0.00349883339 -0.999993861 -8.11989867e-06 0.00348745845 -0.99999392 -8.11989867e-06 0.00348745845 -0.99999392 -8.11989867e-06 0.00348745845 -0.99999392 -1.07748447e-05 0.00349212764 -0.99999392 -1.07748447e-05 0.00349212764 -0.99999392 -1.07748447e-05 0.00349212764 -0.99999392 -0 0.00349197839 -0.99999392 -0 0.00349197839 -0.99999392 -0 0.00349197839 -0.99999392 0 0.00335417059 -0.999994397 0 0.00335417059 -0.999994397 0 0.00335417059 -0.999994397 -0.000353415671 0.00345527614 -0.99999398 -0.000353415671 0.00345527614 -0.99999398 -0.000353415671 0.00345527614 -0.99999398 -0.000107124644 0.00345527637 -0.99999404 -0.000107124644 0.00345527637 -0.99999404 -0.000107124644 0.00345527637 -0.99999404 0 0.00342732714 -0.999994099 0 0.00342732714 -0.999994099 0 0.00342732714 -0.999994099 -0.00015519427 0.00342732714 -0.999994099 -0.00015519427 0.00342732714 -0.999994099 -0.00015519427 0.00342732714 -0.999994099 0 0.00348806125 -0.99999392 0 0.00348806125 -0.99999392 0 0.00348806125 -0.99999392 -2.23528077e-05 0.00348937907 -0.99999392 -2.23528077e-05 0.00348937907 -0.99999392 -2.23528077e-05 0.00348937907 -0.99999392 0.000147427636 0.00349028176 -0.99999392 0.000147427636 0.00349028176 -0.99999392 0.000147427636 0.00349028176 -0.99999392 -1.40054681e-05 0.00349101797 -0.99999392 -1.40054681e-05 0.00349101797 -0.99999392 -1.40054681e-05 0.00349101797 -0.99999392 -0.000100195175 0.00349101797 -0.99999392 -0.000100195175 0.00349101797 -0.99999392 -0.000100195175 0.00349101797 -0.99999392 0 0.00348959165 -0.99999392 0 0.00348959165 -0.99999392 0 0.00348959165 -0.99999392 -9.77218369e-05 0.00348959165 -0.99999392 -9.77218369e-05 0.00348959165 -0.99999392 -9.77218369e-05 0.00348959165 -0.99999392 0 0.00348823494 -0.99999392 0 0.00348823494 -0.99999392 0 0.00348823494 -0.99999392 -0 0.00348823494 -0.99999392 -0 0.00348823494 -0.99999392 -0 0.00348823494 -0.99999392 -8.11989867e-06 0.00347957527 -0.99999392 -8.11989867e-06 0.00347957527 -0.99999392 -8.11989867e-06 0.00347957527 -0.99999392 -0.000136217364 0.00348728779 -0.99999392 -0.000136217364 0.00348728779 -0.99999392 -0.000136217364 0.00348728779 -0.99999392 -0.000135006063 0.00348937907 -0.99999392 -0.000135006063 0.00348937907 -0.99999392 -0.000135006063 0.00348937907 -0.99999392 -8.19297347e-05 0.0034902168 -0.99999392 -8.19297347e-05 0.0034902168 -0.99999392 -8.19297347e-05 0.0034902168 -0.99999392 -0.000194094464 0.00349106011 -0.999993861 -0.000194094464 0.00349106011 -0.999993861 -0.000194094464 0.00349106011 -0.999993861 -0.00064595713 0.0034860177 -0.999993742 -0.00064595713 0.0034860177 -0.999993742 -0.00064595713 0.0034860177 -0.999993742 -0 0.0037226358 -0.999993086 -0 0.0037226358 -0.999993086 -0 0.0037226358 -0.999993086 -9.90158514e-06 0.00349170715 -0.99999392 -9.90158514e-06 0.00349170715 -0.99999392 -9.90158514e-06 0.00349170715 -0.99999392 -8.5058291e-06 0.00348809874 -0.99999392 -8.5058291e-06 0.00348809874 -0.99999392 -8.5058291e-06 0.00348809874 -0.99999392 -8.33724971e-06 0.00345590338 -0.99999404 -8.33724971e-06 0.00345590338 -0.99999404 -8.33724971e-06 0.00345590338 -0.99999404 -1.58907624e-05 0.00365249207 -0.999993324 -1.58907624e-05 0.00365249207 -0.999993324 -1.58907624e-05 0.00365249207 -0.999993324 -9.53883318e-06 0.00345527637 -0.99999404 -9.53883318e-06 0.00345527637 -0.99999404 -9.53883318e-06 0.00345527637 -0.99999404 -0.000107361047 0.00345527637 -0.99999404 -0.000107361047 0.00345527637 -0.99999404 -0.000107361047 0.00345527637 -0.99999404 0 0.00342726614 -0.999994099 0 0.00342726614 -0.999994099 0 0.00342726614 -0.999994099 0.000392277638 0.00342726591 -0.99999404 0.000392277638 0.00342726591 -0.99999404 0.000392277638 0.00342726591 -0.99999404 0 0.00361218047 -0.999993503 0 0.00361218047 -0.999993503 0 0.00361218047 -0.999993503 0.000161169795 0.00361218047 -0.999993443 0.000161169795 0.00361218047 -0.999993443 0.000161169795 0.00361218047 -0.999993443 0 0.00400530826 -0.999991953 0 0.00400530826 -0.999991953 0 0.00400530826 -0.999991953 -0 0.00400530826 -0.999991953 -0 0.00400530826 -0.999991953 -0 0.00400530826 -0.999991953 -9.90152057e-06 0.00349170715 -0.99999392 -9.90152057e-06 0.00349170715 -0.99999392 -9.90152057e-06 0.00349170715 -0.99999392 -1.18558501e-05 0.00349675934 -0.999993861 -1.18558501e-05 0.00349675934 -0.999993861 -1.18558501e-05 0.00349675934 -0.999993861 -6.60627029e-06 0.00345664797 -0.99999404 -6.60627029e-06 0.00345664797 -0.99999404 -6.60627029e-06 0.00345664797 -0.99999404 -5.63109779e-06 0.0034944769 -0.99999392 -5.63109779e-06 0.0034944769 -0.99999392 -5.63109779e-06 0.0034944769 -0.99999392 0 0.00349251903 -0.99999392 0 0.00349251903 -0.99999392 0 0.00349251903 -0.99999392 -0.000102826576 0.00349251903 -0.99999392 -0.000102826576 0.00349251903 -0.99999392 -0.000102826576 0.00349251903 -0.99999392 0 0.00349101797 -0.99999392 0 0.00349101797 -0.99999392 0 0.00349101797 -0.99999392 -0.000100222598 0.00349101797 -0.99999392 -0.000100222598 0.00349101797 -0.99999392 -0.000100222598 0.00349101797 -0.99999392 0 0.00348959165 -0.99999392 0 0.00348959165 -0.99999392 0 0.00348959165 -0.99999392 -9.74830837e-05 0.00348959165 -0.99999392 -9.74830837e-05 0.00348959165 -0.99999392 -9.74830837e-05 0.00348959165 -0.99999392 0 0.0034882382 -0.99999392 0 0.0034882382 -0.99999392 0 0.0034882382 -0.99999392 0.000150552922 0.0034882382 -0.99999392 0.000150552922 0.0034882382 -0.99999392 0.000150552922 0.0034882382 -0.99999392 -1.4326376e-05 0.00348961796 -0.99999392 -1.4326376e-05 0.00348961796 -0.99999392 -1.4326376e-05 0.00348961796 -0.99999392 -5.48803428e-06 0.00351319718 -0.999993801 -5.48803428e-06 0.00351319718 -0.999993801 -5.48803428e-06 0.00351319718 -0.999993801 -8.11989867e-06 0.00349236233 -0.99999392 -8.11989867e-06 0.00349236233 -0.99999392 -8.11989867e-06 0.00349236233 -0.99999392 5.71581438e-07 0.00400564261 -0.999991953 5.71581438e-07 0.00400564261 -0.999991953 5.71581438e-07 0.00400564261 -0.999991953 4.801351e-07 0.00336478674 -0.999994338 4.801351e-07 0.00336478674 -0.999994338 4.801351e-07 0.00336478674 -0.999994338 -8.33723425e-06 0.00345590292 -0.99999404 -8.33723425e-06 0.00345590292 -0.99999404 -8.33723425e-06 0.00345590292 -0.99999404 -5.07790764e-06 0.00337107526 -0.999994338 -5.07790764e-06 0.00337107526 -0.999994338 -5.07790764e-06 0.00337107526 -0.999994338 -9.48444176e-06 0.00357013079 -0.999993622 -9.48444176e-06 0.00357013079 -0.999993622 -9.48444176e-06 0.00357013079 -0.999993622 8.92044191e-05 0.00357013079 -0.999993622 8.92044191e-05 0.00357013079 -0.999993622 8.92044191e-05 0.00357013079 -0.999993622 0 0.00361218047 -0.999993503 0 0.00361218047 -0.999993503 0 0.00361218047 -0.999993503 -5.81976974e-06 0.00348715787 -0.99999392 -5.81976974e-06 0.00348715787 -0.99999392 -5.81976974e-06 0.00348715787 -0.99999392 -9.89924501e-06 0.00349170854 -0.99999392 -9.89924501e-06 0.00349170854 -0.99999392 -9.89924501e-06 0.00349170854 -0.99999392 -9.89918044e-06 0.00349170854 -0.99999392 -9.89918044e-06 0.00349170854 -0.99999392 -9.89918044e-06 0.00349170854 -0.99999392 -8.50585548e-06 0.00348810642 -0.99999392 -8.50585548e-06 0.00348810642 -0.99999392 -8.50585548e-06 0.00348810642 -0.99999392 0 0.00348568009 -0.99999392 0 0.00348568009 -0.99999392 0 0.00348568009 -0.99999392 -9.08383518e-05 0.00348568009 -0.99999392 -9.08383518e-05 0.00348568009 -0.99999392 -9.08383518e-05 0.00348568009 -0.99999392 0 0.00348431896 -0.99999392 0 0.00348431896 -0.99999392 0 0.00348431896 -0.99999392 0.000458984287 0.00348431873 -0.999993801 0.000458984287 0.00348431873 -0.999993801 0.000458984287 0.00348431873 -0.999993801 0 0.00349101797 -0.99999392 0 0.00349101797 -0.99999392 0 0.00349101797 -0.99999392 -0.000100103171 0.00349101797 -0.99999392 -0.000100103171 0.00349101797 -0.99999392 -0.000100103171 0.00349101797 -0.99999392 0 0.00348959351 -0.99999392 0 0.00348959351 -0.99999392 0 0.00348959351 -0.99999392 -4.32549905e-06 0.00348959351 -0.99999392 -4.32549905e-06 0.00348959351 -0.99999392 -4.32549905e-06 0.00348959351 -0.99999392 -1.42505869e-05 0.00348981214 -0.99999392 -1.42505869e-05 0.00348981214 -0.99999392 -1.42505869e-05 0.00348981214 -0.99999392 -5.49080596e-06 0.00351318205 -0.999993801 -5.49080596e-06 0.00351318205 -0.999993801 -5.49080596e-06 0.00351318205 -0.999993801 -8.2458173e-06 0.00349267456 -0.99999392 -8.2458173e-06 0.00349267456 -0.99999392 -8.2458173e-06 0.00349267456 -0.99999392 -5.28706369e-06 0.00347440573 -0.99999398 -5.28706369e-06 0.00347440573 -0.99999398 -5.28706369e-06 0.00347440573 -0.99999398 -9.48442721e-06 0.00348097458 -0.99999392 -9.48442721e-06 0.00348097458 -0.99999392 -9.48442721e-06 0.00348097458 -0.99999392 -5.44803788e-06 0.00350501784 -0.999993861 -5.44803788e-06 0.00350501784 -0.999993861 -5.44803788e-06 0.00350501784 -0.999993861 -1.13481783e-05 0.0034930571 -0.99999392 -1.13481783e-05 0.0034930571 -0.99999392 -1.13481783e-05 0.0034930571 -0.99999392 -9.17865236e-06 0.00348907546 -0.99999392 -9.17865236e-06 0.00348907546 -0.99999392 -9.17865236e-06 0.00348907546 -0.99999392 -1.17965055e-05 0.00348515646 -0.99999392 -1.17965055e-05 0.00348515646 -0.99999392 -1.17965055e-05 0.00348515646 -0.99999392 -8.91947639e-06 0.00349839893 -0.999993861 -8.91947639e-06 0.00349839893 -0.999993861 -8.91947639e-06 0.00349839893 -0.999993861 -6.69329165e-06 0.00349358027 -0.99999392 -6.69329165e-06 0.00349358027 -0.99999392 -6.69329165e-06 0.00349358027 -0.99999392 3.96989817e-05 0.00349218608 -0.99999392 3.96989817e-05 0.00349218608 -0.99999392 3.96989817e-05 0.00349218608 -0.99999392 4.34643334e-05 0.00348960678 -0.99999392 4.34643334e-05 0.00348960678 -0.99999392 4.34643334e-05 0.00348960678 -0.99999392 0 0.00348939281 -0.99999392 0 0.00348939281 -0.99999392 0 0.00348939281 -0.99999392 -1.4013327e-05 0.0034893027 -0.99999392 -1.4013327e-05 0.0034893027 -0.99999392 -1.4013327e-05 0.0034893027 -0.99999392 -9.53883227e-06 0.00348065048 -0.99999392 -9.53883227e-06 0.00348065048 -0.99999392 -9.53883227e-06 0.00348065048 -0.99999392 -5.44805471e-06 0.00350501761 -0.999993861 -5.44805471e-06 0.00350501761 -0.999993861 -5.44805471e-06 0.00350501761 -0.999993861 -1.13488013e-05 0.0034930557 -0.99999392 -1.13488013e-05 0.0034930557 -0.99999392 -1.13488013e-05 0.0034930557 -0.99999392 -9.18070054e-06 0.00348907663 -0.99999392 -9.18070054e-06 0.00348907663 -0.99999392 -9.18070054e-06 0.00348907663 -0.99999392 -1.17937388e-05 0.00348516507 -0.99999392 -1.17937388e-05 0.00348516507 -0.99999392 -1.17937388e-05 0.00348516507 -0.99999392 -9.92058904e-06 0.00349378656 -0.99999392 -9.92058904e-06 0.00349378656 -0.99999392 -9.92058904e-06 0.00349378656 -0.99999392 -4.10913162e-06 0.00348762027 -0.99999392 -4.10913162e-06 0.00348762027 -0.99999392 -4.10913162e-06 0.00348762027 -0.99999392 -0.000123404301 0.003490414 -0.99999392 -0.000123404301 0.003490414 -0.99999392 -0.000123404301 0.003490414 -0.99999392 -0.000120969467 0.00348874601 -0.99999392 -0.000120969467 0.00348874601 -0.99999392 -0.000120969467 0.00348874601 -0.99999392 -1.17964837e-05 0.00348515227 -0.99999392 -1.17964837e-05 0.00348515227 -0.99999392 -1.17964837e-05 0.00348515227 -0.99999392 -0.000124730388 0.00349132228 -0.99999392 -0.000124730388 0.00349132228 -0.99999392 -0.000124730388 0.00349132228 -0.99999392 -0.000120969467 0.00348874601 -0.99999392 -0.000120969467 0.00348874601 -0.99999392 -0.000120969467 0.00348874601 -0.99999392 -5.62586501e-06 0.00349447713 -0.99999392 -5.62586501e-06 0.00349447713 -0.99999392 -5.62586501e-06 0.00349447713 -0.99999392 -6.60210571e-06 0.00345660909 -0.99999404 -6.60210571e-06 0.00345660909 -0.99999404 -6.60210571e-06 0.00345660909 -0.99999404 -1.18572798e-05 0.00349676306 -0.999993861 -1.18572798e-05 0.00349676306 -0.999993861 -1.18572798e-05 0.00349676306 -0.999993861 -9.17813941e-06 0.00348907197 -0.99999392 -9.17813941e-06 0.00348907197 -0.99999392 -9.17813941e-06 0.00348907197 -0.99999392 -9.17813941e-06 0.00348907197 -0.99999392 -9.17813941e-06 0.00348907197 -0.99999392 -9.17813941e-06 0.00348907197 -0.99999392 -5.39142229e-06 0.00349474046 -0.99999392 -5.39142229e-06 0.00349474046 -0.99999392 -5.39142229e-06 0.00349474046 -0.99999392 -8.83760094e-06 0.00347887841 -0.99999392 -8.83760094e-06 0.00347887841 -0.99999392 -8.83760094e-06 0.00347887841 -0.99999392 -1.59308729e-05 0.00349226943 -0.99999392 -1.59308729e-05 0.00349226943 -0.99999392 -1.59308729e-05 0.00349226943 -0.99999392 0.000651659677 0.00351944822 -0.999993622 0.000651659677 0.00351944822 -0.999993622 0.000651659677 0.00351944822 -0.999993622 2.46606555e-06 0.00351944915 -0.999993801 2.46606555e-06 0.00351944915 -0.999993801 2.46606555e-06 0.00351944915 -0.999993801 0 0.00352033018 -0.999993801 0 0.00352033018 -0.999993801 0 0.00352033018 -0.999993801 0 0.00350365788 -0.999993861 0 0.00350365788 -0.999993861 0 0.00350365788 -0.999993861 -0.000122145357 0.00350365788 -0.999993861 -0.000122145357 0.00350365788 -0.999993861 -0.000122145357 0.00350365788 -0.999993861 -3.97677741e-06 0.00348769431 -0.99999392 -3.97677741e-06 0.00348769431 -0.99999392 -3.97677741e-06 0.00348769431 -0.99999392 -8.91968921e-06 0.00349839358 -0.999993861 -8.91968921e-06 0.00349839358 -0.999993861 -8.91968921e-06 0.00349839358 -0.999993861 -9.33663705e-06 0.00348724448 -0.99999392 -9.33663705e-06 0.00348724448 -0.99999392 -9.33663705e-06 0.00348724448 -0.99999392 -1.58892162e-05 0.00356065412 -0.999993682 -1.58892162e-05 0.00356065412 -0.999993682 -1.58892162e-05 0.00356065412 -0.999993682 -1.76105259e-05 0.00349388155 -0.99999392 -1.76105259e-05 0.00349388155 -0.99999392 -1.76105259e-05 0.00349388155 -0.99999392 0 0.00347903557 -0.99999392 0 0.00347903557 -0.99999392 0 0.00347903557 -0.99999392 -1.46961193e-05 0.00348937907 -0.99999392 -1.46961193e-05 0.00348937907 -0.99999392 -1.46961193e-05 0.00348937907 -0.99999392 -5.45123203e-06 0.00350616453 -0.999993861 -5.45123203e-06 0.00350616453 -0.999993861 -5.45123203e-06 0.00350616453 -0.999993861 -8.56946917e-06 0.00348826358 -0.99999392 -8.56946917e-06 0.00348826358 -0.99999392 -8.56946917e-06 0.00348826358 -0.99999392 -9.90203444e-06 0.00349170831 -0.99999392 -9.90203444e-06 0.00349170831 -0.99999392 -9.90203444e-06 0.00349170831 -0.99999392 -9.89639102e-06 0.00349170854 -0.99999392 -9.89639102e-06 0.00349170854 -0.99999392 -9.89639102e-06 0.00349170854 -0.99999392 -5.31635033e-06 0.00347986841 -0.99999392 -5.31635033e-06 0.00347986841 -0.99999392 -5.31635033e-06 0.00347986841 -0.99999392 0 0.00349197839 -0.99999392 0 0.00349197839 -0.99999392 0 0.00349197839 -0.99999392 -2.55326358e-06 0.00349199655 -0.99999392 -2.55326358e-06 0.00349199655 -0.99999392 -2.55326358e-06 0.00349199655 -0.99999392 -8.09266021e-06 0.00350220012 -0.999993861 -8.09266021e-06 0.00350220012 -0.999993861 -8.09266021e-06 0.00350220012 -0.999993861 -1.17964455e-05 0.00348515227 -0.99999392 -1.17964455e-05 0.00348515227 -0.99999392 -1.17964455e-05 0.00348515227 -0.99999392 -9.17658872e-06 0.0034890743 -0.99999392 -9.17658872e-06 0.0034890743 -0.99999392 -9.17658872e-06 0.0034890743 -0.99999392 -9.17658872e-06 0.0034890743 -0.99999392 -9.17658872e-06 0.0034890743 -0.99999392 -9.17658872e-06 0.0034890743 -0.99999392 -5.39420171e-06 0.00349473627 -0.99999392 -5.39420171e-06 0.00349473627 -0.99999392 -5.39420171e-06 0.00349473627 -0.99999392 -9.81791982e-06 0.00347437477 -0.99999398 -9.81791982e-06 0.00347437477 -0.99999398 -9.81791982e-06 0.00347437477 -0.99999398 -1.61414664e-05 0.00348806242 -0.99999392 -1.61414664e-05 0.00348806242 -0.99999392 -1.61414664e-05 0.00348806242 -0.99999392 -0.000124734812 0.0034913253 -0.99999392 -0.000124734812 0.0034913253 -0.99999392 -0.000124734812 0.0034913253 -0.99999392 -0.000120968871 0.00348874554 -0.99999392 -0.000120968871 0.00348874554 -0.99999392 -0.000120968871 0.00348874554 -0.99999392 0.000652144896 0.00351950177 -0.999993622 0.000652144896 0.00351950177 -0.999993622 0.000652144896 0.00351950177 -0.999993622 2.55743998e-06 0.00351950247 -0.999993801 2.55743998e-06 0.00351950247 -0.999993801 2.55743998e-06 0.00351950247 -0.999993801 0 0.00352041633 -0.999993801 0 0.00352041633 -0.999993801 0 0.00352041633 -0.999993801 4.12138979e-06 0.00352041633 -0.999993801 4.12138979e-06 0.00352041633 -0.999993801 4.12138979e-06 0.00352041633 -0.999993801 -0.000122416357 0.00350367557 -0.999993861 -0.000122416357 0.00350367557 -0.999993861 -0.000122416357 0.00350367557 -0.999993861 0 0.00348856696 -0.99999392 0 0.00348856696 -0.99999392 0 0.00348856696 -0.99999392 -1.58850835e-05 0.00356060802 -0.999993682 -1.58850835e-05 0.00356060802 -0.999993682 -1.58850835e-05 0.00356060802 -0.999993682 -1.76052927e-05 0.00349388178 -0.99999392 -1.76052927e-05 0.00349388178 -0.99999392 -1.76052927e-05 0.00349388178 -0.99999392 -9.00737723e-05 0.00349028106 -0.99999392 -9.00737723e-05 0.00349028106 -0.99999392 -9.00737723e-05 0.00349028106 -0.99999392 -1.61455628e-05 0.00348806009 -0.99999392 -1.61455628e-05 0.00348806009 -0.99999392 -1.61455628e-05 0.00348806009 -0.99999392 -9.81960056e-06 0.00347436708 -0.99999398 -9.81960056e-06 0.00347436708 -0.99999398 -9.81960056e-06 0.00347436708 -0.99999398 -5.39421899e-06 0.00349473627 -0.99999392 -5.39421899e-06 0.00349473627 -0.99999392 -5.39421899e-06 0.00349473627 -0.99999392 -9.17657235e-06 0.0034890743 -0.99999392 -9.17657235e-06 0.0034890743 -0.99999392 -9.17657235e-06 0.0034890743 -0.99999392 -9.17657235e-06 0.0034890743 -0.99999392 -9.17657235e-06 0.0034890743 -0.99999392 -9.17657235e-06 0.0034890743 -0.99999392 -5.82558823e-06 0.0034940904 -0.99999392 -5.82558823e-06 0.0034940904 -0.99999392 -5.82558823e-06 0.0034940904 -0.99999392 -3.09964685e-06 0.00349069457 -0.99999392 -3.09964685e-06 0.00349069457 -0.99999392 -3.09964685e-06 0.00349069457 -0.99999392 -6.83692815e-06 0.00348936906 -0.99999392 -6.83692815e-06 0.00348936906 -0.99999392 -6.83692815e-06 0.00348936906 -0.99999392 -1.18183889e-05 0.00348934298 -0.99999392 -1.18183889e-05 0.00348934298 -0.99999392 -1.18183889e-05 0.00348934298 -0.99999392 -1.18184262e-05 0.00348934298 -0.99999392 -1.18184262e-05 0.00348934298 -0.99999392 -1.18184262e-05 0.00348934298 -0.99999392 -1.3963705e-05 0.00348933181 -0.99999392 -1.3963705e-05 0.00348933181 -0.99999392 -1.3963705e-05 0.00348933181 -0.99999392 -9.60157195e-06 0.00349093159 -0.99999392 -9.60157195e-06 0.00349093159 -0.99999392 -9.60157195e-06 0.00349093159 -0.99999392 -5.31628939e-06 0.00347985351 -0.99999392 -5.31628939e-06 0.00347985351 -0.99999392 -5.31628939e-06 0.00347985351 -0.99999392 0.000488978287 0.00346727949 -0.999993861 0.000488978287 0.00346727949 -0.999993861 0.000488978287 0.00346727949 -0.999993861 -0 0.00350367581 -0.999993861 -0 0.00350367581 -0.999993861 -0 0.00350367581 -0.999993861 0 0.00349069457 -0.99999392 0 0.00349069457 -0.99999392 0 0.00349069457 -0.99999392 -9.79715878e-06 0.00349075277 -0.99999392 -9.79715878e-06 0.00349075277 -0.99999392 -9.79715878e-06 0.00349075277 -0.99999392 0 0.00350644346 -0.999993861 0 0.00350644346 -0.999993861 0 0.00350644346 -0.999993861 4.12138979e-06 0.00352041633 -0.999993801 4.12138979e-06 0.00352041633 -0.999993801 4.12138979e-06 0.00352041633 -0.999993801 2.55674036e-06 0.00351950247 -0.999993801 2.55674036e-06 0.00351950247 -0.999993801 2.55674036e-06 0.00351950247 -0.999993801 -0 0.00352041633 -0.999993801 -0 0.00352041633 -0.999993801 -0 0.00352041633 -0.999993801 0 0.00349170715 -0.99999392 0 0.00349170715 -0.99999392 0 0.00349170715 -0.99999392 0.000236004795 0.00349075277 -0.999993861 0.000236004795 0.00349075277 -0.999993861 0.000236004795 0.00349075277 -0.999993861 0 0.00348949805 -0.99999392 0 0.00348949805 -0.99999392 0 0.00348949805 -0.99999392 0 0.00346727995 -0.99999398 0 0.00346727995 -0.99999398 0 0.00346727995 -0.99999398 0.000488978287 0.00346727949 -0.999993861 0.000488978287 0.00346727949 -0.999993861 0.000488978287 0.00346727949 -0.999993861 0 0.00350367581 -0.999993861 0 0.00350367581 -0.999993861 0 0.00350367581 -0.999993861 -0.000122622514 0.00350367557 -0.999993861 -0.000122622514 0.00350367557 -0.999993861 -0.000122622514 0.00350367557 -0.999993861 0 0.00348856696 -0.99999392 0 0.00348856696 -0.99999392 0 0.00348856696 -0.99999392 -0 0.00347315846 -0.99999398 -0 0.00347315846 -0.99999398 -0 0.00347315846 -0.99999398 -6.86704734e-05 0.00347315846 -0.99999398 -6.86704734e-05 0.00347315846 -0.99999398 -6.86704734e-05 0.00347315846 -0.99999398 -9.8952969e-06 0.00349170575 -0.99999392 -9.8952969e-06 0.00349170575 -0.99999392 -9.8952969e-06 0.00349170575 -0.99999392 -8.66441587e-06 0.00348852389 -0.99999392 -8.66441587e-06 0.00348852389 -0.99999392 -8.66441587e-06 0.00348852389 -0.99999392 -9.90671379e-06 0.00349170575 -0.99999392 -9.90671379e-06 0.00349170575 -0.99999392 -9.90671379e-06 0.00349170575 -0.99999392 -5.31621117e-06 0.0034798386 -0.99999392 -5.31621117e-06 0.0034798386 -0.99999392 -5.31621117e-06 0.0034798386 -0.99999392 -1.58854018e-05 0.00356059568 -0.999993682 -1.58854018e-05 0.00356059568 -0.999993682 -1.58854018e-05 0.00356059568 -0.999993682 -1.76052927e-05 0.00349388178 -0.99999392 -1.76052927e-05 0.00349388178 -0.99999392 -1.76052927e-05 0.00349388178 -0.99999392 3.35495024e-05 0.0034964236 -0.999993861 3.35495024e-05 0.0034964236 -0.999993861 3.35495024e-05 0.0034964236 -0.999993861 0 0.00350721204 -0.999993861 0 0.00350721204 -0.999993861 0 0.00350721204 -0.999993861 4.85981145e-05 0.00348611479 -0.99999392 4.85981145e-05 0.00348611479 -0.99999392 4.85981145e-05 0.00348611479 -0.99999392 -1.61455628e-05 0.00348806009 -0.99999392 -1.61455628e-05 0.00348806009 -0.99999392 -1.61455628e-05 0.00348806009 -0.99999392 -9.81960056e-06 0.00347436708 -0.99999398 -9.81960056e-06 0.00347436708 -0.99999398 -9.81960056e-06 0.00347436708 -0.99999398 -5.39421899e-06 0.00349473627 -0.99999392 -5.39421899e-06 0.00349473627 -0.99999392 -5.39421899e-06 0.00349473627 -0.99999392 -9.17657235e-06 0.0034890743 -0.99999392 -9.17657235e-06 0.0034890743 -0.99999392 -9.17657235e-06 0.0034890743 -0.99999392 -9.17657235e-06 0.0034890743 -0.99999392 -9.17657235e-06 0.0034890743 -0.99999392 -9.17657235e-06 0.0034890743 -0.99999392 -1.17964837e-05 0.00348515227 -0.99999392 -1.17964837e-05 0.00348515227 -0.99999392 -1.17964837e-05 0.00348515227 -0.99999392 -8.20944661e-06 0.00350166275 -0.999993861 -8.20944661e-06 0.00350166275 -0.999993861 -8.20944661e-06 0.00350166275 -0.999993861 -2.32387902e-06 0.00349136093 -0.99999392 -2.32387902e-06 0.00349136093 -0.99999392 -2.32387902e-06 0.00349136093 -0.99999392 -0 0.00349136093 -0.99999392 -0 0.00349136093 -0.99999392 -0 0.00349136093 -0.99999392 -4.47267121e-05 0.00349187409 -0.99999392 -4.47267121e-05 0.00349187409 -0.99999392 -4.47267121e-05 0.00349187409 -0.99999392 -0 0.00349187409 -0.99999392 -0 0.00349187409 -0.99999392 -0 0.00349187409 -0.99999392 -9.50806225e-06 0.00349198096 -0.99999392 -9.50806225e-06 0.00349198096 -0.99999392 -9.50806225e-06 0.00349198096 -0.99999392 -8.11989685e-06 0.00354389683 -0.999993742 -8.11989685e-06 0.00354389683 -0.999993742 -8.11989685e-06 0.00354389683 -0.999993742 -8.96801357e-05 0.00352024403 -0.999993801 -8.96801357e-05 0.00352024403 -0.999993801 -8.96801357e-05 0.00352024403 -0.999993801 4.30733644e-06 0.00352024427 -0.999993801 4.30733644e-06 0.00352024427 -0.999993801 4.30733644e-06 0.00352024427 -0.999993801 0 0.00347315846 -0.99999398 0 0.00347315846 -0.99999398 0 0.00347315846 -0.99999398 -6.86704734e-05 0.00347315846 -0.99999398 -6.86704734e-05 0.00347315846 -0.99999398 -6.86704734e-05 0.00347315846 -0.99999398 0 0.00346727995 -0.99999398 0 0.00346727995 -0.99999398 0 0.00346727995 -0.99999398 -5.8822101e-05 0.00346727995 -0.99999398 -5.8822101e-05 0.00346727995 -0.99999398 -5.8822101e-05 0.00346727995 -0.99999398 0 0.00348857534 -0.99999392 0 0.00348857534 -0.99999392 0 0.00348857534 -0.99999392 -0 0.00348155829 -0.99999392 -0 0.00348155829 -0.99999392 -0 0.00348155829 -0.99999392 -8.33981321e-05 0.00348155829 -0.99999392 -8.33981321e-05 0.00348155829 -0.99999392 -8.33981321e-05 0.00348155829 -0.99999392 -9.90671379e-06 0.00349170575 -0.99999392 -9.90671379e-06 0.00349170575 -0.99999392 -9.90671379e-06 0.00349170575 -0.99999392 -8.71386419e-06 0.00348862191 -0.99999392 -8.71386419e-06 0.00348862191 -0.99999392 -8.71386419e-06 0.00348862191 -0.99999392 -9.89536147e-06 0.00349170575 -0.99999392 -9.89536147e-06 0.00349170575 -0.99999392 -9.89536147e-06 0.00349170575 -0.99999392 -5.31635033e-06 0.00347986841 -0.99999392 -5.31635033e-06 0.00347986841 -0.99999392 -5.31635033e-06 0.00347986841 -0.99999392 -5.89827232e-06 0.00348431477 -0.99999392 -5.89827232e-06 0.00348431477 -0.99999392 -5.89827232e-06 0.00348431477 -0.99999392 -5.82486791e-06 0.00348716252 -0.99999392 -5.82486791e-06 0.00348716252 -0.99999392 -5.82486791e-06 0.00348716252 -0.99999392 0 0.00349136093 -0.99999392 0 0.00349136093 -0.99999392 0 0.00349136093 -0.99999392 -4.56048911e-05 0.00349136093 -0.99999392 -4.56048911e-05 0.00349136093 -0.99999392 -4.56048911e-05 0.00349136093 -0.99999392 0 0.00349082728 -0.99999392 0 0.00349082728 -0.99999392 0 0.00349082728 -0.99999392 -2.07328708e-06 0.00349082728 -0.99999392 -2.07328708e-06 0.00349082728 -0.99999392 -2.07328708e-06 0.00349082728 -0.99999392 -8.26910946e-06 0.00350138801 -0.999993861 -8.26910946e-06 0.00350138801 -0.999993861 -8.26910946e-06 0.00350138801 -0.999993861 -1.17964455e-05 0.00348515227 -0.99999392 -1.17964455e-05 0.00348515227 -0.99999392 -1.17964455e-05 0.00348515227 -0.99999392 -9.17658872e-06 0.0034890743 -0.99999392 -9.17658872e-06 0.0034890743 -0.99999392 -9.17658872e-06 0.0034890743 -0.99999392 -9.17658872e-06 0.0034890743 -0.99999392 -9.17658872e-06 0.0034890743 -0.99999392 -9.17658872e-06 0.0034890743 -0.99999392 -5.39420171e-06 0.00349473627 -0.99999392 -5.39420171e-06 0.00349473627 -0.99999392 -5.39420171e-06 0.00349473627 -0.99999392 -5.97972576e-06 0.00349204126 -0.99999392 -5.97972576e-06 0.00349204126 -0.99999392 -5.97972576e-06 0.00349204126 -0.99999392 -6.6900825e-06 0.00349357887 -0.99999392 -6.6900825e-06 0.00349357887 -0.99999392 -6.6900825e-06 0.00349357887 -0.99999392 3.95874195e-05 0.00349218817 -0.99999392 3.95874195e-05 0.00349218817 -0.99999392 3.95874195e-05 0.00349218817 -0.99999392 4.33567184e-05 0.00348960632 -0.99999392 4.33567184e-05 0.00348960632 -0.99999392 4.33567184e-05 0.00348960632 -0.99999392 -4.69057122e-05 0.00352420728 -0.999993801 -4.69057122e-05 0.00352420728 -0.999993801 -4.69057122e-05 0.00352420728 -0.999993801 -0 0.00352420728 -0.999993801 -0 0.00352420728 -0.999993801 -0 0.00352420728 -0.999993801 0 0.00350721204 -0.999993861 0 0.00350721204 -0.999993861 0 0.00350721204 -0.999993861 -1.82186832e-05 0.00347861787 -0.99999392 -1.82186832e-05 0.00347861787 -0.99999392 -1.82186832e-05 0.00347861787 -0.99999392 -8.11989867e-06 0.00348888012 -0.99999392 -8.11989867e-06 0.00348888012 -0.99999392 -8.11989867e-06 0.00348888012 -0.99999392 -9.72357429e-06 0.00349198096 -0.99999392 -9.72357429e-06 0.00349198096 -0.99999392 -9.72357429e-06 0.00349198096 -0.99999392 -9.50546109e-06 0.00349198096 -0.99999392 -9.50546109e-06 0.00349198096 -0.99999392 -9.50546109e-06 0.00349198096 -0.99999392 0 0.00349461939 -0.99999392 0 0.00349461939 -0.99999392 0 0.00349461939 -0.99999392 -0.00010629835 0.00349461939 -0.999993861 -0.00010629835 0.00349461939 -0.999993861 -0.00010629835 0.00349461939 -0.999993861 0 0.0034816165 -0.99999392 0 0.0034816165 -0.99999392 0 0.0034816165 -0.99999392 -8.35003084e-05 0.0034816165 -0.99999392 -8.35003084e-05 0.0034816165 -0.99999392 -8.35003084e-05 0.0034816165 -0.99999392 0 0.00347320619 -0.99999398 0 0.00347320619 -0.99999398 0 0.00347320619 -0.99999398 -6.92107205e-05 0.00347320619 -0.99999398 -6.92107205e-05 0.00347320619 -0.99999398 -6.92107205e-05 0.00347320619 -0.99999398 -8.76198192e-06 0.00348877581 -0.99999392 -8.76198192e-06 0.00348877581 -0.99999392 -8.76198192e-06 0.00348877581 -0.99999392 -9.89741966e-06 0.0034917111 -0.99999392 -9.89741966e-06 0.0034917111 -0.99999392 -9.89741966e-06 0.0034917111 -0.99999392 3.1817176e-06 0.0034918806 -0.99999392 3.1817176e-06 0.0034918806 -0.99999392 3.1817176e-06 0.0034918806 -0.99999392 -1.20377326e-05 0.00353122549 -0.999993742 -1.20377326e-05 0.00353122549 -0.999993742 -1.20377326e-05 0.00353122549 -0.999993742 -5.88956573e-06 0.00348424818 -0.99999392 -5.88956573e-06 0.00348424818 -0.99999392 -5.88956573e-06 0.00348424818 -0.99999392 -5.81458835e-06 0.00348715647 -0.99999392 -5.81458835e-06 0.00348715647 -0.99999392 -5.81458835e-06 0.00348715647 -0.99999392 0 0.00349082728 -0.99999392 0 0.00349082728 -0.99999392 0 0.00349082728 -0.99999392 -4.65182457e-05 0.00349082728 -0.99999392 -4.65182457e-05 0.00349082728 -0.99999392 -4.65182457e-05 0.00349082728 -0.99999392 0 0.00349027175 -0.99999392 0 0.00349027175 -0.99999392 0 0.00349027175 -0.99999392 -1.79567598e-06 0.00349027175 -0.99999392 -1.79567598e-06 0.00349027175 -0.99999392 -1.79567598e-06 0.00349027175 -0.99999392 -8.32965634e-06 0.00350110931 -0.999993861 -8.32965634e-06 0.00350110931 -0.999993861 -8.32965634e-06 0.00350110931 -0.999993861 -1.17964837e-05 0.00348515227 -0.99999392 -1.17964837e-05 0.00348515227 -0.99999392 -1.17964837e-05 0.00348515227 -0.99999392 -5.58662305e-06 0.00349444826 -0.99999392 -5.58662305e-06 0.00349444826 -0.99999392 -5.58662305e-06 0.00349444826 -0.99999392 -5.59175305e-06 0.00349445757 -0.99999392 -5.59175305e-06 0.00349445757 -0.99999392 -5.59175305e-06 0.00349445757 -0.99999392 -1.17965719e-05 0.00348516926 -0.99999392 -1.17965719e-05 0.00348516926 -0.99999392 -1.17965719e-05 0.00348516926 -0.99999392 -8.92058142e-06 0.00349840685 -0.999993861 -8.92058142e-06 0.00349840685 -0.999993861 -8.92058142e-06 0.00349840685 -0.999993861 -6.69007341e-06 0.00349357887 -0.99999392 -6.69007341e-06 0.00349357887 -0.99999392 -6.69007341e-06 0.00349357887 -0.99999392 3.97385702e-05 0.00349218375 -0.99999392 3.97385702e-05 0.00349218375 -0.99999392 3.97385702e-05 0.00349218375 -0.99999392 4.35004185e-05 0.00348960678 -0.99999392 4.35004185e-05 0.00348960678 -0.99999392 4.35004185e-05 0.00348960678 -0.99999392 -9.07218293e-07 0.00345816207 -0.99999404 -9.07218293e-07 0.00345816207 -0.99999404 -9.07218293e-07 0.00345816207 -0.99999404 -8.1640801e-06 0.00354148098 -0.999993742 -8.1640801e-06 0.00354148098 -0.999993742 -8.1640801e-06 0.00354148098 -0.999993742 -8.16408192e-06 0.00348919234 -0.99999392 -8.16408192e-06 0.00348919234 -0.99999392 -8.16408192e-06 0.00348919234 -0.99999392 -1.33680596e-05 0.0034994001 -0.999993861 -1.33680596e-05 0.0034994001 -0.999993861 -1.33680596e-05 0.0034994001 -0.999993861 -9.66353946e-06 0.00349186873 -0.99999392 -9.66353946e-06 0.00349186873 -0.99999392 -9.66353946e-06 0.00349186873 -0.99999392 -4.42459896e-05 0.00349186873 -0.99999392 -4.42459896e-05 0.00349186873 -0.99999392 -4.42459896e-05 0.00349186873 -0.99999392 0 0.00340024405 -0.999994218 0 0.00340024405 -0.999994218 0 0.00340024405 -0.999994218 0.000606047222 0.00340024359 -0.99999404 0.000606047222 0.00340024359 -0.99999404 0.000606047222 0.00340024359 -0.99999404 0 0.00349461939 -0.99999392 0 0.00349461939 -0.99999392 0 0.00349461939 -0.99999392 -0.00010629835 0.00349461939 -0.999993861 -0.00010629835 0.00349461939 -0.999993861 -0.00010629835 0.00349461939 -0.999993861 0 0.0034816165 -0.99999392 0 0.0034816165 -0.99999392 0 0.0034816165 -0.99999392 -8.34774619e-05 0.0034816165 -0.99999392 -8.34774619e-05 0.0034816165 -0.99999392 -8.34774619e-05 0.0034816165 -0.99999392 0 0.00347320619 -0.99999398 0 0.00347320619 -0.99999398 0 0.00347320619 -0.99999398 -8.96782512e-06 0.00347320619 -0.99999398 -8.96782512e-06 0.00347320619 -0.99999398 -8.96782512e-06 0.00347320619 -0.99999398 -9.27117708e-06 0.00349655631 -0.999993861 -9.27117708e-06 0.00349655631 -0.999993861 -9.27117708e-06 0.00349655631 -0.999993861 -5.58348393e-06 0.00349445292 -0.99999392 -5.58348393e-06 0.00349445292 -0.99999392 -5.58348393e-06 0.00349445292 -0.99999392 -5.58348393e-06 0.00349445292 -0.99999392 -5.58348393e-06 0.00349445292 -0.99999392 -5.58348393e-06 0.00349445292 -0.99999392 -1.17964837e-05 0.00348515227 -0.99999392 -1.17964837e-05 0.00348515227 -0.99999392 -1.17964837e-05 0.00348515227 -0.99999392 -8.92136723e-06 0.00349838589 -0.999993861 -8.92136723e-06 0.00349838589 -0.999993861 -8.92136723e-06 0.00349838589 -0.999993861 -6.70069721e-06 0.0034935791 -0.99999392 -6.70069721e-06 0.0034935791 -0.99999392 -6.70069721e-06 0.0034935791 -0.99999392 7.44037388e-05 0.0034911423 -0.99999392 7.44037388e-05 0.0034911423 -0.99999392 7.44037388e-05 0.0034911423 -0.99999392 -5.81458835e-06 0.00348715647 -0.99999392 -5.81458835e-06 0.00348715647 -0.99999392 -5.81458835e-06 0.00348715647 -0.99999392 -6.60241312e-06 0.00345659722 -0.99999404 -6.60241312e-06 0.00345659722 -0.99999404 -6.60241312e-06 0.00345659722 -0.99999404 -1.18572007e-05 0.00349674793 -0.999993861 -1.18572007e-05 0.00349674793 -0.999993861 -1.18572007e-05 0.00349674793 -0.999993861 -8.02543036e-06 0.00348684238 -0.99999392 -8.02543036e-06 0.00348684238 -0.99999392 -8.02543036e-06 0.00348684238 -0.99999392 -1.05337779e-06 0.00348939933 -0.99999392 -1.05337779e-06 0.00348939933 -0.99999392 -1.05337779e-06 0.00348939933 -0.99999392 -1.18184271e-05 0.00348934298 -0.99999392 -1.18184271e-05 0.00348934298 -0.99999392 -1.18184271e-05 0.00348934298 -0.99999392 -1.18184271e-05 0.00348934298 -0.99999392 -1.18184271e-05 0.00348934298 -0.99999392 -1.18184271e-05 0.00348934298 -0.99999392 -1.76950762e-05 0.00348931225 -0.99999392 -1.76950762e-05 0.00348931225 -0.99999392 -1.76950762e-05 0.00348931225 -0.99999392 -0.000141743731 0.00349041447 -0.99999392 -0.000141743731 0.00349041447 -0.99999392 -0.000141743731 0.00349041447 -0.99999392 0.000499980466 0.003490414 -0.999993801 0.000499980466 0.003490414 -0.999993801 0.000499980466 0.003490414 -0.999993801 0 0.0034934429 -0.99999392 0 0.0034934429 -0.99999392 0 0.0034934429 -0.99999392 -4.20416909e-05 0.0034934429 -0.99999392 -4.20416909e-05 0.0034934429 -0.99999392 -4.20416909e-05 0.0034934429 -0.99999392 0 0.00349318562 -0.99999392 0 0.00349318562 -0.99999392 0 0.00349318562 -0.99999392 -4.24819555e-05 0.00349318562 -0.99999392 -4.24819555e-05 0.00349318562 -0.99999392 -4.24819555e-05 0.00349318562 -0.99999392 0 0.00349292299 -0.99999392 0 0.00349292299 -0.99999392 0 0.00349292299 -0.99999392 -7.06275023e-06 0.00349292299 -0.99999392 -7.06275023e-06 0.00349292299 -0.99999392 -7.06275023e-06 0.00349292299 -0.99999392 0 0.00348856696 -0.99999392 0 0.00348856696 -0.99999392 0 0.00348856696 -0.99999392 -6.61326385e-06 0.00348615041 -0.99999392 -6.61326385e-06 0.00348615041 -0.99999392 -6.61326385e-06 0.00348615041 -0.99999392 -8.28770044e-06 0.00348943495 -0.99999392 -8.28770044e-06 0.00348943495 -0.99999392 -8.28770044e-06 0.00348943495 -0.99999392 -8.28769862e-06 0.00354149612 -0.999993742 -8.28769862e-06 0.00354149612 -0.999993742 -8.28769862e-06 0.00354149612 -0.999993742 -4.3110353e-07 0.00345270289 -0.99999404 -4.3110353e-07 0.00345270289 -0.99999404 -4.3110353e-07 0.00345270289 -0.99999404 -8.39183485e-06 0.00348500325 -0.99999392 -8.39183485e-06 0.00348500325 -0.99999392 -8.39183485e-06 0.00348500325 -0.99999392 3.18377602e-06 0.00349187548 -0.99999392 3.18377602e-06 0.00349187548 -0.99999392 3.18377602e-06 0.00349187548 -0.99999392 -1.18135104e-05 0.00348840421 -0.99999392 -1.18135104e-05 0.00348840421 -0.99999392 -1.18135104e-05 0.00348840421 -0.99999392 -6.69698193e-06 0.00349299819 -0.99999392 -6.69698193e-06 0.00349299819 -0.99999392 -6.69698193e-06 0.00349299819 -0.99999392 8.07331344e-06 0.00347923511 -0.99999392 8.07331344e-06 0.00347923511 -0.99999392 8.07331344e-06 0.00347923511 -0.99999392 -9.90677927e-06 0.00349170575 -0.99999392 -9.90677927e-06 0.00349170575 -0.99999392 -9.90677927e-06 0.00349170575 -0.99999392 -1.18514427e-05 0.0034967328 -0.999993861 -1.18514427e-05 0.0034967328 -0.999993861 -1.18514427e-05 0.0034967328 -0.999993861 -6.61043532e-06 0.00345668709 -0.99999404 -6.61043532e-06 0.00345668709 -0.99999404 -6.61043532e-06 0.00345668709 -0.99999404 -5.82503253e-06 0.00348715601 -0.99999392 -5.82503253e-06 0.00348715601 -0.99999392 -5.82503253e-06 0.00348715601 -0.99999392 6.24984968e-05 0.00349055114 -0.99999392 6.24984968e-05 0.00349055114 -0.99999392 6.24984968e-05 0.00349055114 -0.99999392 -9.05734123e-06 0.00349220214 -0.99999392 -9.05734123e-06 0.00349220214 -0.99999392 -9.05734123e-06 0.00349220214 -0.99999392 -1.18483667e-05 0.00349506829 -0.99999392 -1.18483667e-05 0.00349506829 -0.99999392 -1.18483667e-05 0.00349506829 -0.99999392 -1.8144041e-05 0.00347760785 -0.99999398 -1.8144041e-05 0.00347760785 -0.99999398 -1.8144041e-05 0.00347760785 -0.99999398 -1.82005206e-05 0.00347760785 -0.99999398 -1.82005206e-05 0.00347760785 -0.99999398 -1.82005206e-05 0.00347760785 -0.99999398 -0.000136826144 0.00350008556 -0.999993861 -0.000136826144 0.00350008556 -0.999993861 -0.000136826144 0.00350008556 -0.999993861 -1.86760608e-05 0.00350008556 -0.999993861 -1.86760608e-05 0.00350008556 -0.999993861 -1.86760608e-05 0.00350008556 -0.999993861 0 0.00349920103 -0.999993861 0 0.00349920103 -0.999993861 0 0.00349920103 -0.999993861 -1.83180346e-05 0.00349920103 -0.999993861 -1.83180346e-05 0.00349920103 -0.999993861 -1.83180346e-05 0.00349920103 -0.999993861 -7.72051226e-06 0.00348872179 -0.99999392 -7.72051226e-06 0.00348872179 -0.99999392 -7.72051226e-06 0.00348872179 -0.99999392 -1.8222634e-05 0.00348020904 -0.99999392 -1.8222634e-05 0.00348020904 -0.99999392 -1.8222634e-05 0.00348020904 -0.99999392 -1.85700028e-05 0.00348020904 -0.99999392 -1.85700028e-05 0.00348020904 -0.99999392 -1.85700028e-05 0.00348020904 -0.99999392 0 0.00347940042 -0.99999392 0 0.00347940042 -0.99999392 0 0.00347940042 -0.99999392 -1.82099011e-05 0.00347940042 -0.99999392 -1.82099011e-05 0.00347940042 -0.99999392 -1.82099011e-05 0.00347940042 -0.99999392 -0.000136826144 0.00350004109 -0.999993861 -0.000136826144 0.00350004109 -0.999993861 -0.000136826144 0.00350004109 -0.999993861 -0 0.00350004109 -0.999993861 -0 0.00350004109 -0.999993861 -0 0.00350004109 -0.999993861 0 0.00347909774 -0.99999392 0 0.00347909774 -0.99999392 0 0.00347909774 -0.99999392 -0.000641590857 0.00348729268 -0.999993742 -0.000641590857 0.00348729268 -0.999993742 -0.000641590857 0.00348729268 -0.999993742 -0.000641616527 0.00348728336 -0.999993742 -0.000641616527 0.00348728336 -0.999993742 -0.000641616527 0.00348728336 -0.999993742 -1.80797579e-05 0.00347702275 -0.99999398 -1.80797579e-05 0.00347702275 -0.99999398 -1.80797579e-05 0.00347702275 -0.99999398 -4.44929037e-06 0.00349079655 -0.99999392 -4.44929037e-06 0.00349079655 -0.99999392 -4.44929037e-06 0.00349079655 -0.99999392 -6.05938067e-06 0.00348930736 -0.99999392 -6.05938067e-06 0.00348930736 -0.99999392 -6.05938067e-06 0.00348930736 -0.99999392 -1.81411524e-05 0.00348930736 -0.99999392 -1.81411524e-05 0.00348930736 -0.99999392 -1.81411524e-05 0.00348930736 -0.99999392 -1.81411524e-05 0.00348930736 -0.99999392 -1.81411524e-05 0.00348930736 -0.99999392 -1.81411524e-05 0.00348930736 -0.99999392 -1.82617514e-05 0.00348930736 -0.99999392 -1.82617514e-05 0.00348930736 -0.99999392 -1.82617514e-05 0.00348930736 -0.99999392 -1.82617514e-05 0.00348930736 -0.99999392 -1.82617514e-05 0.00348930736 -0.99999392 -1.82617514e-05 0.00348930736 -0.99999392 -1.81411524e-05 0.00348930736 -0.99999392 -1.81411524e-05 0.00348930736 -0.99999392 -1.81411524e-05 0.00348930736 -0.99999392 -1.8618608e-05 0.0034893183 -0.99999392 -1.8618608e-05 0.0034893183 -0.99999392 -1.8618608e-05 0.0034893183 -0.99999392 0 0.00337994494 -0.999994278 0 0.00337994494 -0.999994278 0 0.00337994494 -0.999994278 9.42984698e-05 0.00337994494 -0.999994278 9.42984698e-05 0.00337994494 -0.999994278 9.42984698e-05 0.00337994494 -0.999994278 0 0.0034001444 -0.999994218 0 0.0034001444 -0.999994218 0 0.0034001444 -0.999994218 5.93451405e-05 0.0034001444 -0.999994218 5.93451405e-05 0.0034001444 -0.999994218 5.93451405e-05 0.0034001444 -0.999994218 0 0.00340938591 -0.999994159 0 0.00340938591 -0.999994159 0 0.00340938591 -0.999994159 0.000590322714 0.00340938522 -0.99999404 0.000590322714 0.00340938522 -0.99999404 0.000590322714 0.00340938522 -0.99999404 0 0.0034816165 -0.99999392 0 0.0034816165 -0.99999392 0 0.0034816165 -0.99999392 -8.8815359e-06 0.0034816165 -0.99999392 -8.8815359e-06 0.0034816165 -0.99999392 -8.8815359e-06 0.0034816165 -0.99999392 -9.06998503e-06 0.00349644152 -0.999993861 -9.06998503e-06 0.00349644152 -0.999993861 -9.06998503e-06 0.00349644152 -0.999993861 8.81600772e-06 0.0034893183 -0.99999392 8.81600772e-06 0.0034893183 -0.99999392 8.81600772e-06 0.0034893183 -0.99999392 -1.0109361e-05 0.00348061579 -0.99999392 -1.0109361e-05 0.00348061579 -0.99999392 -1.0109361e-05 0.00348061579 -0.99999392 -1.67631406e-05 0.00348769897 -0.99999392 -1.67631406e-05 0.00348769897 -0.99999392 -1.67631406e-05 0.00348769897 -0.99999392 -1.18558492e-05 0.00349676656 -0.999993861 -1.18558492e-05 0.00349676656 -0.999993861 -1.18558492e-05 0.00349676656 -0.999993861 -6.60611659e-06 0.00345665403 -0.99999404 -6.60611659e-06 0.00345665403 -0.99999404 -6.60611659e-06 0.00345665403 -0.99999404 -9.51707352e-06 0.00348926592 -0.99999392 -9.51707352e-06 0.00348926592 -0.99999392 -9.51707352e-06 0.00348926592 -0.99999392 -9.0790254e-06 0.00348821213 -0.99999392 -9.0790254e-06 0.00348821213 -0.99999392 -9.0790254e-06 0.00348821213 -0.99999392 -7.96116728e-06 0.00351979677 -0.999993801 -7.96116728e-06 0.00351979677 -0.999993801 -7.96116728e-06 0.00351979677 -0.999993801 -7.96116819e-06 0.00355596258 -0.999993682 -7.96116819e-06 0.00355596258 -0.999993682 -7.96116819e-06 0.00355596258 -0.999993682 -0.000101800957 0.00349087361 -0.99999392 -0.000101800957 0.00349087361 -0.99999392 -0.000101800957 0.00349087361 -0.99999392 -1.81468131e-05 0.00349087361 -0.99999392 -1.81468131e-05 0.00349087361 -0.99999392 -1.81468131e-05 0.00349087361 -0.99999392 0 0.00349077838 -0.99999392 0 0.00349077838 -0.99999392 0 0.00349077838 -0.99999392 -1.81512842e-05 0.00349077838 -0.99999392 -1.81512842e-05 0.00349077838 -0.99999392 -1.81512842e-05 0.00349077838 -0.99999392 0 0.00349068316 -0.99999392 0 0.00349068316 -0.99999392 0 0.00349068316 -0.99999392 -1.86284415e-05 0.00349068316 -0.99999392 -1.86284415e-05 0.00349068316 -0.99999392 -1.86284415e-05 0.00349068316 -0.99999392 0 0.0034905856 -0.99999392 0 0.0034905856 -0.99999392 0 0.0034905856 -0.99999392 -3.36791709e-06 0.0034905856 -0.99999392 -3.36791709e-06 0.0034905856 -0.99999392 -3.36791709e-06 0.0034905856 -0.99999392 0 0.00348856696 -0.99999392 0 0.00348856696 -0.99999392 0 0.00348856696 -0.99999392 0 0.00348947849 -0.99999392 0 0.00348947849 -0.99999392 0 0.00348947849 -0.99999392 -0 0.00348729338 -0.99999392 -0 0.00348729338 -0.99999392 -0 0.00348729338 -0.99999392 0 0.00348729338 -0.99999392 0 0.00348729338 -0.99999392 0 0.00348729338 -0.99999392 -0 0.00349075277 -0.99999392 -0 0.00349075277 -0.99999392 -0 0.00349075277 -0.99999392 0 0.00349075277 -0.99999392 0 0.00349075277 -0.99999392 0 0.00349075277 -0.99999392 -0 0.00348729338 -0.99999392 -0 0.00348729338 -0.99999392 -0 0.00348729338 -0.99999392 0 0.00348729338 -0.99999392 0 0.00348729338 -0.99999392 0 0.00348729338 -0.99999392 -0 0.0034919756 -0.99999392 -0 0.0034919756 -0.99999392 -0 0.0034919756 -0.99999392 0 0.0034919756 -0.99999392 0 0.0034919756 -0.99999392 0 0.0034919756 -0.99999392 -0 0.00348937907 -0.99999392 -0 0.00348937907 -0.99999392 -0 0.00348937907 -0.99999392 0 0.00348937907 -0.99999392 0 0.00348937907 -0.99999392 0 0.00348937907 -0.99999392 -0 0.00351238158 -0.999993861 -0 0.00351238158 -0.999993861 -0 0.00351238158 -0.999993861 -1.31261222e-05 0.00348722469 -0.99999392 -1.31261222e-05 0.00348722469 -0.99999392 -1.31261222e-05 0.00348722469 -0.99999392 -1.31261222e-05 0.0034858603 -0.99999392 -1.31261222e-05 0.0034858603 -0.99999392 -1.31261222e-05 0.0034858603 -0.99999392 0 0.0034919756 -0.99999392 0 0.0034919756 -0.99999392 0 0.0034919756 -0.99999392 -0 0.00349625386 -0.999993861 -0 0.00349625386 -0.999993861 -0 0.00349625386 -0.999993861 -1.3411036e-05 0.00348931504 -0.99999392 -1.3411036e-05 0.00348931504 -0.99999392 -1.3411036e-05 0.00348931504 -0.99999392 -1.3411036e-05 0.00348727149 -0.99999392 -1.3411036e-05 0.00348727149 -0.99999392 -1.3411036e-05 0.00348727149 -0.99999392 -1.34486872e-05 0.00348720117 -0.99999392 -1.34486872e-05 0.00348720117 -0.99999392 -1.34486872e-05 0.00348720117 -0.99999392 -1.34486872e-05 0.00348586566 -0.99999392 -1.34486872e-05 0.00348586566 -0.99999392 -1.34486872e-05 0.00348586566 -0.99999392 0 0.00349198096 -0.99999392 0 0.00349198096 -0.99999392 0 0.00349198096 -0.99999392 -0 0.00349624804 -0.999993861 -0 0.00349624804 -0.999993861 -0 0.00349624804 -0.999993861 -1.37478883e-05 0.00348930713 -0.99999392 -1.37478883e-05 0.00348930713 -0.99999392 -1.37478883e-05 0.00348930713 -0.99999392 -1.37478883e-05 0.00348729338 -0.99999392 -1.37478883e-05 0.00348729338 -0.99999392 -1.37478883e-05 0.00348729338 -0.99999392 -1.37874567e-05 0.0034872212 -0.99999392 -1.37874567e-05 0.0034872212 -0.99999392 -1.37874567e-05 0.0034872212 -0.99999392 -1.37874567e-05 0.00349075277 -0.99999392 -1.37874567e-05 0.00349075277 -0.99999392 -1.37874567e-05 0.00349075277 -0.99999392 -1.41021483e-05 0.00349067897 -0.99999392 -1.41021483e-05 0.00349067897 -0.99999392 -1.41021483e-05 0.00349067897 -0.99999392 -1.41021483e-05 0.00348729338 -0.99999392 -1.41021483e-05 0.00348729338 -0.99999392 -1.41021483e-05 0.00348729338 -0.99999392 -1.41437858e-05 0.00348721934 -0.99999392 -1.41437858e-05 0.00348721934 -0.99999392 -1.41437858e-05 0.00348721934 -0.99999392 -1.41437849e-05 0.00349197839 -0.99999392 -1.41437849e-05 0.00349197839 -0.99999392 -1.41437849e-05 0.00349197839 -0.99999392 -1.43171246e-05 0.00349190342 -0.99999392 -1.43171246e-05 0.00349190342 -0.99999392 -1.43171246e-05 0.00349190342 -0.99999392 -1.43171246e-05 0.00348937907 -0.99999392 -1.43171246e-05 0.00348937907 -0.99999392 -1.43171246e-05 0.00348937907 -0.99999392 -1.44750957e-05 0.0034893034 -0.99999392 -1.44750957e-05 0.0034893034 -0.99999392 -1.44750957e-05 0.0034893034 -0.99999392 -1.44750957e-05 0.00348728243 -0.99999392 -1.44750957e-05 0.00348728243 -0.99999392 -1.44750957e-05 0.00348728243 -0.99999392 -1.45189679e-05 0.0034872063 -0.99999392 -1.45189679e-05 0.0034872063 -0.99999392 -1.45189679e-05 0.0034872063 -0.99999392 -1.45189679e-05 0.00349197839 -0.99999392 -1.45189679e-05 0.00349197839 -0.99999392 -1.45189679e-05 0.00349197839 -0.99999392 -1.4701739e-05 0.00349190133 -0.99999392 -1.4701739e-05 0.00349190133 -0.99999392 -1.4701739e-05 0.00349190133 -0.99999392 -1.4701739e-05 0.00348937907 -0.99999392 -1.4701739e-05 0.00348937907 -0.99999392 -1.4701739e-05 0.00348937907 -0.99999392 -1.48683612e-05 0.00348930131 -0.99999392 -1.48683612e-05 0.00348930131 -0.99999392 -1.48683612e-05 0.00348930131 -0.99999392 -1.48683612e-05 0.00349106011 -0.99999392 -1.48683612e-05 0.00349106011 -0.99999392 -1.48683612e-05 0.00349106011 -0.99999392 -1.5107531e-05 0.00349098118 -0.99999392 -1.5107531e-05 0.00349098118 -0.99999392 -1.5107531e-05 0.00349098118 -0.99999392 -1.5107531e-05 0.00348937907 -0.99999392 -1.5107531e-05 0.00348937907 -0.99999392 -1.5107531e-05 0.00348937907 -0.99999392 -1.52835328e-05 0.00348929921 -0.99999392 -1.52835328e-05 0.00348929921 -0.99999392 -1.52835328e-05 0.00348929921 -0.99999392 -1.52835328e-05 0.00348728802 -0.99999392 -1.52835328e-05 0.00348728802 -0.99999392 -1.52835328e-05 0.00348728802 -0.99999392 -1.53324509e-05 0.00348720769 -0.99999392 -1.53324509e-05 0.00348720769 -0.99999392 -1.53324509e-05 0.00348720769 -0.99999392 -1.53324509e-05 0.003491977 -0.99999392 -1.53324509e-05 0.003491977 -0.99999392 -1.53324509e-05 0.003491977 -0.99999392 -1.55364196e-05 0.00349189574 -0.99999392 -1.55364196e-05 0.00349189574 -0.99999392 -1.55364196e-05 0.00349189574 -0.99999392 -1.55364196e-05 0.0034893807 -0.99999392 -1.55364196e-05 0.0034893807 -0.99999392 -1.55364196e-05 0.0034893807 -0.99999392 -1.57226186e-05 0.00348929828 -0.99999392 -1.57226186e-05 0.00348929828 -0.99999392 -1.57226186e-05 0.00348929828 -0.99999392 -1.57226186e-05 0.00348825916 -0.99999392 -1.57226186e-05 0.00348825916 -0.99999392 -1.57226186e-05 0.00348825916 -0.99999392 0 0.00349392183 -0.99999392 0 0.00349392183 -0.99999392 0 0.00349392183 -0.99999392 -1.85026438e-05 0.00353557686 -0.999993742 -1.85026438e-05 0.00353557686 -0.999993742 -1.85026438e-05 0.00353557686 -0.999993742 -1.81621235e-05 0.00346743851 -0.99999398 -1.81621235e-05 0.00346743851 -0.99999398 -1.81621235e-05 0.00346743851 -0.99999398 -8.76373178e-06 0.00349813839 -0.999993861 -8.76373178e-06 0.00349813839 -0.999993861 -8.76373178e-06 0.00349813839 -0.999993861 -1.83092216e-05 0.00349813839 -0.999993861 -1.83092216e-05 0.00349813839 -0.999993861 -1.83092216e-05 0.00349813839 -0.999993861 0 0.00349535467 -0.99999392 0 0.00349535467 -0.99999392 0 0.00349535467 -0.99999392 -1.82946515e-05 0.00349535467 -0.99999392 -1.82946515e-05 0.00349535467 -0.99999392 -1.82946515e-05 0.00349535467 -0.99999392 0 0.00349257514 -0.99999392 0 0.00349257514 -0.99999392 0 0.00349257514 -0.99999392 -1.83348257e-05 0.00349257514 -0.99999392 -1.83348257e-05 0.00349257514 -0.99999392 -1.83348257e-05 0.00349257514 -0.99999392 0 0.00348979095 -0.99999392 0 0.00348979095 -0.99999392 0 0.00348979095 -0.99999392 -1.01521027e-05 0.00348979095 -0.99999392 -1.01521027e-05 0.00348979095 -0.99999392 -1.01521027e-05 0.00348979095 -0.99999392 -8.11989867e-06 0.00347005343 -0.99999398 -8.11989867e-06 0.00347005343 -0.99999398 -8.11989867e-06 0.00347005343 -0.99999398 -1.81597406e-05 0.00347005343 -0.99999398 -1.81597406e-05 0.00347005343 -0.99999398 -1.81597406e-05 0.00347005343 -0.99999398 0 0.00344774593 -0.99999404 0 0.00344774593 -0.99999404 0 0.00344774593 -0.99999404 -0.000565296388 0.00348728197 -0.999993742 -0.000565296388 0.00348728197 -0.999993742 -0.000565296388 0.00348728197 -0.999993742 0.000123434933 0.00350374286 -0.999993861 0.000123434933 0.00350374286 -0.999993861 0.000123434933 0.00350374286 -0.999993861 -0 0.00349561591 -0.999993861 -0 0.00349561591 -0.999993861 -0 0.00349561591 -0.999993861 0 0.00349561591 -0.999993861 0 0.00349561591 -0.999993861 0 0.00349561591 -0.999993861 -0 0.00348937907 -0.99999392 -0 0.00348937907 -0.99999392 -0 0.00348937907 -0.99999392 0 0.00348937907 -0.99999392 0 0.00348937907 -0.99999392 0 0.00348937907 -0.99999392 -0 0.00349197839 -0.99999392 -0 0.00349197839 -0.99999392 -0 0.00349197839 -0.99999392 0 0.00349197839 -0.99999392 0 0.00349197839 -0.99999392 0 0.00349197839 -0.99999392 -0 0.00352420728 -0.999993801 -0 0.00352420728 -0.999993801 -0 0.00352420728 -0.999993801 0 0.00352420728 -0.999993801 0 0.00352420728 -0.999993801 0 0.00352420728 -0.999993801 -7.59945106e-05 0.0034530859 -0.99999404 -7.59945106e-05 0.0034530859 -0.99999404 -7.59945106e-05 0.0034530859 -0.99999404 -1.50426094e-05 0.003491977 -0.99999392 -1.50426094e-05 0.003491977 -0.99999392 -1.50426094e-05 0.003491977 -0.99999392 0 0.003491977 -0.99999392 0 0.003491977 -0.99999392 0 0.003491977 -0.99999392 -0 0.003491977 -0.99999392 -0 0.003491977 -0.99999392 -0 0.003491977 -0.99999392 0 0.003491977 -0.99999392 0 0.003491977 -0.99999392 0 0.003491977 -0.99999392 -1.17290774e-05 0.00347228651 -0.99999398 -1.17290774e-05 0.00347228651 -0.99999398 -1.17290774e-05 0.00347228651 -0.99999398 -1.2807227e-06 0.00348937907 -0.99999392 -1.2807227e-06 0.00348937907 -0.99999392 -1.2807227e-06 0.00348937907 -0.99999392 0 0.00348937907 -0.99999392 0 0.00348937907 -0.99999392 0 0.00348937907 -0.99999392 -0 0.00348937907 -0.99999392 -0 0.00348937907 -0.99999392 -0 0.00348937907 -0.99999392 0 0.00348937907 -0.99999392 0 0.00348937907 -0.99999392 0 0.00348937907 -0.99999392 -0 0.00348937907 -0.99999392 -0 0.00348937907 -0.99999392 -0 0.00348937907 -0.99999392 -1.17262689e-05 0.00347174285 -0.99999398 -1.17262689e-05 0.00347174285 -0.99999398 -1.17262689e-05 0.00347174285 -0.99999398 -1.23372445e-06 0.00348937907 -0.99999392 -1.23372445e-06 0.00348937907 -0.99999392 -1.23372445e-06 0.00348937907 -0.99999392 0 0.00348937907 -0.99999392 0 0.00348937907 -0.99999392 0 0.00348937907 -0.99999392 -0 0.00348937907 -0.99999392 -0 0.00348937907 -0.99999392 -0 0.00348937907 -0.99999392 0 0.00348937907 -0.99999392 0 0.00348937907 -0.99999392 0 0.00348937907 -0.99999392 -0 0.00348937907 -0.99999392 -0 0.00348937907 -0.99999392 -0 0.00348937907 -0.99999392 -1.17236459e-05 0.00347124203 -0.99999398 -1.17236459e-05 0.00347124203 -0.99999398 -1.17236459e-05 0.00347124203 -0.99999398 -1.21403934e-06 0.00348937907 -0.99999392 -1.21403934e-06 0.00348937907 -0.99999392 -1.21403934e-06 0.00348937907 -0.99999392 0 0.00348937907 -0.99999392 0 0.00348937907 -0.99999392 0 0.00348937907 -0.99999392 -0 0.00348937907 -0.99999392 -0 0.00348937907 -0.99999392 -0 0.00348937907 -0.99999392 0 0.00348937907 -0.99999392 0 0.00348937907 -0.99999392 0 0.00348937907 -0.99999392 -0 0.00348937907 -0.99999392 -0 0.00348937907 -0.99999392 -0 0.00348937907 -0.99999392 0 0.00352033018 -0.999993801 0 0.00352033018 -0.999993801 0 0.00352033018 -0.999993801 -0 0.00349197839 -0.99999392 -0 0.00349197839 -0.99999392 -0 0.00349197839 -0.99999392 0 0.00349197839 -0.99999392 0 0.00349197839 -0.99999392 0 0.00349197839 -0.99999392 -0 0.00349197839 -0.99999392 -0 0.00349197839 -0.99999392 -0 0.00349197839 -0.99999392 0 0.00349197839 -0.99999392 0 0.00349197839 -0.99999392 0 0.00349197839 -0.99999392 -0 0.00349197839 -0.99999392 -0 0.00349197839 -0.99999392 -0 0.00349197839 -0.99999392 -7.40373653e-05 0.00349392183 -0.99999392 -7.40373653e-05 0.00349392183 -0.99999392 -7.40373653e-05 0.00349392183 -0.99999392 -7.55084839e-05 0.0034893807 -0.99999392 -7.55084839e-05 0.0034893807 -0.99999392 -7.55084839e-05 0.0034893807 -0.99999392 -3.76978169e-05 0.00349044777 -0.99999392 -3.76978169e-05 0.00349044777 -0.99999392 -3.76978169e-05 0.00349044777 -0.99999392 -0.000105498337 0.003491977 -0.99999392 -0.000105498337 0.003491977 -0.99999392 -0.000105498337 0.003491977 -0.99999392 1.42391377e-06 0.00349895214 -0.999993861 1.42391377e-06 0.00349895214 -0.999993861 1.42391377e-06 0.00349895214 -0.999993861 -8.11989867e-06 0.00348674785 -0.99999392 -8.11989867e-06 0.00348674785 -0.99999392 -8.11989867e-06 0.00348674785 -0.99999392 -1.23754753e-05 0.0034938592 -0.99999392 -1.23754753e-05 0.0034938592 -0.99999392 -1.23754753e-05 0.0034938592 -0.99999392 -0 0.00349385943 -0.99999392 -0 0.00349385943 -0.99999392 -0 0.00349385943 -0.99999392 0.000166018304 0.003491977 -0.999993861 0.000166018304 0.003491977 -0.999993861 0.000166018304 0.003491977 -0.999993861 -0 0.003491977 -0.99999392 -0 0.003491977 -0.99999392 -0 0.003491977 -0.99999392 0 0.00400564261 -0.999991953 0 0.00400564261 -0.999991953 0 0.00400564261 -0.999991953 0.000161293356 0.00361218047 -0.999993443 0.000161293356 0.00361218047 -0.999993443 0.000161293356 0.00361218047 -0.999993443 0.000497072877 0.00348585984 -0.999993801 0.000497072877 0.00348585984 -0.999993801 0.000497072877 0.00348585984 -0.999993801 -0 0.00347505254 -0.99999398 -0 0.00347505254 -0.99999398 -0 0.00347505254 -0.99999398 0 0.00347505254 -0.99999398 0 0.00347505254 -0.99999398 0 0.00347505254 -0.99999398 -0 0.00348108751 -0.99999392 -0 0.00348108751 -0.99999392 -0 0.00348108751 -0.99999392 -4.44179614e-06 0.00348589825 -0.99999392 -4.44179614e-06 0.00348589825 -0.99999392 -4.44179614e-06 0.00348589825 -0.99999392 -9.09102528e-06 0.00346727995 -0.99999398 -9.09102528e-06 0.00346727995 -0.99999398 -9.09102528e-06 0.00346727995 -0.99999398 0 0.00346727995 -0.99999398 0 0.00346727995 -0.99999398 0 0.00346727995 -0.99999398 -0 0.00348937907 -0.99999392 -0 0.00348937907 -0.99999392 -0 0.00348937907 -0.99999392 0 0.00348937907 -0.99999392 0 0.00348937907 -0.99999392 0 0.00348937907 -0.99999392 -0 0.00349136093 -0.99999392 -0 0.00349136093 -0.99999392 -0 0.00349136093 -0.99999392 -4.56048911e-05 0.00349136093 -0.99999392 -4.56048911e-05 0.00349136093 -0.99999392 -4.56048911e-05 0.00349136093 -0.99999392 0.000165439589 0.00348586543 -0.99999392 0.000165439589 0.00348586543 -0.99999392 0.000165439589 0.00348586543 -0.99999392 -0 0.00347507326 -0.99999398 -0 0.00347507326 -0.99999398 -0 0.00347507326 -0.99999398 0 0.00347507326 -0.99999398 0 0.00347507326 -0.99999398 0 0.00347507326 -0.99999398 -0 0.00348106492 -0.99999392 -0 0.00348106492 -0.99999392 -0 0.00348106492 -0.99999392 -2.8979639e-06 0.00348434015 -0.99999392 -2.8979639e-06 0.00348434015 -0.99999392 -2.8979639e-06 0.00348434015 -0.99999392 -9.24092365e-06 0.00346290041 -0.99999398 -9.24092365e-06 0.00346290041 -0.99999398 -9.24092365e-06 0.00346290041 -0.99999398 0 0.00346290041 -0.99999398 0 0.00346290041 -0.99999398 0 0.00346290041 -0.99999398 -0 0.00348937907 -0.99999392 -0 0.00348937907 -0.99999392 -0 0.00348937907 -0.99999392 0 0.00348937907 -0.99999392 0 0.00348937907 -0.99999392 0 0.00348937907 -0.99999392 -0 0.00349187409 -0.99999392 -0 0.00349187409 -0.99999392 -0 0.00349187409 -0.99999392 -4.47267121e-05 0.00349187409 -0.99999392 -4.47267121e-05 0.00349187409 -0.99999392 -4.47267121e-05 0.00349187409 -0.99999392 0.000144410471 0.00349075277 -0.99999392 0.000144410471 0.00349075277 -0.99999392 0.000144410471 0.00349075277 -0.99999392 -0 0.00347505254 -0.99999398 -0 0.00347505254 -0.99999398 -0 0.00347505254 -0.99999398 0 0.00347505254 -0.99999398 0 0.00347505254 -0.99999398 0 0.00347505254 -0.99999398 -0 0.00348108751 -0.99999392 -0 0.00348108751 -0.99999392 -0 0.00348108751 -0.99999392 -1.06095758e-05 0.00349357794 -0.99999392 -1.06095758e-05 0.00349357794 -0.99999392 -1.06095758e-05 0.00349357794 -0.99999392 -9.91364504e-06 0.00349560007 -0.999993861 -9.91364504e-06 0.00349560007 -0.999993861 -9.91364504e-06 0.00349560007 -0.999993861 0 0.00349560007 -0.999993861 0 0.00349560007 -0.999993861 0 0.00349560007 -0.999993861 -0 0.00348937907 -0.99999392 -0 0.00348937907 -0.99999392 -0 0.00348937907 -0.99999392 0 0.00348937907 -0.99999392 0 0.00348937907 -0.99999392 0 0.00348937907 -0.99999392 -0 0.00349198096 -0.99999392 -0 0.00349198096 -0.99999392 -0 0.00349198096 -0.99999392 0 0.00349198096 -0.99999392 0 0.00349198096 -0.99999392 0 0.00349198096 -0.99999392 -0 0.00352420728 -0.999993801 -0 0.00352420728 -0.999993801 -0 0.00352420728 -0.999993801 0 0.00352420728 -0.999993801 0 0.00352420728 -0.999993801 0 0.00352420728 -0.999993801 -0.000107331674 0.00345527637 -0.99999404 -0.000107331674 0.00345527637 -0.99999404 -0.000107331674 0.00345527637 -0.99999404 -0 0.00342726614 -0.999994099 -0 0.00342726614 -0.999994099 -0 0.00342726614 -0.999994099 0 0.00349197839 -0.99999392 0 0.00349197839 -0.99999392 0 0.00349197839 -0.99999392 -0 0.00349197839 -0.99999392 -0 0.00349197839 -0.99999392 -0 0.00349197839 -0.99999392 -1.05772497e-05 0.00349224312 -0.99999392 -1.05772497e-05 0.00349224312 -0.99999392 -1.05772497e-05 0.00349224312 -0.99999392 0 0.00335417059 -0.999994397 0 0.00335417059 -0.999994397 0 0.00335417059 -0.999994397 -0 0.00349197839 -0.99999392 -0 0.00349197839 -0.99999392 -0 0.00349197839 -0.99999392 0 0.00349197839 -0.99999392 0 0.00349197839 -0.99999392 0 0.00349197839 -0.99999392 -0 0.00348728243 -0.99999392 -0 0.00348728243 -0.99999392 -0 0.00348728243 -0.99999392 0 0.00348728243 -0.99999392 0 0.00348728243 -0.99999392 0 0.00348728243 -0.99999392 -0 0.0034882382 -0.99999392 -0 0.0034882382 -0.99999392 -0 0.0034882382 -0.99999392 0 0.0034882382 -0.99999392 0 0.0034882382 -0.99999392 0 0.0034882382 -0.99999392 0.000147040657 0.00349027966 -0.99999392 0.000147040657 0.00349027966 -0.99999392 0.000147040657 0.00349027966 -0.99999392 -2.23528077e-05 0.00348937907 -0.99999392 -2.23528077e-05 0.00348937907 -0.99999392 -2.23528077e-05 0.00348937907 -0.99999392 -0 0.00348806125 -0.99999392 -0 0.00348806125 -0.99999392 -0 0.00348806125 -0.99999392 0 0.00349197839 -0.99999392 0 0.00349197839 -0.99999392 0 0.00349197839 -0.99999392 -0 0.00349197839 -0.99999392 -0 0.00349197839 -0.99999392 -0 0.00349197839 -0.99999392 0 0.00344774593 -0.99999404 0 0.00344774593 -0.99999404 0 0.00344774593 -0.99999404 -0.000565054826 0.00348729291 -0.999993742 -0.000565054826 0.00348729291 -0.999993742 -0.000565054826 0.00348729291 -0.999993742 0.000123782942 0.00350376777 -0.999993861 0.000123782942 0.00350376777 -0.999993861 0.000123782942 0.00350376777 -0.999993861 -0 0.00349561591 -0.999993861 -0 0.00349561591 -0.999993861 -0 0.00349561591 -0.999993861 0 0.00349561591 -0.999993861 0 0.00349561591 -0.999993861 0 0.00349561591 -0.999993861 -0 0.00349075277 -0.99999392 -0 0.00349075277 -0.99999392 -0 0.00349075277 -0.99999392 0 0.00349075277 -0.99999392 0 0.00349075277 -0.99999392 0 0.00349075277 -0.99999392 -0 0.00352420728 -0.999993801 -0 0.00352420728 -0.999993801 -0 0.00352420728 -0.999993801 0 0.00352420728 -0.999993801 0 0.00352420728 -0.999993801 0 0.00352420728 -0.999993801 -9.90203444e-06 0.00349170831 -0.99999392 -9.90203444e-06 0.00349170831 -0.99999392 -9.90203444e-06 0.00349170831 -0.99999392 -9.89632645e-06 0.00349170854 -0.99999392 -9.89632645e-06 0.00349170854 -0.99999392 -9.89632645e-06 0.00349170854 -0.99999392 -8.52208723e-06 0.00348815578 -0.99999392 -8.52208723e-06 0.00348815578 -0.99999392 -8.52208723e-06 0.00348815578 -0.99999392 -5.45276271e-06 0.0035059168 -0.999993861 -5.45276271e-06 0.0035059168 -0.999993861 -5.45276271e-06 0.0035059168 -0.999993861 -1.43412917e-05 0.00348937907 -0.99999392 -1.43412917e-05 0.00348937907 -0.99999392 -1.43412917e-05 0.00348937907 -0.99999392 -3.184655e-05 0.00350200478 -0.999993861 -3.184655e-05 0.00350200478 -0.999993861 -3.184655e-05 0.00350200478 -0.999993861 0 0.00350080756 -0.999993861 0 0.00350080756 -0.999993861 0 0.00350080756 -0.999993861 -0.000407843181 0.00349105988 -0.999993801 -0.000407843181 0.00349105988 -0.999993801 -0.000407843181 0.00349105988 -0.999993801 0 0.00349106011 -0.99999392 0 0.00349106011 -0.99999392 0 0.00349106011 -0.99999392 -0 0.00349106011 -0.99999392 -0 0.00349106011 -0.99999392 -0 0.00349106011 -0.99999392 0 0.00349106011 -0.99999392 0 0.00349106011 -0.99999392 0 0.00349106011 -0.99999392 -0 0.00349106011 -0.99999392 -0 0.00349106011 -0.99999392 -0 0.00349106011 -0.99999392 -1.06002708e-05 0.00349106011 -0.99999392 -1.06002708e-05 0.00349106011 -0.99999392 -1.06002708e-05 0.00349106011 -0.99999392 -0 0.0034948336 -0.99999392 -0 0.0034948336 -0.99999392 -0 0.0034948336 -0.99999392 -1.55736834e-05 0.00348932343 -0.99999392 -1.55736834e-05 0.00348932343 -0.99999392 -1.55736834e-05 0.00348932343 -0.99999392 -2.85309943e-05 0.00350011047 -0.999993861 -2.85309943e-05 0.00350011047 -0.999993861 -2.85309943e-05 0.00350011047 -0.999993861 -0.000564669899 0.00348728732 -0.999993742 -0.000564669899 0.00348728732 -0.999993742 -0.000564669899 0.00348728732 -0.999993742 0 0.00348728802 -0.99999392 0 0.00348728802 -0.99999392 0 0.00348728802 -0.99999392 -0 0.00348728802 -0.99999392 -0 0.00348728802 -0.99999392 -0 0.00348728802 -0.99999392 0 0.00348728802 -0.99999392 0 0.00348728802 -0.99999392 0 0.00348728802 -0.99999392 -0 0.00348728802 -0.99999392 -0 0.00348728802 -0.99999392 -0 0.00348728802 -0.99999392 0 0.00348728802 -0.99999392 0 0.00348728802 -0.99999392 0 0.00348728802 -0.99999392 -0 0.00348728802 -0.99999392 -0 0.00348728802 -0.99999392 -0 0.00348728802 -0.99999392 -1.08182967e-05 0.00348728802 -0.99999392 -1.08182967e-05 0.00348728802 -0.99999392 -1.08182967e-05 0.00348728802 -0.99999392 1.36947642e-06 0.00350934593 -0.999993861 1.36947642e-06 0.00350934593 -0.999993861 1.36947642e-06 0.00350934593 -0.999993861 -2.58528089e-05 0.0034985845 -0.999993861 -2.58528089e-05 0.0034985845 -0.999993861 -2.58528089e-05 0.0034985845 -0.999993861 -8.04415686e-05 0.00349392183 -0.99999392 -8.04415686e-05 0.00349392183 -0.99999392 -8.04415686e-05 0.00349392183 -0.99999392 0 0.00349392183 -0.99999392 0 0.00349392183 -0.99999392 0 0.00349392183 -0.99999392 -0 0.00349392183 -0.99999392 -0 0.00349392183 -0.99999392 -0 0.00349392183 -0.99999392 0 0.00349392183 -0.99999392 0 0.00349392183 -0.99999392 0 0.00349392183 -0.99999392 -0 0.00349392183 -0.99999392 -0 0.00349392183 -0.99999392 -0 0.00349392183 -0.99999392 0 0.00349392183 -0.99999392 0 0.00349392183 -0.99999392 0 0.00349392183 -0.99999392 -0 0.00349392183 -0.99999392 -0 0.00349392183 -0.99999392 -0 0.00349392183 -0.99999392 -1.1212077e-05 0.00349392183 -0.99999392 -1.1212077e-05 0.00349392183 -0.99999392 -1.1212077e-05 0.00349392183 -0.99999392 1.42446777e-06 0.00349884364 -0.999993861 1.42446777e-06 0.00349884364 -0.999993861 1.42446777e-06 0.00349884364 -0.999993861 0 0.00346743851 -0.99999398 0 0.00346743851 -0.99999398 0 0.00346743851 -0.99999398 -0 0.00349392183 -0.99999392 -0 0.00349392183 -0.99999392 -0 0.00349392183 -0.99999392 0 0.00349392183 -0.99999392 0 0.00349392183 -0.99999392 0 0.00349392183 -0.99999392 -0 0.0034893807 -0.99999392 -0 0.0034893807 -0.99999392 -0 0.0034893807 -0.99999392 0 0.0034893807 -0.99999392 0 0.0034893807 -0.99999392 0 0.0034893807 -0.99999392 -0 0.003491977 -0.99999392 -0 0.003491977 -0.99999392 -0 0.003491977 -0.99999392 0 0.003491977 -0.99999392 0 0.003491977 -0.99999392 0 0.003491977 -0.99999392 -0 0.00348728802 -0.99999392 -0 0.00348728802 -0.99999392 -0 0.00348728802 -0.99999392 0 0.00348728802 -0.99999392 0 0.00348728802 -0.99999392 0 0.00348728802 -0.99999392 -0 0.00348937907 -0.99999392 -0 0.00348937907 -0.99999392 -0 0.00348937907 -0.99999392 0 0.00348937907 -0.99999392 0 0.00348937907 -0.99999392 0 0.00348937907 -0.99999392 -0 0.00349106011 -0.99999392 -0 0.00349106011 -0.99999392 -0 0.00349106011 -0.99999392 0 0.00349106011 -0.99999392 0 0.00349106011 -0.99999392 0 0.00349106011 -0.99999392 -0 0.0034878219 -0.99999392 -0 0.0034878219 -0.99999392 -0 0.0034878219 -0.99999392 0 0.0034878219 -0.99999392 0 0.0034878219 -0.99999392 0 0.0034878219 -0.99999392 -0.000136826129 0.00353557686 -0.999993742 -0.000136826129 0.00353557686 -0.999993742 -0.000136826129 0.00353557686 -0.999993742 -0.000136826144 0.00348825916 -0.99999392 -0.000136826144 0.00348825916 -0.99999392 -0.000136826144 0.00348825916 -0.99999392 0 0.00349392183 -0.99999392 0 0.00349392183 -0.99999392 0 0.00349392183 -0.99999392 -0 0.0034893807 -0.99999392 -0 0.0034893807 -0.99999392 -0 0.0034893807 -0.99999392 0 0.0034893807 -0.99999392 0 0.0034893807 -0.99999392 0 0.0034893807 -0.99999392 -0 0.003491977 -0.99999392 -0 0.003491977 -0.99999392 -0 0.003491977 -0.99999392 0 0.003491977 -0.99999392 0 0.003491977 -0.99999392 0 0.003491977 -0.99999392 -0 0.00348728802 -0.99999392 -0 0.00348728802 -0.99999392 -0 0.00348728802 -0.99999392 0 0.00348728802 -0.99999392 0 0.00348728802 -0.99999392 0 0.00348728802 -0.99999392 -0 0.00348937907 -0.99999392 -0 0.00348937907 -0.99999392 -0 0.00348937907 -0.99999392 0 0.00348937907 -0.99999392 0 0.00348937907 -0.99999392 0 0.00348937907 -0.99999392 -0 0.00349106011 -0.99999392 -0 0.00349106011 -0.99999392 -0 0.00349106011 -0.99999392 0 0.00349106011 -0.99999392 0 0.00349106011 -0.99999392 0 0.00349106011 -0.99999392 -0 0.00348937907 -0.99999392 -0 0.00348937907 -0.99999392 -0 0.00348937907 -0.99999392 0 0.00348937907 -0.99999392 0 0.00348937907 -0.99999392 0 0.00348937907 -0.99999392 -0 0.00349197839 -0.99999392 -0 0.00349197839 -0.99999392 -0 0.00349197839 -0.99999392 0 0.00349197839 -0.99999392 0 0.00349197839 -0.99999392 0 0.00349197839 -0.99999392 -0 0.00348728243 -0.99999392 -0 0.00348728243 -0.99999392 -0 0.00348728243 -0.99999392 0 0.00348728243 -0.99999392 0 0.00348728243 -0.99999392 0 0.00348728243 -0.99999392 -0 0.0034878219 -0.99999392 -0 0.0034878219 -0.99999392 -0 0.0034878219 -0.99999392 0 0.0034878219 -0.99999392 0 0.0034878219 -0.99999392 0 0.0034878219 -0.99999392 -2.45065075e-06 0.00351822237 -0.999993801 -2.45065075e-06 0.00351822237 -0.999993801 -2.45065075e-06 0.00351822237 -0.999993801 -0 0.00353027228 -0.999993742 -0 0.00353027228 -0.999993742 -0 0.00353027228 -0.999993742 0 0.00353027228 -0.999993742 0 0.00353027228 -0.999993742 0 0.00353027228 -0.999993742 -0 0.00348825916 -0.99999392 -0 0.00348825916 -0.99999392 -0 0.00348825916 -0.99999392 0 0.00348825916 -0.99999392 0 0.00348825916 -0.99999392 0 0.00348825916 -0.99999392 -0 0.0034893807 -0.99999392 -0 0.0034893807 -0.99999392 -0 0.0034893807 -0.99999392 0 0.0034893807 -0.99999392 0 0.0034893807 -0.99999392 0 0.0034893807 -0.99999392 -0 0.003491977 -0.99999392 -0 0.003491977 -0.99999392 -0 0.003491977 -0.99999392 0 0.003491977 -0.99999392 0 0.003491977 -0.99999392 0 0.003491977 -0.99999392 -0 0.00348728802 -0.99999392 -0 0.00348728802 -0.99999392 -0 0.00348728802 -0.99999392 0 0.00348728802 -0.99999392 0 0.00348728802 -0.99999392 0 0.00348728802 -0.99999392 -0 0.00348937907 -0.99999392 -0 0.00348937907 -0.99999392 -0 0.00348937907 -0.99999392 0 0.00348937907 -0.99999392 0 0.00348937907 -0.99999392 0 0.00348937907 -0.99999392 -0 0.00349106011 -0.99999392 -0 0.00349106011 -0.99999392 -0 0.00349106011 -0.99999392 0 0.00349106011 -0.99999392 0 0.00349106011 -0.99999392 0 0.00349106011 -0.99999392 -0 0.00348937907 -0.99999392 -0 0.00348937907 -0.99999392 -0 0.00348937907 -0.99999392 0 0.00348937907 -0.99999392 0 0.00348937907 -0.99999392 0 0.00348937907 -0.99999392 -0 0.00349197839 -0.99999392 -0 0.00349197839 -0.99999392 -0 0.00349197839 -0.99999392 0 0.00349197839 -0.99999392 0 0.00349197839 -0.99999392 0 0.00349197839 -0.99999392 -0 0.00348728243 -0.99999392 -0 0.00348728243 -0.99999392 -0 0.00348728243 -0.99999392 0 0.00348728243 -0.99999392 0 0.00348728243 -0.99999392 0 0.00348728243 -0.99999392 -0 0.00348937907 -0.99999392 -0 0.00348937907 -0.99999392 -0 0.00348937907 -0.99999392 0 0.00348937907 -0.99999392 0 0.00348937907 -0.99999392 0 0.00348937907 -0.99999392 -0 0.00349197839 -0.99999392 -0 0.00349197839 -0.99999392 -0 0.00349197839 -0.99999392 0 0.00349197839 -0.99999392 0 0.00349197839 -0.99999392 0 0.00349197839 -0.99999392 -0 0.00348729338 -0.99999392 -0 0.00348729338 -0.99999392 -0 0.00348729338 -0.99999392 0 0.00348729338 -0.99999392 0 0.00348729338 -0.99999392 0 0.00348729338 -0.99999392 -0 0.00349075277 -0.99999392 -0 0.00349075277 -0.99999392 -0 0.00349075277 -0.99999392 0 0.00349075277 -0.99999392 0 0.00349075277 -0.99999392 0 0.00349075277 -0.99999392 -0 0.00348729338 -0.99999392 -0 0.00348729338 -0.99999392 -0 0.00348729338 -0.99999392 0 0.00348729338 -0.99999392 0 0.00348729338 -0.99999392 0 0.00348729338 -0.99999392 -0 0.00349624804 -0.999993861 -0 0.00349624804 -0.999993861 -0 0.00349624804 -0.999993861 0 0.00349624804 -0.999993861 0 0.00349624804 -0.999993861 0 0.00349624804 -0.999993861 -0 0.00348586566 -0.99999392 -0 0.00348586566 -0.99999392 -0 0.00348586566 -0.99999392 0 0.00348586566 -0.99999392 0 0.00348586566 -0.99999392 0 0.00348586566 -0.99999392 -0 0.00348727149 -0.99999392 -0 0.00348727149 -0.99999392 -0 0.00348727149 -0.99999392 0 0.00348727149 -0.99999392 0 0.00348727149 -0.99999392 0 0.00348727149 -0.99999392 -0 0.00349625386 -0.999993861 -0 0.00349625386 -0.999993861 -0 0.00349625386 -0.999993861 0 0.00349625386 -0.999993861 0 0.00349625386 -0.999993861 0 0.00349625386 -0.999993861 -0 0.0034858603 -0.99999392 -0 0.0034858603 -0.99999392 -0 0.0034858603 -0.99999392 0 0.0034858603 -0.99999392 0 0.0034858603 -0.99999392 0 0.0034858603 -0.99999392 -0 0.00351238158 -0.999993861 -0 0.00351238158 -0.999993861 -0 0.00351238158 -0.999993861 0 0.00351238158 -0.999993861 0 0.00351238158 -0.999993861 0 0.00351238158 -0.999993861 -0 0.00348781724 -0.99999392 -0 0.00348781724 -0.99999392 -0 0.00348781724 -0.99999392 0 0.00348781724 -0.99999392 0 0.00348781724 -0.99999392 0 0.00348781724 -0.99999392 -9.12659652e-06 0.00350177451 -0.999993861 -9.12659652e-06 0.00350177451 -0.999993861 -9.12659652e-06 0.00350177451 -0.999993861 -9.18080514e-06 0.00349273928 -0.99999392 -9.18080514e-06 0.00349273928 -0.99999392 -9.18080514e-06 0.00349273928 -0.99999392 -6.96772031e-06 0.00349054905 -0.99999392 -6.96772031e-06 0.00349054905 -0.99999392 -6.96772031e-06 0.00349054905 -0.99999392 -2.9451985e-05 0.00349049061 -0.99999392 -2.9451985e-05 0.00349049061 -0.99999392 -2.9451985e-05 0.00349049061 -0.99999392 -9.17485795e-06 0.00351098133 -0.999993861 -9.17485795e-06 0.00351098133 -0.999993861 -9.17485795e-06 0.00351098133 -0.999993861 -9.22896015e-06 0.00350177218 -0.999993861 -9.22896015e-06 0.00350177218 -0.999993861 -9.22896015e-06 0.00350177218 -0.999993861 -9.86073428e-06 0.0034898913 -0.99999392 -9.86073428e-06 0.0034898913 -0.99999392 -9.86073428e-06 0.0034898913 -0.99999392 -9.06814421e-06 0.00349061098 -0.99999392 -9.06814421e-06 0.00349061098 -0.99999392 -9.06814421e-06 0.00349061098 -0.99999392 -9.10297695e-06 0.00349062448 -0.99999392 -9.10297695e-06 0.00349062448 -0.99999392 -9.10297695e-06 0.00349062448 -0.99999392 -8.00499492e-06 0.00349054369 -0.99999392 -8.00499492e-06 0.00349054369 -0.99999392 -8.00499492e-06 0.00349054369 -0.99999392 -9.85697898e-06 0.00348909968 -0.99999392 -9.85697898e-06 0.00348909968 -0.99999392 -9.85697898e-06 0.00348909968 -0.99999392 -9.07091726e-06 0.00349112949 -0.99999392 -9.07091726e-06 0.00349112949 -0.99999392 -9.07091726e-06 0.00349112949 -0.99999392 0.00523593277 -0.999980211 -0.00349055114 0.00523593277 -0.999980211 -0.00349055114 0.00523593277 -0.999980211 -0.00349055114 0.0052359323 -0.999980211 -0.00349056814 0.0052359323 -0.999980211 -0.00349056814 0.0052359323 -0.999980211 -0.00349056814 -0.00523591647 0.999980211 0.00348580466 -0.00523591647 0.999980211 0.00348580466 -0.00523591647 0.999980211 0.00348580466 -0.00523591647 0.999980211 0.00348580466 -0.00523591647 0.999980211 0.00348580466 -0.00523591647 0.999980211 0.00348580466 0.999986291 0.00523597188 1.82768799e-05 0.999986291 0.00523597188 1.82768799e-05 0.999986291 0.00523597188 1.82768799e-05 0.999986291 0.00523591973 4.94697724e-06 0.999986291 0.00523591973 4.94697724e-06 0.999986291 0.00523591973 4.94697724e-06 0.00523563381 -0.999980211 -0.00349238701 0.00523563381 -0.999980211 -0.00349238701 0.00523563381 -0.999980211 -0.00349238701 0.0051982603 -0.999981105 -0.00327272713 0.0051982603 -0.999981105 -0.00327272713 0.0051982603 -0.999981105 -0.00327272713 0.0052372911 -0.999980152 -0.00349895703 0.0052372911 -0.999980152 -0.00349895703 0.0052372911 -0.999980152 -0.00349895703 0.00519896951 -0.999980688 -0.00340243126 0.00519896951 -0.999980688 -0.00340243126 0.00519896951 -0.999980688 -0.00340243126 0.00523352856 -0.999980211 -0.00348779978 0.00523352856 -0.999980211 -0.00348779978 0.00523352856 -0.999980211 -0.00348779978 0.00519896904 -0.999980688 -0.00340915238 0.00519896904 -0.999980688 -0.00340915238 0.00519896904 -0.999980688 -0.00340915238 0.00523726782 -0.999980211 -0.00349258445 0.00523726782 -0.999980211 -0.00349258445 0.00523726782 -0.999980211 -0.00349258445 0.00523583125 -0.999980211 -0.00348918745 0.00523583125 -0.999980211 -0.00348918745 0.00523583125 -0.999980211 -0.00348918745 0.00533649698 -0.99997741 -0.00408736011 0.00533649698 -0.99997741 -0.00408736011 0.00533649698 -0.99997741 -0.00408736011 0.0051996829 -0.999981105 -0.00328104105 0.0051996829 -0.999981105 -0.00328104105 0.0051996829 -0.999981105 -0.00328104105 -0.999986291 -0.00523665408 -1.82887852e-05 -0.999986291 -0.00523665408 -1.82887852e-05 -0.999986291 -0.00523665408 -1.82887852e-05 -0.999986291 -0.00523102656 3.615491e-05 -0.999986291 -0.00523102656 3.615491e-05 -0.999986291 -0.00523102656 3.615491e-05 -0.999986291 -0.00523467129 -5.69492586e-05 -0.999986291 -0.00523467129 -5.69492586e-05 -0.999986291 -0.00523467129 -5.69492586e-05 -0.999986053 -0.00527659385 -5.11508779e-06 -0.999986053 -0.00527659385 -5.11508779e-06 -0.999986053 -0.00527659385 -5.11508779e-06 -0.999986291 -0.00523512997 -1.45810336e-05 -0.999986291 -0.00523512997 -1.45810336e-05 -0.999986291 -0.00523512997 -1.45810336e-05 -0.999986231 -0.00524447113 0.000294634519 -0.999986231 -0.00524447113 0.000294634519 -0.999986231 -0.00524447113 0.000294634519 -0.999986291 -0.00523603801 -1.47440205e-05 -0.999986291 -0.00523603801 -1.47440205e-05 -0.999986291 -0.00523603801 -1.47440205e-05 -0.999986291 -0.00523589551 -2.08293804e-05 -0.999986291 -0.00523589551 -2.08293804e-05 -0.999986291 -0.00523589551 -2.08293804e-05 -0.999986291 -0.00523166824 0.000220247923 -0.999986291 -0.00523166824 0.000220247923 -0.999986291 -0.00523166824 0.000220247923 -0.999986291 -0.00523428991 7.47077866e-05 -0.999986291 -0.00523428991 7.47077866e-05 -0.999986291 -0.00523428991 7.47077866e-05 -0.999986291 -0.00523808366 4.57658425e-05 -0.999986291 -0.00523808366 4.57658425e-05 -0.999986291 -0.00523808366 4.57658425e-05 -0.999986291 -0.0052302829 -0.000177024805 -0.999986291 -0.0052302829 -0.000177024805 -0.999986291 -0.0052302829 -0.000177024805 -0.999986291 -0.00523759611 3.81182253e-05 -0.999986291 -0.00523759611 3.81182253e-05 -0.999986291 -0.00523759611 3.81182253e-05 -0.999986291 -0.00523760542 -9.13097392e-05 -0.999986291 -0.00523760542 -9.13097392e-05 -0.999986291 -0.00523760542 -9.13097392e-05 -0.999986291 -0.00523152342 0.000177385853 -0.999986291 -0.00523152342 0.000177385853 -0.999986291 -0.00523152342 0.000177385853 -0.999986291 -0.00523723057 -6.67120839e-05 -0.999986291 -0.00523723057 -6.67120839e-05 -0.999986291 -0.00523723057 -6.67120839e-05 -0.999986291 -0.00523494231 1.96189485e-05 -0.999986291 -0.00523494231 1.96189485e-05 -0.999986291 -0.00523494231 1.96189485e-05 -0.999986231 -0.00524264574 -0.000228847392 -0.999986231 -0.00524264574 -0.000228847392 -0.999986231 -0.00524264574 -0.000228847392 -0.999986291 -0.00523414789 3.4132343e-05 -0.999986291 -0.00523414789 3.4132343e-05 -0.999986291 -0.00523414789 3.4132343e-05 -0.999986291 -0.00523771578 -5.95552083e-05 -0.999986291 -0.00523771578 -5.95552083e-05 -0.999986291 -0.00523771578 -5.95552083e-05 -0.999986291 -0.00523117511 7.88378165e-05 -0.999986291 -0.00523117511 7.88378165e-05 -0.999986291 -0.00523117511 7.88378165e-05 -0.999986291 -0.00523602683 -1.79085491e-05 -0.999986291 -0.00523602683 -1.79085491e-05 -0.999986291 -0.00523602683 -1.79085491e-05 -0.999986291 -0.00523745175 -3.33568141e-06 -0.999986291 -0.00523745175 -3.33568141e-06 -0.999986291 -0.00523745175 -3.33568141e-06 -0.999986291 -0.00523477839 -2.61606347e-05 -0.999986291 -0.00523477839 -2.61606347e-05 -0.999986291 -0.00523477839 -2.61606347e-05 -0.999986231 -0.00524373725 8.64985996e-05 -0.999986231 -0.00524373725 8.64985996e-05 -0.999986231 -0.00524373725 8.64985996e-05 -0.999986291 -0.0052338643 -4.71982421e-05 -0.999986291 -0.0052338643 -4.71982421e-05 -0.999986291 -0.0052338643 -4.71982421e-05 -0.999986291 -0.00523654465 -1.59380193e-06 -0.999986291 -0.00523654465 -1.59380193e-06 -0.999986291 -0.00523654465 -1.59380193e-06 -0.999986291 -0.0052338168 -6.08427508e-05 -0.999986291 -0.0052338168 -6.08427508e-05 -0.999986291 -0.0052338168 -6.08427508e-05 -0.00524955243 0.999979854 0.00356281665 -0.00524955243 0.999979854 0.00356281665 -0.00524955243 0.999979854 0.00356281665 -0.00523388665 0.999980271 0.00347928121 -0.00523388665 0.999980271 0.00347928121 -0.00523388665 0.999980271 0.00347928121 -0.00523388665 0.999980271 0.00347928121 -0.00523388665 0.999980271 0.00347928121 -0.00523388665 0.999980271 0.00347928121 -0.00523594255 0.999980211 0.00349044288 -0.00523594255 0.999980211 0.00349044288 -0.00523594255 0.999980211 0.00349044288 -0.00523592159 0.999980211 0.00349079375 -0.00523592159 0.999980211 0.00349079375 -0.00523592159 0.999980211 0.00349079375 -0.00523629878 0.999980211 0.00349088665 -0.00523629878 0.999980211 0.00349088665 -0.00523629878 0.999980211 0.00349088665 -0.00523317046 0.999980211 0.00348567474 -0.00523317046 0.999980211 0.00348567474 -0.00523317046 0.999980211 0.00348567474 -0.00523780426 0.999980152 0.003493845 -0.00523780426 0.999980152 0.003493845 -0.00523780426 0.999980152 0.003493845 -0.00523317046 0.999980211 0.00348477345 -0.00523317046 0.999980211 0.00348477345 -0.00523317046 0.999980211 0.00348477345 -0.00523576839 0.999980211 0.00348998606 -0.00523576839 0.999980211 0.00348998606 -0.00523576839 0.999980211 0.00348998606 0.999986291 0.00523590716 5.86064971e-06 0.999986291 0.00523590716 5.86064971e-06 0.999986291 0.00523590716 5.86064971e-06 0.999986291 0.00523496512 8.96175152e-06 0.999986291 0.00523496512 8.96175152e-06 0.999986291 0.00523496512 8.96175152e-06 0.00523603894 -0.999980211 -0.00349093089 0.00523603894 -0.999980211 -0.00349093089 0.00523603894 -0.999980211 -0.00349093089 0.00523606502 -0.999980211 -0.00349094719 0.00523606502 -0.999980211 -0.00349094719 0.00523606502 -0.999980211 -0.00349094719 -0.868630946 0.495456666 0.00173423125 -0.868630946 0.495456666 0.00173423125 -0.868630946 0.495456666 0.00173423125 -0.868630946 0.495456666 0.00173420971 -0.868630946 0.495456666 0.00173420971 -0.868630946 0.495456666 0.00173420971 -0.00523611205 0.999980211 0.00348930294 -0.00523611205 0.999980211 0.00348930294 -0.00523611205 0.999980211 0.00348930294 -0.00523613486 0.999980211 0.00348934624 -0.00523613486 0.999980211 0.00348934624 -0.00523613486 0.999980211 0.00348934624 0.863395333 0.504524946 0.00175512 0.863395333 0.504524946 0.00175512 0.863395333 0.504524946 0.00175512 0.863394499 0.504526377 0.00175314548 0.863394499 0.504526377 0.00175314548 0.863394499 0.504526377 0.00175314548 0.863396883 0.504522264 0.00175131613 0.863396883 0.504522264 0.00175131613 0.863396883 0.504522264 0.00175131613 0.863411963 0.504496515 0.00175122591 0.863411963 0.504496515 0.00175122591 0.863411963 0.504496515 0.00175122591 0.863393664 0.504527807 0.00175513001 0.863393664 0.504527807 0.00175513001 0.863393664 0.504527807 0.00175513001 0.863380492 0.504550397 0.00175139285 0.863380492 0.504550397 0.00175139285 0.863380492 0.504550397 0.00175139285 0.863416791 0.50448823 0.00175117527 0.863416791 0.50448823 0.00175117527 0.863416791 0.50448823 0.00175117527 0.863403916 0.504510283 0.0017496862 0.863403916 0.504510283 0.0017496862 0.863403916 0.504510283 0.0017496862 0.863351583 0.50459981 0.00174999936 0.863351583 0.50459981 0.00174999936 0.863351583 0.50459981 0.00174999936 0.863429546 0.504466414 0.00175648159 0.863429546 0.504466414 0.00175648159 0.863429546 0.504466414 0.00175648159 0.863411963 0.504496455 0.00175658672 0.863411963 0.504496455 0.00175658672 0.863411963 0.504496455 0.00175658672 0.863351822 0.504599392 0.0017515861 0.863351822 0.504599392 0.0017515861 0.863351822 0.504599392 0.0017515861 0.863411963 0.504496515 0.00175122591 0.863411963 0.504496515 0.00175122591 0.863411963 0.504496515 0.00175122591 0.868631423 -0.495455831 -0.00173576642 0.868631423 -0.495455831 -0.00173576642 0.868631423 -0.495455831 -0.00173576642 0.86863184 -0.495455056 -0.00173710345 0.86863184 -0.495455056 -0.00173710345 0.86863184 -0.495455056 -0.00173710345 0.868624091 -0.495468616 -0.00173427281 0.868624091 -0.495468616 -0.00173427281 0.868624091 -0.495468616 -0.00173427281 0.868640363 -0.495440066 -0.00174110464 0.868640363 -0.495440066 -0.00174110464 0.868640363 -0.495440066 -0.00174110464 0.868661523 -0.495403051 -0.00174097565 0.868661523 -0.495403051 -0.00174097565 0.868661523 -0.495403051 -0.00174097565 0.868586481 -0.495534539 -0.00173450261 0.868586481 -0.495534539 -0.00173450261 0.868586481 -0.495534539 -0.00173450261 0.868586242 -0.495534956 -0.00173450413 0.868586242 -0.495534956 -0.00173450413 0.868586242 -0.495534956 -0.00173450413 0.868644595 -0.495432645 -0.00173954072 0.868644595 -0.495432645 -0.00173954072 0.868644595 -0.495432645 -0.00173954072 0.868644595 -0.495432645 -0.00173954072 0.868644595 -0.495432645 -0.00173954072 0.868644595 -0.495432645 -0.00173954072 0.868661284 -0.495403469 -0.00174097705 0.868661284 -0.495403469 -0.00174097705 0.868661284 -0.495403469 -0.00174097705 0.868605435 -0.49550128 -0.00174131803 0.868605435 -0.49550128 -0.00174131803 0.868605435 -0.49550128 -0.00174131803 0.00523611205 -0.999980211 -0.00349245057 0.00523611205 -0.999980211 -0.00349245057 0.00523611205 -0.999980211 -0.00349245057 0.00523613486 -0.999980211 -0.00349240727 0.00523613486 -0.999980211 -0.00349240727 0.00523613486 -0.999980211 -0.00349240727 -0.863395393 -0.504524887 -0.00175666425 -0.863395393 -0.504524887 -0.00175666425 -0.863395393 -0.504524887 -0.00175666425 -0.863394976 -0.504525602 -0.00175512221 -0.863394976 -0.504525602 -0.00175512221 -0.863394976 -0.504525602 -0.00175512221 -0.868630946 0.495456666 0.00173423125 -0.868630946 0.495456666 0.00173423125 -0.868630946 0.495456666 0.00173423125 -0.868632317 0.495454222 0.00173959427 -0.868632317 0.495454222 0.00173959427 -0.868632317 0.495454222 0.00173959427 -0.00523611205 0.999980211 0.00348933553 -0.00523611205 0.999980211 0.00348933553 -0.00523611205 0.999980211 0.00348933553 -0.00523611763 0.999980211 0.00348934624 -0.00523611763 0.999980211 0.00348934624 -0.00523611763 0.999980211 0.00348934624 0.863399088 0.504518569 0.00175130321 0.863399088 0.504518569 0.00175130321 0.863399088 0.504518569 0.00175130321 0.863399088 0.504518569 0.00175130321 0.863399088 0.504518569 0.00175130321 0.863399088 0.504518569 0.00175130321 0.863381863 0.504548013 0.00175140623 0.863381863 0.504548013 0.00175140623 0.863381863 0.504548013 0.00175140623 0.863381863 0.504548013 0.00175140623 0.863381863 0.504548013 0.00175140623 0.863381863 0.504548013 0.00175140623 0.863369405 0.504569352 0.00175148086 0.863369405 0.504569352 0.00175148086 0.863369405 0.504569352 0.00175148086 0.863411725 0.504496872 0.00175500021 0.863411725 0.504496872 0.00175500021 0.863411725 0.504496872 0.00175500021 0.863411963 0.504496455 0.0017549987 0.863411963 0.504496455 0.0017549987 0.863411963 0.504496455 0.0017549987 0.863351822 0.504599392 0.00174999796 0.863351822 0.504599392 0.00174999796 0.863351822 0.504599392 0.00174999796 0.863411963 0.504496515 0.00174963812 0.863411963 0.504496515 0.00174963812 0.863411963 0.504496515 0.00174963812 0.863397598 0.504521072 0.0017551065 0.863397598 0.504521072 0.0017551065 0.863397598 0.504521072 0.0017551065 0.863394976 0.504525602 0.0017489153 0.863394976 0.504525602 0.0017489153 0.863394976 0.504525602 0.0017489153 0.863394022 0.504527211 0.00174974557 0.863394022 0.504527211 0.00174974557 0.863394022 0.504527211 0.00174974557 0.863411963 0.504496515 0.00174963812 0.863411963 0.504496515 0.00174963812 0.863411963 0.504496515 0.00174963812 0.868634582 -0.495450199 -0.00174114003 0.868634582 -0.495450199 -0.00174114003 0.868634582 -0.495450199 -0.00174114003 0.868634582 -0.495450199 -0.00174114003 0.868634582 -0.495450199 -0.00174114003 0.868634582 -0.495450199 -0.00174114003 0.868661284 -0.495403469 -0.00174097705 0.868661284 -0.495403469 -0.00174097705 0.868661284 -0.495403469 -0.00174097705 0.868586242 -0.495534956 -0.00173450413 0.868586242 -0.495534956 -0.00173450413 0.868586242 -0.495534956 -0.00173450413 0.868586481 -0.495534539 -0.00173450261 0.868586481 -0.495534539 -0.00173450261 0.868586481 -0.495534539 -0.00173450261 0.868644595 -0.495432645 -0.00173951918 0.868644595 -0.495432645 -0.00173951918 0.868644595 -0.495432645 -0.00173951918 0.868644595 -0.495432645 -0.00173951918 0.868644595 -0.495432645 -0.00173951918 0.868644595 -0.495432645 -0.00173951918 0.868631423 -0.495455831 -0.00173422834 0.868631423 -0.495455831 -0.00173422834 0.868631423 -0.495455831 -0.00173422834 0.868632674 -0.495453596 -0.00173807505 0.868632674 -0.495453596 -0.00173807505 0.868632674 -0.495453596 -0.00173807505 0.868620157 -0.495475501 -0.00174122816 0.868620157 -0.495475501 -0.00174122816 0.868620157 -0.495475501 -0.00174122816 0.868661523 -0.495403051 -0.00174097565 0.868661523 -0.495403051 -0.00174097565 0.868661523 -0.495403051 -0.00174097565 0.00523611205 -0.999980211 -0.00348934624 0.00523611205 -0.999980211 -0.00348934624 0.00523611205 -0.999980211 -0.00348934624 0.00523450458 -0.999980211 -0.00349243986 0.00523450458 -0.999980211 -0.00349243986 0.00523450458 -0.999980211 -0.00349243986 -0.863395393 -0.504524887 -0.00175130367 -0.863395393 -0.504524887 -0.00175130367 -0.863395393 -0.504524887 -0.00175130367 -0.863396347 -0.504523158 -0.00175511383 -0.863396347 -0.504523158 -0.00175511383 -0.863396347 -0.504523158 -0.00175511383 -0.868632317 0.495454222 0.00174113235 -0.868632317 0.495454222 0.00174113235 -0.868632317 0.495454222 0.00174113235 -0.868630946 0.495456666 0.00173576933 -0.868630946 0.495456666 0.00173576933 -0.868630946 0.495456666 0.00173576933 -0.00523609528 0.999980211 0.00349245057 -0.00523609528 0.999980211 0.00349245057 -0.00523609528 0.999980211 0.00349245057 -0.00523611205 0.999980211 0.00349248317 -0.00523611205 0.999980211 0.00349248317 -0.00523611205 0.999980211 0.00349248317 0.863414764 0.504491687 0.00175500382 0.863414764 0.504491687 0.00175500382 0.863414764 0.504491687 0.00175500382 0.863391697 0.504531145 0.00174978096 0.863391697 0.504531145 0.00174978096 0.863391697 0.504531145 0.00174978096 0.863334596 0.504628897 0.00175012287 0.863334596 0.504628897 0.00175012287 0.863334596 0.504628897 0.00175012287 0.863429248 0.504466891 0.0017549172 0.863429248 0.504466891 0.0017549172 0.863429248 0.504466891 0.0017549172 0.863381863 0.504548013 0.00175520044 0.863381863 0.504548013 0.00175520044 0.863381863 0.504548013 0.00175520044 0.863430023 0.50446558 0.00175647868 0.863430023 0.50446558 0.00175647868 0.863430023 0.50446558 0.00175647868 0.863411963 0.504496455 0.00175658672 0.863411963 0.504496455 0.00175658672 0.863411963 0.504496455 0.00175658672 0.863351822 0.504599392 0.0017515861 0.863351822 0.504599392 0.0017515861 0.863351822 0.504599392 0.0017515861 0.863411963 0.504496515 0.00175122591 0.863411963 0.504496515 0.00175122591 0.863411963 0.504496515 0.00175122591 0.863395333 0.504524946 0.00175132556 0.863395333 0.504524946 0.00175132556 0.863395333 0.504524946 0.00175132556 0.863395452 0.504524767 0.00175156666 0.863395452 0.504524767 0.00175156666 0.863395452 0.504524767 0.00175156666 0.863395691 0.50452435 0.00175132346 0.863395691 0.50452435 0.00175132346 0.863395691 0.50452435 0.00175132346 0.863411963 0.504496515 0.00175122591 0.863411963 0.504496515 0.00175122591 0.863411963 0.504496515 0.00175122591 0.868631423 -0.495455801 -0.0017396214 0.868631423 -0.495455801 -0.0017396214 0.868631423 -0.495455801 -0.0017396214 0.868631423 -0.495455801 -0.00173963781 0.868631423 -0.495455801 -0.00173963781 0.868631423 -0.495455801 -0.00173963781 0.868631482 -0.495455712 -0.00173962116 0.868631482 -0.495455712 -0.00173962116 0.868631482 -0.495455712 -0.00173962116 0.868644595 -0.495432645 -0.00173954072 0.868644595 -0.495432645 -0.00173954072 0.868644595 -0.495432645 -0.00173954072 0.868624389 -0.49546814 -0.00173427118 0.868624389 -0.49546814 -0.00173427118 0.868624389 -0.49546814 -0.00173427118 0.868646741 -0.49542895 -0.00173952791 0.868646741 -0.49542895 -0.00173952791 0.868646741 -0.49542895 -0.00173952791 0.868644595 -0.495432645 -0.00173954072 0.868644595 -0.495432645 -0.00173954072 0.868644595 -0.495432645 -0.00173954072 0.868602931 -0.49550578 -0.00173594058 0.868602931 -0.49550578 -0.00173594058 0.868602931 -0.49550578 -0.00173594058 0.868602931 -0.49550578 -0.00173594058 0.868602931 -0.49550578 -0.00173594058 0.868602931 -0.49550578 -0.00173594058 0.868644595 -0.495432645 -0.00173954072 0.868644595 -0.495432645 -0.00173954072 0.868644595 -0.495432645 -0.00173954072 0.868644595 -0.495432645 -0.00173954072 0.868644595 -0.495432645 -0.00173954072 0.868644595 -0.495432645 -0.00173954072 0.00523609528 -0.999980211 -0.00348937884 0.00523609528 -0.999980211 -0.00348937884 0.00523609528 -0.999980211 -0.00348937884 0.00523611205 -0.999980211 -0.00348934624 0.00523611205 -0.999980211 -0.00348934624 0.00523611205 -0.999980211 -0.00348934624 -0.863396347 -0.504523158 -0.00175511383 -0.863396347 -0.504523158 -0.00175511383 -0.863396347 -0.504523158 -0.00175511383 -0.863395393 -0.504524887 -0.00175130367 -0.863395393 -0.504524887 -0.00175130367 -0.863395393 -0.504524887 -0.00175130367 -0.868632734 0.495453537 0.00174115156 -0.868632734 0.495453537 0.00174115156 -0.868632734 0.495453537 0.00174115156 -0.868630946 0.495456666 0.00173423125 -0.868630946 0.495456666 0.00173423125 -0.868630946 0.495456666 0.00173423125 -0.00523448223 0.999980211 0.00348934624 -0.00523448223 0.999980211 0.00348934624 -0.00523448223 0.999980211 0.00348934624 -0.00523611205 0.999980211 0.00349248317 -0.00523611205 0.999980211 0.00349248317 -0.00523611205 0.999980211 0.00349248317 0.863396347 0.504523158 0.00175131939 0.863396347 0.504523158 0.00175131939 0.863396347 0.504523158 0.00175131939 0.863395393 0.504524887 0.00175511977 0.863395393 0.504524887 0.00175511977 0.863395393 0.504524887 0.00175511977 0.868632317 -0.495454252 -0.00173422275 0.868632317 -0.495454252 -0.00173422275 0.868632317 -0.495454252 -0.00173422275 0.868630946 -0.495456666 -0.00173962442 0.868630946 -0.495456666 -0.00173962442 0.868630946 -0.495456666 -0.00173962442 0.00523609528 -0.999980211 -0.00348937884 0.00523609528 -0.999980211 -0.00348937884 0.00523609528 -0.999980211 -0.00348937884 0.00523611205 -0.999980211 -0.00348934624 0.00523611205 -0.999980211 -0.00348934624 0.00523611205 -0.999980211 -0.00348934624 -0.863396347 -0.504523158 -0.00175511383 -0.863396347 -0.504523158 -0.00175511383 -0.863396347 -0.504523158 -0.00175511383 -0.863395393 -0.504524887 -0.00175132533 -0.863395393 -0.504524887 -0.00175132533 -0.863395393 -0.504524887 -0.00175132533 -0.868630946 0.495456666 0.00173423125 -0.868630946 0.495456666 0.00173423125 -0.868630946 0.495456666 0.00173423125 -0.868631303 0.49545598 0.00173576688 -0.868631303 0.49545598 0.00173576688 -0.868631303 0.49545598 0.00173576688 -0.00523611205 0.999980211 0.00349245057 -0.00523611205 0.999980211 0.00349245057 -0.00523611205 0.999980211 0.00349245057 -0.00523611205 0.999980211 0.00349245057 -0.00523611205 0.999980211 0.00349245057 -0.00523611205 0.999980211 0.00349245057 0.863394976 0.504525602 0.00175668846 0.863394976 0.504525602 0.00175668846 0.863394976 0.504525602 0.00175668846 0.863395393 0.504524887 0.001755098 0.863395393 0.504524887 0.001755098 0.863395393 0.504524887 0.001755098 0.868630946 -0.495456666 -0.00173420971 0.868630946 -0.495456666 -0.00173420971 0.868630946 -0.495456666 -0.00173420971 0.868630946 -0.495456666 -0.00173423125 0.868630946 -0.495456666 -0.00173423125 0.868630946 -0.495456666 -0.00173423125 0.00523611205 -0.999980211 -0.00348934624 0.00523611205 -0.999980211 -0.00348934624 0.00523611205 -0.999980211 -0.00348934624 0.00523611205 -0.999980211 -0.00348934624 0.00523611205 -0.999980211 -0.00348934624 0.00523611205 -0.999980211 -0.00348934624 -0.863394976 -0.504525602 -0.00175512221 -0.863394976 -0.504525602 -0.00175512221 -0.863394976 -0.504525602 -0.00175512221 -0.863394976 -0.504525602 -0.00175512221 -0.863394976 -0.504525602 -0.00175512221 -0.863394976 -0.504525602 -0.00175512221 -0.868630946 0.495456666 0.00173423125 -0.868630946 0.495456666 0.00173423125 -0.868630946 0.495456666 0.00173423125 -0.868632317 0.495454222 0.00173961592 -0.868632317 0.495454222 0.00173961592 -0.868632317 0.495454222 0.00173961592 -0.00523611205 0.999980211 0.00348937884 -0.00523611205 0.999980211 0.00348937884 -0.00523611205 0.999980211 0.00348937884 -0.00523609528 0.999980211 0.00348934624 -0.00523609528 0.999980211 0.00348934624 -0.00523609528 0.999980211 0.00348934624 0.863394976 0.504525602 0.00175512221 0.863394976 0.504525602 0.00175512221 0.863394976 0.504525602 0.00175512221 0.863396347 0.504523218 0.00174975314 0.863396347 0.504523218 0.00174975314 0.863396347 0.504523218 0.00174975314 0.868631303 -0.49545595 -0.00173962198 0.868631303 -0.49545595 -0.00173962198 0.868631303 -0.49545595 -0.00173962198 0.868632317 -0.495454222 -0.00173576083 0.868632317 -0.495454222 -0.00173576083 0.868632317 -0.495454222 -0.00173576083 0.00523611205 -0.999980211 -0.00349245057 0.00523611205 -0.999980211 -0.00349245057 0.00523611205 -0.999980211 -0.00349245057 0.00523609528 -0.999980211 -0.00349248317 0.00523609528 -0.999980211 -0.00349248317 0.00523609528 -0.999980211 -0.00349248317 -0.863395393 -0.504524887 -0.00175132533 -0.863395393 -0.504524887 -0.00175132533 -0.863395393 -0.504524887 -0.00175132533 -0.863396347 -0.504523158 -0.00175511383 -0.863396347 -0.504523158 -0.00175511383 -0.863396347 -0.504523158 -0.00175511383 -0.868632317 0.495454222 0.00173961592 -0.868632317 0.495454222 0.00173961592 -0.868632317 0.495454222 0.00173961592 -0.868630946 0.495456666 0.00173423125 -0.868630946 0.495456666 0.00173423125 -0.868630946 0.495456666 0.00173423125 -0.00523611763 0.999980211 0.00348934624 -0.00523611763 0.999980211 0.00348934624 -0.00523611763 0.999980211 0.00348934624 -0.00523611205 0.999980211 0.00348933553 -0.00523611205 0.999980211 0.00348933553 -0.00523611205 0.999980211 0.00348933553 0.863396764 0.504522502 0.00174972892 0.863396764 0.504522502 0.00174972892 0.863396764 0.504522502 0.00174972892 0.863394976 0.504525602 0.00175668846 0.863394976 0.504525602 0.00175668846 0.863394976 0.504525602 0.00175668846 0.868632317 -0.495454222 -0.00173576083 0.868632317 -0.495454222 -0.00173576083 0.868632317 -0.495454222 -0.00173576083 0.868631303 -0.49545595 -0.00173960032 0.868631303 -0.49545595 -0.00173960032 0.868631303 -0.49545595 -0.00173960032 0.00523611763 -0.999980211 -0.00348933553 0.00523611763 -0.999980211 -0.00348933553 0.00523611763 -0.999980211 -0.00348933553 0.005234499 -0.999980211 -0.00349245057 0.005234499 -0.999980211 -0.00349245057 0.005234499 -0.999980211 -0.00349245057 -0.863396764 -0.504522443 -0.00175667752 -0.863396764 -0.504522443 -0.00175667752 -0.863396764 -0.504522443 -0.00175667752 -0.863394976 -0.504525602 -0.00174976152 -0.863394976 -0.504525602 -0.00174976152 -0.863394976 -0.504525602 -0.00174976152 -0.868630946 0.495456666 0.00173576933 -0.868630946 0.495456666 0.00173576933 -0.868630946 0.495456666 0.00173576933 -0.868630946 0.495456666 0.00173576933 -0.868630946 0.495456666 0.00173576933 -0.868630946 0.495456666 0.00173576933 -0.00523613486 0.999980211 0.00349245057 -0.00523613486 0.999980211 0.00349245057 -0.00523613486 0.999980211 0.00349245057 -0.00523613486 0.999980211 0.00349245057 -0.00523613486 0.999980211 0.00349245057 -0.00523613486 0.999980211 0.00349245057 0.863394976 0.504525602 0.00175668846 0.863394976 0.504525602 0.00175668846 0.863394976 0.504525602 0.00175668846 0.863395393 0.504524887 0.00175511977 0.863395393 0.504524887 0.00175511977 0.863395393 0.504524887 0.00175511977 0.868630946 -0.495456666 -0.00173423125 0.868630946 -0.495456666 -0.00173423125 0.868630946 -0.495456666 -0.00173423125 0.868630946 -0.495456666 -0.00173423125 0.868630946 -0.495456666 -0.00173423125 0.868630946 -0.495456666 -0.00173423125 0.00523613486 -0.999980211 -0.00348934624 0.00523613486 -0.999980211 -0.00348934624 0.00523613486 -0.999980211 -0.00348934624 0.00523613486 -0.999980211 -0.00348934624 0.00523613486 -0.999980211 -0.00348934624 0.00523613486 -0.999980211 -0.00348934624 -0.863394976 -0.504525602 -0.00175512221 -0.863394976 -0.504525602 -0.00175512221 -0.863394976 -0.504525602 -0.00175512221 -0.863395393 -0.504524887 -0.00175668602 -0.863395393 -0.504524887 -0.00175668602 -0.863395393 -0.504524887 -0.00175668602 -0.868630946 0.495456666 0.00173423125 -0.868630946 0.495456666 0.00173423125 -0.868630946 0.495456666 0.00173423125 -0.868632495 0.495453864 0.00174038368 -0.868632495 0.495453864 0.00174038368 -0.868632495 0.495453864 0.00174038368 -0.00523613486 0.999980211 0.00349093089 -0.00523613486 0.999980211 0.00349093089 -0.00523613486 0.999980211 0.00349093089 -0.00523611763 0.999980211 0.00349089853 -0.00523611763 0.999980211 0.00349089853 -0.00523611763 0.999980211 0.00349089853 0.863394976 0.504525602 0.00175590534 0.863394976 0.504525602 0.00175590534 0.863394976 0.504525602 0.00175590534 0.863396585 0.50452286 0.00174975186 0.863396585 0.50452286 0.00174975186 0.863396585 0.50452286 0.00174975186 0.868630946 -0.495456666 -0.00173962442 0.868630946 -0.495456666 -0.00173962442 0.868630946 -0.495456666 -0.00173962442 0.868632317 -0.495454252 -0.00173422275 0.868632317 -0.495454252 -0.00173422275 0.868632317 -0.495454252 -0.00173422275 0.00523613486 -0.999980211 -0.00348934624 0.00523613486 -0.999980211 -0.00348934624 0.00523613486 -0.999980211 -0.00348934624 0.00523611763 -0.999980211 -0.00348937884 0.00523611763 -0.999980211 -0.00348937884 0.00523611763 -0.999980211 -0.00348937884 -0.863394976 -0.504525602 -0.00174976152 -0.863394976 -0.504525602 -0.00174976152 -0.863394976 -0.504525602 -0.00174976152 -0.863396347 -0.504523158 -0.00175511383 -0.863396347 -0.504523158 -0.00175511383 -0.863396347 -0.504523158 -0.00175511383 -0.868632495 0.495453864 0.00174038368 -0.868632495 0.495453864 0.00174038368 -0.868632495 0.495453864 0.00174038368 -0.868631124 0.495456338 0.00173499912 -0.868631124 0.495456338 0.00173499912 -0.868631124 0.495456338 0.00173499912 -0.00523611763 0.999980211 0.00349089853 -0.00523611763 0.999980211 0.00349089853 -0.00523611763 0.999980211 0.00349089853 -0.00523532834 0.999980211 0.00348937884 -0.00523532834 0.999980211 0.00348937884 -0.00523532834 0.999980211 0.00348937884 0.863396585 0.50452286 0.00174975186 0.863396585 0.50452286 0.00174975186 0.863396585 0.50452286 0.00174975186 0.863394976 0.504525602 0.00175590534 0.863394976 0.504525602 0.00175590534 0.863394976 0.504525602 0.00175590534 0.868632317 -0.495454252 -0.00173499179 0.868632317 -0.495454252 -0.00173499179 0.868632317 -0.495454252 -0.00173499179 0.868631124 -0.495456308 -0.00173962314 0.868631124 -0.495456308 -0.00173962314 0.868631124 -0.495456308 -0.00173962314 0.00523611763 -0.999980211 -0.00348937884 0.00523611763 -0.999980211 -0.00348937884 0.00523611763 -0.999980211 -0.00348937884 0.00523532834 -0.999980211 -0.00349089853 0.00523532834 -0.999980211 -0.00349089853 0.00523532834 -0.999980211 -0.00349089853 -0.863396347 -0.504523158 -0.00175589696 -0.863396347 -0.504523158 -0.00175589696 -0.863396347 -0.504523158 -0.00175589696 -0.863394976 -0.504525602 -0.00175054464 -0.863394976 -0.504525602 -0.00175054464 -0.863394976 -0.504525602 -0.00175054464 -0.868630946 0.495456666 0.00173500029 -0.868630946 0.495456666 0.00173500029 -0.868630946 0.495456666 0.00173500029 -0.868630946 0.495456666 0.00173497875 -0.868630946 0.495456666 0.00173497875 -0.868630946 0.495456666 0.00173497875 -0.00523611205 0.999980211 0.00349085499 -0.00523611205 0.999980211 0.00349085499 -0.00523611205 0.999980211 0.00349085499 -0.00523613486 0.999980211 0.00349089853 -0.00523613486 0.999980211 0.00349089853 -0.00523613486 0.999980211 0.00349089853 0.863394976 0.504525602 0.00175590534 0.863394976 0.504525602 0.00175590534 0.863394976 0.504525602 0.00175590534 0.863395154 0.504525244 0.00175512093 0.863395154 0.504525244 0.00175512093 0.863395154 0.504525244 0.00175512093 0.868631124 -0.495456338 -0.00173422997 0.868631124 -0.495456338 -0.00173422997 0.868631124 -0.495456338 -0.00173422997 0.868630946 -0.495456666 -0.00173500029 0.868630946 -0.495456666 -0.00173500029 0.868630946 -0.495456666 -0.00173500029 0.00523611205 -0.999980211 -0.00349089853 0.00523611205 -0.999980211 -0.00349089853 0.00523611205 -0.999980211 -0.00349089853 0.00523613486 -0.999980211 -0.00349085499 0.00523613486 -0.999980211 -0.00349085499 0.00523613486 -0.999980211 -0.00349085499 -0.863395154 -0.504525244 -0.00175588229 -0.863395154 -0.504525244 -0.00175588229 -0.863395154 -0.504525244 -0.00175588229 -0.863395154 -0.504525244 -0.00175590406 -0.863395154 -0.504525244 -0.00175590406 -0.863395154 -0.504525244 -0.00175590406 -0.868631124 0.495456308 0.00173499901 -0.868631124 0.495456308 0.00173499901 -0.868631124 0.495456308 0.00173499901 -0.868632436 0.495454043 0.00173999975 -0.868632436 0.495454043 0.00173999975 -0.868632436 0.495454043 0.00173999975 -0.00523570878 0.999980211 0.00349015486 -0.00523570878 0.999980211 0.00349015486 -0.00523570878 0.999980211 0.00349015486 -0.00523609528 0.999980211 0.00349089853 -0.00523609528 0.999980211 0.00349089853 -0.00523609528 0.999980211 0.00349089853 0.863395035 0.504525423 0.00175590476 0.863395035 0.504525423 0.00175590476 0.863395035 0.504525423 0.00175590476 0.863396466 0.504523039 0.00175053568 0.863396466 0.504523039 0.00175053568 0.863396466 0.504523039 0.00175053568 0.868646383 -0.495429516 -0.00174029882 0.868646383 -0.495429516 -0.00174029882 0.868646383 -0.495429516 -0.00174029882 0.868628502 -0.495460957 -0.00173501519 0.868628502 -0.495460957 -0.00173501519 0.868628502 -0.495460957 -0.00173501519 0.868631363 -0.49545595 -0.00173499773 0.868631363 -0.49545595 -0.00173499773 0.868631363 -0.49545595 -0.00173499773 0.868631363 -0.49545595 -0.00173499773 0.868631363 -0.49545595 -0.00173499773 0.868631363 -0.49545595 -0.00173499773 0.00523530552 -0.999980211 -0.00349089853 0.00523530552 -0.999980211 -0.00349089853 0.00523530552 -0.999980211 -0.00349089853 0.00523609528 -0.999980211 -0.00348937884 0.00523609528 -0.999980211 -0.00348937884 0.00523609528 -0.999980211 -0.00348937884 -0.863394976 -0.504525602 -0.00174976164 -0.863394976 -0.504525602 -0.00174976164 -0.863394976 -0.504525602 -0.00174976164 -0.863396585 -0.5045228 -0.00175589568 -0.863396585 -0.5045228 -0.00175589568 -0.863396585 -0.5045228 -0.00175589568 -0.868632436 0.495454043 0.00173997821 -0.868632436 0.495454043 0.00173997821 -0.868632436 0.495454043 0.00173997821 -0.868631005 0.495456487 0.00173461507 -0.868631005 0.495456487 0.00173461507 -0.868631005 0.495456487 0.00173461507 -0.00523569202 0.999980211 0.00349012227 -0.00523569202 0.999980211 0.00349012227 -0.00523569202 0.999980211 0.00349012227 -0.00523611205 0.999980211 0.00349093089 -0.00523611205 0.999980211 0.00349093089 -0.00523611205 0.999980211 0.00349093089 0.863396466 0.504523039 0.00175053568 0.863396466 0.504523039 0.00175053568 0.863396466 0.504523039 0.00175053568 0.863395154 0.504525244 0.00175551255 0.863395154 0.504525244 0.00175551255 0.863395154 0.504525244 0.00175551255 0.868631244 -0.4954561 -0.00174000696 0.868631244 -0.4954561 -0.00174000696 0.868631244 -0.4954561 -0.00174000696 0.868631005 -0.495456487 -0.00173924456 0.868631005 -0.495456487 -0.00173924456 0.868631005 -0.495456487 -0.00173924456 0.868646383 -0.495429546 -0.00173452112 0.868646383 -0.495429546 -0.00173452112 0.868646383 -0.495429546 -0.00173452112 0.00523611205 -0.999980211 -0.00349015486 0.00523611205 -0.999980211 -0.00349015486 0.00523611205 -0.999980211 -0.00349015486 0.00523570878 -0.999980211 -0.00349093089 0.00523570878 -0.999980211 -0.00349093089 0.00523570878 -0.999980211 -0.00349093089 -0.863395154 -0.504525244 -0.00175054348 -0.863395154 -0.504525244 -0.00175054348 -0.863395154 -0.504525244 -0.00175054348 -0.863395035 -0.504525423 -0.00175013079 -0.863395035 -0.504525423 -0.00175013079 -0.863395035 -0.504525423 -0.00175013079 -0.863311112 -0.504669011 -0.00175640651 -0.863311112 -0.504669011 -0.00175640651 -0.863311112 -0.504669011 -0.00175640651 -0.863423884 -0.50447613 -0.00174958853 -0.863423884 -0.50447613 -0.00174958853 -0.863423884 -0.50447613 -0.00174958853 -0.863411963 -0.504496515 -0.00174965977 -0.863411963 -0.504496515 -0.00174965977 -0.863411963 -0.504496515 -0.00174965977 -0.863411963 -0.504496515 -0.00174965977 -0.863411963 -0.504496515 -0.00174965977 -0.863411963 -0.504496515 -0.00174965977 -0.863420486 -0.504481852 -0.00174960867 -0.863420486 -0.504481852 -0.00174960867 -0.863420486 -0.504481852 -0.00174960867 -0.863360584 -0.504584372 -0.00175530568 -0.863360584 -0.504584372 -0.00175530568 -0.863360584 -0.504584372 -0.00175530568 -0.863411963 -0.504496455 -0.0017549987 -0.863411963 -0.504496455 -0.0017549987 -0.863411963 -0.504496455 -0.0017549987 -0.863411963 -0.504496455 -0.0017549987 -0.863411963 -0.504496455 -0.0017549987 -0.863411963 -0.504496455 -0.0017549987 -0.863236725 -0.504796267 -0.00175604597 -0.863236725 -0.504796267 -0.00175604597 -0.863236725 -0.504796267 -0.00175604597 -0.86345011 -0.504431188 -0.00175021449 -0.86345011 -0.504431188 -0.00175021449 -0.86345011 -0.504431188 -0.00175021449 -0.863395154 -0.504525244 -0.00175054336 -0.863395154 -0.504525244 -0.00175054336 -0.863395154 -0.504525244 -0.00175054336 -0.863395154 -0.504525244 -0.00175054336 -0.863395154 -0.504525244 -0.00175054336 -0.863395154 -0.504525244 -0.00175054336 -0.868590772 0.495526999 0.00174295041 -0.868590772 0.495526999 0.00174295041 -0.868590772 0.495526999 0.00174295041 -0.868632734 0.495453447 0.00174138928 -0.868632734 0.495453447 0.00174138928 -0.868632734 0.495453447 0.00174138928 -0.868640006 0.495440722 0.00173494464 -0.868640006 0.495440722 0.00173494464 -0.868640006 0.495440722 0.00173494464 -0.868558168 0.49558416 0.00174006843 -0.868558168 0.49558416 0.00174006843 -0.868558168 0.49558416 0.00174006843 -0.86865294 0.495418042 0.00173948996 -0.86865294 0.495418042 0.00173948996 -0.86865294 0.495418042 0.00173948996 -0.868644595 0.495432645 0.00174030976 -0.868644595 0.495432645 0.00174030976 -0.868644595 0.495432645 0.00174030976 -0.868594587 0.495520353 0.00174061535 -0.868594587 0.495520353 0.00174061535 -0.868594587 0.495520353 0.00174061535 -0.86865294 0.495418072 0.0017348656 -0.86865294 0.495418072 0.0017348656 -0.86865294 0.495418072 0.0017348656 -0.86865294 0.495418072 0.0017348656 -0.86865294 0.495418072 0.0017348656 -0.86865294 0.495418072 0.0017348656 -0.868594587 0.495520353 0.00174061535 -0.868594587 0.495520353 0.00174061535 -0.868594587 0.495520353 0.00174061535 -0.868632436 0.495453954 0.00174038403 -0.868632436 0.495453954 0.00174038403 -0.868632436 0.495453954 0.00174038403 -0.00523601333 0.999980211 0.00349091459 -0.00523601333 0.999980211 0.00349091459 -0.00523601333 0.999980211 0.00349091459 -0.00523719564 0.999980211 0.00349017116 -0.00523719564 0.999980211 0.00349017116 -0.00523719564 0.999980211 0.00349017116 0.999986291 0.00523591926 2.74817421e-06 0.999986291 0.00523591926 2.74817421e-06 0.999986291 0.00523591926 2.74817421e-06 0.999986291 0.0052340324 8.95849644e-06 0.999986291 0.0052340324 8.95849644e-06 0.999986291 0.0052340324 8.95849644e-06 0.00523483101 -0.999980211 -0.00348939514 0.00523483101 -0.999980211 -0.00348939514 0.00523483101 -0.999980211 -0.00348939514 0.00523727294 -0.999980211 -0.00349093089 0.00523727294 -0.999980211 -0.00349093089 0.00523727294 -0.999980211 -0.00349093089 -0.863409519 -0.504500687 -0.00174967456 -0.863409519 -0.504500687 -0.00174967456 -0.863409519 -0.504500687 -0.00174967456 -0.863409519 -0.504500687 -0.00174967456 -0.863409519 -0.504500687 -0.00174967456 -0.863409519 -0.504500687 -0.00174967456 -0.863420725 -0.504481435 -0.00174960727 -0.863420725 -0.504481435 -0.00174960727 -0.863420725 -0.504481435 -0.00174960727 -0.863360584 -0.504584372 -0.00175532745 -0.863360584 -0.504584372 -0.00175532745 -0.863360584 -0.504584372 -0.00175532745 -0.863411963 -0.504496455 -0.00175502058 -0.863411963 -0.504496455 -0.00175502058 -0.863411963 -0.504496455 -0.00175502058 -0.863411963 -0.504496455 -0.00175502058 -0.863411963 -0.504496455 -0.00175502058 -0.863411963 -0.504496455 -0.00175502058 -0.863377929 -0.504554749 -0.00175522419 -0.863377929 -0.504554749 -0.00175522419 -0.863377929 -0.504554749 -0.00175522419 -0.863370836 -0.504566908 -0.00175604969 -0.863370836 -0.504566908 -0.00175604969 -0.863370836 -0.504566908 -0.00175604969 -0.86339438 -0.504526556 -0.0017559086 -0.86339438 -0.504526556 -0.0017559086 -0.86339438 -0.504526556 -0.0017559086 -0.863396168 -0.504523516 -0.0017497543 -0.863396168 -0.504523516 -0.0017497543 -0.863396168 -0.504523516 -0.0017497543 -0.868653595 0.49541685 0.00173948577 -0.868653595 0.49541685 0.00173948577 -0.868653595 0.49541685 0.00173948577 -0.868640006 0.495440722 0.00174033793 -0.868640006 0.495440722 0.00174033793 -0.868640006 0.495440722 0.00174033793 -0.868594587 0.495520353 0.00174061535 -0.868594587 0.495520353 0.00174061535 -0.868594587 0.495520353 0.00174061535 -0.86865294 0.495418072 0.0017348656 -0.86865294 0.495418072 0.0017348656 -0.86865294 0.495418072 0.0017348656 -0.868644595 0.495432645 0.00173491647 -0.868644595 0.495432645 0.00173491647 -0.868644595 0.495432645 0.00173491647 -0.868591487 0.495525777 0.00174256158 -0.868591487 0.495525777 0.00174256158 -0.868591487 0.495525777 0.00174256158 -0.868632615 0.495453656 0.00174103095 -0.868632615 0.495453656 0.00174103095 -0.868632615 0.495453656 0.00174103095 -0.868632257 0.495454371 0.00173961639 -0.868632257 0.495454371 0.00173961639 -0.868632257 0.495454371 0.00173961639 -0.868594587 0.495520353 0.00173984619 -0.868594587 0.495520353 0.00173984619 -0.868594587 0.495520353 0.00173984619 -0.00523480494 0.999980211 0.00349091459 -0.00523480494 0.999980211 0.00349091459 -0.00523480494 0.999980211 0.00349091459 -0.00523722125 0.999980211 0.00348939514 -0.00523722125 0.999980211 0.00348939514 -0.00523722125 0.999980211 0.00348939514 0.99998641 0.00521162245 8.88026261e-06 0.99998641 0.00521162245 8.88026261e-06 0.99998641 0.00521162245 8.88026261e-06 0.999986291 0.0052370592 9.39335405e-06 0.999986291 0.0052370592 9.39335405e-06 0.999986291 0.0052370592 9.39335405e-06 0.999986291 0.00523497211 6.94108257e-06 0.999986291 0.00523497211 6.94108257e-06 0.999986291 0.00523497211 6.94108257e-06 0.999986291 0.00523335673 1.04090786e-05 0.999986291 0.00523335673 1.04090786e-05 0.999986291 0.00523335673 1.04090786e-05 0.999986291 0.00523639331 5.86234637e-06 0.999986291 0.00523639331 5.86234637e-06 0.999986291 0.00523639331 5.86234637e-06 0.00523729902 -0.999980211 -0.00349093089 0.00523729902 -0.999980211 -0.00349093089 0.00523729902 -0.999980211 -0.00349093089 0.00523483101 -0.999980211 -0.00348937884 0.00523483101 -0.999980211 -0.00348937884 0.00523483101 -0.999980211 -0.00348937884 -0.863409519 -0.504500687 -0.00175581838 -0.863409519 -0.504500687 -0.00175581838 -0.863409519 -0.504500687 -0.00175581838 -0.863423884 -0.50447607 -0.00175494934 -0.863423884 -0.50447607 -0.00175494934 -0.863423884 -0.50447607 -0.00175494934 -0.863351822 -0.504599392 -0.00175538007 -0.863351822 -0.504599392 -0.00175538007 -0.863351822 -0.504599392 -0.00175538007 -0.863411963 -0.504496515 -0.00174965977 -0.863411963 -0.504496515 -0.00174965977 -0.863411963 -0.504496515 -0.00174965977 -0.863423884 -0.50447607 -0.00174958841 -0.863423884 -0.50447607 -0.00174958841 -0.863423884 -0.50447607 -0.00174958841 -0.863393128 -0.504528761 -0.0017559164 -0.863393128 -0.504528761 -0.0017559164 -0.863393128 -0.504528761 -0.0017559164 -0.863393605 -0.504527867 -0.00175591325 -0.863393605 -0.504527867 -0.00175591325 -0.863393605 -0.504527867 -0.00175591325 -0.863395929 -0.504523933 -0.00174785848 -0.863395929 -0.504523933 -0.00174785848 -0.863395929 -0.504523933 -0.00174785848 -0.868640006 0.495440722 0.00173494464 -0.868640006 0.495440722 0.00173494464 -0.868640006 0.495440722 0.00173494464 -0.868653595 0.49541688 0.00173409248 -0.868653595 0.49541688 0.00173409248 -0.868653595 0.49541688 0.00173409248 -0.868678153 0.495373785 0.00174010475 -0.868678153 0.495373785 0.00174010475 -0.868678153 0.495373785 0.00174010475 -0.868632913 0.495453179 0.00174178975 -0.868632913 0.495453179 0.00174178975 -0.868632913 0.495453179 0.00174178975 -0.868632019 0.495454729 0.00173845293 -0.868632019 0.495454729 0.00173845293 -0.868632019 0.495454729 0.00173845293 -0.868586242 0.495534956 0.00173450413 -0.868586242 0.495534956 0.00173450413 -0.868586242 0.495534956 0.00173450413 -0.00523724733 0.999980211 0.00349087128 -0.00523724733 0.999980211 0.00349087128 -0.00523724733 0.999980211 0.00349087128 -0.00523715233 0.999980211 0.00349093089 -0.00523715233 0.999980211 0.00349093089 -0.00523715233 0.999980211 0.00349093089 0.99998641 0.0052111377 8.87845999e-06 0.99998641 0.0052111377 8.87845999e-06 0.99998641 0.0052111377 8.87845999e-06 0.999986291 0.0052370592 9.4013667e-06 0.999986291 0.0052370592 9.4013667e-06 0.999986291 0.0052370592 9.4013667e-06 0.999986291 0.00523496978 6.94626942e-06 0.999986291 0.00523496978 6.94626942e-06 0.999986291 0.00523496978 6.94626942e-06 0.999986291 0.00523335673 1.04089495e-05 0.999986291 0.00523335673 1.04089495e-05 0.999986291 0.00523335673 1.04089495e-05 0.999986291 0.00523639843 5.85416456e-06 0.999986291 0.00523639843 5.85416456e-06 0.999986291 0.00523639843 5.85416456e-06 0.00523473602 -0.999980211 -0.00348933553 0.00523473602 -0.999980211 -0.00348933553 0.00523473602 -0.999980211 -0.00348933553 0.00523729902 -0.999980211 -0.00349094719 0.00523729902 -0.999980211 -0.00349094719 0.00523729902 -0.999980211 -0.00349094719 -0.863394678 -0.504526079 -0.00175132952 -0.863394678 -0.504526079 -0.00175132952 -0.863394678 -0.504526079 -0.00175132952 -0.863395691 -0.50452435 -0.00175511802 -0.863395691 -0.50452435 -0.00175511802 -0.863395691 -0.50452435 -0.00175511802 -0.868630946 0.495456666 0.00173423125 -0.868630946 0.495456666 0.00173423125 -0.868630946 0.495456666 0.00173423125 -0.868633032 0.495453 0.00174230826 -0.868633032 0.495453 0.00174230826 -0.868633032 0.495453 0.00174230826 -0.00523471041 0.999980211 0.00349091459 -0.00523471041 0.999980211 0.00349091459 -0.00523471041 0.999980211 0.00349091459 -0.00523712672 0.999980211 0.00348939514 -0.00523712672 0.999980211 0.00348939514 -0.00523712672 0.999980211 0.00348939514 0.999986291 0.00523591833 2.74816989e-06 0.999986291 0.00523591833 2.74816989e-06 0.999986291 0.00523591833 2.74816989e-06 0.999986291 0.00523403147 8.95849189e-06 0.999986291 0.00523403147 8.95849189e-06 0.999986291 0.00523403147 8.95849189e-06 0.00523229409 -0.999980211 -0.00348939514 0.00523229409 -0.999980211 -0.00348939514 0.00523229409 -0.999980211 -0.00348939514 0.00523720402 -0.999980211 -0.00349248317 0.00523720402 -0.999980211 -0.00349248317 0.00523720402 -0.999980211 -0.00349248317 -0.863394976 -0.504525602 -0.00174976152 -0.863394976 -0.504525602 -0.00174976152 -0.863394976 -0.504525602 -0.00174976152 -0.863394976 -0.504525602 -0.00174976152 -0.863394976 -0.504525602 -0.00174976152 -0.863394976 -0.504525602 -0.00174976152 -0.868631601 0.495455444 0.00173962011 -0.868631601 0.495455444 0.00173962011 -0.868631601 0.495455444 0.00173962011 -0.868632317 0.495454222 0.00174231245 -0.868632317 0.495454222 0.00174231245 -0.868632317 0.495454222 0.00174231245 -0.00523720402 0.999980211 0.00348936254 -0.00523720402 0.999980211 0.00348936254 -0.00523720402 0.999980211 0.00348936254 -0.00523715233 0.999980211 0.00348939514 -0.00523715233 0.999980211 0.00348939514 -0.00523715233 0.999980211 0.00348939514 0.999986291 0.00523590483 5.86876877e-06 0.999986291 0.00523590483 5.86876877e-06 0.999986291 0.00523590483 5.86876877e-06 0.999986291 0.00523496745 8.95363428e-06 0.999986291 0.00523496745 8.95363428e-06 0.999986291 0.00523496745 8.95363428e-06 0.0052372301 -0.999980211 -0.00349248317 0.0052372301 -0.999980211 -0.00349248317 0.0052372301 -0.999980211 -0.00349248317 0.00523229409 -0.999980211 -0.00348937884 0.00523229409 -0.999980211 -0.00348937884 0.00523229409 -0.999980211 -0.00348937884 -0.86339426 -0.504526794 -0.00174708548 -0.86339426 -0.504526794 -0.00174708548 -0.86339426 -0.504526794 -0.00174708548 -0.863395393 -0.504524887 -0.00175130367 -0.863395393 -0.504524887 -0.00175130367 -0.863395393 -0.504524887 -0.00175130367 -0.868631601 0.495455444 0.00174113666 -0.868631601 0.495455444 0.00174113666 -0.868631601 0.495455444 0.00174113666 -0.868631601 0.495455414 0.00174115819 -0.868631601 0.495455414 0.00174115819 -0.868631601 0.495455414 0.00174115819 -0.00523717841 0.999980211 0.00349246687 -0.00523717841 0.999980211 0.00349246687 -0.00523717841 0.999980211 0.00349246687 -0.00523715233 0.999980211 0.00349248317 -0.00523715233 0.999980211 0.00349248317 -0.00523715233 0.999980211 0.00349248317 </float_array>
          <technique_common>
            <accessor count="6756" offset="0" source="#mesh_0-normals-array" stride="3">
              <param name="X" type="float" />
              <param name="Y" type="float" />
              <param name="Z" type="float" />
            </accessor>
          </technique_common>
        </source>
        <vertices id="mesh_0-vertices">
          <input semantic="POSITION" source="#mesh_0-positions" />
        </vertices>
        <polylist count="2252" material="defaultMaterial">
          <input offset="0" semantic="VERTEX" source="#mesh_0-vertices" />
          <input offset="0" semantic="NORMAL" source="#mesh_0-normals" />
          <vcount>3 3 3 3 3 3 3 3 3 3 3 3 3 3 3 3 3 3 3 3 3 3 3 3 3 3 3 3 3 3 3 3 3 3 3 3 3 3 3 3 3 3 3 3 3 3 3 3 3 3 3 3 3 3 3 3 3 3 3 3 3 3 3 3 3 3 3 3 3 3 3 3 3 3 3 3 3 3 3 3 3 3 3 3 3 3 3 3 3 3 3 3 3 3 3 3 3 3 3 3 3 3 3 3 3 3 3 3 3 3 3 3 3 3 3 3 3 3 3 3 3 3 3 3 3 3 3 3 3 3 3 3 3 3 3 3 3 3 3 3 3 3 3 3 3 3 3 3 3 3 3 3 3 3 3 3 3 3 3 3 3 3 3 3 3 3 3 3 3 3 3 3 3 3 3 3 3 3 3 3 3 3 3 3 3 3 3 3 3 3 3 3 3 3 3 3 3 3 3 3 3 3 3 3 3 3 3 3 3 3 3 3 3 3 3 3 3 3 3 3 3 3 3 3 3 3 3 3 3 3 3 3 3 3 3 3 3 3 3 3 3 3 3 3 3 3 3 3 3 3 3 3 3 3 3 3 3 3 3 3 3 3 3 3 3 3 3 3 3 3 3 3 3 3 3 3 3 3 3 3 3 3 3 3 3 3 3 3 3 3 3 3 3 3 3 3 3 3 3 3 3 3 3 3 3 3 3 3 3 3 3 3 3 3 3 3 3 3 3 3 3 3 3 3 3 3 3 3 3 3 3 3 3 3 3 3 3 3 3 3 3 3 3 3 3 3 3 3 3 3 3 3 3 3 3 3 3 3 3 3 3 3 3 3 3 3 3 3 3 3 3 3 3 3 3 3 3 3 3 3 3 3 3 3 3 3 3 3 3 3 3 3 3 3 3 3 3 3 3 3 3 3 3 3 3 3 3 3 3 3 3 3 3 3 3 3 3 3 3 3 3 3 3 3 3 3 3 3 3 3 3 3 3 3 3 3 3 3 3 3 3 3 3 3 3 3 3 3 3 3 3 3 3 3 3 3 3 3 3 3 3 3 3 3 3 3 3 3 3 3 3 3 3 3 3 3 3 3 3 3 3 3 3 3 3 3 3 3 3 3 3 3 3 3 3 3 3 3 3 3 3 3 3 3 3 3 3 3 3 3 3 3 3 3 3 3 3 3 3 3 3 3 3 3 3 3 3 3 3 3 3 3 3 3 3 3 3 3 3 3 3 3 3 3 3 3 3 3 3 3 3 3 3 3 3 3 3 3 3 3 3 3 3 3 3 3 3 3 3 3 3 3 3 3 3 3 3 3 3 3 3 3 3 3 3 3 3 3 3 3 3 3 3 3 3 3 3 3 3 3 3 3 3 3 3 3 3 3 3 3 3 3 3 3 3 3 3 3 3 3 3 3 3 3 3 3 3 3 3 3 3 3 3 3 3 3 3 3 3 3 3 3 3 3 3 3 3 3 3 3 3 3 3 3 3 3 3 3 3 3 3 3 3 3 3 3 3 3 3 3 3 3 3 3 3 3 3 3 3 3 3 3 3 3 3 3 3 3 3 3 3 3 3 3 3 3 3 3 3 3 3 3 3 3 3 3 3 3 3 3 3 3 3 3 3 3 3 3 3 3 3 3 3 3 3 3 3 3 3 3 3 3 3 3 3 3 3 3 3 3 3 3 3 3 3 3 3 3 3 3 3 3 3 3 3 3 3 3 3 3 3 3 3 3 3 3 3 3 3 3 3 3 3 3 3 3 3 3 3 3 3 3 3 3 3 3 3 3 3 3 3 3 3 3 3 3 3 3 3 3 3 3 3 3 3 3 3 3 3 3 3 3 3 3 3 3 3 3 3 3 3 3 3 3 3 3 3 3 3 3 3 3 3 3 3 3 3 3 3 3 3 3 3 3 3 3 3 3 3 3 3 3 3 3 3 3 3 3 3 3 3 3 3 3 3 3 3 3 3 3 3 3 3 3 3 3 3 3 3 3 3 3 3 3 3 3 3 3 3 3 3 3 3 3 3 3 3 3 3 3 3 3 3 3 3 3 3 3 3 3 3 3 3 3 3 3 3 3 3 3 3 3 3 3 3 3 3 3 3 3 3 3 3 3 3 3 3 3 3 3 3 3 3 3 3 3 3 3 3 3 3 3 3 3 3 3 3 3 3 3 3 3 3 3 3 3 3 3 3 3 3 3 3 3 3 3 3 3 3 3 3 3 3 3 3 3 3 3 3 3 3 3 3 3 3 3 3 3 3 3 3 3 3 3 3 3 3 3 3 3 3 3 3 3 3 3 3 3 3 3 3 3 3 3 3 3 3 3 3 3 3 3 3 3 3 3 3 3 3 3 3 3 3 3 3 3 3 3 3 3 3 3 3 3 3 3 3 3 3 3 3 3 3 3 3 3 3 3 3 3 3 3 3 3 3 3 3 3 3 3 3 3 3 3 3 3 3 3 3 3 3 3 3 3 3 3 3 3 3 3 3 3 3 3 3 3 3 3 3 3 3 3 3 3 3 3 3 3 3 3 3 3 3 3 3 3 3 3 3 3 3 3 3 3 3 3 3 3 3 3 3 3 3 3 3 3 3 3 3 3 3 3 3 3 3 3 3 3 3 3 3 3 3 3 3 3 3 3 3 3 3 3 3 3 3 3 3 3 3 3 3 3 3 3 3 3 3 3 3 3 3 3 3 3 3 3 3 3 3 3 3 3 3 3 3 3 3 3 3 3 3 3 3 3 3 3 3 3 3 3 3 3 3 3 3 3 3 3 3 3 3 3 3 3 3 3 3 3 3 3 3 3 3 3 3 3 3 3 3 3 3 3 3 3 3 3 3 3 3 3 3 3 3 3 3 3 3 3 3 3 3 3 3 3 3 3 3 3 3 3 3 3 3 3 3 3 3 3 3 3 3 3 3 3 3 3 3 3 3 3 3 3 3 3 3 3 3 3 3 3 3 3 3 3 3 3 3 3 3 3 3 3 3 3 3 3 3 3 3 3 3 3 3 3 3 3 3 3 3 3 3 3 3 3 3 3 3 3 3 3 3 3 3 3 3 3 3 3 3 3 3 3 3 3 3 3 3 3 3 3 3 3 3 3 3 3 3 3 3 3 3 3 3 3 3 3 3 3 3 3 3 3 3 3 3 3 3 3 3 3 3 3 3 3 3 3 3 3 3 3 3 3 3 3 3 3 3 3 3 3 3 3 3 3 3 3 3 3 3 3 3 3 3 3 3 3 3 3 3 3 3 3 3 3 3 3 3 3 3 3 3 3 3 3 3 3 3 3 3 3 3 3 3 3 3 3 3 3 3 3 3 3 3 3 3 3 3 3 3 3 3 3 3 3 3 3 3 3 3 3 3 3 3 3 3 3 3 3 3 3 3 3 3 3 3 3 3 3 3 3 3 3 3 3 3 3 3 3 3 3 3 3 3 3 3 3 3 3 3 3 3 3 3 3 3 3 3 3 3 3 3 3 3 3 3 3 3 3 3 3 3 3 3 3 3 3 3 3 3 3 3 3 3 3 3 3 3 3 3 3 3 3 3 3 3 3 3 3 3 3 3 3 3 3 3 3 3 3 3 3 3 3 3 3 3 3 3 3 3 3 3 3 3 3 3 3 3 3 3 3 3 3 3 3 3 3 3 3 3 3 3 3 3 3 3 3 3 3 3 3 3 3 3 3 3 3 3 3 3 3 3 3 3 3 3 3 3 3 3 3 3 3 3 3 3 3 3 3 3 3 3 3 3 3 3 3 3 3 3 3 3 3 3 3 3 3 3 3 3 3 3 3 3 3 3 3 3 3 3 3 3 3 3 3 3 3 3 3 3 3 3 3 3 3 3 3 3 3 3 3 3 3 3 3 3 3 3 3 3 3 3 3 3 3 3 3 3 3 3 3 3 3 3 3 3 3 3 3 3 3 3 3 3 3 3 3 3 3 3 3 3 3 3 3 3 3 3 3 3 3 3 3 3 3 3 3 3 3 3 3 3 3 3 3 3 3 3 3 3 3 3 3 3 3 3 3 3 3 3 3 3 3 3 3 3 3 3 3 3 3 3 3 3 3 3 3 3 3 3 3 3 3 3 3 3 3 3 3 3 3 3 3 3 3 3 3 3 3 3 3 3 3 3 3 3 3 3 3 3 3 3 3 3 3 3 3 3 3 3 3 3 3 3 3 3 3 3 3 3 3 3 3 3 3 3 3 3 3 3 3 3 3 3 3 3 3 3 3 3 3 3 3 3 3 3 3 3 3 3 3 3 3 3 3 3 3 3 3 3 3 3 3 3 3 3 3 3 3 3 3 3 3 3 3 3 3 3 3 3 3 3 3 3 3 3 3 3 3 3 3 3 3 3 3 3 3 3 3 3 3 3 3 3 3 3 3 3 3 3 3 3 3 3 3 3 3 3 3 3 3 3 3 3 3 3 3 3 3 3 3 3 3 3 3 3 3 3 3 3 3 3 3 3 3 3 3 3 3 3 3 3 3 3 3 3 3 3 3 3 3 3 3 3 3 3 3 3 3 3 3 3 3 3 3 3 3 3 3 3 3 3 3 3 3 3 3 3 3 3 3 3 3 3 3 3 3 3 3 3 3 3 3 3 3 3 3 3 3 3 3 3 3 3 3 3 3 3 3 3 3 3 3 3 3 3 3 3 3 3 3 3 3 3 3 3 3 3 3 3 3 3 3 3 3 3 3 3 3 3 3 3 3 3 3 3 3 3 3 3 3 3 3 3 3 3 3 3 3 3 3 3 3 3 3 3 3 3 3 3 3 3 3 3 3 3 3 3 3 3 3 3 3 3 3 3 3 3 3 3 3 3 3 3 3 3 3 3 3 3 3 3 3 3 3 3 3 3 3 3 3 3 3 3 3 3 3 3 3 3 3 3 3 3 3 3 3 3 3 3 3 3 3 3 3 3 3 3 3 3 3 3 3 3 3 3 3 3 3 3 3 3 3 3 3 3 3 3 3 3 3 3 3 3 3 3 3 3 3 3 3 3 3 3 3 3 3 3 3 3 3 3 3 3 3 3 3 3 3 3 3 3 3 3 3 3 3 3 3 3 3 3 3 </vcount>
          <p>0 1 2 3 4 5 6 7 8 9 10 11 12 13 14 15 16 17 18 19 20 21 22 23 24 25 26 27 28 29 30 31 32 33 34 35 36 37 38 39 40 41 42 43 44 45 46 47 48 49 50 51 52 53 54 55 56 57 58 59 60 61 62 63 64 65 66 67 68 69 70 71 72 73 74 75 76 77 78 79 80 81 82 83 84 85 86 87 88 89 90 91 92 93 94 95 96 97 98 99 100 101 102 103 104 105 106 107 108 109 110 111 112 113 114 115 116 117 118 119 120 121 122 123 124 125 126 127 128 129 130 131 132 133 134 135 136 137 138 139 140 141 142 143 144 145 146 147 148 149 150 151 152 153 154 155 156 157 158 159 160 161 162 163 164 165 166 167 168 169 170 171 172 173 174 175 176 177 178 179 180 181 182 183 184 185 186 187 188 189 190 191 192 193 194 195 196 197 198 199 200 201 202 203 204 205 206 207 208 209 210 211 212 213 214 215 216 217 218 219 220 221 222 223 224 225 226 227 228 229 230 231 232 233 234 235 236 237 238 239 240 241 242 243 244 245 246 247 248 249 250 251 252 253 254 255 256 257 258 259 260 261 262 263 264 265 266 267 268 269 270 271 272 273 274 275 276 277 278 279 280 281 282 283 284 285 286 287 288 289 290 291 292 293 294 295 296 297 298 299 300 301 302 303 304 305 306 307 308 309 310 311 312 313 314 315 316 317 318 319 320 321 322 323 324 325 326 327 328 329 330 331 332 333 334 335 336 337 338 339 340 341 342 343 344 345 346 347 348 349 350 351 352 353 354 355 356 357 358 359 360 361 362 363 364 365 366 367 368 369 370 371 372 373 374 375 376 377 378 379 380 381 382 383 384 385 386 387 388 389 390 391 392 393 394 395 396 397 398 399 400 401 402 403 404 405 406 407 408 409 410 411 412 413 414 415 416 417 418 419 420 421 422 423 424 425 426 427 428 429 430 431 432 433 434 435 436 437 438 439 440 441 442 443 444 445 446 447 448 449 450 451 452 453 454 455 456 457 458 459 460 461 462 463 464 465 466 467 468 469 470 471 472 473 474 475 476 477 478 479 480 481 482 483 484 485 486 487 488 489 490 491 492 493 494 495 496 497 498 499 500 501 502 503 504 505 506 507 508 509 510 511 512 513 514 515 516 517 518 519 520 521 522 523 524 525 526 527 528 529 530 531 532 533 534 535 536 537 538 539 540 541 542 543 544 545 546 547 548 549 550 551 552 553 554 555 556 557 558 559 560 561 562 563 564 565 566 567 568 569 570 571 572 573 574 575 576 577 578 579 580 581 582 583 584 585 586 587 588 589 590 591 592 593 594 595 596 597 598 599 600 601 602 603 604 605 606 607 608 609 610 611 612 613 614 615 616 617 618 619 620 621 622 623 624 625 626 627 628 629 630 631 632 633 634 635 636 637 638 639 640 641 642 643 644 645 646 647 648 649 650 651 652 653 654 655 656 657 658 659 660 661 662 663 664 665 666 667 668 669 670 671 672 673 674 675 676 677 678 679 680 681 682 683 684 685 686 687 688 689 690 691 692 693 694 695 696 697 698 699 700 701 702 703 704 705 706 707 708 709 710 711 712 713 714 715 716 717 718 719 720 721 722 723 724 725 726 727 728 729 730 731 732 733 734 735 736 737 738 739 740 741 742 743 744 745 746 747 748 749 750 751 752 753 754 755 756 757 758 759 760 761 762 763 764 765 766 767 768 769 770 771 772 773 774 775 776 777 778 779 780 781 782 783 784 785 786 787 788 789 790 791 792 793 794 795 796 797 798 799 800 801 802 803 804 805 806 807 808 809 810 811 812 813 814 815 816 817 818 819 820 821 822 823 824 825 826 827 828 829 830 831 832 833 834 835 836 837 838 839 840 841 842 843 844 845 846 847 848 849 850 851 852 853 854 855 856 857 858 859 860 861 862 863 864 865 866 867 868 869 870 871 872 873 874 875 876 877 878 879 880 881 882 883 884 885 886 887 888 889 890 891 892 893 894 895 896 897 898 899 900 901 902 903 904 905 906 907 908 909 910 911 912 913 914 915 916 917 918 919 920 921 922 923 924 925 926 927 928 929 930 931 932 933 934 935 936 937 938 939 940 941 942 943 944 945 946 947 948 949 950 951 952 953 954 955 956 957 958 959 960 961 962 963 964 965 966 967 968 969 970 971 972 973 974 975 976 977 978 979 980 981 982 983 984 985 986 987 988 989 990 991 992 993 994 995 996 997 998 999 1000 1001 1002 1003 1004 1005 1006 1007 1008 1009 1010 1011 1012 1013 1014 1015 1016 1017 1018 1019 1020 1021 1022 1023 1024 1025 1026 1027 1028 1029 1030 1031 1032 1033 1034 1035 1036 1037 1038 1039 1040 1041 1042 1043 1044 1045 1046 1047 1048 1049 1050 1051 1052 1053 1054 1055 1056 1057 1058 1059 1060 1061 1062 1063 1064 1065 1066 1067 1068 1069 1070 1071 1072 1073 1074 1075 1076 1077 1078 1079 1080 1081 1082 1083 1084 1085 1086 1087 1088 1089 1090 1091 1092 1093 1094 1095 1096 1097 1098 1099 1100 1101 1102 1103 1104 1105 1106 1107 1108 1109 1110 1111 1112 1113 1114 1115 1116 1117 1118 1119 1120 1121 1122 1123 1124 1125 1126 1127 1128 1129 1130 1131 1132 1133 1134 1135 1136 1137 1138 1139 1140 1141 1142 1143 1144 1145 1146 1147 1148 1149 1150 1151 1152 1153 1154 1155 1156 1157 1158 1159 1160 1161 1162 1163 1164 1165 1166 1167 1168 1169 1170 1171 1172 1173 1174 1175 1176 1177 1178 1179 1180 1181 1182 1183 1184 1185 1186 1187 1188 1189 1190 1191 1192 1193 1194 1195 1196 1197 1198 1199 1200 1201 1202 1203 1204 1205 1206 1207 1208 1209 1210 1211 1212 1213 1214 1215 1216 1217 1218 1219 1220 1221 1222 1223 1224 1225 1226 1227 1228 1229 1230 1231 1232 1233 1234 1235 1236 1237 1238 1239 1240 1241 1242 1243 1244 1245 1246 1247 1248 1249 1250 1251 1252 1253 1254 1255 1256 1257 1258 1259 1260 1261 1262 1263 1264 1265 1266 1267 1268 1269 1270 1271 1272 1273 1274 1275 1276 1277 1278 1279 1280 1281 1282 1283 1284 1285 1286 1287 1288 1289 1290 1291 1292 1293 1294 1295 1296 1297 1298 1299 1300 1301 1302 1303 1304 1305 1306 1307 1308 1309 1310 1311 1312 1313 1314 1315 1316 1317 1318 1319 1320 1321 1322 1323 1324 1325 1326 1327 1328 1329 1330 1331 1332 1333 1334 1335 1336 1337 1338 1339 1340 1341 1342 1343 1344 1345 1346 1347 1348 1349 1350 1351 1352 1353 1354 1355 1356 1357 1358 1359 1360 1361 1362 1363 1364 1365 1366 1367 1368 1369 1370 1371 1372 1373 1374 1375 1376 1377 1378 1379 1380 1381 1382 1383 1384 1385 1386 1387 1388 1389 1390 1391 1392 1393 1394 1395 1396 1397 1398 1399 1400 1401 1402 1403 1404 1405 1406 1407 1408 1409 1410 1411 1412 1413 1414 1415 1416 1417 1418 1419 1420 1421 1422 1423 1424 1425 1426 1427 1428 1429 1430 1431 1432 1433 1434 1435 1436 1437 1438 1439 1440 1441 1442 1443 1444 1445 1446 1447 1448 1449 1450 1451 1452 1453 1454 1455 1456 1457 1458 1459 1460 1461 1462 1463 1464 1465 1466 1467 1468 1469 1470 1471 1472 1473 1474 1475 1476 1477 1478 1479 1480 1481 1482 1483 1484 1485 1486 1487 1488 1489 1490 1491 1492 1493 1494 1495 1496 1497 1498 1499 1500 1501 1502 1503 1504 1505 1506 1507 1508 1509 1510 1511 1512 1513 1514 1515 1516 1517 1518 1519 1520 1521 1522 1523 1524 1525 1526 1527 1528 1529 1530 1531 1532 1533 1534 1535 1536 1537 1538 1539 1540 1541 1542 1543 1544 1545 1546 1547 1548 1549 1550 1551 1552 1553 1554 1555 1556 1557 1558 1559 1560 1561 1562 1563 1564 1565 1566 1567 1568 1569 1570 1571 1572 1573 1574 1575 1576 1577 1578 1579 1580 1581 1582 1583 1584 1585 1586 1587 1588 1589 1590 1591 1592 1593 1594 1595 1596 1597 1598 1599 1600 1601 1602 1603 1604 1605 1606 1607 1608 1609 1610 1611 1612 1613 1614 1615 1616 1617 1618 1619 1620 1621 1622 1623 1624 1625 1626 1627 1628 1629 1630 1631 1632 1633 1634 1635 1636 1637 1638 1639 1640 1641 1642 1643 1644 1645 1646 1647 1648 1649 1650 1651 1652 1653 1654 1655 1656 1657 1658 1659 1660 1661 1662 1663 1664 1665 1666 1667 1668 1669 1670 1671 1672 1673 1674 1675 1676 1677 1678 1679 1680 1681 1682 1683 1684 1685 1686 1687 1688 1689 1690 1691 1692 1693 1694 1695 1696 1697 1698 1699 1700 1701 1702 1703 1704 1705 1706 1707 1708 1709 1710 1711 1712 1713 1714 1715 1716 1717 1718 1719 1720 1721 1722 1723 1724 1725 1726 1727 1728 1729 1730 1731 1732 1733 1734 1735 1736 1737 1738 1739 1740 1741 1742 1743 1744 1745 1746 1747 1748 1749 1750 1751 1752 1753 1754 1755 1756 1757 1758 1759 1760 1761 1762 1763 1764 1765 1766 1767 1768 1769 1770 1771 1772 1773 1774 1775 1776 1777 1778 1779 1780 1781 1782 1783 1784 1785 1786 1787 1788 1789 1790 1791 1792 1793 1794 1795 1796 1797 1798 1799 1800 1801 1802 1803 1804 1805 1806 1807 1808 1809 1810 1811 1812 1813 1814 1815 1816 1817 1818 1819 1820 1821 1822 1823 1824 1825 1826 1827 1828 1829 1830 1831 1832 1833 1834 1835 1836 1837 1838 1839 1840 1841 1842 1843 1844 1845 1846 1847 1848 1849 1850 1851 1852 1853 1854 1855 1856 1857 1858 1859 1860 1861 1862 1863 1864 1865 1866 1867 1868 1869 1870 1871 1872 1873 1874 1875 1876 1877 1878 1879 1880 1881 1882 1883 1884 1885 1886 1887 1888 1889 1890 1891 1892 1893 1894 1895 1896 1897 1898 1899 1900 1901 1902 1903 1904 1905 1906 1907 1908 1909 1910 1911 1912 1913 1914 1915 1916 1917 1918 1919 1920 1921 1922 1923 1924 1925 1926 1927 1928 1929 1930 1931 1932 1933 1934 1935 1936 1937 1938 1939 1940 1941 1942 1943 1944 1945 1946 1947 1948 1949 1950 1951 1952 1953 1954 1955 1956 1957 1958 1959 1960 1961 1962 1963 1964 1965 1966 1967 1968 1969 1970 1971 1972 1973 1974 1975 1976 1977 1978 1979 1980 1981 1982 1983 1984 1985 1986 1987 1988 1989 1990 1991 1992 1993 1994 1995 1996 1997 1998 1999 2000 2001 2002 2003 2004 2005 2006 2007 2008 2009 2010 2011 2012 2013 2014 2015 2016 2017 2018 2019 2020 2021 2022 2023 2024 2025 2026 2027 2028 2029 2030 2031 2032 2033 2034 2035 2036 2037 2038 2039 2040 2041 2042 2043 2044 2045 2046 2047 2048 2049 2050 2051 2052 2053 2054 2055 2056 2057 2058 2059 2060 2061 2062 2063 2064 2065 2066 2067 2068 2069 2070 2071 2072 2073 2074 2075 2076 2077 2078 2079 2080 2081 2082 2083 2084 2085 2086 2087 2088 2089 2090 2091 2092 2093 2094 2095 2096 2097 2098 2099 2100 2101 2102 2103 2104 2105 2106 2107 2108 2109 2110 2111 2112 2113 2114 2115 2116 2117 2118 2119 2120 2121 2122 2123 2124 2125 2126 2127 2128 2129 2130 2131 2132 2133 2134 2135 2136 2137 2138 2139 2140 2141 2142 2143 2144 2145 2146 2147 2148 2149 2150 2151 2152 2153 2154 2155 2156 2157 2158 2159 2160 2161 2162 2163 2164 2165 2166 2167 2168 2169 2170 2171 2172 2173 2174 2175 2176 2177 2178 2179 2180 2181 2182 2183 2184 2185 2186 2187 2188 2189 2190 2191 2192 2193 2194 2195 2196 2197 2198 2199 2200 2201 2202 2203 2204 2205 2206 2207 2208 2209 2210 2211 2212 2213 2214 2215 2216 2217 2218 2219 2220 2221 2222 2223 2224 2225 2226 2227 2228 2229 2230 2231 2232 2233 2234 2235 2236 2237 2238 2239 2240 2241 2242 2243 2244 2245 2246 2247 2248 2249 2250 2251 2252 2253 2254 2255 2256 2257 2258 2259 2260 2261 2262 2263 2264 2265 2266 2267 2268 2269 2270 2271 2272 2273 2274 2275 2276 2277 2278 2279 2280 2281 2282 2283 2284 2285 2286 2287 2288 2289 2290 2291 2292 2293 2294 2295 2296 2297 2298 2299 2300 2301 2302 2303 2304 2305 2306 2307 2308 2309 2310 2311 2312 2313 2314 2315 2316 2317 2318 2319 2320 2321 2322 2323 2324 2325 2326 2327 2328 2329 2330 2331 2332 2333 2334 2335 2336 2337 2338 2339 2340 2341 2342 2343 2344 2345 2346 2347 2348 2349 2350 2351 2352 2353 2354 2355 2356 2357 2358 2359 2360 2361 2362 2363 2364 2365 2366 2367 2368 2369 2370 2371 2372 2373 2374 2375 2376 2377 2378 2379 2380 2381 2382 2383 2384 2385 2386 2387 2388 2389 2390 2391 2392 2393 2394 2395 2396 2397 2398 2399 2400 2401 2402 2403 2404 2405 2406 2407 2408 2409 2410 2411 2412 2413 2414 2415 2416 2417 2418 2419 2420 2421 2422 2423 2424 2425 2426 2427 2428 2429 2430 2431 2432 2433 2434 2435 2436 2437 2438 2439 2440 2441 2442 2443 2444 2445 2446 2447 2448 2449 2450 2451 2452 2453 2454 2455 2456 2457 2458 2459 2460 2461 2462 2463 2464 2465 2466 2467 2468 2469 2470 2471 2472 2473 2474 2475 2476 2477 2478 2479 2480 2481 2482 2483 2484 2485 2486 2487 2488 2489 2490 2491 2492 2493 2494 2495 2496 2497 2498 2499 2500 2501 2502 2503 2504 2505 2506 2507 2508 2509 2510 2511 2512 2513 2514 2515 2516 2517 2518 2519 2520 2521 2522 2523 2524 2525 2526 2527 2528 2529 2530 2531 2532 2533 2534 2535 2536 2537 2538 2539 2540 2541 2542 2543 2544 2545 2546 2547 2548 2549 2550 2551 2552 2553 2554 2555 2556 2557 2558 2559 2560 2561 2562 2563 2564 2565 2566 2567 2568 2569 2570 2571 2572 2573 2574 2575 2576 2577 2578 2579 2580 2581 2582 2583 2584 2585 2586 2587 2588 2589 2590 2591 2592 2593 2594 2595 2596 2597 2598 2599 2600 2601 2602 2603 2604 2605 2606 2607 2608 2609 2610 2611 2612 2613 2614 2615 2616 2617 2618 2619 2620 2621 2622 2623 2624 2625 2626 2627 2628 2629 2630 2631 2632 2633 2634 2635 2636 2637 2638 2639 2640 2641 2642 2643 2644 2645 2646 2647 2648 2649 2650 2651 2652 2653 2654 2655 2656 2657 2658 2659 2660 2661 2662 2663 2664 2665 2666 2667 2668 2669 2670 2671 2672 2673 2674 2675 2676 2677 2678 2679 2680 2681 2682 2683 2684 2685 2686 2687 2688 2689 2690 2691 2692 2693 2694 2695 2696 2697 2698 2699 2700 2701 2702 2703 2704 2705 2706 2707 2708 2709 2710 2711 2712 2713 2714 2715 2716 2717 2718 2719 2720 2721 2722 2723 2724 2725 2726 2727 2728 2729 2730 2731 2732 2733 2734 2735 2736 2737 2738 2739 2740 2741 2742 2743 2744 2745 2746 2747 2748 2749 2750 2751 2752 2753 2754 2755 2756 2757 2758 2759 2760 2761 2762 2763 2764 2765 2766 2767 2768 2769 2770 2771 2772 2773 2774 2775 2776 2777 2778 2779 2780 2781 2782 2783 2784 2785 2786 2787 2788 2789 2790 2791 2792 2793 2794 2795 2796 2797 2798 2799 2800 2801 2802 2803 2804 2805 2806 2807 2808 2809 2810 2811 2812 2813 2814 2815 2816 2817 2818 2819 2820 2821 2822 2823 2824 2825 2826 2827 2828 2829 2830 2831 2832 2833 2834 2835 2836 2837 2838 2839 2840 2841 2842 2843 2844 2845 2846 2847 2848 2849 2850 2851 2852 2853 2854 2855 2856 2857 2858 2859 2860 2861 2862 2863 2864 2865 2866 2867 2868 2869 2870 2871 2872 2873 2874 2875 2876 2877 2878 2879 2880 2881 2882 2883 2884 2885 2886 2887 2888 2889 2890 2891 2892 2893 2894 2895 2896 2897 2898 2899 2900 2901 2902 2903 2904 2905 2906 2907 2908 2909 2910 2911 2912 2913 2914 2915 2916 2917 2918 2919 2920 2921 2922 2923 2924 2925 2926 2927 2928 2929 2930 2931 2932 2933 2934 2935 2936 2937 2938 2939 2940 2941 2942 2943 2944 2945 2946 2947 2948 2949 2950 2951 2952 2953 2954 2955 2956 2957 2958 2959 2960 2961 2962 2963 2964 2965 2966 2967 2968 2969 2970 2971 2972 2973 2974 2975 2976 2977 2978 2979 2980 2981 2982 2983 2984 2985 2986 2987 2988 2989 2990 2991 2992 2993 2994 2995 2996 2997 2998 2999 3000 3001 3002 3003 3004 3005 3006 3007 3008 3009 3010 3011 3012 3013 3014 3015 3016 3017 3018 3019 3020 3021 3022 3023 3024 3025 3026 3027 3028 3029 3030 3031 3032 3033 3034 3035 3036 3037 3038 3039 3040 3041 3042 3043 3044 3045 3046 3047 3048 3049 3050 3051 3052 3053 3054 3055 3056 3057 3058 3059 3060 3061 3062 3063 3064 3065 3066 3067 3068 3069 3070 3071 3072 3073 3074 3075 3076 3077 3078 3079 3080 3081 3082 3083 3084 3085 3086 3087 3088 3089 3090 3091 3092 3093 3094 3095 3096 3097 3098 3099 3100 3101 3102 3103 3104 3105 3106 3107 3108 3109 3110 3111 3112 3113 3114 3115 3116 3117 3118 3119 3120 3121 3122 3123 3124 3125 3126 3127 3128 3129 3130 3131 3132 3133 3134 3135 3136 3137 3138 3139 3140 3141 3142 3143 3144 3145 3146 3147 3148 3149 3150 3151 3152 3153 3154 3155 3156 3157 3158 3159 3160 3161 3162 3163 3164 3165 3166 3167 3168 3169 3170 3171 3172 3173 3174 3175 3176 3177 3178 3179 3180 3181 3182 3183 3184 3185 3186 3187 3188 3189 3190 3191 3192 3193 3194 3195 3196 3197 3198 3199 3200 3201 3202 3203 3204 3205 3206 3207 3208 3209 3210 3211 3212 3213 3214 3215 3216 3217 3218 3219 3220 3221 3222 3223 3224 3225 3226 3227 3228 3229 3230 3231 3232 3233 3234 3235 3236 3237 3238 3239 3240 3241 3242 3243 3244 3245 3246 3247 3248 3249 3250 3251 3252 3253 3254 3255 3256 3257 3258 3259 3260 3261 3262 3263 3264 3265 3266 3267 3268 3269 3270 3271 3272 3273 3274 3275 3276 3277 3278 3279 3280 3281 3282 3283 3284 3285 3286 3287 3288 3289 3290 3291 3292 3293 3294 3295 3296 3297 3298 3299 3300 3301 3302 3303 3304 3305 3306 3307 3308 3309 3310 3311 3312 3313 3314 3315 3316 3317 3318 3319 3320 3321 3322 3323 3324 3325 3326 3327 3328 3329 3330 3331 3332 3333 3334 3335 3336 3337 3338 3339 3340 3341 3342 3343 3344 3345 3346 3347 3348 3349 3350 3351 3352 3353 3354 3355 3356 3357 3358 3359 3360 3361 3362 3363 3364 3365 3366 3367 3368 3369 3370 3371 3372 3373 3374 3375 3376 3377 3378 3379 3380 3381 3382 3383 3384 3385 3386 3387 3388 3389 3390 3391 3392 3393 3394 3395 3396 3397 3398 3399 3400 3401 3402 3403 3404 3405 3406 3407 3408 3409 3410 3411 3412 3413 3414 3415 3416 3417 3418 3419 3420 3421 3422 3423 3424 3425 3426 3427 3428 3429 3430 3431 3432 3433 3434 3435 3436 3437 3438 3439 3440 3441 3442 3443 3444 3445 3446 3447 3448 3449 3450 3451 3452 3453 3454 3455 3456 3457 3458 3459 3460 3461 3462 3463 3464 3465 3466 3467 3468 3469 3470 3471 3472 3473 3474 3475 3476 3477 3478 3479 3480 3481 3482 3483 3484 3485 3486 3487 3488 3489 3490 3491 3492 3493 3494 3495 3496 3497 3498 3499 3500 3501 3502 3503 3504 3505 3506 3507 3508 3509 3510 3511 3512 3513 3514 3515 3516 3517 3518 3519 3520 3521 3522 3523 3524 3525 3526 3527 3528 3529 3530 3531 3532 3533 3534 3535 3536 3537 3538 3539 3540 3541 3542 3543 3544 3545 3546 3547 3548 3549 3550 3551 3552 3553 3554 3555 3556 3557 3558 3559 3560 3561 3562 3563 3564 3565 3566 3567 3568 3569 3570 3571 3572 3573 3574 3575 3576 3577 3578 3579 3580 3581 3582 3583 3584 3585 3586 3587 3588 3589 3590 3591 3592 3593 3594 3595 3596 3597 3598 3599 3600 3601 3602 3603 3604 3605 3606 3607 3608 3609 3610 3611 3612 3613 3614 3615 3616 3617 3618 3619 3620 3621 3622 3623 3624 3625 3626 3627 3628 3629 3630 3631 3632 3633 3634 3635 3636 3637 3638 3639 3640 3641 3642 3643 3644 3645 3646 3647 3648 3649 3650 3651 3652 3653 3654 3655 3656 3657 3658 3659 3660 3661 3662 3663 3664 3665 3666 3667 3668 3669 3670 3671 3672 3673 3674 3675 3676 3677 3678 3679 3680 3681 3682 3683 3684 3685 3686 3687 3688 3689 3690 3691 3692 3693 3694 3695 3696 3697 3698 3699 3700 3701 3702 3703 3704 3705 3706 3707 3708 3709 3710 3711 3712 3713 3714 3715 3716 3717 3718 3719 3720 3721 3722 3723 3724 3725 3726 3727 3728 3729 3730 3731 3732 3733 3734 3735 3736 3737 3738 3739 3740 3741 3742 3743 3744 3745 3746 3747 3748 3749 3750 3751 3752 3753 3754 3755 3756 3757 3758 3759 3760 3761 3762 3763 3764 3765 3766 3767 3768 3769 3770 3771 3772 3773 3774 3775 3776 3777 3778 3779 3780 3781 3782 3783 3784 3785 3786 3787 3788 3789 3790 3791 3792 3793 3794 3795 3796 3797 3798 3799 3800 3801 3802 3803 3804 3805 3806 3807 3808 3809 3810 3811 3812 3813 3814 3815 3816 3817 3818 3819 3820 3821 3822 3823 3824 3825 3826 3827 3828 3829 3830 3831 3832 3833 3834 3835 3836 3837 3838 3839 3840 3841 3842 3843 3844 3845 3846 3847 3848 3849 3850 3851 3852 3853 3854 3855 3856 3857 3858 3859 3860 3861 3862 3863 3864 3865 3866 3867 3868 3869 3870 3871 3872 3873 3874 3875 3876 3877 3878 3879 3880 3881 3882 3883 3884 3885 3886 3887 3888 3889 3890 3891 3892 3893 3894 3895 3896 3897 3898 3899 3900 3901 3902 3903 3904 3905 3906 3907 3908 3909 3910 3911 3912 3913 3914 3915 3916 3917 3918 3919 3920 3921 3922 3923 3924 3925 3926 3927 3928 3929 3930 3931 3932 3933 3934 3935 3936 3937 3938 3939 3940 3941 3942 3943 3944 3945 3946 3947 3948 3949 3950 3951 3952 3953 3954 3955 3956 3957 3958 3959 3960 3961 3962 3963 3964 3965 3966 3967 3968 3969 3970 3971 3972 3973 3974 3975 3976 3977 3978 3979 3980 3981 3982 3983 3984 3985 3986 3987 3988 3989 3990 3991 3992 3993 3994 3995 3996 3997 3998 3999 4000 4001 4002 4003 4004 4005 4006 4007 4008 4009 4010 4011 4012 4013 4014 4015 4016 4017 4018 4019 4020 4021 4022 4023 4024 4025 4026 4027 4028 4029 4030 4031 4032 4033 4034 4035 4036 4037 4038 4039 4040 4041 4042 4043 4044 4045 4046 4047 4048 4049 4050 4051 4052 4053 4054 4055 4056 4057 4058 4059 4060 4061 4062 4063 4064 4065 4066 4067 4068 4069 4070 4071 4072 4073 4074 4075 4076 4077 4078 4079 4080 4081 4082 4083 4084 4085 4086 4087 4088 4089 4090 4091 4092 4093 4094 4095 4096 4097 4098 4099 4100 4101 4102 4103 4104 4105 4106 4107 4108 4109 4110 4111 4112 4113 4114 4115 4116 4117 4118 4119 4120 4121 4122 4123 4124 4125 4126 4127 4128 4129 4130 4131 4132 4133 4134 4135 4136 4137 4138 4139 4140 4141 4142 4143 4144 4145 4146 4147 4148 4149 4150 4151 4152 4153 4154 4155 4156 4157 4158 4159 4160 4161 4162 4163 4164 4165 4166 4167 4168 4169 4170 4171 4172 4173 4174 4175 4176 4177 4178 4179 4180 4181 4182 4183 4184 4185 4186 4187 4188 4189 4190 4191 4192 4193 4194 4195 4196 4197 4198 4199 4200 4201 4202 4203 4204 4205 4206 4207 4208 4209 4210 4211 4212 4213 4214 4215 4216 4217 4218 4219 4220 4221 4222 4223 4224 4225 4226 4227 4228 4229 4230 4231 4232 4233 4234 4235 4236 4237 4238 4239 4240 4241 4242 4243 4244 4245 4246 4247 4248 4249 4250 4251 4252 4253 4254 4255 4256 4257 4258 4259 4260 4261 4262 4263 4264 4265 4266 4267 4268 4269 4270 4271 4272 4273 4274 4275 4276 4277 4278 4279 4280 4281 4282 4283 4284 4285 4286 4287 4288 4289 4290 4291 4292 4293 4294 4295 4296 4297 4298 4299 4300 4301 4302 4303 4304 4305 4306 4307 4308 4309 4310 4311 4312 4313 4314 4315 4316 4317 4318 4319 4320 4321 4322 4323 4324 4325 4326 4327 4328 4329 4330 4331 4332 4333 4334 4335 4336 4337 4338 4339 4340 4341 4342 4343 4344 4345 4346 4347 4348 4349 4350 4351 4352 4353 4354 4355 4356 4357 4358 4359 4360 4361 4362 4363 4364 4365 4366 4367 4368 4369 4370 4371 4372 4373 4374 4375 4376 4377 4378 4379 4380 4381 4382 4383 4384 4385 4386 4387 4388 4389 4390 4391 4392 4393 4394 4395 4396 4397 4398 4399 4400 4401 4402 4403 4404 4405 4406 4407 4408 4409 4410 4411 4412 4413 4414 4415 4416 4417 4418 4419 4420 4421 4422 4423 4424 4425 4426 4427 4428 4429 4430 4431 4432 4433 4434 4435 4436 4437 4438 4439 4440 4441 4442 4443 4444 4445 4446 4447 4448 4449 4450 4451 4452 4453 4454 4455 4456 4457 4458 4459 4460 4461 4462 4463 4464 4465 4466 4467 4468 4469 4470 4471 4472 4473 4474 4475 4476 4477 4478 4479 4480 4481 4482 4483 4484 4485 4486 4487 4488 4489 4490 4491 4492 4493 4494 4495 4496 4497 4498 4499 4500 4501 4502 4503 4504 4505 4506 4507 4508 4509 4510 4511 4512 4513 4514 4515 4516 4517 4518 4519 4520 4521 4522 4523 4524 4525 4526 4527 4528 4529 4530 4531 4532 4533 4534 4535 4536 4537 4538 4539 4540 4541 4542 4543 4544 4545 4546 4547 4548 4549 4550 4551 4552 4553 4554 4555 4556 4557 4558 4559 4560 4561 4562 4563 4564 4565 4566 4567 4568 4569 4570 4571 4572 4573 4574 4575 4576 4577 4578 4579 4580 4581 4582 4583 4584 4585 4586 4587 4588 4589 4590 4591 4592 4593 4594 4595 4596 4597 4598 4599 4600 4601 4602 4603 4604 4605 4606 4607 4608 4609 4610 4611 4612 4613 4614 4615 4616 4617 4618 4619 4620 4621 4622 4623 4624 4625 4626 4627 4628 4629 4630 4631 4632 4633 4634 4635 4636 4637 4638 4639 4640 4641 4642 4643 4644 4645 4646 4647 4648 4649 4650 4651 4652 4653 4654 4655 4656 4657 4658 4659 4660 4661 4662 4663 4664 4665 4666 4667 4668 4669 4670 4671 4672 4673 4674 4675 4676 4677 4678 4679 4680 4681 4682 4683 4684 4685 4686 4687 4688 4689 4690 4691 4692 4693 4694 4695 4696 4697 4698 4699 4700 4701 4702 4703 4704 4705 4706 4707 4708 4709 4710 4711 4712 4713 4714 4715 4716 4717 4718 4719 4720 4721 4722 4723 4724 4725 4726 4727 4728 4729 4730 4731 4732 4733 4734 4735 4736 4737 4738 4739 4740 4741 4742 4743 4744 4745 4746 4747 4748 4749 4750 4751 4752 4753 4754 4755 4756 4757 4758 4759 4760 4761 4762 4763 4764 4765 4766 4767 4768 4769 4770 4771 4772 4773 4774 4775 4776 4777 4778 4779 4780 4781 4782 4783 4784 4785 4786 4787 4788 4789 4790 4791 4792 4793 4794 4795 4796 4797 4798 4799 4800 4801 4802 4803 4804 4805 4806 4807 4808 4809 4810 4811 4812 4813 4814 4815 4816 4817 4818 4819 4820 4821 4822 4823 4824 4825 4826 4827 4828 4829 4830 4831 4832 4833 4834 4835 4836 4837 4838 4839 4840 4841 4842 4843 4844 4845 4846 4847 4848 4849 4850 4851 4852 4853 4854 4855 4856 4857 4858 4859 4860 4861 4862 4863 4864 4865 4866 4867 4868 4869 4870 4871 4872 4873 4874 4875 4876 4877 4878 4879 4880 4881 4882 4883 4884 4885 4886 4887 4888 4889 4890 4891 4892 4893 4894 4895 4896 4897 4898 4899 4900 4901 4902 4903 4904 4905 4906 4907 4908 4909 4910 4911 4912 4913 4914 4915 4916 4917 4918 4919 4920 4921 4922 4923 4924 4925 4926 4927 4928 4929 4930 4931 4932 4933 4934 4935 4936 4937 4938 4939 4940 4941 4942 4943 4944 4945 4946 4947 4948 4949 4950 4951 4952 4953 4954 4955 4956 4957 4958 4959 4960 4961 4962 4963 4964 4965 4966 4967 4968 4969 4970 4971 4972 4973 4974 4975 4976 4977 4978 4979 4980 4981 4982 4983 4984 4985 4986 4987 4988 4989 4990 4991 4992 4993 4994 4995 4996 4997 4998 4999 5000 5001 5002 5003 5004 5005 5006 5007 5008 5009 5010 5011 5012 5013 5014 5015 5016 5017 5018 5019 5020 5021 5022 5023 5024 5025 5026 5027 5028 5029 5030 5031 5032 5033 5034 5035 5036 5037 5038 5039 5040 5041 5042 5043 5044 5045 5046 5047 5048 5049 5050 5051 5052 5053 5054 5055 5056 5057 5058 5059 5060 5061 5062 5063 5064 5065 5066 5067 5068 5069 5070 5071 5072 5073 5074 5075 5076 5077 5078 5079 5080 5081 5082 5083 5084 5085 5086 5087 5088 5089 5090 5091 5092 5093 5094 5095 5096 5097 5098 5099 5100 5101 5102 5103 5104 5105 5106 5107 5108 5109 5110 5111 5112 5113 5114 5115 5116 5117 5118 5119 5120 5121 5122 5123 5124 5125 5126 5127 5128 5129 5130 5131 5132 5133 5134 5135 5136 5137 5138 5139 5140 5141 5142 5143 5144 5145 5146 5147 5148 5149 5150 5151 5152 5153 5154 5155 5156 5157 5158 5159 5160 5161 5162 5163 5164 5165 5166 5167 5168 5169 5170 5171 5172 5173 5174 5175 5176 5177 5178 5179 5180 5181 5182 5183 5184 5185 5186 5187 5188 5189 5190 5191 5192 5193 5194 5195 5196 5197 5198 5199 5200 5201 5202 5203 5204 5205 5206 5207 5208 5209 5210 5211 5212 5213 5214 5215 5216 5217 5218 5219 5220 5221 5222 5223 5224 5225 5226 5227 5228 5229 5230 5231 5232 5233 5234 5235 5236 5237 5238 5239 5240 5241 5242 5243 5244 5245 5246 5247 5248 5249 5250 5251 5252 5253 5254 5255 5256 5257 5258 5259 5260 5261 5262 5263 5264 5265 5266 5267 5268 5269 5270 5271 5272 5273 5274 5275 5276 5277 5278 5279 5280 5281 5282 5283 5284 5285 5286 5287 5288 5289 5290 5291 5292 5293 5294 5295 5296 5297 5298 5299 5300 5301 5302 5303 5304 5305 5306 5307 5308 5309 5310 5311 5312 5313 5314 5315 5316 5317 5318 5319 5320 5321 5322 5323 5324 5325 5326 5327 5328 5329 5330 5331 5332 5333 5334 5335 5336 5337 5338 5339 5340 5341 5342 5343 5344 5345 5346 5347 5348 5349 5350 5351 5352 5353 5354 5355 5356 5357 5358 5359 5360 5361 5362 5363 5364 5365 5366 5367 5368 5369 5370 5371 5372 5373 5374 5375 5376 5377 5378 5379 5380 5381 5382 5383 5384 5385 5386 5387 5388 5389 5390 5391 5392 5393 5394 5395 5396 5397 5398 5399 5400 5401 5402 5403 5404 5405 5406 5407 5408 5409 5410 5411 5412 5413 5414 5415 5416 5417 5418 5419 5420 5421 5422 5423 5424 5425 5426 5427 5428 5429 5430 5431 5432 5433 5434 5435 5436 5437 5438 5439 5440 5441 5442 5443 5444 5445 5446 5447 5448 5449 5450 5451 5452 5453 5454 5455 5456 5457 5458 5459 5460 5461 5462 5463 5464 5465 5466 5467 5468 5469 5470 5471 5472 5473 5474 5475 5476 5477 5478 5479 5480 5481 5482 5483 5484 5485 5486 5487 5488 5489 5490 5491 5492 5493 5494 5495 5496 5497 5498 5499 5500 5501 5502 5503 5504 5505 5506 5507 5508 5509 5510 5511 5512 5513 5514 5515 5516 5517 5518 5519 5520 5521 5522 5523 5524 5525 5526 5527 5528 5529 5530 5531 5532 5533 5534 5535 5536 5537 5538 5539 5540 5541 5542 5543 5544 5545 5546 5547 5548 5549 5550 5551 5552 5553 5554 5555 5556 5557 5558 5559 5560 5561 5562 5563 5564 5565 5566 5567 5568 5569 5570 5571 5572 5573 5574 5575 5576 5577 5578 5579 5580 5581 5582 5583 5584 5585 5586 5587 5588 5589 5590 5591 5592 5593 5594 5595 5596 5597 5598 5599 5600 5601 5602 5603 5604 5605 5606 5607 5608 5609 5610 5611 5612 5613 5614 5615 5616 5617 5618 5619 5620 5621 5622 5623 5624 5625 5626 5627 5628 5629 5630 5631 5632 5633 5634 5635 5636 5637 5638 5639 5640 5641 5642 5643 5644 5645 5646 5647 5648 5649 5650 5651 5652 5653 5654 5655 5656 5657 5658 5659 5660 5661 5662 5663 5664 5665 5666 5667 5668 5669 5670 5671 5672 5673 5674 5675 5676 5677 5678 5679 5680 5681 5682 5683 5684 5685 5686 5687 5688 5689 5690 5691 5692 5693 5694 5695 5696 5697 5698 5699 5700 5701 5702 5703 5704 5705 5706 5707 5708 5709 5710 5711 5712 5713 5714 5715 5716 5717 5718 5719 5720 5721 5722 5723 5724 5725 5726 5727 5728 5729 5730 5731 5732 5733 5734 5735 5736 5737 5738 5739 5740 5741 5742 5743 5744 5745 5746 5747 5748 5749 5750 5751 5752 5753 5754 5755 5756 5757 5758 5759 5760 5761 5762 5763 5764 5765 5766 5767 5768 5769 5770 5771 5772 5773 5774 5775 5776 5777 5778 5779 5780 5781 5782 5783 5784 5785 5786 5787 5788 5789 5790 5791 5792 5793 5794 5795 5796 5797 5798 5799 5800 5801 5802 5803 5804 5805 5806 5807 5808 5809 5810 5811 5812 5813 5814 5815 5816 5817 5818 5819 5820 5821 5822 5823 5824 5825 5826 5827 5828 5829 5830 5831 5832 5833 5834 5835 5836 5837 5838 5839 5840 5841 5842 5843 5844 5845 5846 5847 5848 5849 5850 5851 5852 5853 5854 5855 5856 5857 5858 5859 5860 5861 5862 5863 5864 5865 5866 5867 5868 5869 5870 5871 5872 5873 5874 5875 5876 5877 5878 5879 5880 5881 5882 5883 5884 5885 5886 5887 5888 5889 5890 5891 5892 5893 5894 5895 5896 5897 5898 5899 5900 5901 5902 5903 5904 5905 5906 5907 5908 5909 5910 5911 5912 5913 5914 5915 5916 5917 5918 5919 5920 5921 5922 5923 5924 5925 5926 5927 5928 5929 5930 5931 5932 5933 5934 5935 5936 5937 5938 5939 5940 5941 5942 5943 5944 5945 5946 5947 5948 5949 5950 5951 5952 5953 5954 5955 5956 5957 5958 5959 5960 5961 5962 5963 5964 5965 5966 5967 5968 5969 5970 5971 5972 5973 5974 5975 5976 5977 5978 5979 5980 5981 5982 5983 5984 5985 5986 5987 5988 5989 5990 5991 5992 5993 5994 5995 5996 5997 5998 5999 6000 6001 6002 6003 6004 6005 6006 6007 6008 6009 6010 6011 6012 6013 6014 6015 6016 6017 6018 6019 6020 6021 6022 6023 6024 6025 6026 6027 6028 6029 6030 6031 6032 6033 6034 6035 6036 6037 6038 6039 6040 6041 6042 6043 6044 6045 6046 6047 6048 6049 6050 6051 6052 6053 6054 6055 6056 6057 6058 6059 6060 6061 6062 6063 6064 6065 6066 6067 6068 6069 6070 6071 6072 6073 6074 6075 6076 6077 6078 6079 6080 6081 6082 6083 6084 6085 6086 6087 6088 6089 6090 6091 6092 6093 6094 6095 6096 6097 6098 6099 6100 6101 6102 6103 6104 6105 6106 6107 6108 6109 6110 6111 6112 6113 6114 6115 6116 6117 6118 6119 6120 6121 6122 6123 6124 6125 6126 6127 6128 6129 6130 6131 6132 6133 6134 6135 6136 6137 6138 6139 6140 6141 6142 6143 6144 6145 6146 6147 6148 6149 6150 6151 6152 6153 6154 6155 6156 6157 6158 6159 6160 6161 6162 6163 6164 6165 6166 6167 6168 6169 6170 6171 6172 6173 6174 6175 6176 6177 6178 6179 6180 6181 6182 6183 6184 6185 6186 6187 6188 6189 6190 6191 6192 6193 6194 6195 6196 6197 6198 6199 6200 6201 6202 6203 6204 6205 6206 6207 6208 6209 6210 6211 6212 6213 6214 6215 6216 6217 6218 6219 6220 6221 6222 6223 6224 6225 6226 6227 6228 6229 6230 6231 6232 6233 6234 6235 6236 6237 6238 6239 6240 6241 6242 6243 6244 6245 6246 6247 6248 6249 6250 6251 6252 6253 6254 6255 6256 6257 6258 6259 6260 6261 6262 6263 6264 6265 6266 6267 6268 6269 6270 6271 6272 6273 6274 6275 6276 6277 6278 6279 6280 6281 6282 6283 6284 6285 6286 6287 6288 6289 6290 6291 6292 6293 6294 6295 6296 6297 6298 6299 6300 6301 6302 6303 6304 6305 6306 6307 6308 6309 6310 6311 6312 6313 6314 6315 6316 6317 6318 6319 6320 6321 6322 6323 6324 6325 6326 6327 6328 6329 6330 6331 6332 6333 6334 6335 6336 6337 6338 6339 6340 6341 6342 6343 6344 6345 6346 6347 6348 6349 6350 6351 6352 6353 6354 6355 6356 6357 6358 6359 6360 6361 6362 6363 6364 6365 6366 6367 6368 6369 6370 6371 6372 6373 6374 6375 6376 6377 6378 6379 6380 6381 6382 6383 6384 6385 6386 6387 6388 6389 6390 6391 6392 6393 6394 6395 6396 6397 6398 6399 6400 6401 6402 6403 6404 6405 6406 6407 6408 6409 6410 6411 6412 6413 6414 6415 6416 6417 6418 6419 6420 6421 6422 6423 6424 6425 6426 6427 6428 6429 6430 6431 6432 6433 6434 6435 6436 6437 6438 6439 6440 6441 6442 6443 6444 6445 6446 6447 6448 6449 6450 6451 6452 6453 6454 6455 6456 6457 6458 6459 6460 6461 6462 6463 6464 6465 6466 6467 6468 6469 6470 6471 6472 6473 6474 6475 6476 6477 6478 6479 6480 6481 6482 6483 6484 6485 6486 6487 6488 6489 6490 6491 6492 6493 6494 6495 6496 6497 6498 6499 6500 6501 6502 6503 6504 6505 6506 6507 6508 6509 6510 6511 6512 6513 6514 6515 6516 6517 6518 6519 6520 6521 6522 6523 6524 6525 6526 6527 6528 6529 6530 6531 6532 6533 6534 6535 6536 6537 6538 6539 6540 6541 6542 6543 6544 6545 6546 6547 6548 6549 6550 6551 6552 6553 6554 6555 6556 6557 6558 6559 6560 6561 6562 6563 6564 6565 6566 6567 6568 6569 6570 6571 6572 6573 6574 6575 6576 6577 6578 6579 6580 6581 6582 6583 6584 6585 6586 6587 6588 6589 6590 6591 6592 6593 6594 6595 6596 6597 6598 6599 6600 6601 6602 6603 6604 6605 6606 6607 6608 6609 6610 6611 6612 6613 6614 6615 6616 6617 6618 6619 6620 6621 6622 6623 6624 6625 6626 6627 6628 6629 6630 6631 6632 6633 6634 6635 6636 6637 6638 6639 6640 6641 6642 6643 6644 6645 6646 6647 6648 6649 6650 6651 6652 6653 6654 6655 6656 6657 6658 6659 6660 6661 6662 6663 6664 6665 6666 6667 6668 6669 6670 6671 6672 6673 6674 6675 6676 6677 6678 6679 6680 6681 6682 6683 6684 6685 6686 6687 6688 6689 6690 6691 6692 6693 6694 6695 6696 6697 6698 6699 6700 6701 6702 6703 6704 6705 6706 6707 6708 6709 6710 6711 6712 6713 6714 6715 6716 6717 6718 6719 6720 6721 6722 6723 6724 6725 6726 6727 6728 6729 6730 6731 6732 6733 6734 6735 6736 6737 6738 6739 6740 6741 6742 6743 6744 6745 6746 6747 6748 6749 6750 6751 6752 6753 6754 6755 </p>
        </polylist>
      </mesh>
    </geometry>
  </library_geometries>
  <library_controllers>
  </library_controllers>
  <library_visual_scenes>
    <visual_scene id="_ySTL_BINARY_" name="&lt;STL_BINARY&gt;">
      <node id="node" name="" type="NODE">
        <matrix sid="matrix">1 0 0 0 0 1 0 0 0 0 1 0 0 0 0 1</matrix>
        <instance_geometry url="#mesh_0">
          <bind_material>
            <technique_common>
              <instance_material symbol="defaultMaterial" target="#DefaultMaterial">
              </instance_material>
            </technique_common>
          </bind_material>
        </instance_geometry>
      </node>
    </visual_scene>
  </library_visual_scenes>
  <scene>
    <instance_visual_scene url="#_ySTL_BINARY_" />
  </scene>
</COLLADA>
