<?xml version="1.0" encoding="UTF-8" standalone="no" ?>
<COLLADA xmlns="http://www.collada.org/2005/11/COLLADASchema" version="1.4.1">
  <asset>
    <contributor>
      <author>Assimp</author>
      <authoring_tool>Assimp Exporter</authoring_tool>
    </contributor>
    <created>2025-12-07T16:34:59</created>
    <modified>2025-12-07T16:34:59</modified>
    <unit name="meter" meter="1" />
    <up_axis>Y_UP</up_axis>
  </asset>
  <library_images>
  </library_images>
  <library_effects>
    <effect id="DefaultMaterial-fx" name="DefaultMaterial">
      <profile_COMMON>
        <technique sid="standard">
          <phong>
            <ambient>
              <color sid="ambient">0.0500000007   0.0500000007   0.0500000007   1</color>
            </ambient>
            <diffuse>
              <color sid="diffuse">1   1   1   1</color>
            </diffuse>
            <specular>
              <color sid="specular">1   1   1   1</color>
            </specular>
          </phong>
        </technique>
      </profile_COMMON>
    </effect>
  </library_effects>
  <library_materials>
    <material id="DefaultMaterial" name="DefaultMaterial">
      <instance_effect url="#DefaultMaterial-fx"/>
    </material>
  </library_materials>
  <library_geometries>
    <geometry id="mesh_0" name="" >
      <mesh>
        <source id="mesh_0-positions" name="mesh_0-positions">
          <float_array id="mesh_0-positions-array" count="10368"> -0.0109069711 0.116146177 -0.00100439636 -0.0184069704 0.116451226 -0.000991077744 -0.0109069711 0.116451226 -0.000991077744 -0.0184069704 0.116451226 -0.000991077744 -0.0184069704 0.116753951 -0.000951223483 -0.0109069711 0.116451226 -0.000991077744 -0.0109069711 0.116451226 -0.000991077744 -0.0184069704 0.116753951 -0.000951223483 -0.0109069711 0.116753951 -0.000951223483 -0.0184069704 0.116753951 -0.000951223483 -0.0184069704 0.117052048 -0.000885136717 -0.0109069711 0.116753951 -0.000951223483 -0.0109069711 0.116753951 -0.000951223483 -0.0184069704 0.117052048 -0.000885136717 -0.0109069711 0.117052048 -0.000885136717 -0.0184069704 0.117052048 -0.000885136717 -0.0184069704 0.117343247 -0.000793320534 -0.0109069711 0.117052048 -0.000885136717 -0.0109069711 0.117052048 -0.000885136717 -0.0184069704 0.117343247 -0.000793320534 -0.0109069711 0.117343247 -0.000793320534 -0.0184069704 0.117343247 -0.000793320534 -0.0184069704 0.117625341 -0.000676473603 -0.0109069711 0.117343247 -0.000793320534 -0.0109069711 0.117343247 -0.000793320534 -0.0184069704 0.117625341 -0.000676473603 -0.0109069711 0.117625341 -0.000676473603 -0.0184069704 0.117625341 -0.000676473603 -0.0184069704 0.117896177 -0.000535485218 -0.0109069711 0.117625341 -0.000676473603 -0.0109069711 0.117625341 -0.000676473603 -0.0184069704 0.117896177 -0.000535485218 -0.0109069711 0.117896177 -0.000535485218 -0.0184069704 0.117896177 -0.000535485218 -0.0184069704 0.118153699 -0.000371428498 -0.0109069711 0.117896177 -0.000535485218 -0.0109069711 0.117896177 -0.000535485218 -0.0184069704 0.118153699 -0.000371428498 -0.0109069711 0.118153699 -0.000371428498 -0.0184069704 0.118153699 -0.000371428498 -0.0184069704 0.118395939 -0.000185551879 -0.0109069711 0.118153699 -0.000371428498 -0.0109069711 0.118153699 -0.000371428498 -0.0184069704 0.118395939 -0.000185551879 -0.0109069711 0.118395939 -0.000185551879 -0.0184069704 0.118395939 -0.000185551879 -0.0184069704 0.118621051 2.07299327e-05 -0.0109069711 0.118395939 -0.000185551879 -0.0109069711 0.118395939 -0.000185551879 -0.0184069704 0.118621051 2.07299327e-05 -0.0109069711 0.118621051 2.07299327e-05 -0.0184069704 0.118621051 2.07299327e-05 -0.0184069704 0.118827336 0.000245847041 -0.0109069711 0.118621051 2.07299327e-05 -0.0109069711 0.118621051 2.07299327e-05 -0.0184069704 0.118827336 0.000245847041 -0.0109069711 0.118827336 0.000245847041 -0.0184069704 0.118827336 0.000245847041 -0.0184069704 0.119013213 0.000488086138 -0.0109069711 0.118827336 0.000245847041 -0.0109069711 0.118827336 0.000245847041 -0.0184069704 0.119013213 0.000488086138 -0.0109069711 0.119013213 0.000488086138 -0.0184069704 0.119013213 0.000488086138 -0.0184069704 0.119177267 0.00074560364 -0.0109069711 0.119013213 0.000488086138 -0.0109069711 0.119013213 0.000488086138 -0.0184069704 0.119177267 0.00074560364 -0.0109069711 0.119177267 0.00074560364 -0.0184069704 0.119177267 0.00074560364 -0.0184069704 0.119318254 0.00101643975 -0.0109069711 0.119177267 0.00074560364 -0.0109069711 0.119177267 0.00074560364 -0.0184069704 0.119318254 0.00101643975 -0.0109069711 0.119318254 0.00101643975 -0.0184069704 0.119318254 0.00101643975 -0.0184069704 0.119435102 0.00129853317 -0.0109069711 0.119318254 0.00101643975 -0.0109069711 0.119318254 0.00101643975 -0.0184069704 0.119435102 0.00129853317 -0.0109069711 0.119435102 0.00129853317 -0.0184069704 0.119435102 0.00129853317 -0.0184069704 0.119526923 0.00158973702 -0.0109069711 0.119435102 0.00129853317 -0.0109069711 0.119435102 0.00129853317 -0.0184069704 0.119526923 0.00158973702 -0.0109069711 0.119526923 0.00158973702 -0.0184069704 0.119526923 0.00158973702 -0.0184069704 0.119593009 0.0018878351 -0.0109069711 0.119526923 0.00158973702 -0.0109069711 0.119526923 0.00158973702 -0.0184069704 0.119593009 0.0018878351 -0.0109069711 0.119593009 0.0018878351 -0.0184069704 0.119593009 0.0018878351 -0.0184069704 0.119632863 0.00219055847 -0.0109069711 0.119593009 0.0018878351 -0.0109069711 0.119593009 0.0018878351 -0.0184069704 0.119632863 0.00219055847 -0.0109069711 0.119632863 0.00219055847 -0.0184069704 0.119632863 0.00219055847 -0.0184069704 0.119646177 0.00249560364 -0.0109069711 0.119632863 0.00219055847 -0.0109069711 0.119632863 0.00219055847 -0.0184069704 0.119646177 0.00249560364 -0.0109069711 0.119646177 0.00249560364 -0.0184069704 0.119646177 0.00249560364 -0.0184069704 0.119632863 0.0028006488 -0.0109069711 0.119646177 0.00249560364 -0.0109069711 0.119646177 0.00249560364 -0.0184069704 0.119632863 0.0028006488 -0.0109069711 0.119632863 0.0028006488 -0.0184069704 0.119632863 0.0028006488 -0.0184069704 0.119593009 0.00310337218 -0.0109069711 0.119632863 0.0028006488 -0.0109069711 0.119632863 0.0028006488 -0.0184069704 0.119593009 0.00310337218 -0.0109069711 0.119593009 0.00310337218 -0.0184069704 0.119593009 0.00310337218 -0.0184069704 0.119526923 0.00340147037 -0.0109069711 0.119593009 0.00310337218 -0.0109069711 0.119593009 0.00310337218 -0.0184069704 0.119526923 0.00340147037 -0.0109069711 0.119526923 0.00340147037 -0.0184069704 0.119526923 0.00340147037 -0.0184069704 0.119435102 0.00369267422 -0.0109069711 0.119526923 0.00340147037 -0.0109069711 0.119526923 0.00340147037 -0.0184069704 0.119435102 0.00369267422 -0.0109069711 0.119435102 0.00369267422 -0.0184069704 0.119435102 0.00369267422 -0.0184069704 0.119318254 0.0039747674 -0.0109069711 0.119435102 0.00369267422 -0.0109069711 0.119435102 0.00369267422 -0.0184069704 0.119318254 0.0039747674 -0.0109069711 0.119318254 0.0039747674 -0.0184069704 0.119318254 0.0039747674 -0.0184069704 0.119177267 0.00424560346 -0.0109069711 0.119318254 0.0039747674 -0.0109069711 0.119318254 0.0039747674 -0.0184069704 0.119177267 0.00424560346 -0.0109069711 0.119177267 0.00424560346 -0.0184069704 0.119177267 0.00424560346 -0.0184069704 0.119013213 0.00450312113 -0.0109069711 0.119177267 0.00424560346 -0.0109069711 0.119177267 0.00424560346 -0.0184069704 0.119013213 0.00450312113 -0.0109069711 0.119013213 0.00450312113 -0.0184069704 0.119013213 0.00450312113 -0.0184069704 0.118827336 0.00474536046 -0.0109069711 0.119013213 0.00450312113 -0.0109069711 0.119013213 0.00450312113 -0.0184069704 0.118827336 0.00474536046 -0.0109069711 0.118827336 0.00474536046 -0.0184069704 0.118827336 0.00474536046 -0.0184069704 0.118621051 0.00497047743 -0.0109069711 0.118827336 0.00474536046 -0.0109069711 0.118827336 0.00474536046 -0.0184069704 0.118621051 0.00497047743 -0.0109069711 0.118621051 0.00497047743 -0.0184069704 0.118621051 0.00497047743 -0.0184069704 0.118395939 0.00517675932 -0.0109069711 0.118621051 0.00497047743 -0.0109069711 0.118621051 0.00497047743 -0.0184069704 0.118395939 0.00517675932 -0.0109069711 0.118395939 0.00517675932 -0.0184069704 0.118395939 0.00517675932 -0.0184069704 0.118153699 0.00536263594 -0.0109069711 0.118395939 0.00517675932 -0.0109069711 0.118395939 0.00517675932 -0.0184069704 0.118153699 0.00536263594 -0.0109069711 0.118153699 0.00536263594 -0.0184069704 0.118153699 0.00536263594 -0.0184069704 0.117896177 0.00552669261 -0.0109069711 0.118153699 0.00536263594 -0.0109069711 0.118153699 0.00536263594 -0.0184069704 0.117896177 0.00552669261 -0.0109069711 0.117896177 0.00552669261 -0.0184069704 0.117896177 0.00552669261 -0.0184069704 0.117625341 0.00566768087 -0.0109069711 0.117896177 0.00552669261 -0.0109069711 0.117896177 0.00552669261 -0.0184069704 0.117625341 0.00566768087 -0.0109069711 0.117625341 0.00566768087 -0.0184069704 0.117625341 0.00566768087 -0.0184069704 0.117343247 0.00578452786 -0.0109069711 0.117625341 0.00566768087 -0.0109069711 0.117625341 0.00566768087 -0.0184069704 0.117343247 0.00578452786 -0.0109069711 0.117343247 0.00578452786 -0.0184069704 0.117343247 0.00578452786 -0.0184069704 0.117052048 0.00587634416 -0.0109069711 0.117343247 0.00578452786 -0.0109069711 0.117343247 0.00578452786 -0.0184069704 0.117052048 0.00587634416 -0.0109069711 0.117052048 0.00587634416 -0.0184069704 0.117052048 0.00587634416 -0.0184069704 0.116753951 0.00594243081 -0.0109069711 0.117052048 0.00587634416 -0.0109069711 0.117052048 0.00587634416 -0.0184069704 0.116753951 0.00594243081 -0.0109069711 0.116753951 0.00594243081 -0.0184069704 0.116753951 0.00594243081 -0.0184069704 0.116451226 0.0059822849 -0.0109069711 0.116753951 0.00594243081 -0.0109069711 0.116753951 0.00594243081 -0.0184069704 0.116451226 0.0059822849 -0.0109069711 0.116451226 0.0059822849 -0.0184069704 0.116451226 0.0059822849 -0.0184069704 0.116146177 0.00599560374 -0.0109069711 0.116451226 0.0059822849 -0.0109069711 0.116451226 0.0059822849 -0.0184069704 0.116146177 0.00599560374 -0.0109069711 0.116146177 0.00599560374 -0.0184069704 0.116146177 0.00599560374 -0.0184069704 0.115841135 0.0059822849 -0.0109069711 0.116146177 0.00599560374 -0.0109069711 0.116146177 0.00599560374 -0.0184069704 0.115841135 0.0059822849 -0.0109069711 0.115841135 0.0059822849 -0.0184069704 0.115841135 0.0059822849 -0.0184069704 0.115538411 0.00594243081 -0.0109069711 0.115841135 0.0059822849 -0.0109069711 0.115841135 0.0059822849 -0.0184069704 0.115538411 0.00594243081 -0.0109069711 0.115538411 0.00594243081 -0.0184069704 0.115538411 0.00594243081 -0.0184069704 0.115240313 0.00587634416 -0.0109069711 0.115538411 0.00594243081 -0.0109069711 0.115538411 0.00594243081 -0.0184069704 0.115240313 0.00587634416 -0.0109069711 0.115240313 0.00587634416 -0.0184069704 0.115240313 0.00587634416 -0.0184069704 0.114949107 0.00578452786 -0.0109069711 0.115240313 0.00587634416 -0.0109069711 0.115240313 0.00587634416 -0.0184069704 0.114949107 0.00578452786 -0.0109069711 0.114949107 0.00578452786 -0.0184069704 0.114949107 0.00578452786 -0.0184069704 0.114667013 0.00566768087 -0.0109069711 0.114949107 0.00578452786 -0.0109069711 0.114949107 0.00578452786 -0.0184069704 0.114667013 0.00566768087 -0.0109069711 0.114667013 0.00566768087 -0.0184069704 0.114667013 0.00566768087 -0.0184069704 0.114396177 0.00552669261 -0.0109069711 0.114667013 0.00566768087 -0.0109069711 0.114667013 0.00566768087 -0.0184069704 0.114396177 0.00552669261 -0.0109069711 0.114396177 0.00552669261 -0.0184069704 0.114396177 0.00552669261 -0.0184069704 0.114138663 0.00536263594 -0.0109069711 0.114396177 0.00552669261 -0.0109069711 0.114396177 0.00552669261 -0.0184069704 0.114138663 0.00536263594 -0.0109069711 0.114138663 0.00536263594 -0.0184069704 0.114138663 0.00536263594 -0.0184069704 0.113896422 0.00517675932 -0.0109069711 0.114138663 0.00536263594 -0.0109069711 0.114138663 0.00536263594 -0.0184069704 0.113896422 0.00517675932 -0.0109069711 0.113896422 0.00517675932 -0.0184069704 0.113896422 0.00517675932 -0.0184069704 0.113671303 0.00497047743 -0.0109069711 0.113896422 0.00517675932 -0.0109069711 0.113896422 0.00517675932 -0.0184069704 0.113671303 0.00497047743 -0.0109069711 0.113671303 0.00497047743 -0.0184069704 0.113671303 0.00497047743 -0.0184069704 0.113465026 0.00474536046 -0.0109069711 0.113671303 0.00497047743 -0.0109069711 0.113671303 0.00497047743 -0.0184069704 0.113465026 0.00474536046 -0.0109069711 0.113465026 0.00474536046 -0.0184069704 0.113465026 0.00474536046 -0.0184069704 0.113279149 0.00450312113 -0.0109069711 0.113465026 0.00474536046 -0.0109069711 0.113465026 0.00474536046 -0.0184069704 0.113279149 0.00450312113 -0.0109069711 0.113279149 0.00450312113 -0.0184069704 0.113279149 0.00450312113 -0.0184069704 0.113115087 0.00424560346 -0.0109069711 0.113279149 0.00450312113 -0.0109069711 0.113279149 0.00450312113 -0.0184069704 0.113115087 0.00424560346 -0.0109069711 0.113115087 0.00424560346 -0.0184069704 0.113115087 0.00424560346 -0.0184069704 0.1129741 0.0039747674 -0.0109069711 0.113115087 0.00424560346 -0.0109069711 0.113115087 0.00424560346 -0.0184069704 0.1129741 0.0039747674 -0.0109069711 0.1129741 0.0039747674 -0.0184069704 0.1129741 0.0039747674 -0.0184069704 0.112857252 0.00369267422 -0.0109069711 0.1129741 0.0039747674 -0.0109069711 0.1129741 0.0039747674 -0.0184069704 0.112857252 0.00369267422 -0.0109069711 0.112857252 0.00369267422 -0.0184069704 0.112857252 0.00369267422 -0.0184069704 0.112765439 0.00340147037 -0.0109069711 0.112857252 0.00369267422 -0.0109069711 0.112857252 0.00369267422 -0.0184069704 0.112765439 0.00340147037 -0.0109069711 0.112765439 0.00340147037 -0.0184069704 0.112765439 0.00340147037 -0.0184069704 0.112699352 0.00310337218 -0.0109069711 0.112765439 0.00340147037 -0.0109069711 0.112765439 0.00340147037 -0.0184069704 0.112699352 0.00310337218 -0.0109069711 0.112699352 0.00310337218 -0.0184069704 0.112699352 0.00310337218 -0.0184069704 0.112659499 0.0028006488 -0.0109069711 0.112699352 0.00310337218 -0.0109069711 0.112699352 0.00310337218 -0.0184069704 0.112659499 0.0028006488 -0.0109069711 0.112659499 0.0028006488 -0.0184069704 0.112659499 0.0028006488 -0.0184069704 0.112646177 0.00249560364 -0.0109069711 0.112659499 0.0028006488 -0.0109069711 0.112659499 0.0028006488 -0.0184069704 0.112646177 0.00249560364 -0.0109069711 0.112646177 0.00249560364 -0.0184069704 0.112646177 0.00249560364 -0.0184069704 0.112659499 0.00219055847 -0.0109069711 0.112646177 0.00249560364 -0.0109069711 0.112646177 0.00249560364 -0.0184069704 0.112659499 0.00219055847 -0.0109069711 0.112659499 0.00219055847 -0.0184069704 0.112659499 0.00219055847 -0.0184069704 0.112699352 0.0018878351 -0.0109069711 0.112659499 0.00219055847 -0.0109069711 0.112659499 0.00219055847 -0.0184069704 0.112699352 0.0018878351 -0.0109069711 0.112699352 0.0018878351 -0.0184069704 0.112699352 0.0018878351 -0.0184069704 0.112765439 0.00158973702 -0.0109069711 0.112699352 0.0018878351 -0.0109069711 0.112699352 0.0018878351 -0.0184069704 0.112765439 0.00158973702 -0.0109069711 0.112765439 0.00158973702 -0.0184069704 0.112765439 0.00158973702 -0.0184069704 0.112857252 0.00129853317 -0.0109069711 0.112765439 0.00158973702 -0.0109069711 0.112765439 0.00158973702 -0.0184069704 0.112857252 0.00129853317 -0.0109069711 0.112857252 0.00129853317 -0.0184069704 0.112857252 0.00129853317 -0.0184069704 0.1129741 0.00101643975 -0.0109069711 0.112857252 0.00129853317 -0.0109069711 0.112857252 0.00129853317 -0.0184069704 0.1129741 0.00101643975 -0.0109069711 0.1129741 0.00101643975 -0.0184069704 0.1129741 0.00101643975 -0.0184069704 0.113115087 0.00074560364 -0.0109069711 0.1129741 0.00101643975 -0.0109069711 0.1129741 0.00101643975 -0.0184069704 0.113115087 0.00074560364 -0.0109069711 0.113115087 0.00074560364 -0.0184069704 0.113115087 0.00074560364 -0.0184069704 0.113279149 0.000488086138 -0.0109069711 0.113115087 0.00074560364 -0.0109069711 0.113115087 0.00074560364 -0.0184069704 0.113279149 0.000488086138 -0.0109069711 0.113279149 0.000488086138 -0.0184069704 0.113279149 0.000488086138 -0.0184069704 0.113465026 0.000245847041 -0.0109069711 0.113279149 0.000488086138 -0.0109069711 0.113279149 0.000488086138 -0.0184069704 0.113465026 0.000245847041 -0.0109069711 0.113465026 0.000245847041 -0.0184069704 0.113465026 0.000245847041 -0.0184069704 0.113671303 2.07299327e-05 -0.0109069711 0.113465026 0.000245847041 -0.0109069711 0.113465026 0.000245847041 -0.0184069704 0.113671303 2.07299327e-05 -0.0109069711 0.113671303 2.07299327e-05 -0.0184069704 0.113671303 2.07299327e-05 -0.0184069704 0.113896422 -0.000185551879 -0.0109069711 0.113671303 2.07299327e-05 -0.0109069711 0.113671303 2.07299327e-05 -0.0184069704 0.113896422 -0.000185551879 -0.0109069711 0.113896422 -0.000185551879 -0.0184069704 0.113896422 -0.000185551879 -0.0184069704 0.114138663 -0.000371428498 -0.0109069711 0.113896422 -0.000185551879 -0.0109069711 0.113896422 -0.000185551879 -0.0184069704 0.114138663 -0.000371428498 -0.0109069711 0.114138663 -0.000371428498 -0.0184069704 0.114138663 -0.000371428498 -0.0184069704 0.114396177 -0.000535485218 -0.0109069711 0.114138663 -0.000371428498 -0.0109069711 0.114138663 -0.000371428498 -0.0184069704 0.114396177 -0.000535485218 -0.0109069711 0.114396177 -0.000535485218 -0.0184069704 0.114396177 -0.000535485218 -0.0184069704 0.114667013 -0.000676473603 -0.0109069711 0.114396177 -0.000535485218 -0.0109069711 0.114396177 -0.000535485218 -0.0184069704 0.114667013 -0.000676473603 -0.0109069711 0.114667013 -0.000676473603 -0.0184069704 0.114667013 -0.000676473603 -0.0184069704 0.114949107 -0.000793320534 -0.0109069711 0.114667013 -0.000676473603 -0.0109069711 0.114667013 -0.000676473603 -0.0184069704 0.114949107 -0.000793320534 -0.0109069711 0.114949107 -0.000793320534 -0.0184069704 0.114949107 -0.000793320534 -0.0184069704 0.115240313 -0.000885136717 -0.0109069711 0.114949107 -0.000793320534 -0.0109069711 0.114949107 -0.000793320534 -0.0184069704 0.115240313 -0.000885136717 -0.0109069711 0.115240313 -0.000885136717 -0.0184069704 0.115240313 -0.000885136717 -0.0184069704 0.115538411 -0.000951223483 -0.0109069711 0.115240313 -0.000885136717 -0.0109069711 0.115240313 -0.000885136717 -0.0184069704 0.115538411 -0.000951223483 -0.0109069711 0.115538411 -0.000951223483 -0.0184069704 0.115538411 -0.000951223483 -0.0184069704 0.115841135 -0.000991077744 -0.0109069711 0.115538411 -0.000951223483 -0.0109069711 0.115538411 -0.000951223483 -0.0184069704 0.115841135 -0.000991077744 -0.0109069711 0.115841135 -0.000991077744 -0.0184069704 0.115841135 -0.000991077744 -0.0184069704 0.116146177 -0.00100439636 -0.0109069711 0.115841135 -0.000991077744 -0.0109069711 0.115841135 -0.000991077744 -0.0184069704 0.116146177 -0.00100439636 -0.0109069711 0.116146177 -0.00100439636 -0.0184069704 0.116146177 -0.00100439636 -0.0184069704 0.116451226 -0.000991077744 -0.0109069711 0.116146177 -0.00100439636 -0.0109069711 0.115859658 0.00412053661 -0.0109069711 0.115538411 0.00594243081 -0.0109069711 0.115719125 0.00408938108 -0.0109069711 0.115538411 0.00594243081 -0.0109069711 0.115240313 0.00587634416 -0.0109069711 0.115719125 0.00408938108 -0.0109069711 0.115719125 0.00408938108 -0.0109069711 0.115240313 0.00587634416 -0.0109069711 0.115581848 0.00404609647 -0.0109069711 0.115240313 0.00587634416 -0.0109069711 0.114949107 0.00578452786 -0.0109069711 0.115581848 0.00404609647 -0.0109069711 0.115581848 0.00404609647 -0.0109069711 0.114949107 0.00578452786 -0.0109069711 0.115448862 0.00399101153 -0.0109069711 0.114949107 0.00578452786 -0.0109069711 0.114667013 0.00566768087 -0.0109069711 0.115448862 0.00399101153 -0.0109069711 0.115448862 0.00399101153 -0.0109069711 0.114667013 0.00566768087 -0.0109069711 0.115321182 0.00392454537 -0.0109069711 0.114667013 0.00566768087 -0.0109069711 0.114396177 0.00552669261 -0.0109069711 0.115321182 0.00392454537 -0.0109069711 0.115321182 0.00392454537 -0.0109069711 0.114396177 0.00552669261 -0.0109069711 0.115199782 0.00384720461 -0.0109069711 0.114396177 0.00552669261 -0.0109069711 0.114138663 0.00536263594 -0.0109069711 0.115199782 0.00384720461 -0.0109069711 0.115199782 0.00384720461 -0.0109069711 0.114138663 0.00536263594 -0.0109069711 0.115085579 0.00375957694 -0.0109069711 0.114138663 0.00536263594 -0.0109069711 0.113896422 0.00517675932 -0.0109069711 0.115085579 0.00375957694 -0.0109069711 0.115085579 0.00375957694 -0.0109069711 0.113896422 0.00517675932 -0.0109069711 0.114979453 0.00366232987 -0.0109069711 0.113896422 0.00517675932 -0.0109069711 0.113671303 0.00497047743 -0.0109069711 0.114979453 0.00366232987 -0.0109069711 0.114979453 0.00366232987 -0.0109069711 0.113671303 0.00497047743 -0.0109069711 0.114882208 0.00355620333 -0.0109069711 0.113671303 0.00497047743 -0.0109069711 0.113465026 0.00474536046 -0.0109069711 0.114882208 0.00355620333 -0.0109069711 0.114882208 0.00355620333 -0.0109069711 0.113465026 0.00474536046 -0.0109069711 0.114794582 0.00344200479 -0.0109069711 0.113465026 0.00474536046 -0.0109069711 0.113279149 0.00450312113 -0.0109069711 0.114794582 0.00344200479 -0.0109069711 0.114794582 0.00344200479 -0.0109069711 0.113279149 0.00450312113 -0.0109069711 0.114717238 0.00332060363 -0.0109069711 0.113279149 0.00450312113 -0.0109069711 0.113115087 0.00424560346 -0.0109069711 0.114717238 0.00332060363 -0.0109069711 0.114717238 0.00332060363 -0.0109069711 0.113115087 0.00424560346 -0.0109069711 0.114650771 0.00319292373 -0.0109069711 0.113115087 0.00424560346 -0.0109069711 0.1129741 0.0039747674 -0.0109069711 0.114650771 0.00319292373 -0.0109069711 0.114650771 0.00319292373 -0.0109069711 0.1129741 0.0039747674 -0.0109069711 0.114595689 0.00305993692 -0.0109069711 0.1129741 0.0039747674 -0.0109069711 0.112857252 0.00369267422 -0.0109069711 0.114595689 0.00305993692 -0.0109069711 0.114595689 0.00305993692 -0.0109069711 0.112857252 0.00369267422 -0.0109069711 0.114552401 0.00292265508 -0.0109069711 0.112857252 0.00369267422 -0.0109069711 0.112765439 0.00340147037 -0.0109069711 0.114552401 0.00292265508 -0.0109069711 0.114552401 0.00292265508 -0.0109069711 0.112765439 0.00340147037 -0.0109069711 0.11452125 0.00278212316 -0.0109069711 0.112765439 0.00340147037 -0.0109069711 0.112699352 0.00310337218 -0.0109069711 0.11452125 0.00278212316 -0.0109069711 0.11452125 0.00278212316 -0.0109069711 0.112699352 0.00310337218 -0.0109069711 0.11450246 0.00263941055 -0.0109069711 0.112699352 0.00310337218 -0.0109069711 0.112659499 0.0028006488 -0.0109069711 0.11450246 0.00263941055 -0.0109069711 0.11450246 0.00263941055 -0.0109069711 0.112659499 0.0028006488 -0.0109069711 0.114496179 0.00249560364 -0.0109069711 0.112659499 0.0028006488 -0.0109069711 0.112646177 0.00249560364 -0.0109069711 0.114496179 0.00249560364 -0.0109069711 0.114496179 0.00249560364 -0.0109069711 0.112646177 0.00249560364 -0.0109069711 0.11450246 0.00235179672 -0.0109069711 0.112646177 0.00249560364 -0.0109069711 0.112659499 0.00219055847 -0.0109069711 0.11450246 0.00235179672 -0.0109069711 0.11450246 0.00235179672 -0.0109069711 0.112659499 0.00219055847 -0.0109069711 0.11452125 0.00220908411 -0.0109069711 0.112659499 0.00219055847 -0.0109069711 0.112699352 0.0018878351 -0.0109069711 0.11452125 0.00220908411 -0.0109069711 0.11452125 0.00220908411 -0.0109069711 0.112699352 0.0018878351 -0.0109069711 0.114552401 0.00206855219 -0.0109069711 0.112699352 0.0018878351 -0.0109069711 0.112765439 0.00158973702 -0.0109069711 0.114552401 0.00206855219 -0.0109069711 0.114552401 0.00206855219 -0.0109069711 0.112765439 0.00158973702 -0.0109069711 0.114595689 0.00193127047 -0.0109069711 0.112765439 0.00158973702 -0.0109069711 0.112857252 0.00129853317 -0.0109069711 0.114595689 0.00193127047 -0.0109069711 0.114595689 0.00193127047 -0.0109069711 0.112857252 0.00129853317 -0.0109069711 0.114650771 0.00179828354 -0.0109069711 0.112857252 0.00129853317 -0.0109069711 0.1129741 0.00101643975 -0.0109069711 0.114650771 0.00179828354 -0.0109069711 0.114650771 0.00179828354 -0.0109069711 0.1129741 0.00101643975 -0.0109069711 0.114717238 0.00167060364 -0.0109069711 0.1129741 0.00101643975 -0.0109069711 0.113115087 0.00074560364 -0.0109069711 0.114717238 0.00167060364 -0.0109069711 0.114717238 0.00167060364 -0.0109069711 0.113115087 0.00074560364 -0.0109069711 0.114794582 0.0015492026 -0.0109069711 0.113115087 0.00074560364 -0.0109069711 0.113279149 0.000488086138 -0.0109069711 0.114794582 0.0015492026 -0.0109069711 0.114794582 0.0015492026 -0.0109069711 0.113279149 0.000488086138 -0.0109069711 0.114882208 0.00143500406 -0.0109069711 0.113279149 0.000488086138 -0.0109069711 0.113465026 0.000245847041 -0.0109069711 0.114882208 0.00143500406 -0.0109069711 0.114882208 0.00143500406 -0.0109069711 0.113465026 0.000245847041 -0.0109069711 0.114979453 0.00132887752 -0.0109069711 0.113465026 0.000245847041 -0.0109069711 0.113671303 2.07299327e-05 -0.0109069711 0.114979453 0.00132887752 -0.0109069711 0.114979453 0.00132887752 -0.0109069711 0.113671303 2.07299327e-05 -0.0109069711 0.115085579 0.00123163033 -0.0109069711 0.113671303 2.07299327e-05 -0.0109069711 0.113896422 -0.000185551879 -0.0109069711 0.115085579 0.00123163033 -0.0109069711 0.115085579 0.00123163033 -0.0109069711 0.113896422 -0.000185551879 -0.0109069711 0.115199782 0.00114400277 -0.0109069711 0.113896422 -0.000185551879 -0.0109069711 0.114138663 -0.000371428498 -0.0109069711 0.115199782 0.00114400277 -0.0109069711 0.115199782 0.00114400277 -0.0109069711 0.114138663 -0.000371428498 -0.0109069711 0.115321182 0.00106666179 -0.0109069711 0.114138663 -0.000371428498 -0.0109069711 0.114396177 -0.000535485218 -0.0109069711 0.115321182 0.00106666179 -0.0109069711 0.115321182 0.00106666179 -0.0109069711 0.114396177 -0.000535485218 -0.0109069711 0.115448862 0.00100019586 -0.0109069711 0.114396177 -0.000535485218 -0.0109069711 0.114667013 -0.000676473603 -0.0109069711 0.115448862 0.00100019586 -0.0109069711 0.115448862 0.00100019586 -0.0109069711 0.114667013 -0.000676473603 -0.0109069711 0.115581848 0.000945110864 -0.0109069711 0.114667013 -0.000676473603 -0.0109069711 0.114949107 -0.000793320534 -0.0109069711 0.115581848 0.000945110864 -0.0109069711 0.115581848 0.000945110864 -0.0109069711 0.114949107 -0.000793320534 -0.0109069711 0.115719125 0.000901826075 -0.0109069711 0.114949107 -0.000793320534 -0.0109069711 0.115240313 -0.000885136717 -0.0109069711 0.115719125 0.000901826075 -0.0109069711 0.115719125 0.000901826075 -0.0109069711 0.115240313 -0.000885136717 -0.0109069711 0.115859658 0.00087067089 -0.0109069711 0.115240313 -0.000885136717 -0.0109069711 0.115538411 -0.000951223483 -0.0109069711 0.115859658 0.00087067089 -0.0109069711 0.115859658 0.00087067089 -0.0109069711 0.115538411 -0.000951223483 -0.0109069711 0.116002373 0.000851882389 -0.0109069711 0.115538411 -0.000951223483 -0.0109069711 0.115841135 -0.000991077744 -0.0109069711 0.116002373 0.000851882389 -0.0109069711 0.116002373 0.000851882389 -0.0109069711 0.115841135 -0.000991077744 -0.0109069711 0.116146177 0.000845603645 -0.0109069711 0.115841135 -0.000991077744 -0.0109069711 0.116146177 -0.00100439636 -0.0109069711 0.116146177 0.000845603645 -0.0109069711 0.116146177 0.000845603645 -0.0109069711 0.116146177 -0.00100439636 -0.0109069711 0.116289988 0.000851882389 -0.0109069711 0.116146177 -0.00100439636 -0.0109069711 0.116451226 -0.000991077744 -0.0109069711 0.116289988 0.000851882389 -0.0109069711 0.116289988 0.000851882389 -0.0109069711 0.116451226 -0.000991077744 -0.0109069711 0.116432697 0.00087067089 -0.0109069711 0.116451226 -0.000991077744 -0.0109069711 0.116753951 -0.000951223483 -0.0109069711 0.116432697 0.00087067089 -0.0109069711 0.116432697 0.00087067089 -0.0109069711 0.116753951 -0.000951223483 -0.0109069711 0.116573229 0.000901826075 -0.0109069711 0.116753951 -0.000951223483 -0.0109069711 0.117052048 -0.000885136717 -0.0109069711 0.116573229 0.000901826075 -0.0109069711 0.116573229 0.000901826075 -0.0109069711 0.117052048 -0.000885136717 -0.0109069711 0.116710514 0.000945110864 -0.0109069711 0.117052048 -0.000885136717 -0.0109069711 0.117343247 -0.000793320534 -0.0109069711 0.116710514 0.000945110864 -0.0109069711 0.116710514 0.000945110864 -0.0109069711 0.117343247 -0.000793320534 -0.0109069711 0.116843499 0.00100019586 -0.0109069711 0.117343247 -0.000793320534 -0.0109069711 0.117625341 -0.000676473603 -0.0109069711 0.116843499 0.00100019586 -0.0109069711 0.116843499 0.00100019586 -0.0109069711 0.117625341 -0.000676473603 -0.0109069711 0.11697118 0.00106666179 -0.0109069711 0.117625341 -0.000676473603 -0.0109069711 0.117896177 -0.000535485218 -0.0109069711 0.11697118 0.00106666179 -0.0109069711 0.11697118 0.00106666179 -0.0109069711 0.117896177 -0.000535485218 -0.0109069711 0.11709258 0.00114400277 -0.0109069711 0.117896177 -0.000535485218 -0.0109069711 0.118153699 -0.000371428498 -0.0109069711 0.11709258 0.00114400277 -0.0109069711 0.11709258 0.00114400277 -0.0109069711 0.118153699 -0.000371428498 -0.0109069711 0.117206782 0.00123163033 -0.0109069711 0.118153699 -0.000371428498 -0.0109069711 0.118395939 -0.000185551879 -0.0109069711 0.117206782 0.00123163033 -0.0109069711 0.117206782 0.00123163033 -0.0109069711 0.118395939 -0.000185551879 -0.0109069711 0.117312908 0.00132887752 -0.0109069711 0.118395939 -0.000185551879 -0.0109069711 0.118621051 2.07299327e-05 -0.0109069711 0.117312908 0.00132887752 -0.0109069711 0.117312908 0.00132887752 -0.0109069711 0.118621051 2.07299327e-05 -0.0109069711 0.117410153 0.00143500406 -0.0109069711 0.118621051 2.07299327e-05 -0.0109069711 0.118827336 0.000245847041 -0.0109069711 0.117410153 0.00143500406 -0.0109069711 0.117410153 0.00143500406 -0.0109069711 0.118827336 0.000245847041 -0.0109069711 0.117497779 0.0015492026 -0.0109069711 0.118827336 0.000245847041 -0.0109069711 0.119013213 0.000488086138 -0.0109069711 0.117497779 0.0015492026 -0.0109069711 0.117497779 0.0015492026 -0.0109069711 0.119013213 0.000488086138 -0.0109069711 0.117575124 0.00167060364 -0.0109069711 0.119013213 0.000488086138 -0.0109069711 0.119177267 0.00074560364 -0.0109069711 0.117575124 0.00167060364 -0.0109069711 0.117575124 0.00167060364 -0.0109069711 0.119177267 0.00074560364 -0.0109069711 0.117641591 0.00179828354 -0.0109069711 0.119177267 0.00074560364 -0.0109069711 0.119318254 0.00101643975 -0.0109069711 0.117641591 0.00179828354 -0.0109069711 0.117641591 0.00179828354 -0.0109069711 0.119318254 0.00101643975 -0.0109069711 0.117696673 0.00193127047 -0.0109069711 0.119318254 0.00101643975 -0.0109069711 0.119435102 0.00129853317 -0.0109069711 0.117696673 0.00193127047 -0.0109069711 0.117696673 0.00193127047 -0.0109069711 0.119435102 0.00129853317 -0.0109069711 0.117739961 0.00206855219 -0.0109069711 0.119435102 0.00129853317 -0.0109069711 0.119526923 0.00158973702 -0.0109069711 0.117739961 0.00206855219 -0.0109069711 0.117739961 0.00206855219 -0.0109069711 0.119526923 0.00158973702 -0.0109069711 0.117771111 0.00220908411 -0.0109069711 0.119526923 0.00158973702 -0.0109069711 0.119593009 0.0018878351 -0.0109069711 0.117771111 0.00220908411 -0.0109069711 0.117771111 0.00220908411 -0.0109069711 0.119593009 0.0018878351 -0.0109069711 0.117789902 0.00235179672 -0.0109069711 0.119593009 0.0018878351 -0.0109069711 0.119632863 0.00219055847 -0.0109069711 0.117789902 0.00235179672 -0.0109069711 0.117789902 0.00235179672 -0.0109069711 0.119632863 0.00219055847 -0.0109069711 0.117796183 0.00249560364 -0.0109069711 0.119632863 0.00219055847 -0.0109069711 0.119646177 0.00249560364 -0.0109069711 0.117796183 0.00249560364 -0.0109069711 0.117796183 0.00249560364 -0.0109069711 0.119646177 0.00249560364 -0.0109069711 0.117789902 0.00263941055 -0.0109069711 0.119646177 0.00249560364 -0.0109069711 0.119632863 0.0028006488 -0.0109069711 0.117789902 0.00263941055 -0.0109069711 0.117789902 0.00263941055 -0.0109069711 0.119632863 0.0028006488 -0.0109069711 0.117771111 0.00278212316 -0.0109069711 0.119632863 0.0028006488 -0.0109069711 0.119593009 0.00310337218 -0.0109069711 0.117771111 0.00278212316 -0.0109069711 0.117771111 0.00278212316 -0.0109069711 0.119593009 0.00310337218 -0.0109069711 0.117739961 0.00292265508 -0.0109069711 0.119593009 0.00310337218 -0.0109069711 0.119526923 0.00340147037 -0.0109069711 0.117739961 0.00292265508 -0.0109069711 0.117739961 0.00292265508 -0.0109069711 0.119526923 0.00340147037 -0.0109069711 0.117696673 0.00305993692 -0.0109069711 0.119526923 0.00340147037 -0.0109069711 0.119435102 0.00369267422 -0.0109069711 0.117696673 0.00305993692 -0.0109069711 0.117696673 0.00305993692 -0.0109069711 0.119435102 0.00369267422 -0.0109069711 0.117641591 0.00319292373 -0.0109069711 0.119435102 0.00369267422 -0.0109069711 0.119318254 0.0039747674 -0.0109069711 0.117641591 0.00319292373 -0.0109069711 0.117641591 0.00319292373 -0.0109069711 0.119318254 0.0039747674 -0.0109069711 0.117575124 0.00332060363 -0.0109069711 0.119318254 0.0039747674 -0.0109069711 0.119177267 0.00424560346 -0.0109069711 0.117575124 0.00332060363 -0.0109069711 0.117575124 0.00332060363 -0.0109069711 0.119177267 0.00424560346 -0.0109069711 0.117497779 0.00344200479 -0.0109069711 0.119177267 0.00424560346 -0.0109069711 0.119013213 0.00450312113 -0.0109069711 0.117497779 0.00344200479 -0.0109069711 0.117497779 0.00344200479 -0.0109069711 0.119013213 0.00450312113 -0.0109069711 0.117410153 0.00355620333 -0.0109069711 0.119013213 0.00450312113 -0.0109069711 0.118827336 0.00474536046 -0.0109069711 0.117410153 0.00355620333 -0.0109069711 0.117410153 0.00355620333 -0.0109069711 0.118827336 0.00474536046 -0.0109069711 0.117312908 0.00366232987 -0.0109069711 0.118827336 0.00474536046 -0.0109069711 0.118621051 0.00497047743 -0.0109069711 0.117312908 0.00366232987 -0.0109069711 0.117312908 0.00366232987 -0.0109069711 0.118621051 0.00497047743 -0.0109069711 0.117206782 0.00375957694 -0.0109069711 0.118621051 0.00497047743 -0.0109069711 0.118395939 0.00517675932 -0.0109069711 0.117206782 0.00375957694 -0.0109069711 0.117206782 0.00375957694 -0.0109069711 0.118395939 0.00517675932 -0.0109069711 0.11709258 0.00384720461 -0.0109069711 0.118395939 0.00517675932 -0.0109069711 0.118153699 0.00536263594 -0.0109069711 0.11709258 0.00384720461 -0.0109069711 0.11709258 0.00384720461 -0.0109069711 0.118153699 0.00536263594 -0.0109069711 0.11697118 0.00392454537 -0.0109069711 0.118153699 0.00536263594 -0.0109069711 0.117896177 0.00552669261 -0.0109069711 0.11697118 0.00392454537 -0.0109069711 0.11697118 0.00392454537 -0.0109069711 0.117896177 0.00552669261 -0.0109069711 0.116843499 0.00399101153 -0.0109069711 0.117896177 0.00552669261 -0.0109069711 0.117625341 0.00566768087 -0.0109069711 0.116843499 0.00399101153 -0.0109069711 0.116843499 0.00399101153 -0.0109069711 0.117625341 0.00566768087 -0.0109069711 0.116710514 0.00404609647 -0.0109069711 0.117625341 0.00566768087 -0.0109069711 0.117343247 0.00578452786 -0.0109069711 0.116710514 0.00404609647 -0.0109069711 0.116710514 0.00404609647 -0.0109069711 0.117343247 0.00578452786 -0.0109069711 0.116573229 0.00408938108 -0.0109069711 0.117343247 0.00578452786 -0.0109069711 0.117052048 0.00587634416 -0.0109069711 0.116573229 0.00408938108 -0.0109069711 0.116573229 0.00408938108 -0.0109069711 0.117052048 0.00587634416 -0.0109069711 0.116432697 0.00412053661 -0.0109069711 0.117052048 0.00587634416 -0.0109069711 0.116753951 0.00594243081 -0.0109069711 0.116432697 0.00412053661 -0.0109069711 0.116432697 0.00412053661 -0.0109069711 0.116753951 0.00594243081 -0.0109069711 0.116289988 0.00413932512 -0.0109069711 0.116753951 0.00594243081 -0.0109069711 0.116451226 0.0059822849 -0.0109069711 0.116289988 0.00413932512 -0.0109069711 0.116289988 0.00413932512 -0.0109069711 0.116451226 0.0059822849 -0.0109069711 0.116146177 0.00414560363 -0.0109069711 0.116451226 0.0059822849 -0.0109069711 0.116146177 0.00599560374 -0.0109069711 0.116146177 0.00414560363 -0.0109069711 0.116146177 0.00414560363 -0.0109069711 0.116146177 0.00599560374 -0.0109069711 0.116002373 0.00413932512 -0.0109069711 0.116146177 0.00599560374 -0.0109069711 0.115841135 0.0059822849 -0.0109069711 0.116002373 0.00413932512 -0.0109069711 0.116002373 0.00413932512 -0.0109069711 0.115841135 0.0059822849 -0.0109069711 0.115859658 0.00412053661 -0.0109069711 0.115841135 0.0059822849 -0.0109069711 0.115538411 0.00594243081 -0.0109069711 0.115859658 0.00412053661 -0.0184069704 0.115021177 0.000547046482 -0.0184069704 0.114396177 -0.000535485218 -0.0184069704 0.114855632 0.000652511546 -0.0184069704 0.114396177 -0.000535485218 -0.0184069704 0.114138663 -0.000371428498 -0.0184069704 0.114855632 0.000652511546 -0.0184069704 0.114855632 0.000652511546 -0.0184069704 0.114138663 -0.000371428498 -0.0184069704 0.114699908 0.000772003666 -0.0184069704 0.114138663 -0.000371428498 -0.0184069704 0.113896422 -0.000185551879 -0.0184069704 0.114699908 0.000772003666 -0.0184069704 0.114699908 0.000772003666 -0.0184069704 0.113896422 -0.000185551879 -0.0184069704 0.114555188 0.000904613407 -0.0184069704 0.113896422 -0.000185551879 -0.0184069704 0.113671303 2.07299327e-05 -0.0184069704 0.114555188 0.000904613407 -0.0184069704 0.114555188 0.000904613407 -0.0184069704 0.113671303 2.07299327e-05 -0.0184069704 0.114422582 0.00104933151 -0.0184069704 0.113671303 2.07299327e-05 -0.0184069704 0.113465026 0.000245847041 -0.0184069704 0.114422582 0.00104933151 -0.0184069704 0.114422582 0.00104933151 -0.0184069704 0.113465026 0.000245847041 -0.0184069704 0.11430309 0.00120505667 -0.0184069704 0.113465026 0.000245847041 -0.0184069704 0.113279149 0.000488086138 -0.0184069704 0.11430309 0.00120505667 -0.0184069704 0.11430309 0.00120505667 -0.0184069704 0.113279149 0.000488086138 -0.0184069704 0.114197619 0.00137060368 -0.0184069704 0.113279149 0.000488086138 -0.0184069704 0.113115087 0.00074560364 -0.0184069704 0.114197619 0.00137060368 -0.0184069704 0.114197619 0.00137060368 -0.0184069704 0.113115087 0.00074560364 -0.0184069704 0.11410699 0.00154471258 -0.0184069704 0.113115087 0.00074560364 -0.0184069704 0.1129741 0.00101643975 -0.0184069704 0.11410699 0.00154471258 -0.0184069704 0.11410699 0.00154471258 -0.0184069704 0.1129741 0.00101643975 -0.0184069704 0.114031874 0.00172605831 -0.0184069704 0.1129741 0.00101643975 -0.0184069704 0.112857252 0.00129853317 -0.0184069704 0.114031874 0.00172605831 -0.0184069704 0.114031874 0.00172605831 -0.0184069704 0.112857252 0.00129853317 -0.0184069704 0.11397285 0.00191326078 -0.0184069704 0.112857252 0.00129853317 -0.0184069704 0.112765439 0.00158973702 -0.0184069704 0.11397285 0.00191326078 -0.0184069704 0.11397285 0.00191326078 -0.0184069704 0.112765439 0.00158973702 -0.0184069704 0.113930359 0.00210489519 -0.0184069704 0.112765439 0.00158973702 -0.0184069704 0.112699352 0.0018878351 -0.0184069704 0.113930359 0.00210489519 -0.0184069704 0.113930359 0.00210489519 -0.0184069704 0.112699352 0.0018878351 -0.0184069704 0.113904744 0.00229950319 -0.0184069704 0.112699352 0.0018878351 -0.0184069704 0.112659499 0.00219055847 -0.0184069704 0.113904744 0.00229950319 -0.0184069704 0.113904744 0.00229950319 -0.0184069704 0.112659499 0.00219055847 -0.0184069704 0.113896176 0.00249560364 -0.0184069704 0.112659499 0.00219055847 -0.0184069704 0.112646177 0.00249560364 -0.0184069704 0.113896176 0.00249560364 -0.0184069704 0.113896176 0.00249560364 -0.0184069704 0.112646177 0.00249560364 -0.0184069704 0.113904744 0.00269170408 -0.0184069704 0.112646177 0.00249560364 -0.0184069704 0.112659499 0.0028006488 -0.0184069704 0.113904744 0.00269170408 -0.0184069704 0.113904744 0.00269170408 -0.0184069704 0.112659499 0.0028006488 -0.0184069704 0.113930359 0.00288631208 -0.0184069704 0.112659499 0.0028006488 -0.0184069704 0.112699352 0.00310337218 -0.0184069704 0.113930359 0.00288631208 -0.0184069704 0.113930359 0.00288631208 -0.0184069704 0.112699352 0.00310337218 -0.0184069704 0.11397285 0.0030779466 -0.0184069704 0.112699352 0.00310337218 -0.0184069704 0.112765439 0.00340147037 -0.0184069704 0.11397285 0.0030779466 -0.0184069704 0.11397285 0.0030779466 -0.0184069704 0.112765439 0.00340147037 -0.0184069704 0.114031874 0.00326514896 -0.0184069704 0.112765439 0.00340147037 -0.0184069704 0.112857252 0.00369267422 -0.0184069704 0.114031874 0.00326514896 -0.0184069704 0.114031874 0.00326514896 -0.0184069704 0.112857252 0.00369267422 -0.0184069704 0.11410699 0.00344649469 -0.0184069704 0.112857252 0.00369267422 -0.0184069704 0.1129741 0.0039747674 -0.0184069704 0.11410699 0.00344649469 -0.0184069704 0.11410699 0.00344649469 -0.0184069704 0.1129741 0.0039747674 -0.0184069704 0.114197619 0.00362060359 -0.0184069704 0.1129741 0.0039747674 -0.0184069704 0.113115087 0.00424560346 -0.0184069704 0.114197619 0.00362060359 -0.0184069704 0.114197619 0.00362060359 -0.0184069704 0.113115087 0.00424560346 -0.0184069704 0.11430309 0.0037861506 -0.0184069704 0.113115087 0.00424560346 -0.0184069704 0.113279149 0.00450312113 -0.0184069704 0.11430309 0.0037861506 -0.0184069704 0.11430309 0.0037861506 -0.0184069704 0.113279149 0.00450312113 -0.0184069704 0.114422582 0.00394187588 -0.0184069704 0.113279149 0.00450312113 -0.0184069704 0.113465026 0.00474536046 -0.0184069704 0.114422582 0.00394187588 -0.0184069704 0.114422582 0.00394187588 -0.0184069704 0.113465026 0.00474536046 -0.0184069704 0.114555188 0.0040865941 -0.0184069704 0.113465026 0.00474536046 -0.0184069704 0.113671303 0.00497047743 -0.0184069704 0.114555188 0.0040865941 -0.0184069704 0.114555188 0.0040865941 -0.0184069704 0.113671303 0.00497047743 -0.0184069704 0.114699908 0.00421920372 -0.0184069704 0.113671303 0.00497047743 -0.0184069704 0.113896422 0.00517675932 -0.0184069704 0.114699908 0.00421920372 -0.0184069704 0.114699908 0.00421920372 -0.0184069704 0.113896422 0.00517675932 -0.0184069704 0.114855632 0.00433869567 -0.0184069704 0.113896422 0.00517675932 -0.0184069704 0.114138663 0.00536263594 -0.0184069704 0.114855632 0.00433869567 -0.0184069704 0.114855632 0.00433869567 -0.0184069704 0.114138663 0.00536263594 -0.0184069704 0.115021177 0.00444416096 -0.0184069704 0.114138663 0.00536263594 -0.0184069704 0.114396177 0.00552669261 -0.0184069704 0.115021177 0.00444416096 -0.0184069704 0.115021177 0.00444416096 -0.0184069704 0.114396177 0.00552669261 -0.0184069704 0.115195289 0.00453479635 -0.0184069704 0.114396177 0.00552669261 -0.0184069704 0.114667013 0.00566768087 -0.0184069704 0.115195289 0.00453479635 -0.0184069704 0.115195289 0.00453479635 -0.0184069704 0.114667013 0.00566768087 -0.0184069704 0.115376636 0.00460991217 -0.0184069704 0.114667013 0.00566768087 -0.0184069704 0.114949107 0.00578452786 -0.0184069704 0.115376636 0.00460991217 -0.0184069704 0.115376636 0.00460991217 -0.0184069704 0.114949107 0.00578452786 -0.0184069704 0.11556384 0.0046689366 -0.0184069704 0.114949107 0.00578452786 -0.0184069704 0.115240313 0.00587634416 -0.0184069704 0.11556384 0.0046689366 -0.0184069704 0.11556384 0.0046689366 -0.0184069704 0.115240313 0.00587634416 -0.0184069704 0.115755469 0.00471142121 -0.0184069704 0.115240313 0.00587634416 -0.0184069704 0.115538411 0.00594243081 -0.0184069704 0.115755469 0.00471142121 -0.0184069704 0.115755469 0.00471142121 -0.0184069704 0.115538411 0.00594243081 -0.0184069704 0.115950078 0.00473704189 -0.0184069704 0.115538411 0.00594243081 -0.0184069704 0.115841135 0.0059822849 -0.0184069704 0.115950078 0.00473704189 -0.0184069704 0.115950078 0.00473704189 -0.0184069704 0.115841135 0.0059822849 -0.0184069704 0.116146177 0.00474560354 -0.0184069704 0.115841135 0.0059822849 -0.0184069704 0.116146177 0.00599560374 -0.0184069704 0.116146177 0.00474560354 -0.0184069704 0.116146177 0.00474560354 -0.0184069704 0.116146177 0.00599560374 -0.0184069704 0.116342276 0.00473704189 -0.0184069704 0.116146177 0.00599560374 -0.0184069704 0.116451226 0.0059822849 -0.0184069704 0.116342276 0.00473704189 -0.0184069704 0.116342276 0.00473704189 -0.0184069704 0.116451226 0.0059822849 -0.0184069704 0.116536885 0.00471142121 -0.0184069704 0.116451226 0.0059822849 -0.0184069704 0.116753951 0.00594243081 -0.0184069704 0.116536885 0.00471142121 -0.0184069704 0.116536885 0.00471142121 -0.0184069704 0.116753951 0.00594243081 -0.0184069704 0.116728522 0.0046689366 -0.0184069704 0.116753951 0.00594243081 -0.0184069704 0.117052048 0.00587634416 -0.0184069704 0.116728522 0.0046689366 -0.0184069704 0.116728522 0.0046689366 -0.0184069704 0.117052048 0.00587634416 -0.0184069704 0.116915725 0.00460991217 -0.0184069704 0.117052048 0.00587634416 -0.0184069704 0.117343247 0.00578452786 -0.0184069704 0.116915725 0.00460991217 -0.0184069704 0.116915725 0.00460991217 -0.0184069704 0.117343247 0.00578452786 -0.0184069704 0.117097072 0.00453479635 -0.0184069704 0.117343247 0.00578452786 -0.0184069704 0.117625341 0.00566768087 -0.0184069704 0.117097072 0.00453479635 -0.0184069704 0.117097072 0.00453479635 -0.0184069704 0.117625341 0.00566768087 -0.0184069704 0.117271177 0.00444416096 -0.0184069704 0.117625341 0.00566768087 -0.0184069704 0.117896177 0.00552669261 -0.0184069704 0.117271177 0.00444416096 -0.0184069704 0.117271177 0.00444416096 -0.0184069704 0.117896177 0.00552669261 -0.0184069704 0.117436729 0.00433869567 -0.0184069704 0.117896177 0.00552669261 -0.0184069704 0.118153699 0.00536263594 -0.0184069704 0.117436729 0.00433869567 -0.0184069704 0.117436729 0.00433869567 -0.0184069704 0.118153699 0.00536263594 -0.0184069704 0.117592454 0.00421920372 -0.0184069704 0.118153699 0.00536263594 -0.0184069704 0.118395939 0.00517675932 -0.0184069704 0.117592454 0.00421920372 -0.0184069704 0.117592454 0.00421920372 -0.0184069704 0.118395939 0.00517675932 -0.0184069704 0.117737167 0.0040865941 -0.0184069704 0.118395939 0.00517675932 -0.0184069704 0.118621051 0.00497047743 -0.0184069704 0.117737167 0.0040865941 -0.0184069704 0.117737167 0.0040865941 -0.0184069704 0.118621051 0.00497047743 -0.0184069704 0.117869779 0.00394187588 -0.0184069704 0.118621051 0.00497047743 -0.0184069704 0.118827336 0.00474536046 -0.0184069704 0.117869779 0.00394187588 -0.0184069704 0.117869779 0.00394187588 -0.0184069704 0.118827336 0.00474536046 -0.0184069704 0.117989272 0.0037861506 -0.0184069704 0.118827336 0.00474536046 -0.0184069704 0.119013213 0.00450312113 -0.0184069704 0.117989272 0.0037861506 -0.0184069704 0.117989272 0.0037861506 -0.0184069704 0.119013213 0.00450312113 -0.0184069704 0.118094735 0.00362060359 -0.0184069704 0.119013213 0.00450312113 -0.0184069704 0.119177267 0.00424560346 -0.0184069704 0.118094735 0.00362060359 -0.0184069704 0.118094735 0.00362060359 -0.0184069704 0.119177267 0.00424560346 -0.0184069704 0.118185371 0.00344649469 -0.0184069704 0.119177267 0.00424560346 -0.0184069704 0.119318254 0.0039747674 -0.0184069704 0.118185371 0.00344649469 -0.0184069704 0.118185371 0.00344649469 -0.0184069704 0.119318254 0.0039747674 -0.0184069704 0.118260488 0.00326514896 -0.0184069704 0.119318254 0.0039747674 -0.0184069704 0.119435102 0.00369267422 -0.0184069704 0.118260488 0.00326514896 -0.0184069704 0.118260488 0.00326514896 -0.0184069704 0.119435102 0.00369267422 -0.0184069704 0.118319511 0.0030779466 -0.0184069704 0.119435102 0.00369267422 -0.0184069704 0.119526923 0.00340147037 -0.0184069704 0.118319511 0.0030779466 -0.0184069704 0.118319511 0.0030779466 -0.0184069704 0.119526923 0.00340147037 -0.0184069704 0.118361995 0.00288631208 -0.0184069704 0.119526923 0.00340147037 -0.0184069704 0.119593009 0.00310337218 -0.0184069704 0.118361995 0.00288631208 -0.0184069704 0.118361995 0.00288631208 -0.0184069704 0.119593009 0.00310337218 -0.0184069704 0.118387617 0.00269170408 -0.0184069704 0.119593009 0.00310337218 -0.0184069704 0.119632863 0.0028006488 -0.0184069704 0.118387617 0.00269170408 -0.0184069704 0.118387617 0.00269170408 -0.0184069704 0.119632863 0.0028006488 -0.0184069704 0.118396178 0.00249560364 -0.0184069704 0.119632863 0.0028006488 -0.0184069704 0.119646177 0.00249560364 -0.0184069704 0.118396178 0.00249560364 -0.0184069704 0.118396178 0.00249560364 -0.0184069704 0.119646177 0.00249560364 -0.0184069704 0.118387617 0.00229950319 -0.0184069704 0.119646177 0.00249560364 -0.0184069704 0.119632863 0.00219055847 -0.0184069704 0.118387617 0.00229950319 -0.0184069704 0.118387617 0.00229950319 -0.0184069704 0.119632863 0.00219055847 -0.0184069704 0.118361995 0.00210489519 -0.0184069704 0.119632863 0.00219055847 -0.0184069704 0.119593009 0.0018878351 -0.0184069704 0.118361995 0.00210489519 -0.0184069704 0.118361995 0.00210489519 -0.0184069704 0.119593009 0.0018878351 -0.0184069704 0.118319511 0.00191326078 -0.0184069704 0.119593009 0.0018878351 -0.0184069704 0.119526923 0.00158973702 -0.0184069704 0.118319511 0.00191326078 -0.0184069704 0.118319511 0.00191326078 -0.0184069704 0.119526923 0.00158973702 -0.0184069704 0.118260488 0.00172605831 -0.0184069704 0.119526923 0.00158973702 -0.0184069704 0.119435102 0.00129853317 -0.0184069704 0.118260488 0.00172605831 -0.0184069704 0.118260488 0.00172605831 -0.0184069704 0.119435102 0.00129853317 -0.0184069704 0.118185371 0.00154471258 -0.0184069704 0.119435102 0.00129853317 -0.0184069704 0.119318254 0.00101643975 -0.0184069704 0.118185371 0.00154471258 -0.0184069704 0.118185371 0.00154471258 -0.0184069704 0.119318254 0.00101643975 -0.0184069704 0.118094735 0.00137060368 -0.0184069704 0.119318254 0.00101643975 -0.0184069704 0.119177267 0.00074560364 -0.0184069704 0.118094735 0.00137060368 -0.0184069704 0.118094735 0.00137060368 -0.0184069704 0.119177267 0.00074560364 -0.0184069704 0.117989272 0.00120505667 -0.0184069704 0.119177267 0.00074560364 -0.0184069704 0.119013213 0.000488086138 -0.0184069704 0.117989272 0.00120505667 -0.0184069704 0.117989272 0.00120505667 -0.0184069704 0.119013213 0.000488086138 -0.0184069704 0.117869779 0.00104933151 -0.0184069704 0.119013213 0.000488086138 -0.0184069704 0.118827336 0.000245847041 -0.0184069704 0.117869779 0.00104933151 -0.0184069704 0.117869779 0.00104933151 -0.0184069704 0.118827336 0.000245847041 -0.0184069704 0.117737167 0.000904613407 -0.0184069704 0.118827336 0.000245847041 -0.0184069704 0.118621051 2.07299327e-05 -0.0184069704 0.117737167 0.000904613407 -0.0184069704 0.117737167 0.000904613407 -0.0184069704 0.118621051 2.07299327e-05 -0.0184069704 0.117592454 0.000772003666 -0.0184069704 0.118621051 2.07299327e-05 -0.0184069704 0.118395939 -0.000185551879 -0.0184069704 0.117592454 0.000772003666 -0.0184069704 0.117592454 0.000772003666 -0.0184069704 0.118395939 -0.000185551879 -0.0184069704 0.117436729 0.000652511546 -0.0184069704 0.118395939 -0.000185551879 -0.0184069704 0.118153699 -0.000371428498 -0.0184069704 0.117436729 0.000652511546 -0.0184069704 0.117436729 0.000652511546 -0.0184069704 0.118153699 -0.000371428498 -0.0184069704 0.117271177 0.000547046482 -0.0184069704 0.118153699 -0.000371428498 -0.0184069704 0.117896177 -0.000535485218 -0.0184069704 0.117271177 0.000547046482 -0.0184069704 0.117271177 0.000547046482 -0.0184069704 0.117896177 -0.000535485218 -0.0184069704 0.117097072 0.000456411159 -0.0184069704 0.117896177 -0.000535485218 -0.0184069704 0.117625341 -0.000676473603 -0.0184069704 0.117097072 0.000456411159 -0.0184069704 0.117097072 0.000456411159 -0.0184069704 0.117625341 -0.000676473603 -0.0184069704 0.116915725 0.000381295278 -0.0184069704 0.117625341 -0.000676473603 -0.0184069704 0.117343247 -0.000793320534 -0.0184069704 0.116915725 0.000381295278 -0.0184069704 0.116915725 0.000381295278 -0.0184069704 0.117343247 -0.000793320534 -0.0184069704 0.116728522 0.000322270556 -0.0184069704 0.117343247 -0.000793320534 -0.0184069704 0.117052048 -0.000885136717 -0.0184069704 0.116728522 0.000322270556 -0.0184069704 0.116728522 0.000322270556 -0.0184069704 0.117052048 -0.000885136717 -0.0184069704 0.116536885 0.000279786211 -0.0184069704 0.117052048 -0.000885136717 -0.0184069704 0.116753951 -0.000951223483 -0.0184069704 0.116536885 0.000279786211 -0.0184069704 0.116536885 0.000279786211 -0.0184069704 0.116753951 -0.000951223483 -0.0184069704 0.116342276 0.000254165585 -0.0184069704 0.116753951 -0.000951223483 -0.0184069704 0.116451226 -0.000991077744 -0.0184069704 0.116342276 0.000254165585 -0.0184069704 0.116342276 0.000254165585 -0.0184069704 0.116451226 -0.000991077744 -0.0184069704 0.116146177 0.000245603675 -0.0184069704 0.116451226 -0.000991077744 -0.0184069704 0.116146177 -0.00100439636 -0.0184069704 0.116146177 0.000245603675 -0.0184069704 0.116146177 0.000245603675 -0.0184069704 0.116146177 -0.00100439636 -0.0184069704 0.115950078 0.000254165585 -0.0184069704 0.116146177 -0.00100439636 -0.0184069704 0.115841135 -0.000991077744 -0.0184069704 0.115950078 0.000254165585 -0.0184069704 0.115950078 0.000254165585 -0.0184069704 0.115841135 -0.000991077744 -0.0184069704 0.115755469 0.000279786211 -0.0184069704 0.115841135 -0.000991077744 -0.0184069704 0.115538411 -0.000951223483 -0.0184069704 0.115755469 0.000279786211 -0.0184069704 0.115755469 0.000279786211 -0.0184069704 0.115538411 -0.000951223483 -0.0184069704 0.11556384 0.000322270556 -0.0184069704 0.115538411 -0.000951223483 -0.0184069704 0.115240313 -0.000885136717 -0.0184069704 0.11556384 0.000322270556 -0.0184069704 0.11556384 0.000322270556 -0.0184069704 0.115240313 -0.000885136717 -0.0184069704 0.115376636 0.000381295278 -0.0184069704 0.115240313 -0.000885136717 -0.0184069704 0.114949107 -0.000793320534 -0.0184069704 0.115376636 0.000381295278 -0.0184069704 0.115376636 0.000381295278 -0.0184069704 0.114949107 -0.000793320534 -0.0184069704 0.115195289 0.000456411159 -0.0184069704 0.114949107 -0.000793320534 -0.0184069704 0.114667013 -0.000676473603 -0.0184069704 0.115195289 0.000456411159 -0.0184069704 0.115195289 0.000456411159 -0.0184069704 0.114667013 -0.000676473603 -0.0184069704 0.115021177 0.000547046482 -0.0184069704 0.114667013 -0.000676473603 -0.0184069704 0.114396177 -0.000535485218 -0.0184069704 0.115021177 0.000547046482 -0.0209069718 0.116146177 -0.00100439636 -0.0214069709 0.116451226 -0.000991077744 -0.0209069718 0.116451226 -0.000991077744 -0.0214069709 0.116451226 -0.000991077744 -0.0214069709 0.116753951 -0.000951223483 -0.0209069718 0.116451226 -0.000991077744 -0.0209069718 0.116451226 -0.000991077744 -0.0214069709 0.116753951 -0.000951223483 -0.0209069718 0.116753951 -0.000951223483 -0.0214069709 0.116753951 -0.000951223483 -0.0214069709 0.117052048 -0.000885136717 -0.0209069718 0.116753951 -0.000951223483 -0.0209069718 0.116753951 -0.000951223483 -0.0214069709 0.117052048 -0.000885136717 -0.0209069718 0.117052048 -0.000885136717 -0.0214069709 0.117052048 -0.000885136717 -0.0214069709 0.117343247 -0.000793320534 -0.0209069718 0.117052048 -0.000885136717 -0.0209069718 0.117052048 -0.000885136717 -0.0214069709 0.117343247 -0.000793320534 -0.0209069718 0.117343247 -0.000793320534 -0.0214069709 0.117343247 -0.000793320534 -0.0214069709 0.117625341 -0.000676473603 -0.0209069718 0.117343247 -0.000793320534 -0.0209069718 0.117343247 -0.000793320534 -0.0214069709 0.117625341 -0.000676473603 -0.0209069718 0.117625341 -0.000676473603 -0.0214069709 0.117625341 -0.000676473603 -0.0214069709 0.117896177 -0.000535485218 -0.0209069718 0.117625341 -0.000676473603 -0.0209069718 0.117625341 -0.000676473603 -0.0214069709 0.117896177 -0.000535485218 -0.0209069718 0.117896177 -0.000535485218 -0.0214069709 0.117896177 -0.000535485218 -0.0214069709 0.118153699 -0.000371428498 -0.0209069718 0.117896177 -0.000535485218 -0.0209069718 0.117896177 -0.000535485218 -0.0214069709 0.118153699 -0.000371428498 -0.0209069718 0.118153699 -0.000371428498 -0.0214069709 0.118153699 -0.000371428498 -0.0214069709 0.118395939 -0.000185551879 -0.0209069718 0.118153699 -0.000371428498 -0.0209069718 0.118153699 -0.000371428498 -0.0214069709 0.118395939 -0.000185551879 -0.0209069718 0.118395939 -0.000185551879 -0.0214069709 0.118395939 -0.000185551879 -0.0214069709 0.118621051 2.07299327e-05 -0.0209069718 0.118395939 -0.000185551879 -0.0209069718 0.118395939 -0.000185551879 -0.0214069709 0.118621051 2.07299327e-05 -0.0209069718 0.118621051 2.07299327e-05 -0.0214069709 0.118621051 2.07299327e-05 -0.0214069709 0.118827336 0.000245847041 -0.0209069718 0.118621051 2.07299327e-05 -0.0209069718 0.118621051 2.07299327e-05 -0.0214069709 0.118827336 0.000245847041 -0.0209069718 0.118827336 0.000245847041 -0.0214069709 0.118827336 0.000245847041 -0.0214069709 0.119013213 0.000488086138 -0.0209069718 0.118827336 0.000245847041 -0.0209069718 0.118827336 0.000245847041 -0.0214069709 0.119013213 0.000488086138 -0.0209069718 0.119013213 0.000488086138 -0.0214069709 0.119013213 0.000488086138 -0.0214069709 0.119177267 0.00074560364 -0.0209069718 0.119013213 0.000488086138 -0.0209069718 0.119013213 0.000488086138 -0.0214069709 0.119177267 0.00074560364 -0.0209069718 0.119177267 0.00074560364 -0.0214069709 0.119177267 0.00074560364 -0.0214069709 0.119318254 0.00101643975 -0.0209069718 0.119177267 0.00074560364 -0.0209069718 0.119177267 0.00074560364 -0.0214069709 0.119318254 0.00101643975 -0.0209069718 0.119318254 0.00101643975 -0.0214069709 0.119318254 0.00101643975 -0.0214069709 0.119435102 0.00129853317 -0.0209069718 0.119318254 0.00101643975 -0.0209069718 0.119318254 0.00101643975 -0.0214069709 0.119435102 0.00129853317 -0.0209069718 0.119435102 0.00129853317 -0.0214069709 0.119435102 0.00129853317 -0.0214069709 0.119526923 0.00158973702 -0.0209069718 0.119435102 0.00129853317 -0.0209069718 0.119435102 0.00129853317 -0.0214069709 0.119526923 0.00158973702 -0.0209069718 0.119526923 0.00158973702 -0.0214069709 0.119526923 0.00158973702 -0.0214069709 0.119593009 0.0018878351 -0.0209069718 0.119526923 0.00158973702 -0.0209069718 0.119526923 0.00158973702 -0.0214069709 0.119593009 0.0018878351 -0.0209069718 0.119593009 0.0018878351 -0.0214069709 0.119593009 0.0018878351 -0.0214069709 0.119632863 0.00219055847 -0.0209069718 0.119593009 0.0018878351 -0.0209069718 0.119593009 0.0018878351 -0.0214069709 0.119632863 0.00219055847 -0.0209069718 0.119632863 0.00219055847 -0.0214069709 0.119632863 0.00219055847 -0.0214069709 0.119646177 0.00249560364 -0.0209069718 0.119632863 0.00219055847 -0.0209069718 0.119632863 0.00219055847 -0.0214069709 0.119646177 0.00249560364 -0.0209069718 0.119646177 0.00249560364 -0.0214069709 0.119646177 0.00249560364 -0.0214069709 0.119632863 0.0028006488 -0.0209069718 0.119646177 0.00249560364 -0.0209069718 0.119646177 0.00249560364 -0.0214069709 0.119632863 0.0028006488 -0.0209069718 0.119632863 0.0028006488 -0.0214069709 0.119632863 0.0028006488 -0.0214069709 0.119593009 0.00310337218 -0.0209069718 0.119632863 0.0028006488 -0.0209069718 0.119632863 0.0028006488 -0.0214069709 0.119593009 0.00310337218 -0.0209069718 0.119593009 0.00310337218 -0.0214069709 0.119593009 0.00310337218 -0.0214069709 0.119526923 0.00340147037 -0.0209069718 0.119593009 0.00310337218 -0.0209069718 0.119593009 0.00310337218 -0.0214069709 0.119526923 0.00340147037 -0.0209069718 0.119526923 0.00340147037 -0.0214069709 0.119526923 0.00340147037 -0.0214069709 0.119435102 0.00369267422 -0.0209069718 0.119526923 0.00340147037 -0.0209069718 0.119526923 0.00340147037 -0.0214069709 0.119435102 0.00369267422 -0.0209069718 0.119435102 0.00369267422 -0.0214069709 0.119435102 0.00369267422 -0.0214069709 0.119318254 0.0039747674 -0.0209069718 0.119435102 0.00369267422 -0.0209069718 0.119435102 0.00369267422 -0.0214069709 0.119318254 0.0039747674 -0.0209069718 0.119318254 0.0039747674 -0.0214069709 0.119318254 0.0039747674 -0.0214069709 0.119177267 0.00424560346 -0.0209069718 0.119318254 0.0039747674 -0.0209069718 0.119318254 0.0039747674 -0.0214069709 0.119177267 0.00424560346 -0.0209069718 0.119177267 0.00424560346 -0.0214069709 0.119177267 0.00424560346 -0.0214069709 0.119013213 0.00450312113 -0.0209069718 0.119177267 0.00424560346 -0.0209069718 0.119177267 0.00424560346 -0.0214069709 0.119013213 0.00450312113 -0.0209069718 0.119013213 0.00450312113 -0.0214069709 0.119013213 0.00450312113 -0.0214069709 0.118827336 0.00474536046 -0.0209069718 0.119013213 0.00450312113 -0.0209069718 0.119013213 0.00450312113 -0.0214069709 0.118827336 0.00474536046 -0.0209069718 0.118827336 0.00474536046 -0.0214069709 0.118827336 0.00474536046 -0.0214069709 0.118621051 0.00497047743 -0.0209069718 0.118827336 0.00474536046 -0.0209069718 0.118827336 0.00474536046 -0.0214069709 0.118621051 0.00497047743 -0.0209069718 0.118621051 0.00497047743 -0.0214069709 0.118621051 0.00497047743 -0.0214069709 0.118395939 0.00517675932 -0.0209069718 0.118621051 0.00497047743 -0.0209069718 0.118621051 0.00497047743 -0.0214069709 0.118395939 0.00517675932 -0.0209069718 0.118395939 0.00517675932 -0.0214069709 0.118395939 0.00517675932 -0.0214069709 0.118153699 0.00536263594 -0.0209069718 0.118395939 0.00517675932 -0.0209069718 0.118395939 0.00517675932 -0.0214069709 0.118153699 0.00536263594 -0.0209069718 0.118153699 0.00536263594 -0.0214069709 0.118153699 0.00536263594 -0.0214069709 0.117896177 0.00552669261 -0.0209069718 0.118153699 0.00536263594 -0.0209069718 0.118153699 0.00536263594 -0.0214069709 0.117896177 0.00552669261 -0.0209069718 0.117896177 0.00552669261 -0.0214069709 0.117896177 0.00552669261 -0.0214069709 0.117625341 0.00566768087 -0.0209069718 0.117896177 0.00552669261 -0.0209069718 0.117896177 0.00552669261 -0.0214069709 0.117625341 0.00566768087 -0.0209069718 0.117625341 0.00566768087 -0.0214069709 0.117625341 0.00566768087 -0.0214069709 0.117343247 0.00578452786 -0.0209069718 0.117625341 0.00566768087 -0.0209069718 0.117625341 0.00566768087 -0.0214069709 0.117343247 0.00578452786 -0.0209069718 0.117343247 0.00578452786 -0.0214069709 0.117343247 0.00578452786 -0.0214069709 0.117052048 0.00587634416 -0.0209069718 0.117343247 0.00578452786 -0.0209069718 0.117343247 0.00578452786 -0.0214069709 0.117052048 0.00587634416 -0.0209069718 0.117052048 0.00587634416 -0.0214069709 0.117052048 0.00587634416 -0.0214069709 0.116753951 0.00594243081 -0.0209069718 0.117052048 0.00587634416 -0.0209069718 0.117052048 0.00587634416 -0.0214069709 0.116753951 0.00594243081 -0.0209069718 0.116753951 0.00594243081 -0.0214069709 0.116753951 0.00594243081 -0.0214069709 0.116451226 0.0059822849 -0.0209069718 0.116753951 0.00594243081 -0.0209069718 0.116753951 0.00594243081 -0.0214069709 0.116451226 0.0059822849 -0.0209069718 0.116451226 0.0059822849 -0.0214069709 0.116451226 0.0059822849 -0.0214069709 0.116146177 0.00599560374 -0.0209069718 0.116451226 0.0059822849 -0.0209069718 0.116451226 0.0059822849 -0.0214069709 0.116146177 0.00599560374 -0.0209069718 0.116146177 0.00599560374 -0.0214069709 0.116146177 0.00599560374 -0.0214069709 0.115841135 0.0059822849 -0.0209069718 0.116146177 0.00599560374 -0.0209069718 0.116146177 0.00599560374 -0.0214069709 0.115841135 0.0059822849 -0.0209069718 0.115841135 0.0059822849 -0.0214069709 0.115841135 0.0059822849 -0.0214069709 0.115538411 0.00594243081 -0.0209069718 0.115841135 0.0059822849 -0.0209069718 0.115841135 0.0059822849 -0.0214069709 0.115538411 0.00594243081 -0.0209069718 0.115538411 0.00594243081 -0.0214069709 0.115538411 0.00594243081 -0.0214069709 0.115240313 0.00587634416 -0.0209069718 0.115538411 0.00594243081 -0.0209069718 0.115538411 0.00594243081 -0.0214069709 0.115240313 0.00587634416 -0.0209069718 0.115240313 0.00587634416 -0.0214069709 0.115240313 0.00587634416 -0.0214069709 0.114949107 0.00578452786 -0.0209069718 0.115240313 0.00587634416 -0.0209069718 0.115240313 0.00587634416 -0.0214069709 0.114949107 0.00578452786 -0.0209069718 0.114949107 0.00578452786 -0.0214069709 0.114949107 0.00578452786 -0.0214069709 0.114667013 0.00566768087 -0.0209069718 0.114949107 0.00578452786 -0.0209069718 0.114949107 0.00578452786 -0.0214069709 0.114667013 0.00566768087 -0.0209069718 0.114667013 0.00566768087 -0.0214069709 0.114667013 0.00566768087 -0.0214069709 0.114396177 0.00552669261 -0.0209069718 0.114667013 0.00566768087 -0.0209069718 0.114667013 0.00566768087 -0.0214069709 0.114396177 0.00552669261 -0.0209069718 0.114396177 0.00552669261 -0.0214069709 0.114396177 0.00552669261 -0.0214069709 0.114138663 0.00536263594 -0.0209069718 0.114396177 0.00552669261 -0.0209069718 0.114396177 0.00552669261 -0.0214069709 0.114138663 0.00536263594 -0.0209069718 0.114138663 0.00536263594 -0.0214069709 0.114138663 0.00536263594 -0.0214069709 0.113896422 0.00517675932 -0.0209069718 0.114138663 0.00536263594 -0.0209069718 0.114138663 0.00536263594 -0.0214069709 0.113896422 0.00517675932 -0.0209069718 0.113896422 0.00517675932 -0.0214069709 0.113896422 0.00517675932 -0.0214069709 0.113671303 0.00497047743 -0.0209069718 0.113896422 0.00517675932 -0.0209069718 0.113896422 0.00517675932 -0.0214069709 0.113671303 0.00497047743 -0.0209069718 0.113671303 0.00497047743 -0.0214069709 0.113671303 0.00497047743 -0.0214069709 0.113465026 0.00474536046 -0.0209069718 0.113671303 0.00497047743 -0.0209069718 0.113671303 0.00497047743 -0.0214069709 0.113465026 0.00474536046 -0.0209069718 0.113465026 0.00474536046 -0.0214069709 0.113465026 0.00474536046 -0.0214069709 0.113279149 0.00450312113 -0.0209069718 0.113465026 0.00474536046 -0.0209069718 0.113465026 0.00474536046 -0.0214069709 0.113279149 0.00450312113 -0.0209069718 0.113279149 0.00450312113 -0.0214069709 0.113279149 0.00450312113 -0.0214069709 0.113115087 0.00424560346 -0.0209069718 0.113279149 0.00450312113 -0.0209069718 0.113279149 0.00450312113 -0.0214069709 0.113115087 0.00424560346 -0.0209069718 0.113115087 0.00424560346 -0.0214069709 0.113115087 0.00424560346 -0.0214069709 0.1129741 0.0039747674 -0.0209069718 0.113115087 0.00424560346 -0.0209069718 0.113115087 0.00424560346 -0.0214069709 0.1129741 0.0039747674 -0.0209069718 0.1129741 0.0039747674 -0.0214069709 0.1129741 0.0039747674 -0.0214069709 0.112857252 0.00369267422 -0.0209069718 0.1129741 0.0039747674 -0.0209069718 0.1129741 0.0039747674 -0.0214069709 0.112857252 0.00369267422 -0.0209069718 0.112857252 0.00369267422 -0.0214069709 0.112857252 0.00369267422 -0.0214069709 0.112765439 0.00340147037 -0.0209069718 0.112857252 0.00369267422 -0.0209069718 0.112857252 0.00369267422 -0.0214069709 0.112765439 0.00340147037 -0.0209069718 0.112765439 0.00340147037 -0.0214069709 0.112765439 0.00340147037 -0.0214069709 0.112699352 0.00310337218 -0.0209069718 0.112765439 0.00340147037 -0.0209069718 0.112765439 0.00340147037 -0.0214069709 0.112699352 0.00310337218 -0.0209069718 0.112699352 0.00310337218 -0.0214069709 0.112699352 0.00310337218 -0.0214069709 0.112659499 0.0028006488 -0.0209069718 0.112699352 0.00310337218 -0.0209069718 0.112699352 0.00310337218 -0.0214069709 0.112659499 0.0028006488 -0.0209069718 0.112659499 0.0028006488 -0.0214069709 0.112659499 0.0028006488 -0.0214069709 0.112646177 0.00249560364 -0.0209069718 0.112659499 0.0028006488 -0.0209069718 0.112659499 0.0028006488 -0.0214069709 0.112646177 0.00249560364 -0.0209069718 0.112646177 0.00249560364 -0.0214069709 0.112646177 0.00249560364 -0.0214069709 0.112659499 0.00219055847 -0.0209069718 0.112646177 0.00249560364 -0.0209069718 0.112646177 0.00249560364 -0.0214069709 0.112659499 0.00219055847 -0.0209069718 0.112659499 0.00219055847 -0.0214069709 0.112659499 0.00219055847 -0.0214069709 0.112699352 0.0018878351 -0.0209069718 0.112659499 0.00219055847 -0.0209069718 0.112659499 0.00219055847 -0.0214069709 0.112699352 0.0018878351 -0.0209069718 0.112699352 0.0018878351 -0.0214069709 0.112699352 0.0018878351 -0.0214069709 0.112765439 0.00158973702 -0.0209069718 0.112699352 0.0018878351 -0.0209069718 0.112699352 0.0018878351 -0.0214069709 0.112765439 0.00158973702 -0.0209069718 0.112765439 0.00158973702 -0.0214069709 0.112765439 0.00158973702 -0.0214069709 0.112857252 0.00129853317 -0.0209069718 0.112765439 0.00158973702 -0.0209069718 0.112765439 0.00158973702 -0.0214069709 0.112857252 0.00129853317 -0.0209069718 0.112857252 0.00129853317 -0.0214069709 0.112857252 0.00129853317 -0.0214069709 0.1129741 0.00101643975 -0.0209069718 0.112857252 0.00129853317 -0.0209069718 0.112857252 0.00129853317 -0.0214069709 0.1129741 0.00101643975 -0.0209069718 0.1129741 0.00101643975 -0.0214069709 0.1129741 0.00101643975 -0.0214069709 0.113115087 0.00074560364 -0.0209069718 0.1129741 0.00101643975 -0.0209069718 0.1129741 0.00101643975 -0.0214069709 0.113115087 0.00074560364 -0.0209069718 0.113115087 0.00074560364 -0.0214069709 0.113115087 0.00074560364 -0.0214069709 0.113279149 0.000488086138 -0.0209069718 0.113115087 0.00074560364 -0.0209069718 0.113115087 0.00074560364 -0.0214069709 0.113279149 0.000488086138 -0.0209069718 0.113279149 0.000488086138 -0.0214069709 0.113279149 0.000488086138 -0.0214069709 0.113465026 0.000245847041 -0.0209069718 0.113279149 0.000488086138 -0.0209069718 0.113279149 0.000488086138 -0.0214069709 0.113465026 0.000245847041 -0.0209069718 0.113465026 0.000245847041 -0.0214069709 0.113465026 0.000245847041 -0.0214069709 0.113671303 2.07299327e-05 -0.0209069718 0.113465026 0.000245847041 -0.0209069718 0.113465026 0.000245847041 -0.0214069709 0.113671303 2.07299327e-05 -0.0209069718 0.113671303 2.07299327e-05 -0.0214069709 0.113671303 2.07299327e-05 -0.0214069709 0.113896422 -0.000185551879 -0.0209069718 0.113671303 2.07299327e-05 -0.0209069718 0.113671303 2.07299327e-05 -0.0214069709 0.113896422 -0.000185551879 -0.0209069718 0.113896422 -0.000185551879 -0.0214069709 0.113896422 -0.000185551879 -0.0214069709 0.114138663 -0.000371428498 -0.0209069718 0.113896422 -0.000185551879 -0.0209069718 0.113896422 -0.000185551879 -0.0214069709 0.114138663 -0.000371428498 -0.0209069718 0.114138663 -0.000371428498 -0.0214069709 0.114138663 -0.000371428498 -0.0214069709 0.114396177 -0.000535485218 -0.0209069718 0.114138663 -0.000371428498 -0.0209069718 0.114138663 -0.000371428498 -0.0214069709 0.114396177 -0.000535485218 -0.0209069718 0.114396177 -0.000535485218 -0.0214069709 0.114396177 -0.000535485218 -0.0214069709 0.114667013 -0.000676473603 -0.0209069718 0.114396177 -0.000535485218 -0.0209069718 0.114396177 -0.000535485218 -0.0214069709 0.114667013 -0.000676473603 -0.0209069718 0.114667013 -0.000676473603 -0.0214069709 0.114667013 -0.000676473603 -0.0214069709 0.114949107 -0.000793320534 -0.0209069718 0.114667013 -0.000676473603 -0.0209069718 0.114667013 -0.000676473603 -0.0214069709 0.114949107 -0.000793320534 -0.0209069718 0.114949107 -0.000793320534 -0.0214069709 0.114949107 -0.000793320534 -0.0214069709 0.115240313 -0.000885136717 -0.0209069718 0.114949107 -0.000793320534 -0.0209069718 0.114949107 -0.000793320534 -0.0214069709 0.115240313 -0.000885136717 -0.0209069718 0.115240313 -0.000885136717 -0.0214069709 0.115240313 -0.000885136717 -0.0214069709 0.115538411 -0.000951223483 -0.0209069718 0.115240313 -0.000885136717 -0.0209069718 0.115240313 -0.000885136717 -0.0214069709 0.115538411 -0.000951223483 -0.0209069718 0.115538411 -0.000951223483 -0.0214069709 0.115538411 -0.000951223483 -0.0214069709 0.115841135 -0.000991077744 -0.0209069718 0.115538411 -0.000951223483 -0.0209069718 0.115538411 -0.000951223483 -0.0214069709 0.115841135 -0.000991077744 -0.0209069718 0.115841135 -0.000991077744 -0.0214069709 0.115841135 -0.000991077744 -0.0214069709 0.116146177 -0.00100439636 -0.0209069718 0.115841135 -0.000991077744 -0.0209069718 0.115841135 -0.000991077744 -0.0214069709 0.116146177 -0.00100439636 -0.0209069718 0.116146177 -0.00100439636 -0.0214069709 0.116146177 -0.00100439636 -0.0214069709 0.116451226 -0.000991077744 -0.0209069718 0.116146177 -0.00100439636 -0.0214069709 0.116753951 -0.000951223483 -0.0214069709 0.116451226 -0.000991077744 -0.0214069709 0.116146177 0.00249560364 -0.0214069709 0.116451226 -0.000991077744 -0.0214069709 0.116146177 -0.00100439636 -0.0214069709 0.116146177 0.00249560364 -0.0214069709 0.116146177 0.00249560364 -0.0214069709 0.116146177 -0.00100439636 -0.0214069709 0.115841135 -0.000991077744 -0.0214069709 0.117625341 -0.000676473603 -0.0214069709 0.117343247 -0.000793320534 -0.0214069709 0.116146177 0.00249560364 -0.0214069709 0.117343247 -0.000793320534 -0.0214069709 0.117052048 -0.000885136717 -0.0214069709 0.116146177 0.00249560364 -0.0214069709 0.116146177 0.00249560364 -0.0214069709 0.117052048 -0.000885136717 -0.0214069709 0.116753951 -0.000951223483 -0.0214069709 0.118395939 -0.000185551879 -0.0214069709 0.118153699 -0.000371428498 -0.0214069709 0.116146177 0.00249560364 -0.0214069709 0.118153699 -0.000371428498 -0.0214069709 0.117896177 -0.000535485218 -0.0214069709 0.116146177 0.00249560364 -0.0214069709 0.116146177 0.00249560364 -0.0214069709 0.117896177 -0.000535485218 -0.0214069709 0.117625341 -0.000676473603 -0.0214069709 0.119013213 0.000488086138 -0.0214069709 0.118827336 0.000245847041 -0.0214069709 0.116146177 0.00249560364 -0.0214069709 0.118827336 0.000245847041 -0.0214069709 0.118621051 2.07299327e-05 -0.0214069709 0.116146177 0.00249560364 -0.0214069709 0.116146177 0.00249560364 -0.0214069709 0.118621051 2.07299327e-05 -0.0214069709 0.118395939 -0.000185551879 -0.0214069709 0.119435102 0.00129853317 -0.0214069709 0.119318254 0.00101643975 -0.0214069709 0.116146177 0.00249560364 -0.0214069709 0.119318254 0.00101643975 -0.0214069709 0.119177267 0.00074560364 -0.0214069709 0.116146177 0.00249560364 -0.0214069709 0.116146177 0.00249560364 -0.0214069709 0.119177267 0.00074560364 -0.0214069709 0.119013213 0.000488086138 -0.0214069709 0.119632863 0.00219055847 -0.0214069709 0.119593009 0.0018878351 -0.0214069709 0.116146177 0.00249560364 -0.0214069709 0.119593009 0.0018878351 -0.0214069709 0.119526923 0.00158973702 -0.0214069709 0.116146177 0.00249560364 -0.0214069709 0.116146177 0.00249560364 -0.0214069709 0.119526923 0.00158973702 -0.0214069709 0.119435102 0.00129853317 -0.0214069709 0.119593009 0.00310337218 -0.0214069709 0.119632863 0.0028006488 -0.0214069709 0.116146177 0.00249560364 -0.0214069709 0.119632863 0.0028006488 -0.0214069709 0.119646177 0.00249560364 -0.0214069709 0.116146177 0.00249560364 -0.0214069709 0.116146177 0.00249560364 -0.0214069709 0.119646177 0.00249560364 -0.0214069709 0.119632863 0.00219055847 -0.0214069709 0.119318254 0.0039747674 -0.0214069709 0.119435102 0.00369267422 -0.0214069709 0.116146177 0.00249560364 -0.0214069709 0.119435102 0.00369267422 -0.0214069709 0.119526923 0.00340147037 -0.0214069709 0.116146177 0.00249560364 -0.0214069709 0.116146177 0.00249560364 -0.0214069709 0.119526923 0.00340147037 -0.0214069709 0.119593009 0.00310337218 -0.0214069709 0.118827336 0.00474536046 -0.0214069709 0.119013213 0.00450312113 -0.0214069709 0.116146177 0.00249560364 -0.0214069709 0.119013213 0.00450312113 -0.0214069709 0.119177267 0.00424560346 -0.0214069709 0.116146177 0.00249560364 -0.0214069709 0.116146177 0.00249560364 -0.0214069709 0.119177267 0.00424560346 -0.0214069709 0.119318254 0.0039747674 -0.0214069709 0.118153699 0.00536263594 -0.0214069709 0.118395939 0.00517675932 -0.0214069709 0.116146177 0.00249560364 -0.0214069709 0.118395939 0.00517675932 -0.0214069709 0.118621051 0.00497047743 -0.0214069709 0.116146177 0.00249560364 -0.0214069709 0.116146177 0.00249560364 -0.0214069709 0.118621051 0.00497047743 -0.0214069709 0.118827336 0.00474536046 -0.0214069709 0.117343247 0.00578452786 -0.0214069709 0.117625341 0.00566768087 -0.0214069709 0.116146177 0.00249560364 -0.0214069709 0.117625341 0.00566768087 -0.0214069709 0.117896177 0.00552669261 -0.0214069709 0.116146177 0.00249560364 -0.0214069709 0.116146177 0.00249560364 -0.0214069709 0.117896177 0.00552669261 -0.0214069709 0.118153699 0.00536263594 -0.0214069709 0.116451226 0.0059822849 -0.0214069709 0.116753951 0.00594243081 -0.0214069709 0.116146177 0.00249560364 -0.0214069709 0.116753951 0.00594243081 -0.0214069709 0.117052048 0.00587634416 -0.0214069709 0.116146177 0.00249560364 -0.0214069709 0.116146177 0.00249560364 -0.0214069709 0.117052048 0.00587634416 -0.0214069709 0.117343247 0.00578452786 -0.0214069709 0.115538411 0.00594243081 -0.0214069709 0.115841135 0.0059822849 -0.0214069709 0.116146177 0.00249560364 -0.0214069709 0.115841135 0.0059822849 -0.0214069709 0.116146177 0.00599560374 -0.0214069709 0.116146177 0.00249560364 -0.0214069709 0.116146177 0.00249560364 -0.0214069709 0.116146177 0.00599560374 -0.0214069709 0.116451226 0.0059822849 -0.0214069709 0.114667013 0.00566768087 -0.0214069709 0.114949107 0.00578452786 -0.0214069709 0.116146177 0.00249560364 -0.0214069709 0.114949107 0.00578452786 -0.0214069709 0.115240313 0.00587634416 -0.0214069709 0.116146177 0.00249560364 -0.0214069709 0.116146177 0.00249560364 -0.0214069709 0.115240313 0.00587634416 -0.0214069709 0.115538411 0.00594243081 -0.0214069709 0.113896422 0.00517675932 -0.0214069709 0.114138663 0.00536263594 -0.0214069709 0.116146177 0.00249560364 -0.0214069709 0.114138663 0.00536263594 -0.0214069709 0.114396177 0.00552669261 -0.0214069709 0.116146177 0.00249560364 -0.0214069709 0.116146177 0.00249560364 -0.0214069709 0.114396177 0.00552669261 -0.0214069709 0.114667013 0.00566768087 -0.0214069709 0.113279149 0.00450312113 -0.0214069709 0.113465026 0.00474536046 -0.0214069709 0.116146177 0.00249560364 -0.0214069709 0.113465026 0.00474536046 -0.0214069709 0.113671303 0.00497047743 -0.0214069709 0.116146177 0.00249560364 -0.0214069709 0.116146177 0.00249560364 -0.0214069709 0.113671303 0.00497047743 -0.0214069709 0.113896422 0.00517675932 -0.0214069709 0.112857252 0.00369267422 -0.0214069709 0.1129741 0.0039747674 -0.0214069709 0.116146177 0.00249560364 -0.0214069709 0.1129741 0.0039747674 -0.0214069709 0.113115087 0.00424560346 -0.0214069709 0.116146177 0.00249560364 -0.0214069709 0.116146177 0.00249560364 -0.0214069709 0.113115087 0.00424560346 -0.0214069709 0.113279149 0.00450312113 -0.0214069709 0.112659499 0.0028006488 -0.0214069709 0.112699352 0.00310337218 -0.0214069709 0.116146177 0.00249560364 -0.0214069709 0.112699352 0.00310337218 -0.0214069709 0.112765439 0.00340147037 -0.0214069709 0.116146177 0.00249560364 -0.0214069709 0.116146177 0.00249560364 -0.0214069709 0.112765439 0.00340147037 -0.0214069709 0.112857252 0.00369267422 -0.0214069709 0.112699352 0.0018878351 -0.0214069709 0.112659499 0.00219055847 -0.0214069709 0.116146177 0.00249560364 -0.0214069709 0.112659499 0.00219055847 -0.0214069709 0.112646177 0.00249560364 -0.0214069709 0.116146177 0.00249560364 -0.0214069709 0.116146177 0.00249560364 -0.0214069709 0.112646177 0.00249560364 -0.0214069709 0.112659499 0.0028006488 -0.0214069709 0.1129741 0.00101643975 -0.0214069709 0.112857252 0.00129853317 -0.0214069709 0.116146177 0.00249560364 -0.0214069709 0.112857252 0.00129853317 -0.0214069709 0.112765439 0.00158973702 -0.0214069709 0.116146177 0.00249560364 -0.0214069709 0.116146177 0.00249560364 -0.0214069709 0.112765439 0.00158973702 -0.0214069709 0.112699352 0.0018878351 -0.0214069709 0.113465026 0.000245847041 -0.0214069709 0.113279149 0.000488086138 -0.0214069709 0.116146177 0.00249560364 -0.0214069709 0.113279149 0.000488086138 -0.0214069709 0.113115087 0.00074560364 -0.0214069709 0.116146177 0.00249560364 -0.0214069709 0.116146177 0.00249560364 -0.0214069709 0.113115087 0.00074560364 -0.0214069709 0.1129741 0.00101643975 -0.0214069709 0.114138663 -0.000371428498 -0.0214069709 0.113896422 -0.000185551879 -0.0214069709 0.116146177 0.00249560364 -0.0214069709 0.113896422 -0.000185551879 -0.0214069709 0.113671303 2.07299327e-05 -0.0214069709 0.116146177 0.00249560364 -0.0214069709 0.116146177 0.00249560364 -0.0214069709 0.113671303 2.07299327e-05 -0.0214069709 0.113465026 0.000245847041 -0.0214069709 0.114949107 -0.000793320534 -0.0214069709 0.114667013 -0.000676473603 -0.0214069709 0.116146177 0.00249560364 -0.0214069709 0.114667013 -0.000676473603 -0.0214069709 0.114396177 -0.000535485218 -0.0214069709 0.116146177 0.00249560364 -0.0214069709 0.116146177 0.00249560364 -0.0214069709 0.114396177 -0.000535485218 -0.0214069709 0.114138663 -0.000371428498 -0.0214069709 0.115841135 -0.000991077744 -0.0214069709 0.115538411 -0.000951223483 -0.0214069709 0.116146177 0.00249560364 -0.0214069709 0.115538411 -0.000951223483 -0.0214069709 0.115240313 -0.000885136717 -0.0214069709 0.116146177 0.00249560364 -0.0214069709 0.116146177 0.00249560364 -0.0214069709 0.115240313 -0.000885136717 -0.0214069709 0.114949107 -0.000793320534 -0.0209069718 0.116146177 0.00474560354 -0.0209069718 0.116146177 0.00599560374 -0.0209069718 0.115950078 0.00473704189 -0.0209069718 0.116146177 0.00599560374 -0.0209069718 0.115841135 0.0059822849 -0.0209069718 0.115950078 0.00473704189 -0.0209069718 0.115950078 0.00473704189 -0.0209069718 0.115841135 0.0059822849 -0.0209069718 0.115755469 0.00471142121 -0.0209069718 0.115841135 0.0059822849 -0.0209069718 0.115538411 0.00594243081 -0.0209069718 0.115755469 0.00471142121 -0.0209069718 0.115755469 0.00471142121 -0.0209069718 0.115538411 0.00594243081 -0.0209069718 0.11556384 0.0046689366 -0.0209069718 0.115538411 0.00594243081 -0.0209069718 0.115240313 0.00587634416 -0.0209069718 0.11556384 0.0046689366 -0.0209069718 0.11556384 0.0046689366 -0.0209069718 0.115240313 0.00587634416 -0.0209069718 0.115376636 0.00460991217 -0.0209069718 0.115240313 0.00587634416 -0.0209069718 0.114949107 0.00578452786 -0.0209069718 0.115376636 0.00460991217 -0.0209069718 0.115376636 0.00460991217 -0.0209069718 0.114949107 0.00578452786 -0.0209069718 0.115195289 0.00453479635 -0.0209069718 0.114949107 0.00578452786 -0.0209069718 0.114667013 0.00566768087 -0.0209069718 0.115195289 0.00453479635 -0.0209069718 0.115195289 0.00453479635 -0.0209069718 0.114667013 0.00566768087 -0.0209069718 0.115021177 0.00444416096 -0.0209069718 0.114667013 0.00566768087 -0.0209069718 0.114396177 0.00552669261 -0.0209069718 0.115021177 0.00444416096 -0.0209069718 0.115021177 0.00444416096 -0.0209069718 0.114396177 0.00552669261 -0.0209069718 0.114855632 0.00433869567 -0.0209069718 0.114396177 0.00552669261 -0.0209069718 0.114138663 0.00536263594 -0.0209069718 0.114855632 0.00433869567 -0.0209069718 0.114855632 0.00433869567 -0.0209069718 0.114138663 0.00536263594 -0.0209069718 0.114699908 0.00421920372 -0.0209069718 0.114138663 0.00536263594 -0.0209069718 0.113896422 0.00517675932 -0.0209069718 0.114699908 0.00421920372 -0.0209069718 0.114699908 0.00421920372 -0.0209069718 0.113896422 0.00517675932 -0.0209069718 0.114555188 0.0040865941 -0.0209069718 0.113896422 0.00517675932 -0.0209069718 0.113671303 0.00497047743 -0.0209069718 0.114555188 0.0040865941 -0.0209069718 0.114555188 0.0040865941 -0.0209069718 0.113671303 0.00497047743 -0.0209069718 0.114422582 0.00394187588 -0.0209069718 0.113671303 0.00497047743 -0.0209069718 0.113465026 0.00474536046 -0.0209069718 0.114422582 0.00394187588 -0.0209069718 0.114422582 0.00394187588 -0.0209069718 0.113465026 0.00474536046 -0.0209069718 0.11430309 0.0037861506 -0.0209069718 0.113465026 0.00474536046 -0.0209069718 0.113279149 0.00450312113 -0.0209069718 0.11430309 0.0037861506 -0.0209069718 0.11430309 0.0037861506 -0.0209069718 0.113279149 0.00450312113 -0.0209069718 0.114197619 0.00362060359 -0.0209069718 0.113279149 0.00450312113 -0.0209069718 0.113115087 0.00424560346 -0.0209069718 0.114197619 0.00362060359 -0.0209069718 0.114197619 0.00362060359 -0.0209069718 0.113115087 0.00424560346 -0.0209069718 0.11410699 0.00344649469 -0.0209069718 0.113115087 0.00424560346 -0.0209069718 0.1129741 0.0039747674 -0.0209069718 0.11410699 0.00344649469 -0.0209069718 0.11410699 0.00344649469 -0.0209069718 0.1129741 0.0039747674 -0.0209069718 0.114031874 0.00326514896 -0.0209069718 0.1129741 0.0039747674 -0.0209069718 0.112857252 0.00369267422 -0.0209069718 0.114031874 0.00326514896 -0.0209069718 0.114031874 0.00326514896 -0.0209069718 0.112857252 0.00369267422 -0.0209069718 0.11397285 0.0030779466 -0.0209069718 0.112857252 0.00369267422 -0.0209069718 0.112765439 0.00340147037 -0.0209069718 0.11397285 0.0030779466 -0.0209069718 0.11397285 0.0030779466 -0.0209069718 0.112765439 0.00340147037 -0.0209069718 0.113930359 0.00288631208 -0.0209069718 0.112765439 0.00340147037 -0.0209069718 0.112699352 0.00310337218 -0.0209069718 0.113930359 0.00288631208 -0.0209069718 0.113930359 0.00288631208 -0.0209069718 0.112699352 0.00310337218 -0.0209069718 0.113904744 0.00269170408 -0.0209069718 0.112699352 0.00310337218 -0.0209069718 0.112659499 0.0028006488 -0.0209069718 0.113904744 0.00269170408 -0.0209069718 0.113904744 0.00269170408 -0.0209069718 0.112659499 0.0028006488 -0.0209069718 0.113896176 0.00249560364 -0.0209069718 0.112659499 0.0028006488 -0.0209069718 0.112646177 0.00249560364 -0.0209069718 0.113896176 0.00249560364 -0.0209069718 0.113896176 0.00249560364 -0.0209069718 0.112646177 0.00249560364 -0.0209069718 0.113904744 0.00229950319 -0.0209069718 0.112646177 0.00249560364 -0.0209069718 0.112659499 0.00219055847 -0.0209069718 0.113904744 0.00229950319 -0.0209069718 0.113904744 0.00229950319 -0.0209069718 0.112659499 0.00219055847 -0.0209069718 0.113930359 0.00210489519 -0.0209069718 0.112659499 0.00219055847 -0.0209069718 0.112699352 0.0018878351 -0.0209069718 0.113930359 0.00210489519 -0.0209069718 0.113930359 0.00210489519 -0.0209069718 0.112699352 0.0018878351 -0.0209069718 0.11397285 0.00191326078 -0.0209069718 0.112699352 0.0018878351 -0.0209069718 0.112765439 0.00158973702 -0.0209069718 0.11397285 0.00191326078 -0.0209069718 0.11397285 0.00191326078 -0.0209069718 0.112765439 0.00158973702 -0.0209069718 0.114031874 0.00172605831 -0.0209069718 0.112765439 0.00158973702 -0.0209069718 0.112857252 0.00129853317 -0.0209069718 0.114031874 0.00172605831 -0.0209069718 0.114031874 0.00172605831 -0.0209069718 0.112857252 0.00129853317 -0.0209069718 0.11410699 0.00154471258 -0.0209069718 0.112857252 0.00129853317 -0.0209069718 0.1129741 0.00101643975 -0.0209069718 0.11410699 0.00154471258 -0.0209069718 0.11410699 0.00154471258 -0.0209069718 0.1129741 0.00101643975 -0.0209069718 0.114197619 0.00137060368 -0.0209069718 0.1129741 0.00101643975 -0.0209069718 0.113115087 0.00074560364 -0.0209069718 0.114197619 0.00137060368 -0.0209069718 0.114197619 0.00137060368 -0.0209069718 0.113115087 0.00074560364 -0.0209069718 0.11430309 0.00120505667 -0.0209069718 0.113115087 0.00074560364 -0.0209069718 0.113279149 0.000488086138 -0.0209069718 0.11430309 0.00120505667 -0.0209069718 0.11430309 0.00120505667 -0.0209069718 0.113279149 0.000488086138 -0.0209069718 0.114422582 0.00104933151 -0.0209069718 0.113279149 0.000488086138 -0.0209069718 0.113465026 0.000245847041 -0.0209069718 0.114422582 0.00104933151 -0.0209069718 0.114422582 0.00104933151 -0.0209069718 0.113465026 0.000245847041 -0.0209069718 0.114555188 0.000904613407 -0.0209069718 0.113465026 0.000245847041 -0.0209069718 0.113671303 2.07299327e-05 -0.0209069718 0.114555188 0.000904613407 -0.0209069718 0.114555188 0.000904613407 -0.0209069718 0.113671303 2.07299327e-05 -0.0209069718 0.114699908 0.000772003666 -0.0209069718 0.113671303 2.07299327e-05 -0.0209069718 0.113896422 -0.000185551879 -0.0209069718 0.114699908 0.000772003666 -0.0209069718 0.114699908 0.000772003666 -0.0209069718 0.113896422 -0.000185551879 -0.0209069718 0.114855632 0.000652511546 -0.0209069718 0.113896422 -0.000185551879 -0.0209069718 0.114138663 -0.000371428498 -0.0209069718 0.114855632 0.000652511546 -0.0209069718 0.114855632 0.000652511546 -0.0209069718 0.114138663 -0.000371428498 -0.0209069718 0.115021177 0.000547046482 -0.0209069718 0.114138663 -0.000371428498 -0.0209069718 0.114396177 -0.000535485218 -0.0209069718 0.115021177 0.000547046482 -0.0209069718 0.115021177 0.000547046482 -0.0209069718 0.114396177 -0.000535485218 -0.0209069718 0.115195289 0.000456411159 -0.0209069718 0.114396177 -0.000535485218 -0.0209069718 0.114667013 -0.000676473603 -0.0209069718 0.115195289 0.000456411159 -0.0209069718 0.115195289 0.000456411159 -0.0209069718 0.114667013 -0.000676473603 -0.0209069718 0.115376636 0.000381295278 -0.0209069718 0.114667013 -0.000676473603 -0.0209069718 0.114949107 -0.000793320534 -0.0209069718 0.115376636 0.000381295278 -0.0209069718 0.115376636 0.000381295278 -0.0209069718 0.114949107 -0.000793320534 -0.0209069718 0.11556384 0.000322270556 -0.0209069718 0.114949107 -0.000793320534 -0.0209069718 0.115240313 -0.000885136717 -0.0209069718 0.11556384 0.000322270556 -0.0209069718 0.11556384 0.000322270556 -0.0209069718 0.115240313 -0.000885136717 -0.0209069718 0.115755469 0.000279786211 -0.0209069718 0.115240313 -0.000885136717 -0.0209069718 0.115538411 -0.000951223483 -0.0209069718 0.115755469 0.000279786211 -0.0209069718 0.115755469 0.000279786211 -0.0209069718 0.115538411 -0.000951223483 -0.0209069718 0.115950078 0.000254165585 -0.0209069718 0.115538411 -0.000951223483 -0.0209069718 0.115841135 -0.000991077744 -0.0209069718 0.115950078 0.000254165585 -0.0209069718 0.115950078 0.000254165585 -0.0209069718 0.115841135 -0.000991077744 -0.0209069718 0.116146177 0.000245603675 -0.0209069718 0.115841135 -0.000991077744 -0.0209069718 0.116146177 -0.00100439636 -0.0209069718 0.116146177 0.000245603675 -0.0209069718 0.116146177 0.000245603675 -0.0209069718 0.116146177 -0.00100439636 -0.0209069718 0.116342276 0.000254165585 -0.0209069718 0.116146177 -0.00100439636 -0.0209069718 0.116451226 -0.000991077744 -0.0209069718 0.116342276 0.000254165585 -0.0209069718 0.116342276 0.000254165585 -0.0209069718 0.116451226 -0.000991077744 -0.0209069718 0.116536885 0.000279786211 -0.0209069718 0.116451226 -0.000991077744 -0.0209069718 0.116753951 -0.000951223483 -0.0209069718 0.116536885 0.000279786211 -0.0209069718 0.116536885 0.000279786211 -0.0209069718 0.116753951 -0.000951223483 -0.0209069718 0.116728522 0.000322270556 -0.0209069718 0.116753951 -0.000951223483 -0.0209069718 0.117052048 -0.000885136717 -0.0209069718 0.116728522 0.000322270556 -0.0209069718 0.116728522 0.000322270556 -0.0209069718 0.117052048 -0.000885136717 -0.0209069718 0.116915725 0.000381295278 -0.0209069718 0.117052048 -0.000885136717 -0.0209069718 0.117343247 -0.000793320534 -0.0209069718 0.116915725 0.000381295278 -0.0209069718 0.116915725 0.000381295278 -0.0209069718 0.117343247 -0.000793320534 -0.0209069718 0.117097072 0.000456411159 -0.0209069718 0.117343247 -0.000793320534 -0.0209069718 0.117625341 -0.000676473603 -0.0209069718 0.117097072 0.000456411159 -0.0209069718 0.117097072 0.000456411159 -0.0209069718 0.117625341 -0.000676473603 -0.0209069718 0.117271177 0.000547046482 -0.0209069718 0.117625341 -0.000676473603 -0.0209069718 0.117896177 -0.000535485218 -0.0209069718 0.117271177 0.000547046482 -0.0209069718 0.117271177 0.000547046482 -0.0209069718 0.117896177 -0.000535485218 -0.0209069718 0.117436729 0.000652511546 -0.0209069718 0.117896177 -0.000535485218 -0.0209069718 0.118153699 -0.000371428498 -0.0209069718 0.117436729 0.000652511546 -0.0209069718 0.117436729 0.000652511546 -0.0209069718 0.118153699 -0.000371428498 -0.0209069718 0.117592454 0.000772003666 -0.0209069718 0.118153699 -0.000371428498 -0.0209069718 0.118395939 -0.000185551879 -0.0209069718 0.117592454 0.000772003666 -0.0209069718 0.117592454 0.000772003666 -0.0209069718 0.118395939 -0.000185551879 -0.0209069718 0.117737167 0.000904613407 -0.0209069718 0.118395939 -0.000185551879 -0.0209069718 0.118621051 2.07299327e-05 -0.0209069718 0.117737167 0.000904613407 -0.0209069718 0.117737167 0.000904613407 -0.0209069718 0.118621051 2.07299327e-05 -0.0209069718 0.117869779 0.00104933151 -0.0209069718 0.118621051 2.07299327e-05 -0.0209069718 0.118827336 0.000245847041 -0.0209069718 0.117869779 0.00104933151 -0.0209069718 0.117869779 0.00104933151 -0.0209069718 0.118827336 0.000245847041 -0.0209069718 0.117989272 0.00120505667 -0.0209069718 0.118827336 0.000245847041 -0.0209069718 0.119013213 0.000488086138 -0.0209069718 0.117989272 0.00120505667 -0.0209069718 0.117989272 0.00120505667 -0.0209069718 0.119013213 0.000488086138 -0.0209069718 0.118094735 0.00137060368 -0.0209069718 0.119013213 0.000488086138 -0.0209069718 0.119177267 0.00074560364 -0.0209069718 0.118094735 0.00137060368 -0.0209069718 0.118094735 0.00137060368 -0.0209069718 0.119177267 0.00074560364 -0.0209069718 0.118185371 0.00154471258 -0.0209069718 0.119177267 0.00074560364 -0.0209069718 0.119318254 0.00101643975 -0.0209069718 0.118185371 0.00154471258 -0.0209069718 0.118185371 0.00154471258 -0.0209069718 0.119318254 0.00101643975 -0.0209069718 0.118260488 0.00172605831 -0.0209069718 0.119318254 0.00101643975 -0.0209069718 0.119435102 0.00129853317 -0.0209069718 0.118260488 0.00172605831 -0.0209069718 0.118260488 0.00172605831 -0.0209069718 0.119435102 0.00129853317 -0.0209069718 0.118319511 0.00191326078 -0.0209069718 0.119435102 0.00129853317 -0.0209069718 0.119526923 0.00158973702 -0.0209069718 0.118319511 0.00191326078 -0.0209069718 0.118319511 0.00191326078 -0.0209069718 0.119526923 0.00158973702 -0.0209069718 0.118361995 0.00210489519 -0.0209069718 0.119526923 0.00158973702 -0.0209069718 0.119593009 0.0018878351 -0.0209069718 0.118361995 0.00210489519 -0.0209069718 0.118361995 0.00210489519 -0.0209069718 0.119593009 0.0018878351 -0.0209069718 0.118387617 0.00229950319 -0.0209069718 0.119593009 0.0018878351 -0.0209069718 0.119632863 0.00219055847 -0.0209069718 0.118387617 0.00229950319 -0.0209069718 0.118387617 0.00229950319 -0.0209069718 0.119632863 0.00219055847 -0.0209069718 0.118396178 0.00249560364 -0.0209069718 0.119632863 0.00219055847 -0.0209069718 0.119646177 0.00249560364 -0.0209069718 0.118396178 0.00249560364 -0.0209069718 0.118396178 0.00249560364 -0.0209069718 0.119646177 0.00249560364 -0.0209069718 0.118387617 0.00269170408 -0.0209069718 0.119646177 0.00249560364 -0.0209069718 0.119632863 0.0028006488 -0.0209069718 0.118387617 0.00269170408 -0.0209069718 0.118387617 0.00269170408 -0.0209069718 0.119632863 0.0028006488 -0.0209069718 0.118361995 0.00288631208 -0.0209069718 0.119632863 0.0028006488 -0.0209069718 0.119593009 0.00310337218 -0.0209069718 0.118361995 0.00288631208 -0.0209069718 0.118361995 0.00288631208 -0.0209069718 0.119593009 0.00310337218 -0.0209069718 0.118319511 0.0030779466 -0.0209069718 0.119593009 0.00310337218 -0.0209069718 0.119526923 0.00340147037 -0.0209069718 0.118319511 0.0030779466 -0.0209069718 0.118319511 0.0030779466 -0.0209069718 0.119526923 0.00340147037 -0.0209069718 0.118260488 0.00326514896 -0.0209069718 0.119526923 0.00340147037 -0.0209069718 0.119435102 0.00369267422 -0.0209069718 0.118260488 0.00326514896 -0.0209069718 0.118260488 0.00326514896 -0.0209069718 0.119435102 0.00369267422 -0.0209069718 0.118185371 0.00344649469 -0.0209069718 0.119435102 0.00369267422 -0.0209069718 0.119318254 0.0039747674 -0.0209069718 0.118185371 0.00344649469 -0.0209069718 0.118185371 0.00344649469 -0.0209069718 0.119318254 0.0039747674 -0.0209069718 0.118094735 0.00362060359 -0.0209069718 0.119318254 0.0039747674 -0.0209069718 0.119177267 0.00424560346 -0.0209069718 0.118094735 0.00362060359 -0.0209069718 0.118094735 0.00362060359 -0.0209069718 0.119177267 0.00424560346 -0.0209069718 0.117989272 0.0037861506 -0.0209069718 0.119177267 0.00424560346 -0.0209069718 0.119013213 0.00450312113 -0.0209069718 0.117989272 0.0037861506 -0.0209069718 0.117989272 0.0037861506 -0.0209069718 0.119013213 0.00450312113 -0.0209069718 0.117869779 0.00394187588 -0.0209069718 0.119013213 0.00450312113 -0.0209069718 0.118827336 0.00474536046 -0.0209069718 0.117869779 0.00394187588 -0.0209069718 0.117869779 0.00394187588 -0.0209069718 0.118827336 0.00474536046 -0.0209069718 0.117737167 0.0040865941 -0.0209069718 0.118827336 0.00474536046 -0.0209069718 0.118621051 0.00497047743 -0.0209069718 0.117737167 0.0040865941 -0.0209069718 0.117737167 0.0040865941 -0.0209069718 0.118621051 0.00497047743 -0.0209069718 0.117592454 0.00421920372 -0.0209069718 0.118621051 0.00497047743 -0.0209069718 0.118395939 0.00517675932 -0.0209069718 0.117592454 0.00421920372 -0.0209069718 0.117592454 0.00421920372 -0.0209069718 0.118395939 0.00517675932 -0.0209069718 0.117436729 0.00433869567 -0.0209069718 0.118395939 0.00517675932 -0.0209069718 0.118153699 0.00536263594 -0.0209069718 0.117436729 0.00433869567 -0.0209069718 0.117436729 0.00433869567 -0.0209069718 0.118153699 0.00536263594 -0.0209069718 0.117271177 0.00444416096 -0.0209069718 0.118153699 0.00536263594 -0.0209069718 0.117896177 0.00552669261 -0.0209069718 0.117271177 0.00444416096 -0.0209069718 0.117271177 0.00444416096 -0.0209069718 0.117896177 0.00552669261 -0.0209069718 0.117097072 0.00453479635 -0.0209069718 0.117896177 0.00552669261 -0.0209069718 0.117625341 0.00566768087 -0.0209069718 0.117097072 0.00453479635 -0.0209069718 0.117097072 0.00453479635 -0.0209069718 0.117625341 0.00566768087 -0.0209069718 0.116915725 0.00460991217 -0.0209069718 0.117625341 0.00566768087 -0.0209069718 0.117343247 0.00578452786 -0.0209069718 0.116915725 0.00460991217 -0.0209069718 0.116915725 0.00460991217 -0.0209069718 0.117343247 0.00578452786 -0.0209069718 0.116728522 0.0046689366 -0.0209069718 0.117343247 0.00578452786 -0.0209069718 0.117052048 0.00587634416 -0.0209069718 0.116728522 0.0046689366 -0.0209069718 0.116728522 0.0046689366 -0.0209069718 0.117052048 0.00587634416 -0.0209069718 0.116536885 0.00471142121 -0.0209069718 0.117052048 0.00587634416 -0.0209069718 0.116753951 0.00594243081 -0.0209069718 0.116536885 0.00471142121 -0.0209069718 0.116536885 0.00471142121 -0.0209069718 0.116753951 0.00594243081 -0.0209069718 0.116342276 0.00473704189 -0.0209069718 0.116753951 0.00594243081 -0.0209069718 0.116451226 0.0059822849 -0.0209069718 0.116342276 0.00473704189 -0.0209069718 0.116342276 0.00473704189 -0.0209069718 0.116451226 0.0059822849 -0.0209069718 0.116146177 0.00474560354 -0.0209069718 0.116451226 0.0059822849 -0.0209069718 0.116146177 0.00599560374 -0.0209069718 0.116146177 0.00474560354 -0.0193983912 0.116146177 0.00249560364 -0.0184069704 0.116289988 0.000851882389 -0.0184069704 0.116432697 0.00087067089 -0.0184069704 0.116146177 0.000845603645 -0.0184069704 0.116289988 0.000851882389 -0.0193983912 0.116146177 0.00249560364 -0.0193983912 0.116146177 0.00249560364 -0.0184069704 0.116710514 0.000945110864 -0.0184069704 0.116843499 0.00100019586 -0.0184069704 0.116573229 0.000901826075 -0.0184069704 0.116710514 0.000945110864 -0.0193983912 0.116146177 0.00249560364 -0.0184069704 0.116432697 0.00087067089 -0.0184069704 0.116573229 0.000901826075 -0.0193983912 0.116146177 0.00249560364 -0.0193983912 0.116146177 0.00249560364 -0.0184069704 0.11709258 0.00114400277 -0.0184069704 0.117206782 0.00123163033 -0.0184069704 0.11697118 0.00106666179 -0.0184069704 0.11709258 0.00114400277 -0.0193983912 0.116146177 0.00249560364 -0.0184069704 0.116843499 0.00100019586 -0.0184069704 0.11697118 0.00106666179 -0.0193983912 0.116146177 0.00249560364 -0.0193983912 0.116146177 0.00249560364 -0.0184069704 0.117410153 0.00143500406 -0.0184069704 0.117497779 0.0015492026 -0.0184069704 0.117312908 0.00132887752 -0.0184069704 0.117410153 0.00143500406 -0.0193983912 0.116146177 0.00249560364 -0.0184069704 0.117206782 0.00123163033 -0.0184069704 0.117312908 0.00132887752 -0.0193983912 0.116146177 0.00249560364 -0.0193983912 0.116146177 0.00249560364 -0.0184069704 0.117641591 0.00179828354 -0.0184069704 0.117696673 0.00193127047 -0.0184069704 0.117575124 0.00167060364 -0.0184069704 0.117641591 0.00179828354 -0.0193983912 0.116146177 0.00249560364 -0.0184069704 0.117497779 0.0015492026 -0.0184069704 0.117575124 0.00167060364 -0.0193983912 0.116146177 0.00249560364 -0.0193983912 0.116146177 0.00249560364 -0.0184069704 0.117771111 0.00220908411 -0.0184069704 0.117789902 0.00235179672 -0.0184069704 0.117739961 0.00206855219 -0.0184069704 0.117771111 0.00220908411 -0.0193983912 0.116146177 0.00249560364 -0.0184069704 0.117696673 0.00193127047 -0.0184069704 0.117739961 0.00206855219 -0.0193983912 0.116146177 0.00249560364 -0.0193983912 0.116146177 0.00249560364 -0.0184069704 0.117789902 0.00263941055 -0.0184069704 0.117771111 0.00278212316 -0.0184069704 0.117796183 0.00249560364 -0.0184069704 0.117789902 0.00263941055 -0.0193983912 0.116146177 0.00249560364 -0.0184069704 0.117789902 0.00235179672 -0.0184069704 0.117796183 0.00249560364 -0.0193983912 0.116146177 0.00249560364 -0.0193983912 0.116146177 0.00249560364 -0.0184069704 0.117696673 0.00305993692 -0.0184069704 0.117641591 0.00319292373 -0.0184069704 0.117739961 0.00292265508 -0.0184069704 0.117696673 0.00305993692 -0.0193983912 0.116146177 0.00249560364 -0.0184069704 0.117771111 0.00278212316 -0.0184069704 0.117739961 0.00292265508 -0.0193983912 0.116146177 0.00249560364 -0.0193983912 0.116146177 0.00249560364 -0.0184069704 0.117497779 0.00344200479 -0.0184069704 0.117410153 0.00355620333 -0.0184069704 0.117575124 0.00332060363 -0.0184069704 0.117497779 0.00344200479 -0.0193983912 0.116146177 0.00249560364 -0.0184069704 0.117641591 0.00319292373 -0.0184069704 0.117575124 0.00332060363 -0.0193983912 0.116146177 0.00249560364 -0.0193983912 0.116146177 0.00249560364 -0.0184069704 0.117206782 0.00375957694 -0.0184069704 0.11709258 0.00384720461 -0.0184069704 0.117312908 0.00366232987 -0.0184069704 0.117206782 0.00375957694 -0.0193983912 0.116146177 0.00249560364 -0.0184069704 0.117410153 0.00355620333 -0.0184069704 0.117312908 0.00366232987 -0.0193983912 0.116146177 0.00249560364 -0.0193983912 0.116146177 0.00249560364 -0.0184069704 0.116843499 0.00399101153 -0.0184069704 0.116710514 0.00404609647 -0.0184069704 0.11697118 0.00392454537 -0.0184069704 0.116843499 0.00399101153 -0.0193983912 0.116146177 0.00249560364 -0.0184069704 0.11709258 0.00384720461 -0.0184069704 0.11697118 0.00392454537 -0.0193983912 0.116146177 0.00249560364 -0.0193983912 0.116146177 0.00249560364 -0.0184069704 0.116432697 0.00412053661 -0.0184069704 0.116289988 0.00413932512 -0.0184069704 0.116573229 0.00408938108 -0.0184069704 0.116432697 0.00412053661 -0.0193983912 0.116146177 0.00249560364 -0.0184069704 0.116710514 0.00404609647 -0.0184069704 0.116573229 0.00408938108 -0.0193983912 0.116146177 0.00249560364 -0.0193983912 0.116146177 0.00249560364 -0.0184069704 0.116002373 0.00413932512 -0.0184069704 0.115859658 0.00412053661 -0.0184069704 0.116146177 0.00414560363 -0.0184069704 0.116002373 0.00413932512 -0.0193983912 0.116146177 0.00249560364 -0.0184069704 0.116289988 0.00413932512 -0.0184069704 0.116146177 0.00414560363 -0.0193983912 0.116146177 0.00249560364 -0.0193983912 0.116146177 0.00249560364 -0.0184069704 0.115581848 0.00404609647 -0.0184069704 0.115448862 0.00399101153 -0.0184069704 0.115719125 0.00408938108 -0.0184069704 0.115581848 0.00404609647 -0.0193983912 0.116146177 0.00249560364 -0.0184069704 0.115859658 0.00412053661 -0.0184069704 0.115719125 0.00408938108 -0.0193983912 0.116146177 0.00249560364 -0.0193983912 0.116146177 0.00249560364 -0.0184069704 0.115199782 0.00384720461 -0.0184069704 0.115085579 0.00375957694 -0.0184069704 0.115321182 0.00392454537 -0.0184069704 0.115199782 0.00384720461 -0.0193983912 0.116146177 0.00249560364 -0.0184069704 0.115448862 0.00399101153 -0.0184069704 0.115321182 0.00392454537 -0.0193983912 0.116146177 0.00249560364 -0.0193983912 0.116146177 0.00249560364 -0.0184069704 0.114882208 0.00355620333 -0.0184069704 0.114794582 0.00344200479 -0.0184069704 0.114979453 0.00366232987 -0.0184069704 0.114882208 0.00355620333 -0.0193983912 0.116146177 0.00249560364 -0.0184069704 0.115085579 0.00375957694 -0.0184069704 0.114979453 0.00366232987 -0.0193983912 0.116146177 0.00249560364 -0.0193983912 0.116146177 0.00249560364 -0.0184069704 0.114650771 0.00319292373 -0.0184069704 0.114595689 0.00305993692 -0.0184069704 0.114717238 0.00332060363 -0.0184069704 0.114650771 0.00319292373 -0.0193983912 0.116146177 0.00249560364 -0.0184069704 0.114794582 0.00344200479 -0.0184069704 0.114717238 0.00332060363 -0.0193983912 0.116146177 0.00249560364 -0.0193983912 0.116146177 0.00249560364 -0.0184069704 0.11452125 0.00278212316 -0.0184069704 0.11450246 0.00263941055 -0.0184069704 0.114552401 0.00292265508 -0.0184069704 0.11452125 0.00278212316 -0.0193983912 0.116146177 0.00249560364 -0.0184069704 0.114595689 0.00305993692 -0.0184069704 0.114552401 0.00292265508 -0.0193983912 0.116146177 0.00249560364 -0.0193983912 0.116146177 0.00249560364 -0.0184069704 0.11450246 0.00235179672 -0.0184069704 0.11452125 0.00220908411 -0.0184069704 0.114496179 0.00249560364 -0.0184069704 0.11450246 0.00235179672 -0.0193983912 0.116146177 0.00249560364 -0.0184069704 0.11450246 0.00263941055 -0.0184069704 0.114496179 0.00249560364 -0.0193983912 0.116146177 0.00249560364 -0.0193983912 0.116146177 0.00249560364 -0.0184069704 0.114595689 0.00193127047 -0.0184069704 0.114650771 0.00179828354 -0.0184069704 0.114552401 0.00206855219 -0.0184069704 0.114595689 0.00193127047 -0.0193983912 0.116146177 0.00249560364 -0.0184069704 0.11452125 0.00220908411 -0.0184069704 0.114552401 0.00206855219 -0.0193983912 0.116146177 0.00249560364 -0.0193983912 0.116146177 0.00249560364 -0.0184069704 0.114794582 0.0015492026 -0.0184069704 0.114882208 0.00143500406 -0.0184069704 0.114717238 0.00167060364 -0.0184069704 0.114794582 0.0015492026 -0.0193983912 0.116146177 0.00249560364 -0.0184069704 0.114650771 0.00179828354 -0.0184069704 0.114717238 0.00167060364 -0.0193983912 0.116146177 0.00249560364 -0.0193983912 0.116146177 0.00249560364 -0.0184069704 0.115085579 0.00123163033 -0.0184069704 0.115199782 0.00114400277 -0.0184069704 0.114979453 0.00132887752 -0.0184069704 0.115085579 0.00123163033 -0.0193983912 0.116146177 0.00249560364 -0.0184069704 0.114882208 0.00143500406 -0.0184069704 0.114979453 0.00132887752 -0.0193983912 0.116146177 0.00249560364 -0.0193983912 0.116146177 0.00249560364 -0.0184069704 0.115448862 0.00100019586 -0.0184069704 0.115581848 0.000945110864 -0.0184069704 0.115321182 0.00106666179 -0.0184069704 0.115448862 0.00100019586 -0.0193983912 0.116146177 0.00249560364 -0.0184069704 0.115199782 0.00114400277 -0.0184069704 0.115321182 0.00106666179 -0.0193983912 0.116146177 0.00249560364 -0.0193983912 0.116146177 0.00249560364 -0.0184069704 0.115859658 0.00087067089 -0.0184069704 0.116002373 0.000851882389 -0.0184069704 0.115719125 0.000901826075 -0.0184069704 0.115859658 0.00087067089 -0.0193983912 0.116146177 0.00249560364 -0.0184069704 0.115581848 0.000945110864 -0.0184069704 0.115719125 0.000901826075 -0.0193983912 0.116146177 0.00249560364 -0.0184069704 0.116002373 0.000851882389 -0.0184069704 0.116146177 0.000845603645 -0.0193983912 0.116146177 0.00249560364 -0.0184069704 0.116146177 0.000245603675 -0.0209069718 0.116342276 0.000254165585 -0.0184069704 0.116342276 0.000254165585 -0.0209069718 0.116342276 0.000254165585 -0.0209069718 0.116536885 0.000279786211 -0.0184069704 0.116342276 0.000254165585 -0.0184069704 0.116342276 0.000254165585 -0.0209069718 0.116536885 0.000279786211 -0.0184069704 0.116536885 0.000279786211 -0.0209069718 0.116536885 0.000279786211 -0.0209069718 0.116728522 0.000322270556 -0.0184069704 0.116536885 0.000279786211 -0.0184069704 0.116536885 0.000279786211 -0.0209069718 0.116728522 0.000322270556 -0.0184069704 0.116728522 0.000322270556 -0.0209069718 0.116728522 0.000322270556 -0.0209069718 0.116915725 0.000381295278 -0.0184069704 0.116728522 0.000322270556 -0.0184069704 0.116728522 0.000322270556 -0.0209069718 0.116915725 0.000381295278 -0.0184069704 0.116915725 0.000381295278 -0.0209069718 0.116915725 0.000381295278 -0.0209069718 0.117097072 0.000456411159 -0.0184069704 0.116915725 0.000381295278 -0.0184069704 0.116915725 0.000381295278 -0.0209069718 0.117097072 0.000456411159 -0.0184069704 0.117097072 0.000456411159 -0.0209069718 0.117097072 0.000456411159 -0.0209069718 0.117271177 0.000547046482 -0.0184069704 0.117097072 0.000456411159 -0.0184069704 0.117097072 0.000456411159 -0.0209069718 0.117271177 0.000547046482 -0.0184069704 0.117271177 0.000547046482 -0.0209069718 0.117271177 0.000547046482 -0.0209069718 0.117436729 0.000652511546 -0.0184069704 0.117271177 0.000547046482 -0.0184069704 0.117271177 0.000547046482 -0.0209069718 0.117436729 0.000652511546 -0.0184069704 0.117436729 0.000652511546 -0.0209069718 0.117436729 0.000652511546 -0.0209069718 0.117592454 0.000772003666 -0.0184069704 0.117436729 0.000652511546 -0.0184069704 0.117436729 0.000652511546 -0.0209069718 0.117592454 0.000772003666 -0.0184069704 0.117592454 0.000772003666 -0.0209069718 0.117592454 0.000772003666 -0.0209069718 0.117737167 0.000904613407 -0.0184069704 0.117592454 0.000772003666 -0.0184069704 0.117592454 0.000772003666 -0.0209069718 0.117737167 0.000904613407 -0.0184069704 0.117737167 0.000904613407 -0.0209069718 0.117737167 0.000904613407 -0.0209069718 0.117869779 0.00104933151 -0.0184069704 0.117737167 0.000904613407 -0.0184069704 0.117737167 0.000904613407 -0.0209069718 0.117869779 0.00104933151 -0.0184069704 0.117869779 0.00104933151 -0.0209069718 0.117869779 0.00104933151 -0.0209069718 0.117989272 0.00120505667 -0.0184069704 0.117869779 0.00104933151 -0.0184069704 0.117869779 0.00104933151 -0.0209069718 0.117989272 0.00120505667 -0.0184069704 0.117989272 0.00120505667 -0.0209069718 0.117989272 0.00120505667 -0.0209069718 0.118094735 0.00137060368 -0.0184069704 0.117989272 0.00120505667 -0.0184069704 0.117989272 0.00120505667 -0.0209069718 0.118094735 0.00137060368 -0.0184069704 0.118094735 0.00137060368 -0.0209069718 0.118094735 0.00137060368 -0.0209069718 0.118185371 0.00154471258 -0.0184069704 0.118094735 0.00137060368 -0.0184069704 0.118094735 0.00137060368 -0.0209069718 0.118185371 0.00154471258 -0.0184069704 0.118185371 0.00154471258 -0.0209069718 0.118185371 0.00154471258 -0.0209069718 0.118260488 0.00172605831 -0.0184069704 0.118185371 0.00154471258 -0.0184069704 0.118185371 0.00154471258 -0.0209069718 0.118260488 0.00172605831 -0.0184069704 0.118260488 0.00172605831 -0.0209069718 0.118260488 0.00172605831 -0.0209069718 0.118319511 0.00191326078 -0.0184069704 0.118260488 0.00172605831 -0.0184069704 0.118260488 0.00172605831 -0.0209069718 0.118319511 0.00191326078 -0.0184069704 0.118319511 0.00191326078 -0.0209069718 0.118319511 0.00191326078 -0.0209069718 0.118361995 0.00210489519 -0.0184069704 0.118319511 0.00191326078 -0.0184069704 0.118319511 0.00191326078 -0.0209069718 0.118361995 0.00210489519 -0.0184069704 0.118361995 0.00210489519 -0.0209069718 0.118361995 0.00210489519 -0.0209069718 0.118387617 0.00229950319 -0.0184069704 0.118361995 0.00210489519 -0.0184069704 0.118361995 0.00210489519 -0.0209069718 0.118387617 0.00229950319 -0.0184069704 0.118387617 0.00229950319 -0.0209069718 0.118387617 0.00229950319 -0.0209069718 0.118396178 0.00249560364 -0.0184069704 0.118387617 0.00229950319 -0.0184069704 0.118387617 0.00229950319 -0.0209069718 0.118396178 0.00249560364 -0.0184069704 0.118396178 0.00249560364 -0.0209069718 0.118396178 0.00249560364 -0.0209069718 0.118387617 0.00269170408 -0.0184069704 0.118396178 0.00249560364 -0.0184069704 0.118396178 0.00249560364 -0.0209069718 0.118387617 0.00269170408 -0.0184069704 0.118387617 0.00269170408 -0.0209069718 0.118387617 0.00269170408 -0.0209069718 0.118361995 0.00288631208 -0.0184069704 0.118387617 0.00269170408 -0.0184069704 0.118387617 0.00269170408 -0.0209069718 0.118361995 0.00288631208 -0.0184069704 0.118361995 0.00288631208 -0.0209069718 0.118361995 0.00288631208 -0.0209069718 0.118319511 0.0030779466 -0.0184069704 0.118361995 0.00288631208 -0.0184069704 0.118361995 0.00288631208 -0.0209069718 0.118319511 0.0030779466 -0.0184069704 0.118319511 0.0030779466 -0.0209069718 0.118319511 0.0030779466 -0.0209069718 0.118260488 0.00326514896 -0.0184069704 0.118319511 0.0030779466 -0.0184069704 0.118319511 0.0030779466 -0.0209069718 0.118260488 0.00326514896 -0.0184069704 0.118260488 0.00326514896 -0.0209069718 0.118260488 0.00326514896 -0.0209069718 0.118185371 0.00344649469 -0.0184069704 0.118260488 0.00326514896 -0.0184069704 0.118260488 0.00326514896 -0.0209069718 0.118185371 0.00344649469 -0.0184069704 0.118185371 0.00344649469 -0.0209069718 0.118185371 0.00344649469 -0.0209069718 0.118094735 0.00362060359 -0.0184069704 0.118185371 0.00344649469 -0.0184069704 0.118185371 0.00344649469 -0.0209069718 0.118094735 0.00362060359 -0.0184069704 0.118094735 0.00362060359 -0.0209069718 0.118094735 0.00362060359 -0.0209069718 0.117989272 0.0037861506 -0.0184069704 0.118094735 0.00362060359 -0.0184069704 0.118094735 0.00362060359 -0.0209069718 0.117989272 0.0037861506 -0.0184069704 0.117989272 0.0037861506 -0.0209069718 0.117989272 0.0037861506 -0.0209069718 0.117869779 0.00394187588 -0.0184069704 0.117989272 0.0037861506 -0.0184069704 0.117989272 0.0037861506 -0.0209069718 0.117869779 0.00394187588 -0.0184069704 0.117869779 0.00394187588 -0.0209069718 0.117869779 0.00394187588 -0.0209069718 0.117737167 0.0040865941 -0.0184069704 0.117869779 0.00394187588 -0.0184069704 0.117869779 0.00394187588 -0.0209069718 0.117737167 0.0040865941 -0.0184069704 0.117737167 0.0040865941 -0.0209069718 0.117737167 0.0040865941 -0.0209069718 0.117592454 0.00421920372 -0.0184069704 0.117737167 0.0040865941 -0.0184069704 0.117737167 0.0040865941 -0.0209069718 0.117592454 0.00421920372 -0.0184069704 0.117592454 0.00421920372 -0.0209069718 0.117592454 0.00421920372 -0.0209069718 0.117436729 0.00433869567 -0.0184069704 0.117592454 0.00421920372 -0.0184069704 0.117592454 0.00421920372 -0.0209069718 0.117436729 0.00433869567 -0.0184069704 0.117436729 0.00433869567 -0.0209069718 0.117436729 0.00433869567 -0.0209069718 0.117271177 0.00444416096 -0.0184069704 0.117436729 0.00433869567 -0.0184069704 0.117436729 0.00433869567 -0.0209069718 0.117271177 0.00444416096 -0.0184069704 0.117271177 0.00444416096 -0.0209069718 0.117271177 0.00444416096 -0.0209069718 0.117097072 0.00453479635 -0.0184069704 0.117271177 0.00444416096 -0.0184069704 0.117271177 0.00444416096 -0.0209069718 0.117097072 0.00453479635 -0.0184069704 0.117097072 0.00453479635 -0.0209069718 0.117097072 0.00453479635 -0.0209069718 0.116915725 0.00460991217 -0.0184069704 0.117097072 0.00453479635 -0.0184069704 0.117097072 0.00453479635 -0.0209069718 0.116915725 0.00460991217 -0.0184069704 0.116915725 0.00460991217 -0.0209069718 0.116915725 0.00460991217 -0.0209069718 0.116728522 0.0046689366 -0.0184069704 0.116915725 0.00460991217 -0.0184069704 0.116915725 0.00460991217 -0.0209069718 0.116728522 0.0046689366 -0.0184069704 0.116728522 0.0046689366 -0.0209069718 0.116728522 0.0046689366 -0.0209069718 0.116536885 0.00471142121 -0.0184069704 0.116728522 0.0046689366 -0.0184069704 0.116728522 0.0046689366 -0.0209069718 0.116536885 0.00471142121 -0.0184069704 0.116536885 0.00471142121 -0.0209069718 0.116536885 0.00471142121 -0.0209069718 0.116342276 0.00473704189 -0.0184069704 0.116536885 0.00471142121 -0.0184069704 0.116536885 0.00471142121 -0.0209069718 0.116342276 0.00473704189 -0.0184069704 0.116342276 0.00473704189 -0.0209069718 0.116342276 0.00473704189 -0.0209069718 0.116146177 0.00474560354 -0.0184069704 0.116342276 0.00473704189 -0.0184069704 0.116342276 0.00473704189 -0.0209069718 0.116146177 0.00474560354 -0.0184069704 0.116146177 0.00474560354 -0.0209069718 0.116146177 0.00474560354 -0.0209069718 0.115950078 0.00473704189 -0.0184069704 0.116146177 0.00474560354 -0.0184069704 0.116146177 0.00474560354 -0.0209069718 0.115950078 0.00473704189 -0.0184069704 0.115950078 0.00473704189 -0.0209069718 0.115950078 0.00473704189 -0.0209069718 0.115755469 0.00471142121 -0.0184069704 0.115950078 0.00473704189 -0.0184069704 0.115950078 0.00473704189 -0.0209069718 0.115755469 0.00471142121 -0.0184069704 0.115755469 0.00471142121 -0.0209069718 0.115755469 0.00471142121 -0.0209069718 0.11556384 0.0046689366 -0.0184069704 0.115755469 0.00471142121 -0.0184069704 0.115755469 0.00471142121 -0.0209069718 0.11556384 0.0046689366 -0.0184069704 0.11556384 0.0046689366 -0.0209069718 0.11556384 0.0046689366 -0.0209069718 0.115376636 0.00460991217 -0.0184069704 0.11556384 0.0046689366 -0.0184069704 0.11556384 0.0046689366 -0.0209069718 0.115376636 0.00460991217 -0.0184069704 0.115376636 0.00460991217 -0.0209069718 0.115376636 0.00460991217 -0.0209069718 0.115195289 0.00453479635 -0.0184069704 0.115376636 0.00460991217 -0.0184069704 0.115376636 0.00460991217 -0.0209069718 0.115195289 0.00453479635 -0.0184069704 0.115195289 0.00453479635 -0.0209069718 0.115195289 0.00453479635 -0.0209069718 0.115021177 0.00444416096 -0.0184069704 0.115195289 0.00453479635 -0.0184069704 0.115195289 0.00453479635 -0.0209069718 0.115021177 0.00444416096 -0.0184069704 0.115021177 0.00444416096 -0.0209069718 0.115021177 0.00444416096 -0.0209069718 0.114855632 0.00433869567 -0.0184069704 0.115021177 0.00444416096 -0.0184069704 0.115021177 0.00444416096 -0.0209069718 0.114855632 0.00433869567 -0.0184069704 0.114855632 0.00433869567 -0.0209069718 0.114855632 0.00433869567 -0.0209069718 0.114699908 0.00421920372 -0.0184069704 0.114855632 0.00433869567 -0.0184069704 0.114855632 0.00433869567 -0.0209069718 0.114699908 0.00421920372 -0.0184069704 0.114699908 0.00421920372 -0.0209069718 0.114699908 0.00421920372 -0.0209069718 0.114555188 0.0040865941 -0.0184069704 0.114699908 0.00421920372 -0.0184069704 0.114699908 0.00421920372 -0.0209069718 0.114555188 0.0040865941 -0.0184069704 0.114555188 0.0040865941 -0.0209069718 0.114555188 0.0040865941 -0.0209069718 0.114422582 0.00394187588 -0.0184069704 0.114555188 0.0040865941 -0.0184069704 0.114555188 0.0040865941 -0.0209069718 0.114422582 0.00394187588 -0.0184069704 0.114422582 0.00394187588 -0.0209069718 0.114422582 0.00394187588 -0.0209069718 0.11430309 0.0037861506 -0.0184069704 0.114422582 0.00394187588 -0.0184069704 0.114422582 0.00394187588 -0.0209069718 0.11430309 0.0037861506 -0.0184069704 0.11430309 0.0037861506 -0.0209069718 0.11430309 0.0037861506 -0.0209069718 0.114197619 0.00362060359 -0.0184069704 0.11430309 0.0037861506 -0.0184069704 0.11430309 0.0037861506 -0.0209069718 0.114197619 0.00362060359 -0.0184069704 0.114197619 0.00362060359 -0.0209069718 0.114197619 0.00362060359 -0.0209069718 0.11410699 0.00344649469 -0.0184069704 0.114197619 0.00362060359 -0.0184069704 0.114197619 0.00362060359 -0.0209069718 0.11410699 0.00344649469 -0.0184069704 0.11410699 0.00344649469 -0.0209069718 0.11410699 0.00344649469 -0.0209069718 0.114031874 0.00326514896 -0.0184069704 0.11410699 0.00344649469 -0.0184069704 0.11410699 0.00344649469 -0.0209069718 0.114031874 0.00326514896 -0.0184069704 0.114031874 0.00326514896 -0.0209069718 0.114031874 0.00326514896 -0.0209069718 0.11397285 0.0030779466 -0.0184069704 0.114031874 0.00326514896 -0.0184069704 0.114031874 0.00326514896 -0.0209069718 0.11397285 0.0030779466 -0.0184069704 0.11397285 0.0030779466 -0.0209069718 0.11397285 0.0030779466 -0.0209069718 0.113930359 0.00288631208 -0.0184069704 0.11397285 0.0030779466 -0.0184069704 0.11397285 0.0030779466 -0.0209069718 0.113930359 0.00288631208 -0.0184069704 0.113930359 0.00288631208 -0.0209069718 0.113930359 0.00288631208 -0.0209069718 0.113904744 0.00269170408 -0.0184069704 0.113930359 0.00288631208 -0.0184069704 0.113930359 0.00288631208 -0.0209069718 0.113904744 0.00269170408 -0.0184069704 0.113904744 0.00269170408 -0.0209069718 0.113904744 0.00269170408 -0.0209069718 0.113896176 0.00249560364 -0.0184069704 0.113904744 0.00269170408 -0.0184069704 0.113904744 0.00269170408 -0.0209069718 0.113896176 0.00249560364 -0.0184069704 0.113896176 0.00249560364 -0.0209069718 0.113896176 0.00249560364 -0.0209069718 0.113904744 0.00229950319 -0.0184069704 0.113896176 0.00249560364 -0.0184069704 0.113896176 0.00249560364 -0.0209069718 0.113904744 0.00229950319 -0.0184069704 0.113904744 0.00229950319 -0.0209069718 0.113904744 0.00229950319 -0.0209069718 0.113930359 0.00210489519 -0.0184069704 0.113904744 0.00229950319 -0.0184069704 0.113904744 0.00229950319 -0.0209069718 0.113930359 0.00210489519 -0.0184069704 0.113930359 0.00210489519 -0.0209069718 0.113930359 0.00210489519 -0.0209069718 0.11397285 0.00191326078 -0.0184069704 0.113930359 0.00210489519 -0.0184069704 0.113930359 0.00210489519 -0.0209069718 0.11397285 0.00191326078 -0.0184069704 0.11397285 0.00191326078 -0.0209069718 0.11397285 0.00191326078 -0.0209069718 0.114031874 0.00172605831 -0.0184069704 0.11397285 0.00191326078 -0.0184069704 0.11397285 0.00191326078 -0.0209069718 0.114031874 0.00172605831 -0.0184069704 0.114031874 0.00172605831 -0.0209069718 0.114031874 0.00172605831 -0.0209069718 0.11410699 0.00154471258 -0.0184069704 0.114031874 0.00172605831 -0.0184069704 0.114031874 0.00172605831 -0.0209069718 0.11410699 0.00154471258 -0.0184069704 0.11410699 0.00154471258 -0.0209069718 0.11410699 0.00154471258 -0.0209069718 0.114197619 0.00137060368 -0.0184069704 0.11410699 0.00154471258 -0.0184069704 0.11410699 0.00154471258 -0.0209069718 0.114197619 0.00137060368 -0.0184069704 0.114197619 0.00137060368 -0.0209069718 0.114197619 0.00137060368 -0.0209069718 0.11430309 0.00120505667 -0.0184069704 0.114197619 0.00137060368 -0.0184069704 0.114197619 0.00137060368 -0.0209069718 0.11430309 0.00120505667 -0.0184069704 0.11430309 0.00120505667 -0.0209069718 0.11430309 0.00120505667 -0.0209069718 0.114422582 0.00104933151 -0.0184069704 0.11430309 0.00120505667 -0.0184069704 0.11430309 0.00120505667 -0.0209069718 0.114422582 0.00104933151 -0.0184069704 0.114422582 0.00104933151 -0.0209069718 0.114422582 0.00104933151 -0.0209069718 0.114555188 0.000904613407 -0.0184069704 0.114422582 0.00104933151 -0.0184069704 0.114422582 0.00104933151 -0.0209069718 0.114555188 0.000904613407 -0.0184069704 0.114555188 0.000904613407 -0.0209069718 0.114555188 0.000904613407 -0.0209069718 0.114699908 0.000772003666 -0.0184069704 0.114555188 0.000904613407 -0.0184069704 0.114555188 0.000904613407 -0.0209069718 0.114699908 0.000772003666 -0.0184069704 0.114699908 0.000772003666 -0.0209069718 0.114699908 0.000772003666 -0.0209069718 0.114855632 0.000652511546 -0.0184069704 0.114699908 0.000772003666 -0.0184069704 0.114699908 0.000772003666 -0.0209069718 0.114855632 0.000652511546 -0.0184069704 0.114855632 0.000652511546 -0.0209069718 0.114855632 0.000652511546 -0.0209069718 0.115021177 0.000547046482 -0.0184069704 0.114855632 0.000652511546 -0.0184069704 0.114855632 0.000652511546 -0.0209069718 0.115021177 0.000547046482 -0.0184069704 0.115021177 0.000547046482 -0.0209069718 0.115021177 0.000547046482 -0.0209069718 0.115195289 0.000456411159 -0.0184069704 0.115021177 0.000547046482 -0.0184069704 0.115021177 0.000547046482 -0.0209069718 0.115195289 0.000456411159 -0.0184069704 0.115195289 0.000456411159 -0.0209069718 0.115195289 0.000456411159 -0.0209069718 0.115376636 0.000381295278 -0.0184069704 0.115195289 0.000456411159 -0.0184069704 0.115195289 0.000456411159 -0.0209069718 0.115376636 0.000381295278 -0.0184069704 0.115376636 0.000381295278 -0.0209069718 0.115376636 0.000381295278 -0.0209069718 0.11556384 0.000322270556 -0.0184069704 0.115376636 0.000381295278 -0.0184069704 0.115376636 0.000381295278 -0.0209069718 0.11556384 0.000322270556 -0.0184069704 0.11556384 0.000322270556 -0.0209069718 0.11556384 0.000322270556 -0.0209069718 0.115755469 0.000279786211 -0.0184069704 0.11556384 0.000322270556 -0.0184069704 0.11556384 0.000322270556 -0.0209069718 0.115755469 0.000279786211 -0.0184069704 0.115755469 0.000279786211 -0.0209069718 0.115755469 0.000279786211 -0.0209069718 0.115950078 0.000254165585 -0.0184069704 0.115755469 0.000279786211 -0.0184069704 0.115755469 0.000279786211 -0.0209069718 0.115950078 0.000254165585 -0.0184069704 0.115950078 0.000254165585 -0.0209069718 0.115950078 0.000254165585 -0.0209069718 0.116146177 0.000245603675 -0.0184069704 0.115950078 0.000254165585 -0.0184069704 0.115950078 0.000254165585 -0.0209069718 0.116146177 0.000245603675 -0.0184069704 0.116146177 0.000245603675 -0.0209069718 0.116146177 0.000245603675 -0.0209069718 0.116342276 0.000254165585 -0.0184069704 0.116146177 0.000245603675 -0.0184069704 0.116146177 0.000845603645 -0.0109069711 0.116146177 0.000845603645 -0.0184069704 0.116289988 0.000851882389 -0.0109069711 0.116146177 0.000845603645 -0.0109069711 0.116289988 0.000851882389 -0.0184069704 0.116289988 0.000851882389 -0.0184069704 0.116289988 0.000851882389 -0.0109069711 0.116289988 0.000851882389 -0.0184069704 0.116432697 0.00087067089 -0.0109069711 0.116289988 0.000851882389 -0.0109069711 0.116432697 0.00087067089 -0.0184069704 0.116432697 0.00087067089 -0.0184069704 0.116432697 0.00087067089 -0.0109069711 0.116432697 0.00087067089 -0.0184069704 0.116573229 0.000901826075 -0.0109069711 0.116432697 0.00087067089 -0.0109069711 0.116573229 0.000901826075 -0.0184069704 0.116573229 0.000901826075 -0.0184069704 0.116573229 0.000901826075 -0.0109069711 0.116573229 0.000901826075 -0.0184069704 0.116710514 0.000945110864 -0.0109069711 0.116573229 0.000901826075 -0.0109069711 0.116710514 0.000945110864 -0.0184069704 0.116710514 0.000945110864 -0.0184069704 0.116710514 0.000945110864 -0.0109069711 0.116710514 0.000945110864 -0.0184069704 0.116843499 0.00100019586 -0.0109069711 0.116710514 0.000945110864 -0.0109069711 0.116843499 0.00100019586 -0.0184069704 0.116843499 0.00100019586 -0.0184069704 0.116843499 0.00100019586 -0.0109069711 0.116843499 0.00100019586 -0.0184069704 0.11697118 0.00106666179 -0.0109069711 0.116843499 0.00100019586 -0.0109069711 0.11697118 0.00106666179 -0.0184069704 0.11697118 0.00106666179 -0.0184069704 0.11697118 0.00106666179 -0.0109069711 0.11697118 0.00106666179 -0.0184069704 0.11709258 0.00114400277 -0.0109069711 0.11697118 0.00106666179 -0.0109069711 0.11709258 0.00114400277 -0.0184069704 0.11709258 0.00114400277 -0.0184069704 0.11709258 0.00114400277 -0.0109069711 0.11709258 0.00114400277 -0.0184069704 0.117206782 0.00123163033 -0.0109069711 0.11709258 0.00114400277 -0.0109069711 0.117206782 0.00123163033 -0.0184069704 0.117206782 0.00123163033 -0.0184069704 0.117206782 0.00123163033 -0.0109069711 0.117206782 0.00123163033 -0.0184069704 0.117312908 0.00132887752 -0.0109069711 0.117206782 0.00123163033 -0.0109069711 0.117312908 0.00132887752 -0.0184069704 0.117312908 0.00132887752 -0.0184069704 0.117312908 0.00132887752 -0.0109069711 0.117312908 0.00132887752 -0.0184069704 0.117410153 0.00143500406 -0.0109069711 0.117312908 0.00132887752 -0.0109069711 0.117410153 0.00143500406 -0.0184069704 0.117410153 0.00143500406 -0.0184069704 0.117410153 0.00143500406 -0.0109069711 0.117410153 0.00143500406 -0.0184069704 0.117497779 0.0015492026 -0.0109069711 0.117410153 0.00143500406 -0.0109069711 0.117497779 0.0015492026 -0.0184069704 0.117497779 0.0015492026 -0.0184069704 0.117497779 0.0015492026 -0.0109069711 0.117497779 0.0015492026 -0.0184069704 0.117575124 0.00167060364 -0.0109069711 0.117497779 0.0015492026 -0.0109069711 0.117575124 0.00167060364 -0.0184069704 0.117575124 0.00167060364 -0.0184069704 0.117575124 0.00167060364 -0.0109069711 0.117575124 0.00167060364 -0.0184069704 0.117641591 0.00179828354 -0.0109069711 0.117575124 0.00167060364 -0.0109069711 0.117641591 0.00179828354 -0.0184069704 0.117641591 0.00179828354 -0.0184069704 0.117641591 0.00179828354 -0.0109069711 0.117641591 0.00179828354 -0.0184069704 0.117696673 0.00193127047 -0.0109069711 0.117641591 0.00179828354 -0.0109069711 0.117696673 0.00193127047 -0.0184069704 0.117696673 0.00193127047 -0.0184069704 0.117696673 0.00193127047 -0.0109069711 0.117696673 0.00193127047 -0.0184069704 0.117739961 0.00206855219 -0.0109069711 0.117696673 0.00193127047 -0.0109069711 0.117739961 0.00206855219 -0.0184069704 0.117739961 0.00206855219 -0.0184069704 0.117739961 0.00206855219 -0.0109069711 0.117739961 0.00206855219 -0.0184069704 0.117771111 0.00220908411 -0.0109069711 0.117739961 0.00206855219 -0.0109069711 0.117771111 0.00220908411 -0.0184069704 0.117771111 0.00220908411 -0.0184069704 0.117771111 0.00220908411 -0.0109069711 0.117771111 0.00220908411 -0.0184069704 0.117789902 0.00235179672 -0.0109069711 0.117771111 0.00220908411 -0.0109069711 0.117789902 0.00235179672 -0.0184069704 0.117789902 0.00235179672 -0.0184069704 0.117789902 0.00235179672 -0.0109069711 0.117789902 0.00235179672 -0.0184069704 0.117796183 0.00249560364 -0.0109069711 0.117789902 0.00235179672 -0.0109069711 0.117796183 0.00249560364 -0.0184069704 0.117796183 0.00249560364 -0.0184069704 0.117796183 0.00249560364 -0.0109069711 0.117796183 0.00249560364 -0.0184069704 0.117789902 0.00263941055 -0.0109069711 0.117796183 0.00249560364 -0.0109069711 0.117789902 0.00263941055 -0.0184069704 0.117789902 0.00263941055 -0.0184069704 0.117789902 0.00263941055 -0.0109069711 0.117789902 0.00263941055 -0.0184069704 0.117771111 0.00278212316 -0.0109069711 0.117789902 0.00263941055 -0.0109069711 0.117771111 0.00278212316 -0.0184069704 0.117771111 0.00278212316 -0.0184069704 0.117771111 0.00278212316 -0.0109069711 0.117771111 0.00278212316 -0.0184069704 0.117739961 0.00292265508 -0.0109069711 0.117771111 0.00278212316 -0.0109069711 0.117739961 0.00292265508 -0.0184069704 0.117739961 0.00292265508 -0.0184069704 0.117739961 0.00292265508 -0.0109069711 0.117739961 0.00292265508 -0.0184069704 0.117696673 0.00305993692 -0.0109069711 0.117739961 0.00292265508 -0.0109069711 0.117696673 0.00305993692 -0.0184069704 0.117696673 0.00305993692 -0.0184069704 0.117696673 0.00305993692 -0.0109069711 0.117696673 0.00305993692 -0.0184069704 0.117641591 0.00319292373 -0.0109069711 0.117696673 0.00305993692 -0.0109069711 0.117641591 0.00319292373 -0.0184069704 0.117641591 0.00319292373 -0.0184069704 0.117641591 0.00319292373 -0.0109069711 0.117641591 0.00319292373 -0.0184069704 0.117575124 0.00332060363 -0.0109069711 0.117641591 0.00319292373 -0.0109069711 0.117575124 0.00332060363 -0.0184069704 0.117575124 0.00332060363 -0.0184069704 0.117575124 0.00332060363 -0.0109069711 0.117575124 0.00332060363 -0.0184069704 0.117497779 0.00344200479 -0.0109069711 0.117575124 0.00332060363 -0.0109069711 0.117497779 0.00344200479 -0.0184069704 0.117497779 0.00344200479 -0.0184069704 0.117497779 0.00344200479 -0.0109069711 0.117497779 0.00344200479 -0.0184069704 0.117410153 0.00355620333 -0.0109069711 0.117497779 0.00344200479 -0.0109069711 0.117410153 0.00355620333 -0.0184069704 0.117410153 0.00355620333 -0.0184069704 0.117410153 0.00355620333 -0.0109069711 0.117410153 0.00355620333 -0.0184069704 0.117312908 0.00366232987 -0.0109069711 0.117410153 0.00355620333 -0.0109069711 0.117312908 0.00366232987 -0.0184069704 0.117312908 0.00366232987 -0.0184069704 0.117312908 0.00366232987 -0.0109069711 0.117312908 0.00366232987 -0.0184069704 0.117206782 0.00375957694 -0.0109069711 0.117312908 0.00366232987 -0.0109069711 0.117206782 0.00375957694 -0.0184069704 0.117206782 0.00375957694 -0.0184069704 0.117206782 0.00375957694 -0.0109069711 0.117206782 0.00375957694 -0.0184069704 0.11709258 0.00384720461 -0.0109069711 0.117206782 0.00375957694 -0.0109069711 0.11709258 0.00384720461 -0.0184069704 0.11709258 0.00384720461 -0.0184069704 0.11709258 0.00384720461 -0.0109069711 0.11709258 0.00384720461 -0.0184069704 0.11697118 0.00392454537 -0.0109069711 0.11709258 0.00384720461 -0.0109069711 0.11697118 0.00392454537 -0.0184069704 0.11697118 0.00392454537 -0.0184069704 0.11697118 0.00392454537 -0.0109069711 0.11697118 0.00392454537 -0.0184069704 0.116843499 0.00399101153 -0.0109069711 0.11697118 0.00392454537 -0.0109069711 0.116843499 0.00399101153 -0.0184069704 0.116843499 0.00399101153 -0.0184069704 0.116843499 0.00399101153 -0.0109069711 0.116843499 0.00399101153 -0.0184069704 0.116710514 0.00404609647 -0.0109069711 0.116843499 0.00399101153 -0.0109069711 0.116710514 0.00404609647 -0.0184069704 0.116710514 0.00404609647 -0.0184069704 0.116710514 0.00404609647 -0.0109069711 0.116710514 0.00404609647 -0.0184069704 0.116573229 0.00408938108 -0.0109069711 0.116710514 0.00404609647 -0.0109069711 0.116573229 0.00408938108 -0.0184069704 0.116573229 0.00408938108 -0.0184069704 0.116573229 0.00408938108 -0.0109069711 0.116573229 0.00408938108 -0.0184069704 0.116432697 0.00412053661 -0.0109069711 0.116573229 0.00408938108 -0.0109069711 0.116432697 0.00412053661 -0.0184069704 0.116432697 0.00412053661 -0.0184069704 0.116432697 0.00412053661 -0.0109069711 0.116432697 0.00412053661 -0.0184069704 0.116289988 0.00413932512 -0.0109069711 0.116432697 0.00412053661 -0.0109069711 0.116289988 0.00413932512 -0.0184069704 0.116289988 0.00413932512 -0.0184069704 0.116289988 0.00413932512 -0.0109069711 0.116289988 0.00413932512 -0.0184069704 0.116146177 0.00414560363 -0.0109069711 0.116289988 0.00413932512 -0.0109069711 0.116146177 0.00414560363 -0.0184069704 0.116146177 0.00414560363 -0.0184069704 0.116146177 0.00414560363 -0.0109069711 0.116146177 0.00414560363 -0.0184069704 0.116002373 0.00413932512 -0.0109069711 0.116146177 0.00414560363 -0.0109069711 0.116002373 0.00413932512 -0.0184069704 0.116002373 0.00413932512 -0.0184069704 0.116002373 0.00413932512 -0.0109069711 0.116002373 0.00413932512 -0.0184069704 0.115859658 0.00412053661 -0.0109069711 0.116002373 0.00413932512 -0.0109069711 0.115859658 0.00412053661 -0.0184069704 0.115859658 0.00412053661 -0.0184069704 0.115859658 0.00412053661 -0.0109069711 0.115859658 0.00412053661 -0.0184069704 0.115719125 0.00408938108 -0.0109069711 0.115859658 0.00412053661 -0.0109069711 0.115719125 0.00408938108 -0.0184069704 0.115719125 0.00408938108 -0.0184069704 0.115719125 0.00408938108 -0.0109069711 0.115719125 0.00408938108 -0.0184069704 0.115581848 0.00404609647 -0.0109069711 0.115719125 0.00408938108 -0.0109069711 0.115581848 0.00404609647 -0.0184069704 0.115581848 0.00404609647 -0.0184069704 0.115581848 0.00404609647 -0.0109069711 0.115581848 0.00404609647 -0.0184069704 0.115448862 0.00399101153 -0.0109069711 0.115581848 0.00404609647 -0.0109069711 0.115448862 0.00399101153 -0.0184069704 0.115448862 0.00399101153 -0.0184069704 0.115448862 0.00399101153 -0.0109069711 0.115448862 0.00399101153 -0.0184069704 0.115321182 0.00392454537 -0.0109069711 0.115448862 0.00399101153 -0.0109069711 0.115321182 0.00392454537 -0.0184069704 0.115321182 0.00392454537 -0.0184069704 0.115321182 0.00392454537 -0.0109069711 0.115321182 0.00392454537 -0.0184069704 0.115199782 0.00384720461 -0.0109069711 0.115321182 0.00392454537 -0.0109069711 0.115199782 0.00384720461 -0.0184069704 0.115199782 0.00384720461 -0.0184069704 0.115199782 0.00384720461 -0.0109069711 0.115199782 0.00384720461 -0.0184069704 0.115085579 0.00375957694 -0.0109069711 0.115199782 0.00384720461 -0.0109069711 0.115085579 0.00375957694 -0.0184069704 0.115085579 0.00375957694 -0.0184069704 0.115085579 0.00375957694 -0.0109069711 0.115085579 0.00375957694 -0.0184069704 0.114979453 0.00366232987 -0.0109069711 0.115085579 0.00375957694 -0.0109069711 0.114979453 0.00366232987 -0.0184069704 0.114979453 0.00366232987 -0.0184069704 0.114979453 0.00366232987 -0.0109069711 0.114979453 0.00366232987 -0.0184069704 0.114882208 0.00355620333 -0.0109069711 0.114979453 0.00366232987 -0.0109069711 0.114882208 0.00355620333 -0.0184069704 0.114882208 0.00355620333 -0.0184069704 0.114882208 0.00355620333 -0.0109069711 0.114882208 0.00355620333 -0.0184069704 0.114794582 0.00344200479 -0.0109069711 0.114882208 0.00355620333 -0.0109069711 0.114794582 0.00344200479 -0.0184069704 0.114794582 0.00344200479 -0.0184069704 0.114794582 0.00344200479 -0.0109069711 0.114794582 0.00344200479 -0.0184069704 0.114717238 0.00332060363 -0.0109069711 0.114794582 0.00344200479 -0.0109069711 0.114717238 0.00332060363 -0.0184069704 0.114717238 0.00332060363 -0.0184069704 0.114717238 0.00332060363 -0.0109069711 0.114717238 0.00332060363 -0.0184069704 0.114650771 0.00319292373 -0.0109069711 0.114717238 0.00332060363 -0.0109069711 0.114650771 0.00319292373 -0.0184069704 0.114650771 0.00319292373 -0.0184069704 0.114650771 0.00319292373 -0.0109069711 0.114650771 0.00319292373 -0.0184069704 0.114595689 0.00305993692 -0.0109069711 0.114650771 0.00319292373 -0.0109069711 0.114595689 0.00305993692 -0.0184069704 0.114595689 0.00305993692 -0.0184069704 0.114595689 0.00305993692 -0.0109069711 0.114595689 0.00305993692 -0.0184069704 0.114552401 0.00292265508 -0.0109069711 0.114595689 0.00305993692 -0.0109069711 0.114552401 0.00292265508 -0.0184069704 0.114552401 0.00292265508 -0.0184069704 0.114552401 0.00292265508 -0.0109069711 0.114552401 0.00292265508 -0.0184069704 0.11452125 0.00278212316 -0.0109069711 0.114552401 0.00292265508 -0.0109069711 0.11452125 0.00278212316 -0.0184069704 0.11452125 0.00278212316 -0.0184069704 0.11452125 0.00278212316 -0.0109069711 0.11452125 0.00278212316 -0.0184069704 0.11450246 0.00263941055 -0.0109069711 0.11452125 0.00278212316 -0.0109069711 0.11450246 0.00263941055 -0.0184069704 0.11450246 0.00263941055 -0.0184069704 0.11450246 0.00263941055 -0.0109069711 0.11450246 0.00263941055 -0.0184069704 0.114496179 0.00249560364 -0.0109069711 0.11450246 0.00263941055 -0.0109069711 0.114496179 0.00249560364 -0.0184069704 0.114496179 0.00249560364 -0.0184069704 0.114496179 0.00249560364 -0.0109069711 0.114496179 0.00249560364 -0.0184069704 0.11450246 0.00235179672 -0.0109069711 0.114496179 0.00249560364 -0.0109069711 0.11450246 0.00235179672 -0.0184069704 0.11450246 0.00235179672 -0.0184069704 0.11450246 0.00235179672 -0.0109069711 0.11450246 0.00235179672 -0.0184069704 0.11452125 0.00220908411 -0.0109069711 0.11450246 0.00235179672 -0.0109069711 0.11452125 0.00220908411 -0.0184069704 0.11452125 0.00220908411 -0.0184069704 0.11452125 0.00220908411 -0.0109069711 0.11452125 0.00220908411 -0.0184069704 0.114552401 0.00206855219 -0.0109069711 0.11452125 0.00220908411 -0.0109069711 0.114552401 0.00206855219 -0.0184069704 0.114552401 0.00206855219 -0.0184069704 0.114552401 0.00206855219 -0.0109069711 0.114552401 0.00206855219 -0.0184069704 0.114595689 0.00193127047 -0.0109069711 0.114552401 0.00206855219 -0.0109069711 0.114595689 0.00193127047 -0.0184069704 0.114595689 0.00193127047 -0.0184069704 0.114595689 0.00193127047 -0.0109069711 0.114595689 0.00193127047 -0.0184069704 0.114650771 0.00179828354 -0.0109069711 0.114595689 0.00193127047 -0.0109069711 0.114650771 0.00179828354 -0.0184069704 0.114650771 0.00179828354 -0.0184069704 0.114650771 0.00179828354 -0.0109069711 0.114650771 0.00179828354 -0.0184069704 0.114717238 0.00167060364 -0.0109069711 0.114650771 0.00179828354 -0.0109069711 0.114717238 0.00167060364 -0.0184069704 0.114717238 0.00167060364 -0.0184069704 0.114717238 0.00167060364 -0.0109069711 0.114717238 0.00167060364 -0.0184069704 0.114794582 0.0015492026 -0.0109069711 0.114717238 0.00167060364 -0.0109069711 0.114794582 0.0015492026 -0.0184069704 0.114794582 0.0015492026 -0.0184069704 0.114794582 0.0015492026 -0.0109069711 0.114794582 0.0015492026 -0.0184069704 0.114882208 0.00143500406 -0.0109069711 0.114794582 0.0015492026 -0.0109069711 0.114882208 0.00143500406 -0.0184069704 0.114882208 0.00143500406 -0.0184069704 0.114882208 0.00143500406 -0.0109069711 0.114882208 0.00143500406 -0.0184069704 0.114979453 0.00132887752 -0.0109069711 0.114882208 0.00143500406 -0.0109069711 0.114979453 0.00132887752 -0.0184069704 0.114979453 0.00132887752 -0.0184069704 0.114979453 0.00132887752 -0.0109069711 0.114979453 0.00132887752 -0.0184069704 0.115085579 0.00123163033 -0.0109069711 0.114979453 0.00132887752 -0.0109069711 0.115085579 0.00123163033 -0.0184069704 0.115085579 0.00123163033 -0.0184069704 0.115085579 0.00123163033 -0.0109069711 0.115085579 0.00123163033 -0.0184069704 0.115199782 0.00114400277 -0.0109069711 0.115085579 0.00123163033 -0.0109069711 0.115199782 0.00114400277 -0.0184069704 0.115199782 0.00114400277 -0.0184069704 0.115199782 0.00114400277 -0.0109069711 0.115199782 0.00114400277 -0.0184069704 0.115321182 0.00106666179 -0.0109069711 0.115199782 0.00114400277 -0.0109069711 0.115321182 0.00106666179 -0.0184069704 0.115321182 0.00106666179 -0.0184069704 0.115321182 0.00106666179 -0.0109069711 0.115321182 0.00106666179 -0.0184069704 0.115448862 0.00100019586 -0.0109069711 0.115321182 0.00106666179 -0.0109069711 0.115448862 0.00100019586 -0.0184069704 0.115448862 0.00100019586 -0.0184069704 0.115448862 0.00100019586 -0.0109069711 0.115448862 0.00100019586 -0.0184069704 0.115581848 0.000945110864 -0.0109069711 0.115448862 0.00100019586 -0.0109069711 0.115581848 0.000945110864 -0.0184069704 0.115581848 0.000945110864 -0.0184069704 0.115581848 0.000945110864 -0.0109069711 0.115581848 0.000945110864 -0.0184069704 0.115719125 0.000901826075 -0.0109069711 0.115581848 0.000945110864 -0.0109069711 0.115719125 0.000901826075 -0.0184069704 0.115719125 0.000901826075 -0.0184069704 0.115719125 0.000901826075 -0.0109069711 0.115719125 0.000901826075 -0.0184069704 0.115859658 0.00087067089 -0.0109069711 0.115719125 0.000901826075 -0.0109069711 0.115859658 0.00087067089 -0.0184069704 0.115859658 0.00087067089 -0.0184069704 0.115859658 0.00087067089 -0.0109069711 0.115859658 0.00087067089 -0.0184069704 0.116002373 0.000851882389 -0.0109069711 0.115859658 0.00087067089 -0.0109069711 0.116002373 0.000851882389 -0.0184069704 0.116002373 0.000851882389 -0.0184069704 0.116002373 0.000851882389 -0.0109069711 0.116002373 0.000851882389 -0.0184069704 0.116146177 0.000845603645 -0.0109069711 0.116002373 0.000851882389 -0.0109069711 0.116146177 0.000845603645 -0.0184069704 0.116146177 0.000845603645 </float_array>
          <technique_common>
            <accessor count="3456" offset="0" source="#mesh_0-positions-array" stride="3">
              <param name="X" type="float" />
              <param name="Y" type="float" />
              <param name="Z" type="float" />
            </accessor>
          </technique_common>
        </source>
        <source id="mesh_0-normals" name="mesh_0-normals">
          <float_array id="mesh_0-normals-array" count="10368"> 0 0.043618992 -0.999048233 0 0.043618992 -0.999048233 0 0.043618992 -0.999048233 -0 0.130525619 -0.991444945 -0 0.130525619 -0.991444945 -0 0.130525619 -0.991444945 0 0.130525619 -0.991444945 0 0.130525619 -0.991444945 0 0.130525619 -0.991444945 -0 0.216439903 -0.976295948 -0 0.216439903 -0.976295948 -0 0.216439903 -0.976295948 0 0.216439903 -0.976295948 0 0.216439903 -0.976295948 0 0.216439903 -0.976295948 -0 0.300710708 -0.953715384 -0 0.300710708 -0.953715384 -0 0.300710708 -0.953715384 0 0.300710708 -0.953715384 0 0.300710708 -0.953715384 0 0.300710708 -0.953715384 -0 0.38268292 -0.923879743 -0 0.38268292 -0.923879743 -0 0.38268292 -0.923879743 0 0.38268292 -0.923879743 0 0.38268292 -0.923879743 0 0.38268292 -0.923879743 -0 0.461748749 -0.887010753 -0 0.461748749 -0.887010753 -0 0.461748749 -0.887010753 0 0.461748749 -0.887010753 0 0.461748749 -0.887010753 0 0.461748749 -0.887010753 -0 0.537293077 -0.843395591 -0 0.537293077 -0.843395591 -0 0.537293077 -0.843395591 0 0.537293077 -0.843395591 0 0.537293077 -0.843395591 0 0.537293077 -0.843395591 -0 0.608758926 -0.793355286 -0 0.608758926 -0.793355286 -0 0.608758926 -0.793355286 0 0.608758926 -0.793355286 0 0.608758926 -0.793355286 0 0.608758926 -0.793355286 -0 0.6755988 -0.737269461 -0 0.6755988 -0.737269461 -0 0.6755988 -0.737269461 0 0.6755988 -0.737269461 0 0.6755988 -0.737269461 0 0.6755988 -0.737269461 -0 0.737273395 -0.675594509 -0 0.737273395 -0.675594509 -0 0.737273395 -0.675594509 0 0.737273395 -0.675594509 0 0.737273395 -0.675594509 0 0.737273395 -0.675594509 -0 0.793352544 -0.608762443 -0 0.793352544 -0.608762443 -0 0.793352544 -0.608762443 0 0.793352544 -0.608762443 0 0.793352544 -0.608762443 0 0.793352544 -0.608762443 -0 0.843394995 -0.537293971 -0 0.843394995 -0.537293971 -0 0.843394995 -0.537293971 0 0.843394995 -0.537293971 0 0.843394995 -0.537293971 0 0.843394995 -0.537293971 -0 0.887012184 -0.461745977 -0 0.887012184 -0.461745977 -0 0.887012184 -0.461745977 0 0.887012184 -0.461745977 0 0.887012184 -0.461745977 0 0.887012184 -0.461745977 -0 0.923878908 -0.382684946 -0 0.923878908 -0.382684946 -0 0.923878908 -0.382684946 0 0.923878908 -0.382684946 0 0.923878908 -0.382684946 0 0.923878908 -0.382684946 -0 0.953712523 -0.300719917 -0 0.953712523 -0.300719917 -0 0.953712523 -0.300719917 0 0.953712523 -0.300719917 0 0.953712523 -0.300719917 0 0.953712523 -0.300719917 -0 0.976296067 -0.216439292 -0 0.976296067 -0.216439292 -0 0.976296067 -0.216439292 0 0.976296067 -0.216439292 0 0.976296067 -0.216439292 0 0.976296067 -0.216439292 -0 0.991445363 -0.130522549 -0 0.991445363 -0.130522549 -0 0.991445363 -0.130522549 0 0.991445363 -0.130522549 0 0.991445363 -0.130522549 0 0.991445363 -0.130522549 -0 0.999048829 -0.0436050966 -0 0.999048829 -0.0436050966 -0 0.999048829 -0.0436050966 0 0.999048829 -0.0436050966 0 0.999048829 -0.0436050966 0 0.999048829 -0.0436050966 -0 0.999048829 0.0436050966 -0 0.999048829 0.0436050966 -0 0.999048829 0.0436050966 0 0.999048829 0.0436050966 0 0.999048829 0.0436050966 0 0.999048829 0.0436050966 -0 0.991445363 0.130522549 -0 0.991445363 0.130522549 -0 0.991445363 0.130522549 0 0.991445363 0.130522549 0 0.991445363 0.130522549 0 0.991445363 0.130522549 -0 0.976296067 0.216439217 -0 0.976296067 0.216439217 -0 0.976296067 0.216439217 0 0.976296067 0.216439217 0 0.976296067 0.216439217 0 0.976296067 0.216439217 -0 0.953712523 0.300719917 -0 0.953712523 0.300719917 -0 0.953712523 0.300719917 0 0.953712523 0.300719917 0 0.953712523 0.300719917 0 0.953712523 0.300719917 -0 0.923878789 0.382685214 -0 0.923878789 0.382685214 -0 0.923878789 0.382685214 0 0.923878789 0.382685214 0 0.923878789 0.382685214 0 0.923878789 0.382685214 -0 0.887012184 0.461746067 -0 0.887012184 0.461746067 -0 0.887012184 0.461746067 0 0.887012184 0.461746067 0 0.887012184 0.461746067 0 0.887012184 0.461746067 -0 0.843395174 0.537293732 -0 0.843395174 0.537293732 -0 0.843395174 0.537293732 0 0.843395174 0.537293732 0 0.843395174 0.537293732 0 0.843395174 0.537293732 -0 0.793352842 0.608762085 -0 0.793352842 0.608762085 -0 0.793352842 0.608762085 0 0.793352842 0.608762085 0 0.793352842 0.608762085 0 0.793352842 0.608762085 -0 0.737273216 0.675594687 -0 0.737273216 0.675594687 -0 0.737273216 0.675594687 0 0.737273216 0.675594687 0 0.737273216 0.675594687 0 0.737273216 0.675594687 -0 0.675598919 0.737269342 -0 0.675598919 0.737269342 -0 0.675598919 0.737269342 0 0.675598919 0.737269342 0 0.675598919 0.737269342 0 0.675598919 0.737269342 -0 0.608758926 0.793355286 -0 0.608758926 0.793355286 -0 0.608758926 0.793355286 0 0.608758926 0.793355286 0 0.608758926 0.793355286 0 0.608758926 0.793355286 -0 0.537292957 0.84339571 -0 0.537292957 0.84339571 -0 0.537292957 0.84339571 0 0.537292957 0.84339571 0 0.537292957 0.84339571 0 0.537292957 0.84339571 -0 0.461748451 0.887010932 -0 0.461748451 0.887010932 -0 0.461748451 0.887010932 0 0.461748451 0.887010932 0 0.461748451 0.887010932 0 0.461748451 0.887010932 -0 0.382683098 0.923879683 -0 0.382683098 0.923879683 -0 0.382683098 0.923879683 0 0.382683098 0.923879683 0 0.382683098 0.923879683 0 0.382683098 0.923879683 -0 0.300711066 0.953715265 -0 0.300711066 0.953715265 -0 0.300711066 0.953715265 0 0.300711066 0.953715265 0 0.300711066 0.953715265 0 0.300711066 0.953715265 -0 0.21643953 0.976296008 -0 0.21643953 0.976296008 -0 0.21643953 0.976296008 0 0.21643953 0.976296008 0 0.21643953 0.976296008 0 0.21643953 0.976296008 -0 0.130525053 0.991445005 -0 0.130525053 0.991445005 -0 0.130525053 0.991445005 0 0.130525053 0.991445005 0 0.130525053 0.991445005 0 0.130525053 0.991445005 -0 0.0436197519 0.999048233 -0 0.0436197519 0.999048233 -0 0.0436197519 0.999048233 0 0.0436197519 0.999048233 0 0.0436197519 0.999048233 0 0.0436197519 0.999048233 -0 -0.0436208174 0.999048173 -0 -0.0436208174 0.999048173 -0 -0.0436208174 0.999048173 0 -0.0436208174 0.999048173 0 -0.0436208174 0.999048173 0 -0.0436208174 0.999048173 -0 -0.130525053 0.991445005 -0 -0.130525053 0.991445005 -0 -0.130525053 0.991445005 0 -0.130525053 0.991445005 0 -0.130525053 0.991445005 0 -0.130525053 0.991445005 -0 -0.21643953 0.976296008 -0 -0.21643953 0.976296008 -0 -0.21643953 0.976296008 0 -0.21643953 0.976296008 0 -0.21643953 0.976296008 0 -0.21643953 0.976296008 -0 -0.300704062 0.95371747 -0 -0.300704062 0.95371747 -0 -0.300704062 0.95371747 0 -0.300704062 0.95371747 0 -0.300704062 0.95371747 0 -0.300704062 0.95371747 -0 -0.382683098 0.923879683 -0 -0.382683098 0.923879683 -0 -0.382683098 0.923879683 0 -0.382683098 0.923879683 0 -0.382683098 0.923879683 0 -0.382683098 0.923879683 -0 -0.461748451 0.887010932 -0 -0.461748451 0.887010932 -0 -0.461748451 0.887010932 0 -0.461748451 0.887010932 0 -0.461748451 0.887010932 0 -0.461748451 0.887010932 -0 -0.537303984 0.843388677 -0 -0.537303984 0.843388677 -0 -0.537303984 0.843388677 0 -0.537303984 0.843388677 0 -0.537303984 0.843388677 0 -0.537303984 0.843388677 -0 -0.608758926 0.793355286 -0 -0.608758926 0.793355286 -0 -0.608758926 0.793355286 0 -0.608758926 0.793355286 0 -0.608758926 0.793355286 0 -0.608758926 0.793355286 -0 -0.67558676 0.737280488 -0 -0.67558676 0.737280488 -0 -0.67558676 0.737280488 0 -0.67558676 0.737280488 0 -0.67558676 0.737280488 0 -0.67558676 0.737280488 -0 -0.737285376 0.675581455 -0 -0.737285376 0.675581455 -0 -0.737285376 0.675581455 0 -0.737285376 0.675581455 0 -0.737285376 0.675581455 0 -0.737285376 0.675581455 -0 -0.793352842 0.608762085 -0 -0.793352842 0.608762085 -0 -0.793352842 0.608762085 0 -0.793352842 0.608762085 0 -0.793352842 0.608762085 0 -0.793352842 0.608762085 -0 -0.843384147 0.537311077 -0 -0.843384147 0.537311077 -0 -0.843384147 0.537311077 0 -0.843384147 0.537311077 0 -0.843384147 0.537311077 0 -0.843384147 0.537311077 -0 -0.887012184 0.461746067 -0 -0.887012184 0.461746067 -0 -0.887012184 0.461746067 0 -0.887012184 0.461746067 0 -0.887012184 0.461746067 0 -0.887012184 0.461746067 -0 -0.923878789 0.382685214 -0 -0.923878789 0.382685214 -0 -0.923878789 0.382685214 0 -0.923878789 0.382685214 0 -0.923878789 0.382685214 0 -0.923878789 0.382685214 -0 -0.953719497 0.300697714 -0 -0.953719497 0.300697714 -0 -0.953719497 0.300697714 0 -0.953719497 0.300697714 0 -0.953719497 0.300697714 0 -0.953719497 0.300697714 -0 -0.976296067 0.216439217 -0 -0.976296067 0.216439217 -0 -0.976296067 0.216439217 0 -0.976296067 0.216439217 0 -0.976296067 0.216439217 0 -0.976296067 0.216439217 -0 -0.991445363 0.130522549 -0 -0.991445363 0.130522549 -0 -0.991445363 0.130522549 0 -0.991445363 0.130522549 0 -0.991445363 0.130522549 0 -0.991445363 0.130522549 -0 -0.999047756 0.0436294526 -0 -0.999047756 0.0436294526 -0 -0.999047756 0.0436294526 0 -0.999047756 0.0436294526 0 -0.999047756 0.0436294526 0 -0.999047756 0.0436294526 0 -0.999047756 -0.0436294526 0 -0.999047756 -0.0436294526 0 -0.999047756 -0.0436294526 0 -0.999047756 -0.0436294526 0 -0.999047756 -0.0436294526 0 -0.999047756 -0.0436294526 0 -0.991445363 -0.130522549 0 -0.991445363 -0.130522549 0 -0.991445363 -0.130522549 0 -0.991445363 -0.130522549 0 -0.991445363 -0.130522549 0 -0.991445363 -0.130522549 0 -0.976296067 -0.216439292 0 -0.976296067 -0.216439292 0 -0.976296067 -0.216439292 0 -0.976296067 -0.216439292 0 -0.976296067 -0.216439292 0 -0.976296067 -0.216439292 0 -0.953719497 -0.300697714 0 -0.953719497 -0.300697714 0 -0.953719497 -0.300697714 0 -0.953719497 -0.300697714 0 -0.953719497 -0.300697714 0 -0.953719497 -0.300697714 0 -0.923878908 -0.382684946 0 -0.923878908 -0.382684946 0 -0.923878908 -0.382684946 0 -0.923878908 -0.382684946 0 -0.923878908 -0.382684946 0 -0.923878908 -0.382684946 0 -0.887012184 -0.461745977 0 -0.887012184 -0.461745977 0 -0.887012184 -0.461745977 0 -0.887012184 -0.461745977 0 -0.887012184 -0.461745977 0 -0.887012184 -0.461745977 0 -0.843383968 -0.537311375 0 -0.843383968 -0.537311375 0 -0.843383968 -0.537311375 0 -0.843383968 -0.537311375 0 -0.843383968 -0.537311375 0 -0.843383968 -0.537311375 0 -0.793352544 -0.608762443 0 -0.793352544 -0.608762443 0 -0.793352544 -0.608762443 0 -0.793352544 -0.608762443 0 -0.793352544 -0.608762443 0 -0.793352544 -0.608762443 0 -0.737285554 -0.675581217 0 -0.737285554 -0.675581217 0 -0.737285554 -0.675581217 0 -0.737285554 -0.675581217 0 -0.737285554 -0.675581217 0 -0.737285554 -0.675581217 0 -0.675586641 -0.737280607 0 -0.675586641 -0.737280607 0 -0.675586641 -0.737280607 0 -0.675586641 -0.737280607 0 -0.675586641 -0.737280607 0 -0.675586641 -0.737280607 0 -0.608758926 -0.793355286 0 -0.608758926 -0.793355286 0 -0.608758926 -0.793355286 0 -0.608758926 -0.793355286 0 -0.608758926 -0.793355286 0 -0.608758926 -0.793355286 0 -0.537304163 -0.843388557 0 -0.537304163 -0.843388557 0 -0.537304163 -0.843388557 0 -0.537304163 -0.843388557 0 -0.537304163 -0.843388557 0 -0.537304163 -0.843388557 0 -0.461748749 -0.887010753 0 -0.461748749 -0.887010753 0 -0.461748749 -0.887010753 0 -0.461748749 -0.887010753 0 -0.461748749 -0.887010753 0 -0.461748749 -0.887010753 0 -0.38268292 -0.923879743 0 -0.38268292 -0.923879743 0 -0.38268292 -0.923879743 0 -0.38268292 -0.923879743 0 -0.38268292 -0.923879743 0 -0.38268292 -0.923879743 0 -0.300703704 -0.953717589 0 -0.300703704 -0.953717589 0 -0.300703704 -0.953717589 0 -0.300703704 -0.953717589 0 -0.300703704 -0.953717589 0 -0.300703704 -0.953717589 0 -0.216439903 -0.976295948 0 -0.216439903 -0.976295948 0 -0.216439903 -0.976295948 0 -0.216439903 -0.976295948 0 -0.216439903 -0.976295948 0 -0.216439903 -0.976295948 0 -0.130525619 -0.991444945 0 -0.130525619 -0.991444945 0 -0.130525619 -0.991444945 0 -0.130525619 -0.991444945 0 -0.130525619 -0.991444945 0 -0.130525619 -0.991444945 0 -0.0436200537 -0.999048173 0 -0.0436200537 -0.999048173 0 -0.0436200537 -0.999048173 0 -0.0436200537 -0.999048173 0 -0.0436200537 -0.999048173 0 -0.0436200537 -0.999048173 -0 0.043618992 -0.999048233 -0 0.043618992 -0.999048233 -0 0.043618992 -0.999048233 1 0 0 1 0 0 1 0 0 1 -0 0 1 -0 0 1 -0 0 1 0 0 1 0 0 1 0 0 1 -0 0 1 -0 0 1 -0 0 1 0 0 1 0 0 1 0 0 1 -0 0 1 -0 0 1 -0 0 1 0 0 1 0 0 1 0 0 1 -0 0 1 -0 0 1 -0 0 1 0 0 1 0 0 1 0 0 1 -0 0 1 -0 0 1 -0 0 1 0 0 1 0 0 1 0 0 1 -0 0 1 -0 0 1 -0 0 1 0 0 1 0 0 1 0 0 1 -0 0 1 -0 0 1 -0 0 1 0 0 1 0 0 1 0 0 1 -0 0 1 -0 0 1 -0 0 1 0 0 1 0 0 1 0 0 1 -0 0 1 -0 0 1 -0 0 1 0 0 1 0 0 1 0 0 1 -0 0 1 -0 0 1 -0 0 1 0 0 1 0 0 1 0 0 1 -0 0 1 -0 0 1 -0 0 1 0 0 1 0 0 1 0 0 1 -0 0 1 -0 0 1 -0 0 1 0 0 1 0 0 1 0 0 1 -0 0 1 -0 0 1 -0 0 1 0 0 1 0 0 1 0 0 1 -0 0 1 -0 0 1 -0 0 1 0 0 1 0 0 1 0 0 1 -0 0 1 -0 0 1 -0 0 1 0 0 1 0 0 1 0 0 1 -0 0 1 -0 0 1 -0 0 1 0 0 1 0 0 1 0 0 1 -0 -0 1 -0 -0 1 -0 -0 1 0 0 1 0 0 1 0 0 1 -0 -0 1 -0 -0 1 -0 -0 1 0 0 1 0 0 1 0 0 1 -0 -0 1 -0 -0 1 -0 -0 1 0 0 1 0 0 1 0 0 1 -0 -0 1 -0 -0 1 -0 -0 1 0 0 1 0 0 1 0 0 1 -0 -0 1 -0 -0 1 -0 -0 1 0 0 1 0 0 1 0 0 1 -0 -0 1 -0 -0 1 -0 -0 1 0 0 1 0 0 1 0 0 1 -0 -0 1 -0 -0 1 -0 -0 1 0 0 1 0 0 1 0 0 1 -0 -0 1 -0 -0 1 -0 -0 1 0 0 1 0 0 1 0 0 1 -0 -0 1 -0 -0 1 -0 -0 1 0 0 1 0 0 1 0 0 1 -0 -0 1 -0 -0 1 -0 -0 1 0 0 1 0 0 1 0 0 1 -0 -0 1 -0 -0 1 -0 -0 1 0 0 1 0 0 1 0 0 1 -0 -0 1 -0 -0 1 -0 -0 1 0 0 1 0 0 1 0 0 1 -0 -0 1 -0 -0 1 -0 -0 1 0 0 1 0 0 1 0 0 1 -0 -0 1 -0 -0 1 -0 -0 1 0 0 1 0 0 1 0 0 1 -0 -0 1 -0 -0 1 -0 -0 1 0 0 1 0 0 1 0 0 1 -0 -0 1 -0 -0 1 -0 -0 1 0 0 1 0 0 1 0 0 1 -0 -0 1 -0 -0 1 -0 -0 1 0 0 1 0 0 1 0 0 1 -0 -0 1 -0 -0 1 -0 -0 1 -0 0 1 -0 0 1 -0 0 1 -0 -0 1 -0 -0 1 -0 -0 1 -0 0 1 -0 0 1 -0 0 1 -0 -0 1 -0 -0 1 -0 -0 1 -0 0 1 -0 0 1 -0 0 1 -0 -0 1 -0 -0 1 -0 -0 1 -0 0 1 -0 0 1 -0 0 1 -0 -0 1 -0 -0 1 -0 -0 1 -0 0 1 -0 0 1 -0 0 1 -0 -0 1 -0 -0 1 -0 -0 1 -0 0 1 -0 0 1 -0 0 1 -0 -0 1 -0 -0 1 -0 -0 1 -0 0 1 -0 0 1 -0 0 1 -0 -0 1 -0 -0 1 -0 -0 1 -0 0 1 -0 0 1 -0 0 1 -0 -0 1 -0 -0 1 -0 -0 1 -0 0 1 -0 0 1 -0 0 1 -0 -0 1 -0 -0 1 -0 -0 1 -0 0 1 -0 0 1 -0 0 1 -0 -0 1 -0 -0 1 -0 -0 1 -0 0 1 -0 0 1 -0 0 1 -0 -0 1 -0 -0 1 -0 -0 1 -0 0 1 -0 0 1 -0 0 1 -0 -0 1 -0 -0 1 -0 -0 1 -0 0 1 -0 0 1 -0 0 1 -0 -0 1 -0 -0 1 -0 -0 1 -0 0 1 -0 0 1 -0 0 1 -0 -0 1 -0 -0 1 -0 -0 1 -0 0 1 -0 0 1 -0 0 1 -0 -0 1 -0 -0 1 -0 -0 1 -0 0 1 -0 0 1 -0 0 1 -0 -0 1 -0 -0 1 -0 -0 1 -0 0 1 -0 0 1 -0 0 1 -0 -0 1 -0 -0 1 -0 -0 1 -0 0 1 -0 0 1 -0 0 1 -0 -0 1 -0 -0 1 -0 -0 1 0 -0 1 0 -0 1 0 -0 1 -0 -0 1 -0 -0 1 -0 -0 1 0 -0 1 0 -0 1 0 -0 1 0 -0 1 0 -0 1 0 -0 1 0 -0 1 0 -0 1 0 -0 1 0 -0 1 0 -0 1 0 -0 1 0 -0 1 0 -0 1 0 -0 1 0 -0 1 0 -0 1 0 -0 1 0 -0 1 0 -0 1 0 -0 1 0 -0 1 0 -0 1 0 -0 1 0 -0 1 0 -0 1 0 -0 1 0 -0 1 0 -0 1 0 -0 1 0 -0 1 0 -0 1 0 -0 1 0 -0 1 0 -0 1 0 -0 1 0 -0 1 0 -0 1 0 -0 1 0 -0 1 0 -0 1 0 -0 1 0 -0 1 0 -0 1 0 -0 1 0 -0 1 0 -0 1 0 -0 1 0 -0 1 0 -0 1 0 -0 1 0 -0 1 0 -0 1 0 -0 1 0 -0 1 0 -0 1 0 -0 1 0 -0 1 0 -0 1 0 -0 1 0 -0 1 0 -0 1 0 -0 1 0 -0 1 0 -0 1 0 -0 1 0 -0 1 0 -0 1 0 -0 1 0 -0 1 0 -0 1 0 -0 1 0 -0 1 0 -0 1 0 -0 1 0 -0 1 0 -0 1 0 -0 1 0 -0 1 0 -0 1 0 -0 1 0 -0 1 0 -0 1 0 -0 1 0 -0 1 0 -0 1 0 -0 1 0 -0 1 0 -0 1 0 -0 1 0 -0 1 0 -0 1 0 -0 1 0 -0 1 0 -0 1 0 -0 1 0 -0 1 0 -0 1 0 -0 1 0 -0 1 0 -0 1 0 -0 1 0 -0 1 0 -0 1 0 -0 1 -0 -0 1 -0 -0 1 -0 -0 1 0 0 1 0 0 1 0 0 1 -0 0 1 -0 0 1 -0 0 -1 -0 0 -1 -0 0 -1 -0 0 -1 -0 0 -1 -0 0 -1 -0 0 -1 -0 0 -1 -0 0 -1 -0 0 -1 -0 0 -1 -0 0 -1 -0 0 -1 -0 0 -1 -0 0 -1 -0 0 -1 -0 0 -1 -0 0 -1 -0 0 -1 -0 0 -1 -0 0 -1 -0 0 -1 -0 0 -1 -0 0 -1 -0 0 -1 -0 0 -1 -0 0 -1 -0 0 -1 -0 0 -1 -0 0 -1 -0 0 -1 -0 0 -1 -0 0 -1 -0 0 -1 -0 0 -1 -0 0 -1 -0 0 -1 -0 0 -1 -0 0 -1 -0 0 -1 -0 0 -1 -0 0 -1 -0 0 -1 -0 0 -1 -0 0 -1 -0 0 -1 -0 0 -1 -0 0 -1 -0 0 -1 -0 0 -1 -0 0 -1 -0 0 -1 -0 0 -1 -0 0 -1 -0 0 -1 -0 0 -1 -0 0 -1 -0 0 -1 -0 0 -1 -0 0 -1 -0 0 -1 -0 0 -1 -0 0 -1 -0 0 -1 -0 0 -1 -0 0 -1 -0 0 -1 -0 0 -1 -0 0 -1 -0 0 -1 -0 0 -1 -0 0 -1 -0 0 -1 0 0 -1 0 0 -1 0 0 -1 -0 -0 -1 -0 -0 -1 -0 -0 -1 0 0 -1 0 0 -1 0 0 -1 -0 -0 -1 -0 -0 -1 -0 -0 -1 0 0 -1 0 0 -1 0 0 -1 0 -0 -1 0 -0 -1 0 -0 -1 0 0 -1 0 0 -1 0 0 -1 0 -0 -1 0 -0 -1 0 -0 -1 0 0 -1 0 0 -1 0 0 -1 0 -0 -1 0 -0 -1 0 -0 -1 0 0 -1 0 0 -1 0 0 -1 0 -0 -1 0 -0 -1 0 -0 -1 0 0 -1 0 0 -1 0 0 -1 0 -0 -1 0 -0 -1 0 -0 -1 0 0 -1 0 0 -1 0 0 -1 0 -0 -1 0 -0 -1 0 -0 -1 0 0 -1 0 0 -1 0 0 -1 0 -0 -1 0 -0 -1 0 -0 -1 0 0 -1 0 0 -1 0 0 -1 0 -0 -1 0 -0 -1 0 -0 -1 0 0 -1 0 0 -1 0 0 -1 0 -0 -1 0 -0 -1 0 -0 -1 0 0 -1 0 0 -1 0 0 -1 0 -0 -1 0 -0 -1 0 -0 -1 0 0 -1 0 0 -1 0 0 -1 0 -0 -1 0 -0 -1 0 -0 -1 0 0 -1 0 0 -1 0 0 -1 0 -0 -1 0 -0 -1 0 -0 -1 0 0 -1 0 0 -1 0 0 -1 0 -0 -1 0 -0 -1 0 -0 -1 0 0 -1 0 0 -1 0 0 -1 0 -0 -1 0 -0 -1 0 -0 -1 0 0 -1 0 0 -1 0 0 -1 0 -0 -1 0 -0 -1 0 -0 -1 0 0 -1 0 0 -1 0 0 -1 0 -0 -1 0 -0 -1 0 -0 -1 0 0 -1 0 0 -1 0 0 -1 -0 -0 -1 -0 -0 -1 -0 -0 -1 0 0 -1 0 0 -1 0 0 -1 -0 -0 -1 -0 -0 -1 -0 -0 -1 0 0 -1 0 0 -1 0 0 -1 -0 -0 -1 -0 -0 -1 -0 -0 -1 0 0 -1 0 0 -1 0 0 -1 -0 -0 -1 -0 -0 -1 -0 -0 -1 0 0 -1 0 0 -1 0 0 -1 -0 -0 -1 -0 -0 -1 -0 -0 -1 0 0 -1 0 0 -1 0 0 -1 -0 -0 -1 -0 -0 -1 -0 -0 -1 0 0 -1 0 0 -1 0 0 -1 -0 -0 -1 -0 -0 -1 -0 -0 -1 0 0 -1 0 0 -1 0 0 -1 -0 -0 -1 -0 -0 -1 -0 -0 -1 0 0 -1 0 0 -1 0 0 -1 -0 -0 -1 -0 -0 -1 -0 -0 -1 0 0 -1 0 0 -1 0 0 -1 -0 -0 -1 -0 -0 -1 -0 -0 -1 0 0 -1 0 0 -1 0 0 -1 -0 -0 -1 -0 -0 -1 -0 -0 -1 0 0 -1 0 0 -1 0 0 -1 -0 -0 -1 -0 -0 -1 -0 -0 -1 0 0 -1 0 0 -1 0 0 -1 -0 -0 -1 -0 -0 -1 -0 -0 -1 0 0 -1 0 0 -1 0 0 -1 -0 -0 -1 -0 -0 -1 -0 -0 -1 0 0 -1 0 0 -1 0 0 -1 -0 -0 -1 -0 -0 -1 -0 -0 -1 0 0 -1 0 0 -1 0 0 -1 -0 -0 -1 -0 -0 -1 -0 -0 -1 0 0 -1 0 0 -1 0 0 -1 -0 -0 -1 -0 -0 -1 -0 -0 -1 0 0 -1 0 0 -1 0 0 -1 -0 -0 -1 -0 -0 -1 -0 -0 -1 0 -0 -1 0 -0 -1 0 -0 -1 -0 -0 -1 -0 -0 -1 -0 -0 -1 0 -0 -1 0 -0 -1 0 -0 -1 -0 -0 -1 -0 -0 -1 -0 -0 -1 0 -0 -1 0 -0 -1 0 -0 -1 -0 -0 -1 -0 -0 -1 -0 -0 -1 0 -0 -1 0 -0 -1 0 -0 -1 -0 -0 -1 -0 -0 -1 -0 -0 -1 0 -0 -1 0 -0 -1 0 -0 -1 -0 -0 -1 -0 -0 -1 -0 -0 -1 0 -0 -1 0 -0 -1 0 -0 -1 -0 -0 -1 -0 -0 -1 -0 -0 -1 0 -0 -1 0 -0 -1 0 -0 -1 -0 -0 -1 -0 -0 -1 -0 -0 -1 0 -0 -1 0 -0 -1 0 -0 -1 -0 -0 -1 -0 -0 -1 -0 -0 -1 0 -0 -1 0 -0 -1 0 -0 -1 -0 -0 -1 -0 -0 -1 -0 -0 -1 0 -0 -1 0 -0 -1 0 -0 -1 -0 -0 -1 -0 -0 -1 -0 -0 -1 0 -0 -1 0 -0 -1 0 -0 -1 -0 -0 -1 -0 -0 -1 -0 -0 -1 0 -0 -1 0 -0 -1 0 -0 -1 -0 -0 -1 -0 -0 -1 -0 -0 -1 0 -0 -1 0 -0 -1 0 -0 -1 -0 -0 -1 -0 -0 -1 -0 -0 -1 0 -0 -1 0 -0 -1 0 -0 -1 -0 -0 -1 -0 -0 -1 -0 -0 -1 0 -0 -1 0 -0 -1 0 -0 -1 -0 -0 -1 -0 -0 -1 -0 -0 -1 0 -0 -1 0 -0 -1 0 -0 -1 -0 -0 -1 -0 -0 -1 -0 -0 -1 0 -0 -1 0 -0 -1 0 -0 -1 -0 -0 -1 -0 -0 -1 -0 -0 -1 0 -0 -1 0 -0 -1 0 -0 -1 -0 -0 -1 -0 -0 -1 -0 -0 -1 -0 -0 -1 -0 -0 -1 -0 -0 -1 -0 -0 -1 -0 -0 -1 -0 -0 -1 -0 0 -1 -0 0 -1 -0 0 -1 -0 -0 -1 -0 -0 -1 -0 -0 -1 -0 0 -1 -0 0 -1 -0 0 -1 -0 0 -1 -0 0 -1 -0 0 -1 -0 0 -1 -0 0 -1 -0 0 -1 -0 0 -1 -0 0 -1 -0 0 -1 -0 0 -1 -0 0 -1 -0 0 -1 -0 0 -1 -0 0 -1 -0 0 -1 -0 0 -1 -0 0 -1 -0 0 -1 -0 0 -1 -0 0 -1 -0 0 0 0.043618992 -0.999048233 0 0.043618992 -0.999048233 0 0.043618992 -0.999048233 -0 0.130525619 -0.991444945 -0 0.130525619 -0.991444945 -0 0.130525619 -0.991444945 0 0.130525619 -0.991444945 0 0.130525619 -0.991444945 0 0.130525619 -0.991444945 -0 0.216439903 -0.976295948 -0 0.216439903 -0.976295948 -0 0.216439903 -0.976295948 0 0.216439903 -0.976295948 0 0.216439903 -0.976295948 0 0.216439903 -0.976295948 -0 0.300710708 -0.953715384 -0 0.300710708 -0.953715384 -0 0.300710708 -0.953715384 0 0.300710708 -0.953715384 0 0.300710708 -0.953715384 0 0.300710708 -0.953715384 -0 0.38268292 -0.923879743 -0 0.38268292 -0.923879743 -0 0.38268292 -0.923879743 0 0.38268292 -0.923879743 0 0.38268292 -0.923879743 0 0.38268292 -0.923879743 -0 0.461748749 -0.887010753 -0 0.461748749 -0.887010753 -0 0.461748749 -0.887010753 0 0.461748749 -0.887010753 0 0.461748749 -0.887010753 0 0.461748749 -0.887010753 -0 0.537293077 -0.843395591 -0 0.537293077 -0.843395591 -0 0.537293077 -0.843395591 0 0.537293077 -0.843395591 0 0.537293077 -0.843395591 0 0.537293077 -0.843395591 -0 0.608758926 -0.793355286 -0 0.608758926 -0.793355286 -0 0.608758926 -0.793355286 0 0.608758926 -0.793355286 0 0.608758926 -0.793355286 0 0.608758926 -0.793355286 -0 0.6755988 -0.737269461 -0 0.6755988 -0.737269461 -0 0.6755988 -0.737269461 0 0.6755988 -0.737269461 0 0.6755988 -0.737269461 0 0.6755988 -0.737269461 -0 0.737273395 -0.675594509 -0 0.737273395 -0.675594509 -0 0.737273395 -0.675594509 0 0.737273395 -0.675594509 0 0.737273395 -0.675594509 0 0.737273395 -0.675594509 -0 0.793352544 -0.608762443 -0 0.793352544 -0.608762443 -0 0.793352544 -0.608762443 0 0.793352544 -0.608762443 0 0.793352544 -0.608762443 0 0.793352544 -0.608762443 -0 0.843394995 -0.537293971 -0 0.843394995 -0.537293971 -0 0.843394995 -0.537293971 0 0.843394995 -0.537293971 0 0.843394995 -0.537293971 0 0.843394995 -0.537293971 -0 0.887012184 -0.461745977 -0 0.887012184 -0.461745977 -0 0.887012184 -0.461745977 0 0.887012184 -0.461745977 0 0.887012184 -0.461745977 0 0.887012184 -0.461745977 -0 0.923878908 -0.382684946 -0 0.923878908 -0.382684946 -0 0.923878908 -0.382684946 0 0.923878908 -0.382684946 0 0.923878908 -0.382684946 0 0.923878908 -0.382684946 -0 0.953712523 -0.300719917 -0 0.953712523 -0.300719917 -0 0.953712523 -0.300719917 0 0.953712523 -0.300719917 0 0.953712523 -0.300719917 0 0.953712523 -0.300719917 -0 0.976296067 -0.216439292 -0 0.976296067 -0.216439292 -0 0.976296067 -0.216439292 0 0.976296067 -0.216439292 0 0.976296067 -0.216439292 0 0.976296067 -0.216439292 -0 0.991445363 -0.130522549 -0 0.991445363 -0.130522549 -0 0.991445363 -0.130522549 0 0.991445363 -0.130522549 0 0.991445363 -0.130522549 0 0.991445363 -0.130522549 -0 0.999048829 -0.0436050966 -0 0.999048829 -0.0436050966 -0 0.999048829 -0.0436050966 0 0.999048829 -0.0436050966 0 0.999048829 -0.0436050966 0 0.999048829 -0.0436050966 -0 0.999048829 0.0436050966 -0 0.999048829 0.0436050966 -0 0.999048829 0.0436050966 0 0.999048829 0.0436050966 0 0.999048829 0.0436050966 0 0.999048829 0.0436050966 -0 0.991445363 0.130522549 -0 0.991445363 0.130522549 -0 0.991445363 0.130522549 0 0.991445363 0.130522549 0 0.991445363 0.130522549 0 0.991445363 0.130522549 -0 0.976296067 0.216439217 -0 0.976296067 0.216439217 -0 0.976296067 0.216439217 0 0.976296067 0.216439217 0 0.976296067 0.216439217 0 0.976296067 0.216439217 -0 0.953712523 0.300719917 -0 0.953712523 0.300719917 -0 0.953712523 0.300719917 0 0.953712523 0.300719917 0 0.953712523 0.300719917 0 0.953712523 0.300719917 -0 0.923878789 0.382685214 -0 0.923878789 0.382685214 -0 0.923878789 0.382685214 0 0.923878789 0.382685214 0 0.923878789 0.382685214 0 0.923878789 0.382685214 -0 0.887012184 0.461746067 -0 0.887012184 0.461746067 -0 0.887012184 0.461746067 0 0.887012184 0.461746067 0 0.887012184 0.461746067 0 0.887012184 0.461746067 -0 0.843395174 0.537293732 -0 0.843395174 0.537293732 -0 0.843395174 0.537293732 0 0.843395174 0.537293732 0 0.843395174 0.537293732 0 0.843395174 0.537293732 -0 0.793352842 0.608762085 -0 0.793352842 0.608762085 -0 0.793352842 0.608762085 0 0.793352842 0.608762085 0 0.793352842 0.608762085 0 0.793352842 0.608762085 -0 0.737273216 0.675594687 -0 0.737273216 0.675594687 -0 0.737273216 0.675594687 0 0.737273216 0.675594687 0 0.737273216 0.675594687 0 0.737273216 0.675594687 -0 0.675598919 0.737269342 -0 0.675598919 0.737269342 -0 0.675598919 0.737269342 0 0.675598919 0.737269342 0 0.675598919 0.737269342 0 0.675598919 0.737269342 -0 0.608758926 0.793355286 -0 0.608758926 0.793355286 -0 0.608758926 0.793355286 0 0.608758926 0.793355286 0 0.608758926 0.793355286 0 0.608758926 0.793355286 -0 0.537292957 0.84339571 -0 0.537292957 0.84339571 -0 0.537292957 0.84339571 0 0.537292957 0.84339571 0 0.537292957 0.84339571 0 0.537292957 0.84339571 -0 0.461748451 0.887010932 -0 0.461748451 0.887010932 -0 0.461748451 0.887010932 0 0.461748451 0.887010932 0 0.461748451 0.887010932 0 0.461748451 0.887010932 -0 0.382683098 0.923879683 -0 0.382683098 0.923879683 -0 0.382683098 0.923879683 0 0.382683098 0.923879683 0 0.382683098 0.923879683 0 0.382683098 0.923879683 -0 0.300711066 0.953715265 -0 0.300711066 0.953715265 -0 0.300711066 0.953715265 0 0.300711066 0.953715265 0 0.300711066 0.953715265 0 0.300711066 0.953715265 -0 0.21643953 0.976296008 -0 0.21643953 0.976296008 -0 0.21643953 0.976296008 0 0.21643953 0.976296008 0 0.21643953 0.976296008 0 0.21643953 0.976296008 -0 0.130525053 0.991445005 -0 0.130525053 0.991445005 -0 0.130525053 0.991445005 0 0.130525053 0.991445005 0 0.130525053 0.991445005 0 0.130525053 0.991445005 -0 0.0436197519 0.999048233 -0 0.0436197519 0.999048233 -0 0.0436197519 0.999048233 0 0.0436197519 0.999048233 0 0.0436197519 0.999048233 0 0.0436197519 0.999048233 -0 -0.0436208174 0.999048173 -0 -0.0436208174 0.999048173 -0 -0.0436208174 0.999048173 0 -0.0436208174 0.999048173 0 -0.0436208174 0.999048173 0 -0.0436208174 0.999048173 -0 -0.130525053 0.991445005 -0 -0.130525053 0.991445005 -0 -0.130525053 0.991445005 0 -0.130525053 0.991445005 0 -0.130525053 0.991445005 0 -0.130525053 0.991445005 -0 -0.21643953 0.976296008 -0 -0.21643953 0.976296008 -0 -0.21643953 0.976296008 0 -0.21643953 0.976296008 0 -0.21643953 0.976296008 0 -0.21643953 0.976296008 -0 -0.300704062 0.95371747 -0 -0.300704062 0.95371747 -0 -0.300704062 0.95371747 0 -0.300704062 0.95371747 0 -0.300704062 0.95371747 0 -0.300704062 0.95371747 -0 -0.382683098 0.923879683 -0 -0.382683098 0.923879683 -0 -0.382683098 0.923879683 0 -0.382683098 0.923879683 0 -0.382683098 0.923879683 0 -0.382683098 0.923879683 -0 -0.461748451 0.887010932 -0 -0.461748451 0.887010932 -0 -0.461748451 0.887010932 0 -0.461748451 0.887010932 0 -0.461748451 0.887010932 0 -0.461748451 0.887010932 -0 -0.537303984 0.843388677 -0 -0.537303984 0.843388677 -0 -0.537303984 0.843388677 0 -0.537303984 0.843388677 0 -0.537303984 0.843388677 0 -0.537303984 0.843388677 -0 -0.608758926 0.793355286 -0 -0.608758926 0.793355286 -0 -0.608758926 0.793355286 0 -0.608758926 0.793355286 0 -0.608758926 0.793355286 0 -0.608758926 0.793355286 -0 -0.67558676 0.737280488 -0 -0.67558676 0.737280488 -0 -0.67558676 0.737280488 0 -0.67558676 0.737280488 0 -0.67558676 0.737280488 0 -0.67558676 0.737280488 -0 -0.737285376 0.675581455 -0 -0.737285376 0.675581455 -0 -0.737285376 0.675581455 0 -0.737285376 0.675581455 0 -0.737285376 0.675581455 0 -0.737285376 0.675581455 -0 -0.793352842 0.608762085 -0 -0.793352842 0.608762085 -0 -0.793352842 0.608762085 0 -0.793352842 0.608762085 0 -0.793352842 0.608762085 0 -0.793352842 0.608762085 -0 -0.843384147 0.537311077 -0 -0.843384147 0.537311077 -0 -0.843384147 0.537311077 0 -0.843384147 0.537311077 0 -0.843384147 0.537311077 0 -0.843384147 0.537311077 -0 -0.887012184 0.461746067 -0 -0.887012184 0.461746067 -0 -0.887012184 0.461746067 0 -0.887012184 0.461746067 0 -0.887012184 0.461746067 0 -0.887012184 0.461746067 -0 -0.923878789 0.382685214 -0 -0.923878789 0.382685214 -0 -0.923878789 0.382685214 0 -0.923878789 0.382685214 0 -0.923878789 0.382685214 0 -0.923878789 0.382685214 -0 -0.953719497 0.300697714 -0 -0.953719497 0.300697714 -0 -0.953719497 0.300697714 0 -0.953719497 0.300697714 0 -0.953719497 0.300697714 0 -0.953719497 0.300697714 -0 -0.976296067 0.216439217 -0 -0.976296067 0.216439217 -0 -0.976296067 0.216439217 0 -0.976296067 0.216439217 0 -0.976296067 0.216439217 0 -0.976296067 0.216439217 -0 -0.991445363 0.130522549 -0 -0.991445363 0.130522549 -0 -0.991445363 0.130522549 0 -0.991445363 0.130522549 0 -0.991445363 0.130522549 0 -0.991445363 0.130522549 -0 -0.999047756 0.0436294526 -0 -0.999047756 0.0436294526 -0 -0.999047756 0.0436294526 0 -0.999047756 0.0436294526 0 -0.999047756 0.0436294526 0 -0.999047756 0.0436294526 0 -0.999047756 -0.0436294526 0 -0.999047756 -0.0436294526 0 -0.999047756 -0.0436294526 0 -0.999047756 -0.0436294526 0 -0.999047756 -0.0436294526 0 -0.999047756 -0.0436294526 0 -0.991445363 -0.130522549 0 -0.991445363 -0.130522549 0 -0.991445363 -0.130522549 0 -0.991445363 -0.130522549 0 -0.991445363 -0.130522549 0 -0.991445363 -0.130522549 0 -0.976296067 -0.216439292 0 -0.976296067 -0.216439292 0 -0.976296067 -0.216439292 0 -0.976296067 -0.216439292 0 -0.976296067 -0.216439292 0 -0.976296067 -0.216439292 0 -0.953719497 -0.300697714 0 -0.953719497 -0.300697714 0 -0.953719497 -0.300697714 0 -0.953719497 -0.300697714 0 -0.953719497 -0.300697714 0 -0.953719497 -0.300697714 0 -0.923878908 -0.382684946 0 -0.923878908 -0.382684946 0 -0.923878908 -0.382684946 0 -0.923878908 -0.382684946 0 -0.923878908 -0.382684946 0 -0.923878908 -0.382684946 0 -0.887012184 -0.461745977 0 -0.887012184 -0.461745977 0 -0.887012184 -0.461745977 0 -0.887012184 -0.461745977 0 -0.887012184 -0.461745977 0 -0.887012184 -0.461745977 0 -0.843383968 -0.537311375 0 -0.843383968 -0.537311375 0 -0.843383968 -0.537311375 0 -0.843383968 -0.537311375 0 -0.843383968 -0.537311375 0 -0.843383968 -0.537311375 0 -0.793352544 -0.608762443 0 -0.793352544 -0.608762443 0 -0.793352544 -0.608762443 0 -0.793352544 -0.608762443 0 -0.793352544 -0.608762443 0 -0.793352544 -0.608762443 0 -0.737285554 -0.675581217 0 -0.737285554 -0.675581217 0 -0.737285554 -0.675581217 0 -0.737285554 -0.675581217 0 -0.737285554 -0.675581217 0 -0.737285554 -0.675581217 0 -0.675586641 -0.737280607 0 -0.675586641 -0.737280607 0 -0.675586641 -0.737280607 0 -0.675586641 -0.737280607 0 -0.675586641 -0.737280607 0 -0.675586641 -0.737280607 0 -0.608758926 -0.793355286 0 -0.608758926 -0.793355286 0 -0.608758926 -0.793355286 0 -0.608758926 -0.793355286 0 -0.608758926 -0.793355286 0 -0.608758926 -0.793355286 0 -0.537304163 -0.843388557 0 -0.537304163 -0.843388557 0 -0.537304163 -0.843388557 0 -0.537304163 -0.843388557 0 -0.537304163 -0.843388557 0 -0.537304163 -0.843388557 0 -0.461748749 -0.887010753 0 -0.461748749 -0.887010753 0 -0.461748749 -0.887010753 0 -0.461748749 -0.887010753 0 -0.461748749 -0.887010753 0 -0.461748749 -0.887010753 0 -0.38268292 -0.923879743 0 -0.38268292 -0.923879743 0 -0.38268292 -0.923879743 0 -0.38268292 -0.923879743 0 -0.38268292 -0.923879743 0 -0.38268292 -0.923879743 0 -0.300703704 -0.953717589 0 -0.300703704 -0.953717589 0 -0.300703704 -0.953717589 0 -0.300703704 -0.953717589 0 -0.300703704 -0.953717589 0 -0.300703704 -0.953717589 0 -0.216439903 -0.976295948 0 -0.216439903 -0.976295948 0 -0.216439903 -0.976295948 0 -0.216439903 -0.976295948 0 -0.216439903 -0.976295948 0 -0.216439903 -0.976295948 0 -0.130525619 -0.991444945 0 -0.130525619 -0.991444945 0 -0.130525619 -0.991444945 0 -0.130525619 -0.991444945 0 -0.130525619 -0.991444945 0 -0.130525619 -0.991444945 0 -0.0436200537 -0.999048173 0 -0.0436200537 -0.999048173 0 -0.0436200537 -0.999048173 0 -0.0436200537 -0.999048173 0 -0.0436200537 -0.999048173 0 -0.0436200537 -0.999048173 -0 0.043618992 -0.999048233 -0 0.043618992 -0.999048233 -0 0.043618992 -0.999048233 -1 -0 0 -1 -0 0 -1 -0 0 -1 -0 -0 -1 -0 -0 -1 -0 -0 -1 0 -0 -1 0 -0 -1 0 -0 -1 -0 0 -1 -0 0 -1 -0 0 -1 -0 -0 -1 -0 -0 -1 -0 -0 -1 0 0 -1 0 0 -1 0 0 -1 -0 0 -1 -0 0 -1 -0 0 -1 -0 -0 -1 -0 -0 -1 -0 -0 -1 0 0 -1 0 0 -1 0 0 -1 -0 0 -1 -0 0 -1 -0 0 -1 -0 -0 -1 -0 -0 -1 -0 -0 -1 0 0 -1 0 0 -1 0 0 -1 -0 0 -1 -0 0 -1 -0 0 -1 -0 -0 -1 -0 -0 -1 -0 -0 -1 0 0 -1 0 0 -1 0 0 -1 -0 0 -1 -0 0 -1 -0 0 -1 -0 -0 -1 -0 -0 -1 -0 -0 -1 0 0 -1 0 0 -1 0 0 -1 0 -0 -1 0 -0 -1 0 -0 -1 -0 -0 -1 -0 -0 -1 -0 -0 -1 0 0 -1 0 0 -1 0 0 -1 0 -0 -1 0 -0 -1 0 -0 -1 -0 -0 -1 -0 -0 -1 -0 -0 -1 0 0 -1 0 0 -1 0 0 -1 0 -0 -1 0 -0 -1 0 -0 -1 -0 -0 -1 -0 -0 -1 -0 -0 -1 0 0 -1 0 0 -1 0 0 -1 0 -0 -1 0 -0 -1 0 -0 -1 -0 -0 -1 -0 -0 -1 -0 -0 -1 0 0 -1 0 0 -1 0 0 -1 0 -0 -1 0 -0 -1 0 -0 -1 -0 -0 -1 -0 -0 -1 -0 -0 -1 0 0 -1 0 0 -1 0 0 -1 0 -0 -1 0 -0 -1 0 -0 -1 -0 -0 -1 -0 -0 -1 -0 -0 -1 0 0 -1 0 0 -1 0 0 -1 0 0 -1 0 0 -1 0 0 -1 0 -0 -1 0 -0 -1 0 -0 -1 0 0 -1 0 0 -1 0 0 -1 0 0 -1 0 0 -1 0 0 -1 0 -0 -1 0 -0 -1 0 -0 -1 0 0 -1 0 0 -1 0 0 -1 0 0 -1 0 0 -1 0 0 -1 0 -0 -1 0 -0 -1 0 -0 -1 0 0 -1 0 0 -1 0 0 -1 0 0 -1 0 0 -1 0 0 -1 0 -0 -1 0 -0 -1 0 -0 -1 0 0 -1 0 0 -1 0 0 -1 0 0 -1 0 0 -1 0 0 -1 0 -0 -1 0 -0 -1 0 -0 -1 0 0 -1 0 0 -1 0 0 -1 0 0 -1 0 0 -1 0 0 -1 0 -0 -1 0 -0 -1 0 -0 -1 0 0 -1 0 0 -1 0 0 -1 0 0 -1 0 0 -1 0 0 -1 -0 0 -1 -0 0 -1 -0 0 -1 0 0 -1 0 0 -1 0 0 -1 0 0 -1 0 0 -1 0 0 -1 -0 0 -1 -0 0 -1 -0 0 -1 0 0 -1 0 0 -1 0 0 -1 0 0 -1 0 0 -1 0 0 -1 -0 0 -1 -0 0 -1 -0 0 -1 0 0 -1 0 0 -1 0 0 -1 0 0 -1 0 0 -1 0 0 -1 -0 0 -1 -0 0 -1 -0 0 -1 0 0 -1 0 0 -1 0 0 -1 0 0 -1 0 0 -1 0 0 -1 -0 0 -1 -0 0 -1 -0 0 -1 0 0 -1 0 0 -1 0 0 -1 0 0 -1 0 0 -1 0 0 -1 -0 0 -1 -0 0 -1 -0 0 -1 0 0 -1 0 0 -1 0 0 1 0 -0 1 0 -0 1 0 -0 1 -0 -0 1 -0 -0 1 -0 -0 1 0 0 1 0 0 1 0 0 1 -0 -0 1 -0 -0 1 -0 -0 1 0 0 1 0 0 1 0 0 1 -0 0 1 -0 0 1 -0 0 1 0 0 1 0 0 1 0 0 1 -0 0 1 -0 0 1 -0 0 1 0 0 1 0 0 1 0 0 1 -0 0 1 -0 0 1 -0 0 1 0 0 1 0 0 1 0 0 1 -0 0 1 -0 0 1 -0 0 1 0 0 1 0 0 1 0 0 1 -0 0 1 -0 0 1 -0 0 1 0 0 1 0 0 1 0 0 1 -0 0 1 -0 0 1 -0 0 1 0 0 1 0 0 1 0 0 1 -0 0 1 -0 0 1 -0 0 1 0 0 1 0 0 1 0 0 1 -0 0 1 -0 0 1 -0 0 1 0 0 1 0 0 1 0 0 1 -0 0 1 -0 0 1 -0 0 1 0 0 1 0 0 1 0 0 1 -0 0 1 -0 0 1 -0 0 1 0 0 1 0 0 1 0 0 1 -0 0 1 -0 0 1 -0 0 1 0 0 1 0 0 1 0 0 1 -0 0 1 -0 0 1 -0 0 1 0 0 1 0 0 1 0 0 1 -0 0 1 -0 0 1 -0 0 1 0 0 1 0 0 1 0 0 1 -0 0 1 -0 0 1 -0 0 1 0 0 1 0 0 1 0 0 1 -0 0 1 -0 0 1 -0 0 1 0 0 1 0 0 1 0 0 1 -0 0 1 -0 0 1 -0 0 1 0 0 1 0 0 1 0 0 1 -0 -0 1 -0 -0 1 -0 -0 1 0 0 1 0 0 1 0 0 1 -0 -0 1 -0 -0 1 -0 -0 1 0 0 1 0 0 1 0 0 1 -0 -0 1 -0 -0 1 -0 -0 1 0 0 1 0 0 1 0 0 1 -0 -0 1 -0 -0 1 -0 -0 1 0 0 1 0 0 1 0 0 1 -0 -0 1 -0 -0 1 -0 -0 1 0 0 1 0 0 1 0 0 1 -0 -0 1 -0 -0 1 -0 -0 1 0 0 1 0 0 1 0 0 1 -0 -0 1 -0 -0 1 -0 -0 1 0 0 1 0 0 1 0 0 1 -0 -0 1 -0 -0 1 -0 -0 1 0 0 1 0 0 1 0 0 1 -0 -0 1 -0 -0 1 -0 -0 1 0 0 1 0 0 1 0 0 1 -0 -0 1 -0 -0 1 -0 -0 1 0 0 1 0 0 1 0 0 1 -0 -0 1 -0 -0 1 -0 -0 1 0 0 1 0 0 1 0 0 1 -0 -0 1 -0 -0 1 -0 -0 1 0 0 1 0 0 1 0 0 1 -0 -0 1 -0 -0 1 -0 -0 1 0 0 1 0 0 1 0 0 1 -0 -0 1 -0 -0 1 -0 -0 1 0 0 1 0 0 1 0 0 1 -0 -0 1 -0 -0 1 -0 -0 1 0 0 1 0 0 1 0 0 1 -0 -0 1 -0 -0 1 -0 -0 1 0 0 1 0 0 1 0 0 1 -0 -0 1 -0 -0 1 -0 -0 1 0 0 1 0 0 1 0 0 1 -0 -0 1 -0 -0 1 -0 -0 1 -0 0 1 -0 0 1 -0 0 1 -0 -0 1 -0 -0 1 -0 -0 1 -0 0 1 -0 0 1 -0 0 1 -0 -0 1 -0 -0 1 -0 -0 1 -0 0 1 -0 0 1 -0 0 1 -0 -0 1 -0 -0 1 -0 -0 1 -0 0 1 -0 0 1 -0 0 1 -0 -0 1 -0 -0 1 -0 -0 1 -0 0 1 -0 0 1 -0 0 1 -0 -0 1 -0 -0 1 -0 -0 1 -0 0 1 -0 0 1 -0 0 1 -0 -0 1 -0 -0 1 -0 -0 1 -0 0 1 -0 0 1 -0 0 1 -0 -0 1 -0 -0 1 -0 -0 1 -0 0 1 -0 0 1 -0 0 1 -0 -0 1 -0 -0 1 -0 -0 1 -0 0 1 -0 0 1 -0 0 1 -0 -0 1 -0 -0 1 -0 -0 1 -0 0 1 -0 0 1 -0 0 1 -0 -0 1 -0 -0 1 -0 -0 1 -0 0 1 -0 0 1 -0 0 1 -0 -0 1 -0 -0 1 -0 -0 1 -0 0 1 -0 0 1 -0 0 1 -0 -0 1 -0 -0 1 -0 -0 1 -0 0 1 -0 0 1 -0 0 1 -0 -0 1 -0 -0 1 -0 -0 1 -0 0 1 -0 0 1 -0 0 1 -0 -0 1 -0 -0 1 -0 -0 1 -0 0 1 -0 0 1 -0 0 1 -0 -0 1 -0 -0 1 -0 -0 1 -0 0 1 -0 0 1 -0 0 1 -0 -0 1 -0 -0 1 -0 -0 1 -0 0 1 -0 0 1 -0 0 1 -0 -0 1 -0 -0 1 -0 -0 1 -0 0 1 -0 0 1 -0 0 1 -0 -0 1 -0 -0 1 -0 -0 1 0 -0 1 0 -0 1 0 -0 1 -0 -0 1 -0 -0 1 -0 -0 1 0 -0 1 0 -0 1 0 -0 1 -0 -0 1 -0 -0 1 -0 -0 1 0 -0 1 0 -0 1 0 -0 1 0 -0 1 0 -0 1 0 -0 1 0 -0 1 0 -0 1 0 -0 1 0 -0 1 0 -0 1 0 -0 1 0 -0 1 0 -0 1 0 -0 1 0 -0 1 0 -0 1 0 -0 1 0 -0 1 0 -0 1 0 -0 1 0 -0 1 0 -0 1 0 -0 1 0 -0 1 0 -0 1 0 -0 1 0 -0 1 0 -0 1 0 -0 1 0 -0 1 0 -0 1 0 -0 1 0 -0 1 0 -0 1 0 -0 1 0 -0 1 0 -0 1 0 -0 1 0 -0 1 0 -0 1 0 -0 1 0 -0 1 0 -0 1 0 -0 1 0 -0 1 0 -0 1 0 -0 1 0 -0 1 0 -0 1 0 -0 1 0 -0 1 0 -0 1 0 -0 1 0 -0 1 0 -0 1 0 -0 1 0 -0 1 0 -0 1 0 -0 1 0 -0 1 0 -0 1 0 -0 1 0 -0 1 0 -0 1 0 -0 1 0 -0 1 0 -0 1 0 -0 1 0 -0 1 0 -0 1 0 -0 1 0 -0 1 0 -0 1 0 -0 1 0 -0 1 0 -0 1 0 -0 1 0 -0 1 0 -0 1 0 -0 1 0 -0 1 0 -0 1 0 -0 1 0 -0 1 0 -0 1 0 -0 1 0 -0 1 0 -0 1 0 -0 1 0 -0 1 0 -0 1 0 -0 1 0 -0 1 0 -0 1 0 -0 0.856950521 -0.0672750771 0.51098913 0.856950521 -0.0672750771 0.51098913 0.856950521 -0.0672750771 0.51098913 0.856950462 -0.0224807169 0.514908195 0.856950462 -0.0224807169 0.514908195 0.856950462 -0.0224807169 0.514908195 0.856950641 -0.197236404 0.476165354 0.856950641 -0.197236404 0.476165354 0.856950641 -0.197236404 0.476165354 0.856950581 -0.154980689 0.49154523 0.856950581 -0.154980689 0.49154523 0.856950581 -0.154980689 0.49154523 0.856950462 -0.11155203 0.503181875 0.856950462 -0.11155203 0.503181875 0.856950462 -0.11155203 0.503181875 0.85695076 -0.313747615 0.408898294 0.85695076 -0.313747615 0.408898294 0.85695076 -0.313747615 0.408898294 0.856950641 -0.276925474 0.434681386 0.856950641 -0.276925474 0.434681386 0.856950641 -0.276925474 0.434681386 0.856950641 -0.237983465 0.457164615 0.856950641 -0.237983465 0.457164615 0.856950641 -0.237983465 0.457164615 0.8569507 -0.408895344 0.313751608 0.8569507 -0.408895344 0.313751608 0.8569507 -0.408895344 0.313751608 0.856950879 -0.379995048 0.348193884 0.856950879 -0.379995048 0.348193884 0.856950879 -0.379995048 0.348193884 0.856950939 -0.34819892 0.37999022 0.856950939 -0.34819892 0.37999022 0.856950939 -0.34819892 0.37999022 0.856950998 -0.476169139 0.197225526 0.856950998 -0.476169139 0.197225526 0.856950998 -0.476169139 0.197225526 0.856951118 -0.457162321 0.237986073 0.856951118 -0.457162321 0.237986073 0.856951118 -0.457162321 0.237986073 0.856950879 -0.434676737 0.276932091 0.856950879 -0.434676737 0.276932091 0.856950879 -0.434676737 0.276932091 0.856950819 -0.510987997 0.067279622 0.856950819 -0.510987997 0.067279622 0.856950819 -0.510987997 0.067279622 0.856950998 -0.503184199 0.111537851 0.856950998 -0.503184199 0.111537851 0.856950998 -0.503184199 0.111537851 0.856951058 -0.491540432 0.154993251 0.856951058 -0.491540432 0.154993251 0.856951058 -0.491540432 0.154993251 0.856950819 -0.510987997 -0.067279622 0.856950819 -0.510987997 -0.067279622 0.856950819 -0.510987997 -0.067279622 0.856951118 -0.514906824 -0.0224888157 0.856951118 -0.514906824 -0.0224888157 0.856951118 -0.514906824 -0.0224888157 0.856951118 -0.514906824 0.0224888157 0.856951118 -0.514906824 0.0224888157 0.856951118 -0.514906824 0.0224888157 0.856950998 -0.47616908 -0.197225675 0.856950998 -0.47616908 -0.197225675 0.856950998 -0.47616908 -0.197225675 0.856951058 -0.491540462 -0.154993132 0.856951058 -0.491540462 -0.154993132 0.856951058 -0.491540462 -0.154993132 0.856950998 -0.503184199 -0.111537851 0.856950998 -0.503184199 -0.111537851 0.856950998 -0.503184199 -0.111537851 0.8569507 -0.408895344 -0.313751608 0.8569507 -0.408895344 -0.313751608 0.8569507 -0.408895344 -0.313751608 0.856950879 -0.434676856 -0.276931912 0.856950879 -0.434676856 -0.276931912 0.856950879 -0.434676856 -0.276931912 0.856951118 -0.457162321 -0.237986073 0.856951118 -0.457162321 -0.237986073 0.856951118 -0.457162321 -0.237986073 0.85695076 -0.313747853 -0.408898085 0.85695076 -0.313747853 -0.408898085 0.85695076 -0.313747853 -0.408898085 0.856950939 -0.348198682 -0.379990429 0.856950939 -0.348198682 -0.379990429 0.856950939 -0.348198682 -0.379990429 0.856950879 -0.379995018 -0.348193854 0.856950879 -0.379995018 -0.348193854 0.856950879 -0.379995018 -0.348193854 0.856950641 -0.197236225 -0.476165414 0.856950641 -0.197236225 -0.476165414 0.856950641 -0.197236225 -0.476165414 0.856950641 -0.237984121 -0.457164288 0.856950641 -0.237984121 -0.457164288 0.856950641 -0.237984121 -0.457164288 0.856950641 -0.276924878 -0.434681743 0.856950641 -0.276924878 -0.434681743 0.856950641 -0.276924878 -0.434681743 0.856950521 -0.0672750697 -0.51098907 0.856950521 -0.0672750697 -0.51098907 0.856950521 -0.0672750697 -0.51098907 0.856950521 -0.111553214 -0.503181636 0.856950521 -0.111553214 -0.503181636 0.856950521 -0.111553214 -0.503181636 0.856950581 -0.154980123 -0.491545409 0.856950581 -0.154980123 -0.491545409 0.856950581 -0.154980123 -0.491545409 0.856950462 0.0672716349 -0.510989606 0.856950462 0.0672716349 -0.510989606 0.856950462 0.0672716349 -0.510989606 0.856950462 0.0224810485 -0.514908195 0.856950462 0.0224810485 -0.514908195 0.856950462 0.0224810485 -0.514908195 0.856950521 -0.0224798843 -0.514908254 0.856950521 -0.0224798843 -0.514908254 0.856950521 -0.0224798843 -0.514908254 0.856950223 0.197236478 -0.47616601 0.856950223 0.197236478 -0.47616601 0.856950223 0.197236478 -0.47616601 0.856950402 0.154987857 -0.491543263 0.856950402 0.154987857 -0.491543263 0.856950402 0.154987857 -0.491543263 0.856950521 0.111553214 -0.503181636 0.856950521 0.111553214 -0.503181636 0.856950521 0.111553214 -0.503181636 0.856950164 0.313748479 -0.40889892 0.856950164 0.313748479 -0.40889892 0.856950164 0.313748479 -0.40889892 0.856950104 0.276925385 -0.434682518 0.856950104 0.276925385 -0.434682518 0.856950104 0.276925385 -0.434682518 0.856950164 0.237984493 -0.457164973 0.856950164 0.237984493 -0.457164973 0.856950164 0.237984493 -0.457164973 0.856949925 0.408896416 -0.313752443 0.856949925 0.408896416 -0.313752443 0.856949925 0.408896416 -0.313752443 0.856950104 0.379995972 -0.348194718 0.856950104 0.379995972 -0.348194718 0.856950104 0.379995972 -0.348194718 0.856950283 0.348199457 -0.379991293 0.856950283 0.348199457 -0.379991293 0.856950283 0.348199457 -0.379991293 0.856950045 0.47617054 -0.197226271 0.856950045 0.47617054 -0.197226271 0.856950045 0.47617054 -0.197226271 0.856950223 0.457163662 -0.237986788 0.856950223 0.457163662 -0.237986788 0.856950223 0.457163662 -0.237986788 0.856949985 0.434678048 -0.276932687 0.856949985 0.434678048 -0.276932687 0.856949985 0.434678048 -0.276932687 0.856949806 0.510989666 -0.0672798455 0.856949806 0.510989666 -0.0672798455 0.856949806 0.510989666 -0.0672798455 0.856949985 0.503185809 -0.111538216 0.856949985 0.503185809 -0.111538216 0.856949985 0.503185809 -0.111538216 0.856950045 0.491542011 -0.154993623 0.856950045 0.491542011 -0.154993623 0.856950045 0.491542011 -0.154993623 0.856949806 0.510989666 0.0672798455 0.856949806 0.510989666 0.0672798455 0.856949806 0.510989666 0.0672798455 0.856950104 0.514908552 0.0224888902 0.856950104 0.514908552 0.0224888902 0.856950104 0.514908552 0.0224888902 0.856950104 0.514908552 -0.0224888902 0.856950104 0.514908552 -0.0224888902 0.856950104 0.514908552 -0.0224888902 0.856950045 0.476170599 0.197226137 0.856950045 0.476170599 0.197226137 0.856950045 0.476170599 0.197226137 0.856950045 0.491541982 0.154993743 0.856950045 0.491541982 0.154993743 0.856950045 0.491541982 0.154993743 0.856949985 0.503185809 0.111538216 0.856949985 0.503185809 0.111538216 0.856949985 0.503185809 0.111538216 0.856949866 0.408896416 0.313752443 0.856949866 0.408896416 0.313752443 0.856949866 0.408896416 0.313752443 0.856949985 0.434677929 0.276932865 0.856949985 0.434677929 0.276932865 0.856949985 0.434677929 0.276932865 0.856950223 0.457163662 0.237986788 0.856950223 0.457163662 0.237986788 0.856950223 0.457163662 0.237986788 0.856950164 0.31374824 0.408899128 0.856950164 0.31374824 0.408899128 0.856950164 0.31374824 0.408899128 0.856950283 0.348199695 0.379991084 0.856950283 0.348199695 0.379991084 0.856950283 0.348199695 0.379991084 0.856950104 0.379995972 0.348194718 0.856950104 0.379995972 0.348194718 0.856950104 0.379995972 0.348194718 0.856950223 0.197236657 0.47616595 0.856950223 0.197236657 0.47616595 0.856950223 0.197236657 0.47616595 0.856950164 0.237983838 0.457165331 0.856950164 0.237983838 0.457165331 0.856950164 0.237983838 0.457165331 0.856950104 0.276925951 0.434682161 0.856950104 0.276925951 0.434682161 0.856950104 0.276925951 0.434682161 0.856950462 0.0672716424 0.510989666 0.856950462 0.0672716424 0.510989666 0.856950462 0.0672716424 0.510989666 0.856950462 0.11155203 0.503181875 0.856950462 0.11155203 0.503181875 0.856950462 0.11155203 0.503181875 0.856950402 0.154988423 0.491543055 0.856950402 0.154988423 0.491543055 0.856950402 0.154988423 0.491543055 0.856950462 0.0224818811 0.514908195 0.856950462 0.0224818811 0.514908195 0.856950462 0.0224818811 0.514908195 0 0.0436195433 -0.999048233 0 0.0436195433 -0.999048233 0 0.0436195433 -0.999048233 -0 0.13052541 -0.991444945 -0 0.13052541 -0.991444945 -0 0.13052541 -0.991444945 0 0.13052541 -0.991444945 0 0.13052541 -0.991444945 0 0.13052541 -0.991444945 -0 0.216437578 -0.976296484 -0 0.216437578 -0.976296484 -0 0.216437578 -0.976296484 0 0.216437578 -0.976296484 0 0.216437578 -0.976296484 0 0.216437578 -0.976296484 -0 0.300704658 -0.953717291 -0 0.300704658 -0.953717291 -0 0.300704658 -0.953717291 0 0.300704658 -0.953717291 0 0.300704658 -0.953717291 0 0.300704658 -0.953717291 -0 0.382680982 -0.923880517 -0 0.382680982 -0.923880517 -0 0.382680982 -0.923880517 0 0.382680982 -0.923880517 0 0.382680982 -0.923880517 0 0.382680982 -0.923880517 -0 0.461756259 -0.887006819 -0 0.461756259 -0.887006819 -0 0.461756259 -0.887006819 0 0.461756259 -0.887006819 0 0.461756259 -0.887006819 0 0.461756259 -0.887006819 -0 0.537288249 -0.84339869 -0 0.537288249 -0.84339869 -0 0.537288249 -0.84339869 0 0.537288249 -0.84339869 0 0.537288249 -0.84339869 0 0.537288249 -0.84339869 -0 0.60876286 -0.793352246 -0 0.60876286 -0.793352246 -0 0.60876286 -0.793352246 0 0.60876286 -0.793352246 0 0.60876286 -0.793352246 0 0.60876286 -0.793352246 -0 0.675604165 -0.737264514 -0 0.675604165 -0.737264514 -0 0.675604165 -0.737264514 0 0.675604165 -0.737264514 0 0.675604165 -0.737264514 0 0.675604165 -0.737264514 -0 0.737269282 -0.675599039 -0 0.737269282 -0.675599039 -0 0.737269282 -0.675599039 0 0.737269282 -0.675599039 0 0.737269282 -0.675599039 0 0.737269282 -0.675599039 -0 0.793352604 -0.608762324 -0 0.793352604 -0.608762324 -0 0.793352604 -0.608762324 0 0.793352604 -0.608762324 0 0.793352604 -0.608762324 0 0.793352604 -0.608762324 -0 0.843396306 -0.537291944 -0 0.843396306 -0.537291944 -0 0.843396306 -0.537291944 0 0.843396306 -0.537291944 0 0.843396306 -0.537291944 0 0.843396306 -0.537291944 -0 0.887008846 -0.461752474 -0 0.887008846 -0.461752474 -0 0.887008846 -0.461752474 0 0.887008846 -0.461752474 0 0.887008846 -0.461752474 0 0.887008846 -0.461752474 -0 0.923877954 -0.3826873 -0 0.923877954 -0.3826873 -0 0.923877954 -0.3826873 0 0.923877954 -0.3826873 0 0.923877954 -0.3826873 0 0.923877954 -0.3826873 -0 0.953718722 -0.300700188 -0 0.953718722 -0.300700188 -0 0.953718722 -0.300700188 0 0.953718722 -0.300700188 0 0.953718722 -0.300700188 0 0.953718722 -0.300700188 -0 0.9762972 -0.216434211 -0 0.9762972 -0.216434211 -0 0.9762972 -0.216434211 0 0.9762972 -0.216434211 0 0.9762972 -0.216434211 0 0.9762972 -0.216434211 -0 0.991443574 -0.130535796 -0 0.991443574 -0.130535796 -0 0.991443574 -0.130535796 0 0.991443574 -0.130535796 0 0.991443574 -0.130535796 0 0.991443574 -0.130535796 -0 0.999048471 -0.0436132178 -0 0.999048471 -0.0436132178 -0 0.999048471 -0.0436132178 0 0.999048471 -0.0436132178 0 0.999048471 -0.0436132178 0 0.999048471 -0.0436132178 -0 0.999048471 0.0436132178 -0 0.999048471 0.0436132178 -0 0.999048471 0.0436132178 0 0.999048471 0.0436132178 0 0.999048471 0.0436132178 0 0.999048471 0.0436132178 -0 0.991443574 0.130535796 -0 0.991443574 0.130535796 -0 0.991443574 0.130535796 0 0.991443574 0.130535796 0 0.991443574 0.130535796 0 0.991443574 0.130535796 -0 0.976297259 0.216434076 -0 0.976297259 0.216434076 -0 0.976297259 0.216434076 0 0.976297259 0.216434076 0 0.976297259 0.216434076 0 0.976297259 0.216434076 -0 0.953718662 0.300700337 -0 0.953718662 0.300700337 -0 0.953718662 0.300700337 0 0.953718662 0.300700337 0 0.953718662 0.300700337 0 0.953718662 0.300700337 -0 0.923877954 0.3826873 -0 0.923877954 0.3826873 -0 0.923877954 0.3826873 0 0.923877954 0.3826873 0 0.923877954 0.3826873 0 0.923877954 0.3826873 -0 0.887008846 0.461752474 -0 0.887008846 0.461752474 -0 0.887008846 0.461752474 0 0.887008846 0.461752474 0 0.887008846 0.461752474 0 0.887008846 0.461752474 -0 0.843396306 0.537291944 -0 0.843396306 0.537291944 -0 0.843396306 0.537291944 0 0.843396306 0.537291944 0 0.843396306 0.537291944 0 0.843396306 0.537291944 -0 0.793352842 0.608762085 -0 0.793352842 0.608762085 -0 0.793352842 0.608762085 0 0.793352842 0.608762085 0 0.793352842 0.608762085 0 0.793352842 0.608762085 -0 0.737269521 0.675598741 -0 0.737269521 0.675598741 -0 0.737269521 0.675598741 0 0.737269521 0.675598741 0 0.737269521 0.675598741 0 0.737269521 0.675598741 -0 0.675603867 0.737264812 -0 0.675603867 0.737264812 -0 0.675603867 0.737264812 0 0.675603867 0.737264812 0 0.675603867 0.737264812 0 0.675603867 0.737264812 -0 0.608762264 0.793352664 -0 0.608762264 0.793352664 -0 0.608762264 0.793352664 0 0.608762264 0.793352664 0 0.608762264 0.793352664 0 0.608762264 0.793352664 -0 0.537289143 0.843398154 -0 0.537289143 0.843398154 -0 0.537289143 0.843398154 0 0.537289143 0.843398154 0 0.537289143 0.843398154 0 0.537289143 0.843398154 -0 0.461756498 0.8870067 -0 0.461756498 0.8870067 -0 0.461756498 0.8870067 0 0.461756498 0.8870067 0 0.461756498 0.8870067 0 0.461756498 0.8870067 -0 0.382680744 0.923880637 -0 0.382680744 0.923880637 -0 0.382680744 0.923880637 0 0.382680744 0.923880637 0 0.382680744 0.923880637 0 0.382680744 0.923880637 -0 0.300703287 0.953717768 -0 0.300703287 0.953717768 -0 0.300703287 0.953717768 0 0.300703287 0.953717768 0 0.300703287 0.953717768 0 0.300703287 0.953717768 -0 0.21643886 0.976296186 -0 0.21643886 0.976296186 -0 0.21643886 0.976296186 0 0.21643886 0.976296186 0 0.21643886 0.976296186 0 0.21643886 0.976296186 -0 0.130525693 0.991444945 -0 0.130525693 0.991444945 -0 0.130525693 0.991444945 0 0.130525693 0.991444945 0 0.130525693 0.991444945 0 0.130525693 0.991444945 -0 0.0436182134 0.999048293 -0 0.0436182134 0.999048293 -0 0.0436182134 0.999048293 0 0.0436182134 0.999048293 0 0.0436182134 0.999048293 0 0.0436182134 0.999048293 -0 -0.0436182134 0.999048293 -0 -0.0436182134 0.999048293 -0 -0.0436182134 0.999048293 0 -0.0436182134 0.999048293 0 -0.0436182134 0.999048293 0 -0.0436182134 0.999048293 -0 -0.130525693 0.991444945 -0 -0.130525693 0.991444945 -0 -0.130525693 0.991444945 0 -0.130525693 0.991444945 0 -0.130525693 0.991444945 0 -0.130525693 0.991444945 -0 -0.216446877 0.976294398 -0 -0.216446877 0.976294398 -0 -0.216446877 0.976294398 0 -0.216446877 0.976294398 0 -0.216446877 0.976294398 0 -0.216446877 0.976294398 -0 -0.300703287 0.953717768 -0 -0.300703287 0.953717768 -0 -0.300703287 0.953717768 0 -0.300703287 0.953717768 0 -0.300703287 0.953717768 0 -0.300703287 0.953717768 -0 -0.382680744 0.923880637 -0 -0.382680744 0.923880637 -0 -0.382680744 0.923880637 0 -0.382680744 0.923880637 0 -0.382680744 0.923880637 0 -0.382680744 0.923880637 -0 -0.461740971 0.887014806 -0 -0.461740971 0.887014806 -0 -0.461740971 0.887014806 0 -0.461740971 0.887014806 0 -0.461740971 0.887014806 0 -0.461740971 0.887014806 -0 -0.537306309 0.843387187 -0 -0.537306309 0.843387187 -0 -0.537306309 0.843387187 0 -0.537306309 0.843387187 0 -0.537306309 0.843387187 0 -0.537306309 0.843387187 -0 -0.608762264 0.793352664 -0 -0.608762264 0.793352664 -0 -0.608762264 0.793352664 0 -0.608762264 0.793352664 0 -0.608762264 0.793352664 0 -0.608762264 0.793352664 -0 -0.675584972 0.737282157 -0 -0.675584972 0.737282157 -0 -0.675584972 0.737282157 0 -0.675584972 0.737282157 0 -0.675584972 0.737282157 0 -0.675584972 0.737282157 -0 -0.737288475 0.675578058 -0 -0.737288475 0.675578058 -0 -0.737288475 0.675578058 0 -0.737288475 0.675578058 0 -0.737288475 0.675578058 0 -0.737288475 0.675578058 -0 -0.793352842 0.608762085 -0 -0.793352842 0.608762085 -0 -0.793352842 0.608762085 0 -0.793352842 0.608762085 0 -0.793352842 0.608762085 0 -0.793352842 0.608762085 -0 -0.84337914 0.537318945 -0 -0.84337914 0.537318945 -0 -0.84337914 0.537318945 0 -0.84337914 0.537318945 0 -0.84337914 0.537318945 0 -0.84337914 0.537318945 -0 -0.887024403 0.461722583 -0 -0.887024403 0.461722583 -0 -0.887024403 0.461722583 0 -0.887024403 0.461722583 0 -0.887024403 0.461722583 0 -0.887024403 0.461722583 -0 -0.923877954 0.3826873 -0 -0.923877954 0.3826873 -0 -0.923877954 0.3826873 0 -0.923877954 0.3826873 0 -0.923877954 0.3826873 0 -0.923877954 0.3826873 -0 -0.953718662 0.300700337 -0 -0.953718662 0.300700337 -0 -0.953718662 0.300700337 0 -0.953718662 0.300700337 0 -0.953718662 0.300700337 0 -0.953718662 0.300700337 -0 -0.976289213 0.216470256 -0 -0.976289213 0.216470256 -0 -0.976289213 0.216470256 0 -0.976289213 0.216470256 0 -0.976289213 0.216470256 0 -0.976289213 0.216470256 -0 -0.991448522 0.130498484 -0 -0.991448522 0.130498484 -0 -0.991448522 0.130498484 0 -0.991448522 0.130498484 0 -0.991448522 0.130498484 0 -0.991448522 0.130498484 -0 -0.999046862 0.043651104 -0 -0.999046862 0.043651104 -0 -0.999046862 0.043651104 0 -0.999046862 0.043651104 0 -0.999046862 0.043651104 0 -0.999046862 0.043651104 0 -0.999046862 -0.043651104 0 -0.999046862 -0.043651104 0 -0.999046862 -0.043651104 0 -0.999046862 -0.043651104 0 -0.999046862 -0.043651104 0 -0.999046862 -0.043651104 0 -0.991448522 -0.130498484 0 -0.991448522 -0.130498484 0 -0.991448522 -0.130498484 0 -0.991448522 -0.130498484 0 -0.991448522 -0.130498484 0 -0.991448522 -0.130498484 0 -0.976289213 -0.216470376 0 -0.976289213 -0.216470376 0 -0.976289213 -0.216470376 0 -0.976289213 -0.216470376 0 -0.976289213 -0.216470376 0 -0.976289213 -0.216470376 0 -0.953718722 -0.300700188 0 -0.953718722 -0.300700188 0 -0.953718722 -0.300700188 0 -0.953718722 -0.300700188 0 -0.953718722 -0.300700188 0 -0.953718722 -0.300700188 0 -0.923877954 -0.3826873 0 -0.923877954 -0.3826873 0 -0.923877954 -0.3826873 0 -0.923877954 -0.3826873 0 -0.923877954 -0.3826873 0 -0.923877954 -0.3826873 0 -0.887024403 -0.461722583 0 -0.887024403 -0.461722583 0 -0.887024403 -0.461722583 0 -0.887024403 -0.461722583 0 -0.887024403 -0.461722583 0 -0.887024403 -0.461722583 0 -0.84337914 -0.537318945 0 -0.84337914 -0.537318945 0 -0.84337914 -0.537318945 0 -0.84337914 -0.537318945 0 -0.84337914 -0.537318945 0 -0.84337914 -0.537318945 0 -0.793352604 -0.608762324 0 -0.793352604 -0.608762324 0 -0.793352604 -0.608762324 0 -0.793352604 -0.608762324 0 -0.793352604 -0.608762324 0 -0.793352604 -0.608762324 0 -0.737288177 -0.675578356 0 -0.737288177 -0.675578356 0 -0.737288177 -0.675578356 0 -0.737288177 -0.675578356 0 -0.737288177 -0.675578356 0 -0.737288177 -0.675578356 0 -0.67558527 -0.737281859 0 -0.67558527 -0.737281859 0 -0.67558527 -0.737281859 0 -0.67558527 -0.737281859 0 -0.67558527 -0.737281859 0 -0.67558527 -0.737281859 0 -0.60876286 -0.793352246 0 -0.60876286 -0.793352246 0 -0.60876286 -0.793352246 0 -0.60876286 -0.793352246 0 -0.60876286 -0.793352246 0 -0.60876286 -0.793352246 0 -0.537305474 -0.843387723 0 -0.537305474 -0.843387723 0 -0.537305474 -0.843387723 0 -0.537305474 -0.843387723 0 -0.537305474 -0.843387723 0 -0.537305474 -0.843387723 0 -0.461740732 -0.887014925 0 -0.461740732 -0.887014925 0 -0.461740732 -0.887014925 0 -0.461740732 -0.887014925 0 -0.461740732 -0.887014925 0 -0.461740732 -0.887014925 0 -0.382680982 -0.923880517 0 -0.382680982 -0.923880517 0 -0.382680982 -0.923880517 0 -0.382680982 -0.923880517 0 -0.382680982 -0.923880517 0 -0.382680982 -0.923880517 0 -0.300704658 -0.953717291 0 -0.300704658 -0.953717291 0 -0.300704658 -0.953717291 0 -0.300704658 -0.953717291 0 -0.300704658 -0.953717291 0 -0.300704658 -0.953717291 0 -0.21644561 -0.976294696 0 -0.21644561 -0.976294696 0 -0.21644561 -0.976294696 0 -0.21644561 -0.976294696 0 -0.21644561 -0.976294696 0 -0.21644561 -0.976294696 0 -0.13052541 -0.991444945 0 -0.13052541 -0.991444945 0 -0.13052541 -0.991444945 0 -0.13052541 -0.991444945 0 -0.13052541 -0.991444945 0 -0.13052541 -0.991444945 0 -0.0436195433 -0.999048233 0 -0.0436195433 -0.999048233 0 -0.0436195433 -0.999048233 0 -0.0436195433 -0.999048233 0 -0.0436195433 -0.999048233 0 -0.0436195433 -0.999048233 -0 0.0436195433 -0.999048233 -0 0.0436195433 -0.999048233 -0 0.0436195433 -0.999048233 0 -0.0436181091 0.999048293 0 -0.0436181091 0.999048293 0 -0.0436181091 0.999048293 -0 -0.0436181091 0.999048293 -0 -0.0436181091 0.999048293 -0 -0.0436181091 0.999048293 0 -0.130530164 0.991444349 0 -0.130530164 0.991444349 0 -0.130530164 0.991444349 -0 -0.130530164 0.991444349 -0 -0.130530164 0.991444349 -0 -0.130530164 0.991444349 0 -0.216438308 0.976296306 0 -0.216438308 0.976296306 0 -0.216438308 0.976296306 -0 -0.216438308 0.976296306 -0 -0.216438308 0.976296306 -0 -0.216438308 0.976296306 0 -0.300700635 0.953718603 0 -0.300700635 0.953718603 0 -0.300700635 0.953718603 -0 -0.300700635 0.953718603 -0 -0.300700635 0.953718603 -0 -0.300700635 0.953718603 0 -0.382687181 0.923877954 0 -0.382687181 0.923877954 0 -0.382687181 0.923877954 -0 -0.382687181 0.923877954 -0 -0.382687181 0.923877954 -0 -0.382687181 0.923877954 0 -0.461746514 0.887011945 0 -0.461746514 0.887011945 0 -0.461746514 0.887011945 -0 -0.461746514 0.887011945 -0 -0.461746514 0.887011945 -0 -0.461746514 0.887011945 0 -0.537303627 0.843388915 0 -0.537303627 0.843388915 0 -0.537303627 0.843388915 -0 -0.537303627 0.843388915 -0 -0.537303627 0.843388915 -0 -0.537303627 0.843388915 0 -0.6087479 0.79336375 0 -0.6087479 0.79336375 0 -0.6087479 0.79336375 -0 -0.6087479 0.79336375 -0 -0.6087479 0.79336375 -0 -0.6087479 0.79336375 0 -0.675592363 0.737275362 0 -0.675592363 0.737275362 0 -0.675592363 0.737275362 -0 -0.675592363 0.737275362 -0 -0.675592363 0.737275362 -0 -0.675592363 0.737275362 0 -0.737284541 0.675582349 0 -0.737284541 0.675582349 0 -0.737284541 0.675582349 -0 -0.737284541 0.675582349 -0 -0.737284541 0.675582349 -0 -0.737284541 0.675582349 0 -0.793357849 0.608755529 0 -0.793357849 0.608755529 0 -0.793357849 0.608755529 -0 -0.793357849 0.608755529 -0 -0.793357849 0.608755529 -0 -0.793357849 0.608755529 0 -0.843380451 0.537316799 0 -0.843380451 0.537316799 0 -0.843380451 0.537316799 -0 -0.843380451 0.537316799 -0 -0.843380451 0.537316799 -0 -0.843380451 0.537316799 0 -0.887008905 0.461752325 0 -0.887008905 0.461752325 0 -0.887008905 0.461752325 -0 -0.887008905 0.461752325 -0 -0.887008905 0.461752325 -0 -0.887008905 0.461752325 0 -0.923886538 0.382666558 0 -0.923886538 0.382666558 0 -0.923886538 0.382666558 -0 -0.923886538 0.382666558 -0 -0.923886538 0.382666558 -0 -0.923886538 0.382666558 0 -0.953710735 0.30072546 0 -0.953710735 0.30072546 0 -0.953710735 0.30072546 -0 -0.953710735 0.30072546 -0 -0.953710735 0.30072546 -0 -0.953710735 0.30072546 0 -0.976302326 0.216411144 0 -0.976302326 0.216411144 0 -0.976302326 0.216411144 -0 -0.976302326 0.216411144 -0 -0.976302326 0.216411144 -0 -0.976302326 0.216411144 0 -0.991443157 0.130539119 0 -0.991443157 0.130539119 0 -0.991443157 0.130539119 -0 -0.991443157 0.130539119 -0 -0.991443157 0.130539119 -0 -0.991443157 0.130539119 0 -0.999047577 0.043633908 0 -0.999047577 0.043633908 0 -0.999047577 0.043633908 -0 -0.999047577 0.043633908 -0 -0.999047577 0.043633908 -0 -0.999047577 0.043633908 0 -0.999047577 -0.043633908 0 -0.999047577 -0.043633908 0 -0.999047577 -0.043633908 -0 -0.999047577 -0.043633908 -0 -0.999047577 -0.043633908 -0 -0.999047577 -0.043633908 0 -0.991443157 -0.130539119 0 -0.991443157 -0.130539119 0 -0.991443157 -0.130539119 -0 -0.991443157 -0.130539119 -0 -0.991443157 -0.130539119 -0 -0.991443157 -0.130539119 0 -0.976302326 -0.216411144 0 -0.976302326 -0.216411144 0 -0.976302326 -0.216411144 -0 -0.976302326 -0.216411144 -0 -0.976302326 -0.216411144 -0 -0.976302326 -0.216411144 0 -0.953710794 -0.300725251 0 -0.953710794 -0.300725251 0 -0.953710794 -0.300725251 -0 -0.953710794 -0.300725251 -0 -0.953710794 -0.300725251 -0 -0.953710794 -0.300725251 0 -0.923886418 -0.382666826 0 -0.923886418 -0.382666826 0 -0.923886418 -0.382666826 -0 -0.923886418 -0.382666826 -0 -0.923886418 -0.382666826 -0 -0.923886418 -0.382666826 0 -0.887008905 -0.461752325 0 -0.887008905 -0.461752325 0 -0.887008905 -0.461752325 -0 -0.887008905 -0.461752325 -0 -0.887008905 -0.461752325 -0 -0.887008905 -0.461752325 0 -0.84338069 -0.537316442 0 -0.84338069 -0.537316442 0 -0.84338069 -0.537316442 -0 -0.84338069 -0.537316442 -0 -0.84338069 -0.537316442 -0 -0.84338069 -0.537316442 0 -0.793357849 -0.608755529 0 -0.793357849 -0.608755529 0 -0.793357849 -0.608755529 -0 -0.793357849 -0.608755529 -0 -0.793357849 -0.608755529 -0 -0.793357849 -0.608755529 0 -0.737284541 -0.675582349 0 -0.737284541 -0.675582349 0 -0.737284541 -0.675582349 -0 -0.737284541 -0.675582349 -0 -0.737284541 -0.675582349 -0 -0.737284541 -0.675582349 0 -0.675591886 -0.737275779 0 -0.675591886 -0.737275779 0 -0.675591886 -0.737275779 -0 -0.675591886 -0.737275779 -0 -0.675591886 -0.737275779 -0 -0.675591886 -0.737275779 0 -0.608748376 -0.793363333 0 -0.608748376 -0.793363333 0 -0.608748376 -0.793363333 -0 -0.608748376 -0.793363333 -0 -0.608748376 -0.793363333 -0 -0.608748376 -0.793363333 0 -0.537302434 -0.84338963 0 -0.537302434 -0.84338963 0 -0.537302434 -0.84338963 -0 -0.537302434 -0.84338963 -0 -0.537302434 -0.84338963 -0 -0.537302434 -0.84338963 0 -0.461747795 -0.88701123 0 -0.461747795 -0.88701123 0 -0.461747795 -0.88701123 -0 -0.461747795 -0.88701123 -0 -0.461747795 -0.88701123 -0 -0.461747795 -0.88701123 0 -0.382686853 -0.923878133 0 -0.382686853 -0.923878133 0 -0.382686853 -0.923878133 -0 -0.382686853 -0.923878133 -0 -0.382686853 -0.923878133 -0 -0.382686853 -0.923878133 0 -0.300699532 -0.953718901 0 -0.300699532 -0.953718901 0 -0.300699532 -0.953718901 -0 -0.300699532 -0.953718901 -0 -0.300699532 -0.953718901 -0 -0.300699532 -0.953718901 0 -0.216440618 -0.976295769 0 -0.216440618 -0.976295769 0 -0.216440618 -0.976295769 -0 -0.216440618 -0.976295769 -0 -0.216440618 -0.976295769 -0 -0.216440618 -0.976295769 0 -0.130530164 -0.991444349 0 -0.130530164 -0.991444349 0 -0.130530164 -0.991444349 -0 -0.130530164 -0.991444349 -0 -0.130530164 -0.991444349 -0 -0.130530164 -0.991444349 0 -0.0436164923 -0.999048352 0 -0.0436164923 -0.999048352 0 -0.0436164923 -0.999048352 -0 -0.0436164923 -0.999048352 -0 -0.0436164923 -0.999048352 -0 -0.0436164923 -0.999048352 0 0.0436187498 -0.999048233 0 0.0436187498 -0.999048233 0 0.0436187498 -0.999048233 -0 0.0436187498 -0.999048233 -0 0.0436187498 -0.999048233 -0 0.0436187498 -0.999048233 0 0.130523473 -0.991445243 0 0.130523473 -0.991445243 0 0.130523473 -0.991445243 -0 0.130523473 -0.991445243 -0 0.130523473 -0.991445243 -0 0.130523473 -0.991445243 0 0.216440618 -0.976295769 0 0.216440618 -0.976295769 0 0.216440618 -0.976295769 -0 0.216440618 -0.976295769 -0 0.216440618 -0.976295769 -0 0.216440618 -0.976295769 0 0.300714374 -0.953714252 0 0.300714374 -0.953714252 0 0.300714374 -0.953714252 -0 0.300714374 -0.953714252 -0 0.300714374 -0.953714252 -0 0.300714374 -0.953714252 0 0.382686853 -0.923878133 0 0.382686853 -0.923878133 0 0.382686853 -0.923878133 -0 0.382686853 -0.923878133 -0 0.382686853 -0.923878133 -0 0.382686853 -0.923878133 0 0.461747795 -0.88701123 0 0.461747795 -0.88701123 0 0.461747795 -0.88701123 -0 0.461747795 -0.88701123 -0 0.461747795 -0.88701123 -0 0.461747795 -0.88701123 0 0.537302434 -0.84338963 0 0.537302434 -0.84338963 0 0.537302434 -0.84338963 -0 0.537302434 -0.84338963 -0 0.537302434 -0.84338963 -0 0.537302434 -0.84338963 0 0.608748376 -0.793363333 0 0.608748376 -0.793363333 0 0.608748376 -0.793363333 -0 0.608748376 -0.793363333 -0 0.608748376 -0.793363333 -0 0.608748376 -0.793363333 0 0.675591886 -0.737275779 0 0.675591886 -0.737275779 0 0.675591886 -0.737275779 -0 0.675591886 -0.737275779 -0 0.675591886 -0.737275779 -0 0.675591886 -0.737275779 0 0.737284541 -0.675582349 0 0.737284541 -0.675582349 0 0.737284541 -0.675582349 -0 0.737284541 -0.675582349 -0 0.737284541 -0.675582349 -0 0.737284541 -0.675582349 0 0.793357849 -0.608755529 0 0.793357849 -0.608755529 0 0.793357849 -0.608755529 -0 0.793357849 -0.608755529 -0 0.793357849 -0.608755529 -0 0.793357849 -0.608755529 0 0.84338069 -0.537316442 0 0.84338069 -0.537316442 0 0.84338069 -0.537316442 -0 0.84338069 -0.537316442 -0 0.84338069 -0.537316442 -0 0.84338069 -0.537316442 0 0.887008905 -0.461752325 0 0.887008905 -0.461752325 0 0.887008905 -0.461752325 -0 0.887008905 -0.461752325 -0 0.887008905 -0.461752325 -0 0.887008905 -0.461752325 0 0.923886418 -0.382666826 0 0.923886418 -0.382666826 0 0.923886418 -0.382666826 -0 0.923886418 -0.382666826 -0 0.923886418 -0.382666826 -0 0.923886418 -0.382666826 0 0.953710794 -0.300725251 0 0.953710794 -0.300725251 0 0.953710794 -0.300725251 -0 0.953710794 -0.300725251 -0 0.953710794 -0.300725251 -0 0.953710794 -0.300725251 0 0.976302326 -0.216411144 0 0.976302326 -0.216411144 0 0.976302326 -0.216411144 -0 0.976302326 -0.216411144 -0 0.976302326 -0.216411144 -0 0.976302326 -0.216411144 0 0.991443157 -0.130539119 0 0.991443157 -0.130539119 0 0.991443157 -0.130539119 -0 0.991443157 -0.130539119 -0 0.991443157 -0.130539119 -0 0.991443157 -0.130539119 0 0.999047577 -0.043633908 0 0.999047577 -0.043633908 0 0.999047577 -0.043633908 -0 0.999047577 -0.043633908 -0 0.999047577 -0.043633908 -0 0.999047577 -0.043633908 -0 0.999047577 0.043633908 -0 0.999047577 0.043633908 -0 0.999047577 0.043633908 -0 0.999047577 0.043633908 -0 0.999047577 0.043633908 -0 0.999047577 0.043633908 -0 0.991443157 0.130539119 -0 0.991443157 0.130539119 -0 0.991443157 0.130539119 -0 0.991443157 0.130539119 -0 0.991443157 0.130539119 -0 0.991443157 0.130539119 -0 0.976302326 0.216411144 -0 0.976302326 0.216411144 -0 0.976302326 0.216411144 -0 0.976302326 0.216411144 -0 0.976302326 0.216411144 -0 0.976302326 0.216411144 -0 0.953710735 0.30072546 -0 0.953710735 0.30072546 -0 0.953710735 0.30072546 -0 0.953710735 0.30072546 -0 0.953710735 0.30072546 -0 0.953710735 0.30072546 -0 0.923886538 0.382666558 -0 0.923886538 0.382666558 -0 0.923886538 0.382666558 -0 0.923886538 0.382666558 -0 0.923886538 0.382666558 -0 0.923886538 0.382666558 -0 0.887008905 0.461752325 -0 0.887008905 0.461752325 -0 0.887008905 0.461752325 -0 0.887008905 0.461752325 -0 0.887008905 0.461752325 -0 0.887008905 0.461752325 -0 0.843380451 0.537316799 -0 0.843380451 0.537316799 -0 0.843380451 0.537316799 -0 0.843380451 0.537316799 -0 0.843380451 0.537316799 -0 0.843380451 0.537316799 -0 0.793357849 0.608755529 -0 0.793357849 0.608755529 -0 0.793357849 0.608755529 -0 0.793357849 0.608755529 -0 0.793357849 0.608755529 -0 0.793357849 0.608755529 -0 0.737284541 0.675582349 -0 0.737284541 0.675582349 -0 0.737284541 0.675582349 -0 0.737284541 0.675582349 -0 0.737284541 0.675582349 -0 0.737284541 0.675582349 -0 0.675592363 0.737275362 -0 0.675592363 0.737275362 -0 0.675592363 0.737275362 -0 0.675592363 0.737275362 -0 0.675592363 0.737275362 -0 0.675592363 0.737275362 -0 0.6087479 0.79336375 -0 0.6087479 0.79336375 -0 0.6087479 0.79336375 -0 0.6087479 0.79336375 -0 0.6087479 0.79336375 -0 0.6087479 0.79336375 -0 0.537303627 0.843388915 -0 0.537303627 0.843388915 -0 0.537303627 0.843388915 -0 0.537303627 0.843388915 -0 0.537303627 0.843388915 -0 0.537303627 0.843388915 -0 0.461746514 0.887011945 -0 0.461746514 0.887011945 -0 0.461746514 0.887011945 -0 0.461746514 0.887011945 -0 0.461746514 0.887011945 -0 0.461746514 0.887011945 -0 0.382687181 0.923877954 -0 0.382687181 0.923877954 -0 0.382687181 0.923877954 -0 0.382687181 0.923877954 -0 0.382687181 0.923877954 -0 0.382687181 0.923877954 -0 0.300715476 0.953713894 -0 0.300715476 0.953713894 -0 0.300715476 0.953713894 -0 0.300715476 0.953713894 -0 0.300715476 0.953713894 -0 0.300715476 0.953713894 -0 0.216438308 0.976296306 -0 0.216438308 0.976296306 -0 0.216438308 0.976296306 -0 0.216438308 0.976296306 -0 0.216438308 0.976296306 -0 0.216438308 0.976296306 -0 0.130523473 0.991445243 -0 0.130523473 0.991445243 -0 0.130523473 0.991445243 -0 0.130523473 0.991445243 -0 0.130523473 0.991445243 -0 0.130523473 0.991445243 -0 0.0436203629 0.999048173 -0 0.0436203629 0.999048173 -0 0.0436203629 0.999048173 -0 0.0436203629 0.999048173 -0 0.0436203629 0.999048173 -0 0.0436203629 0.999048173 </float_array>
          <technique_common>
            <accessor count="3456" offset="0" source="#mesh_0-normals-array" stride="3">
              <param name="X" type="float" />
              <param name="Y" type="float" />
              <param name="Z" type="float" />
            </accessor>
          </technique_common>
        </source>
        <vertices id="mesh_0-vertices">
          <input semantic="POSITION" source="#mesh_0-positions" />
        </vertices>
        <polylist count="1152" material="defaultMaterial">
          <input offset="0" semantic="VERTEX" source="#mesh_0-vertices" />
          <input offset="0" semantic="NORMAL" source="#mesh_0-normals" />
          <vcount>3 3 3 3 3 3 3 3 3 3 3 3 3 3 3 3 3 3 3 3 3 3 3 3 3 3 3 3 3 3 3 3 3 3 3 3 3 3 3 3 3 3 3 3 3 3 3 3 3 3 3 3 3 3 3 3 3 3 3 3 3 3 3 3 3 3 3 3 3 3 3 3 3 3 3 3 3 3 3 3 3 3 3 3 3 3 3 3 3 3 3 3 3 3 3 3 3 3 3 3 3 3 3 3 3 3 3 3 3 3 3 3 3 3 3 3 3 3 3 3 3 3 3 3 3 3 3 3 3 3 3 3 3 3 3 3 3 3 3 3 3 3 3 3 3 3 3 3 3 3 3 3 3 3 3 3 3 3 3 3 3 3 3 3 3 3 3 3 3 3 3 3 3 3 3 3 3 3 3 3 3 3 3 3 3 3 3 3 3 3 3 3 3 3 3 3 3 3 3 3 3 3 3 3 3 3 3 3 3 3 3 3 3 3 3 3 3 3 3 3 3 3 3 3 3 3 3 3 3 3 3 3 3 3 3 3 3 3 3 3 3 3 3 3 3 3 3 3 3 3 3 3 3 3 3 3 3 3 3 3 3 3 3 3 3 3 3 3 3 3 3 3 3 3 3 3 3 3 3 3 3 3 3 3 3 3 3 3 3 3 3 3 3 3 3 3 3 3 3 3 3 3 3 3 3 3 3 3 3 3 3 3 3 3 3 3 3 3 3 3 3 3 3 3 3 3 3 3 3 3 3 3 3 3 3 3 3 3 3 3 3 3 3 3 3 3 3 3 3 3 3 3 3 3 3 3 3 3 3 3 3 3 3 3 3 3 3 3 3 3 3 3 3 3 3 3 3 3 3 3 3 3 3 3 3 3 3 3 3 3 3 3 3 3 3 3 3 3 3 3 3 3 3 3 3 3 3 3 3 3 3 3 3 3 3 3 3 3 3 3 3 3 3 3 3 3 3 3 3 3 3 3 3 3 3 3 3 3 3 3 3 3 3 3 3 3 3 3 3 3 3 3 3 3 3 3 3 3 3 3 3 3 3 3 3 3 3 3 3 3 3 3 3 3 3 3 3 3 3 3 3 3 3 3 3 3 3 3 3 3 3 3 3 3 3 3 3 3 3 3 3 3 3 3 3 3 3 3 3 3 3 3 3 3 3 3 3 3 3 3 3 3 3 3 3 3 3 3 3 3 3 3 3 3 3 3 3 3 3 3 3 3 3 3 3 3 3 3 3 3 3 3 3 3 3 3 3 3 3 3 3 3 3 3 3 3 3 3 3 3 3 3 3 3 3 3 3 3 3 3 3 3 3 3 3 3 3 3 3 3 3 3 3 3 3 3 3 3 3 3 3 3 3 3 3 3 3 3 3 3 3 3 3 3 3 3 3 3 3 3 3 3 3 3 3 3 3 3 3 3 3 3 3 3 3 3 3 3 3 3 3 3 3 3 3 3 3 3 3 3 3 3 3 3 3 3 3 3 3 3 3 3 3 3 3 3 3 3 3 3 3 3 3 3 3 3 3 3 3 3 3 3 3 3 3 3 3 3 3 3 3 3 3 3 3 3 3 3 3 3 3 3 3 3 3 3 3 3 3 3 3 3 3 3 3 3 3 3 3 3 3 3 3 3 3 3 3 3 3 3 3 3 3 3 3 3 3 3 3 3 3 3 3 3 3 3 3 3 3 3 3 3 3 3 3 3 3 3 3 3 3 3 3 3 3 3 3 3 3 3 3 3 3 3 3 3 3 3 3 3 3 3 3 3 3 3 3 3 3 3 3 3 3 3 3 3 3 3 3 3 3 3 3 3 3 3 3 3 3 3 3 3 3 3 3 3 3 3 3 3 3 3 3 3 3 3 3 3 3 3 3 3 3 3 3 3 3 3 3 3 3 3 3 3 3 3 3 3 3 3 3 3 3 3 3 3 3 3 3 3 3 3 3 3 3 3 3 3 3 3 3 3 3 3 3 3 3 3 3 3 3 3 3 3 3 3 3 3 3 3 3 3 3 3 3 3 3 3 3 3 3 3 3 3 3 3 3 3 3 3 3 3 3 3 3 3 3 3 3 3 3 3 3 3 3 3 3 3 3 3 3 3 3 3 3 3 3 3 3 3 3 3 3 3 3 3 3 3 3 3 3 3 3 3 3 3 3 3 3 3 3 3 3 3 3 3 3 3 3 3 3 3 3 3 3 3 3 3 3 3 3 3 3 3 3 3 3 3 3 3 3 3 3 3 3 3 3 3 3 3 3 3 3 3 3 3 3 3 3 3 3 3 3 3 3 3 3 3 3 3 3 3 3 3 3 3 3 3 3 3 3 3 3 3 3 3 3 3 3 3 3 3 3 3 3 3 3 3 3 3 3 3 3 3 3 3 3 3 3 3 3 3 3 3 3 3 3 3 3 3 3 3 3 3 3 3 3 3 3 3 3 3 3 3 3 3 3 3 3 3 3 3 3 3 3 3 3 3 3 3 3 3 3 3 3 3 3 3 3 3 3 3 3 3 3 3 3 3 3 3 3 3 3 3 3 3 3 3 3 3 3 3 3 3 3 3 3 3 3 3 3 3 3 3 3 3 3 3 3 3 3 3 </vcount>
          <p>0 1 2 3 4 5 6 7 8 9 10 11 12 13 14 15 16 17 18 19 20 21 22 23 24 25 26 27 28 29 30 31 32 33 34 35 36 37 38 39 40 41 42 43 44 45 46 47 48 49 50 51 52 53 54 55 56 57 58 59 60 61 62 63 64 65 66 67 68 69 70 71 72 73 74 75 76 77 78 79 80 81 82 83 84 85 86 87 88 89 90 91 92 93 94 95 96 97 98 99 100 101 102 103 104 105 106 107 108 109 110 111 112 113 114 115 116 117 118 119 120 121 122 123 124 125 126 127 128 129 130 131 132 133 134 135 136 137 138 139 140 141 142 143 144 145 146 147 148 149 150 151 152 153 154 155 156 157 158 159 160 161 162 163 164 165 166 167 168 169 170 171 172 173 174 175 176 177 178 179 180 181 182 183 184 185 186 187 188 189 190 191 192 193 194 195 196 197 198 199 200 201 202 203 204 205 206 207 208 209 210 211 212 213 214 215 216 217 218 219 220 221 222 223 224 225 226 227 228 229 230 231 232 233 234 235 236 237 238 239 240 241 242 243 244 245 246 247 248 249 250 251 252 253 254 255 256 257 258 259 260 261 262 263 264 265 266 267 268 269 270 271 272 273 274 275 276 277 278 279 280 281 282 283 284 285 286 287 288 289 290 291 292 293 294 295 296 297 298 299 300 301 302 303 304 305 306 307 308 309 310 311 312 313 314 315 316 317 318 319 320 321 322 323 324 325 326 327 328 329 330 331 332 333 334 335 336 337 338 339 340 341 342 343 344 345 346 347 348 349 350 351 352 353 354 355 356 357 358 359 360 361 362 363 364 365 366 367 368 369 370 371 372 373 374 375 376 377 378 379 380 381 382 383 384 385 386 387 388 389 390 391 392 393 394 395 396 397 398 399 400 401 402 403 404 405 406 407 408 409 410 411 412 413 414 415 416 417 418 419 420 421 422 423 424 425 426 427 428 429 430 431 432 433 434 435 436 437 438 439 440 441 442 443 444 445 446 447 448 449 450 451 452 453 454 455 456 457 458 459 460 461 462 463 464 465 466 467 468 469 470 471 472 473 474 475 476 477 478 479 480 481 482 483 484 485 486 487 488 489 490 491 492 493 494 495 496 497 498 499 500 501 502 503 504 505 506 507 508 509 510 511 512 513 514 515 516 517 518 519 520 521 522 523 524 525 526 527 528 529 530 531 532 533 534 535 536 537 538 539 540 541 542 543 544 545 546 547 548 549 550 551 552 553 554 555 556 557 558 559 560 561 562 563 564 565 566 567 568 569 570 571 572 573 574 575 576 577 578 579 580 581 582 583 584 585 586 587 588 589 590 591 592 593 594 595 596 597 598 599 600 601 602 603 604 605 606 607 608 609 610 611 612 613 614 615 616 617 618 619 620 621 622 623 624 625 626 627 628 629 630 631 632 633 634 635 636 637 638 639 640 641 642 643 644 645 646 647 648 649 650 651 652 653 654 655 656 657 658 659 660 661 662 663 664 665 666 667 668 669 670 671 672 673 674 675 676 677 678 679 680 681 682 683 684 685 686 687 688 689 690 691 692 693 694 695 696 697 698 699 700 701 702 703 704 705 706 707 708 709 710 711 712 713 714 715 716 717 718 719 720 721 722 723 724 725 726 727 728 729 730 731 732 733 734 735 736 737 738 739 740 741 742 743 744 745 746 747 748 749 750 751 752 753 754 755 756 757 758 759 760 761 762 763 764 765 766 767 768 769 770 771 772 773 774 775 776 777 778 779 780 781 782 783 784 785 786 787 788 789 790 791 792 793 794 795 796 797 798 799 800 801 802 803 804 805 806 807 808 809 810 811 812 813 814 815 816 817 818 819 820 821 822 823 824 825 826 827 828 829 830 831 832 833 834 835 836 837 838 839 840 841 842 843 844 845 846 847 848 849 850 851 852 853 854 855 856 857 858 859 860 861 862 863 864 865 866 867 868 869 870 871 872 873 874 875 876 877 878 879 880 881 882 883 884 885 886 887 888 889 890 891 892 893 894 895 896 897 898 899 900 901 902 903 904 905 906 907 908 909 910 911 912 913 914 915 916 917 918 919 920 921 922 923 924 925 926 927 928 929 930 931 932 933 934 935 936 937 938 939 940 941 942 943 944 945 946 947 948 949 950 951 952 953 954 955 956 957 958 959 960 961 962 963 964 965 966 967 968 969 970 971 972 973 974 975 976 977 978 979 980 981 982 983 984 985 986 987 988 989 990 991 992 993 994 995 996 997 998 999 1000 1001 1002 1003 1004 1005 1006 1007 1008 1009 1010 1011 1012 1013 1014 1015 1016 1017 1018 1019 1020 1021 1022 1023 1024 1025 1026 1027 1028 1029 1030 1031 1032 1033 1034 1035 1036 1037 1038 1039 1040 1041 1042 1043 1044 1045 1046 1047 1048 1049 1050 1051 1052 1053 1054 1055 1056 1057 1058 1059 1060 1061 1062 1063 1064 1065 1066 1067 1068 1069 1070 1071 1072 1073 1074 1075 1076 1077 1078 1079 1080 1081 1082 1083 1084 1085 1086 1087 1088 1089 1090 1091 1092 1093 1094 1095 1096 1097 1098 1099 1100 1101 1102 1103 1104 1105 1106 1107 1108 1109 1110 1111 1112 1113 1114 1115 1116 1117 1118 1119 1120 1121 1122 1123 1124 1125 1126 1127 1128 1129 1130 1131 1132 1133 1134 1135 1136 1137 1138 1139 1140 1141 1142 1143 1144 1145 1146 1147 1148 1149 1150 1151 1152 1153 1154 1155 1156 1157 1158 1159 1160 1161 1162 1163 1164 1165 1166 1167 1168 1169 1170 1171 1172 1173 1174 1175 1176 1177 1178 1179 1180 1181 1182 1183 1184 1185 1186 1187 1188 1189 1190 1191 1192 1193 1194 1195 1196 1197 1198 1199 1200 1201 1202 1203 1204 1205 1206 1207 1208 1209 1210 1211 1212 1213 1214 1215 1216 1217 1218 1219 1220 1221 1222 1223 1224 1225 1226 1227 1228 1229 1230 1231 1232 1233 1234 1235 1236 1237 1238 1239 1240 1241 1242 1243 1244 1245 1246 1247 1248 1249 1250 1251 1252 1253 1254 1255 1256 1257 1258 1259 1260 1261 1262 1263 1264 1265 1266 1267 1268 1269 1270 1271 1272 1273 1274 1275 1276 1277 1278 1279 1280 1281 1282 1283 1284 1285 1286 1287 1288 1289 1290 1291 1292 1293 1294 1295 1296 1297 1298 1299 1300 1301 1302 1303 1304 1305 1306 1307 1308 1309 1310 1311 1312 1313 1314 1315 1316 1317 1318 1319 1320 1321 1322 1323 1324 1325 1326 1327 1328 1329 1330 1331 1332 1333 1334 1335 1336 1337 1338 1339 1340 1341 1342 1343 1344 1345 1346 1347 1348 1349 1350 1351 1352 1353 1354 1355 1356 1357 1358 1359 1360 1361 1362 1363 1364 1365 1366 1367 1368 1369 1370 1371 1372 1373 1374 1375 1376 1377 1378 1379 1380 1381 1382 1383 1384 1385 1386 1387 1388 1389 1390 1391 1392 1393 1394 1395 1396 1397 1398 1399 1400 1401 1402 1403 1404 1405 1406 1407 1408 1409 1410 1411 1412 1413 1414 1415 1416 1417 1418 1419 1420 1421 1422 1423 1424 1425 1426 1427 1428 1429 1430 1431 1432 1433 1434 1435 1436 1437 1438 1439 1440 1441 1442 1443 1444 1445 1446 1447 1448 1449 1450 1451 1452 1453 1454 1455 1456 1457 1458 1459 1460 1461 1462 1463 1464 1465 1466 1467 1468 1469 1470 1471 1472 1473 1474 1475 1476 1477 1478 1479 1480 1481 1482 1483 1484 1485 1486 1487 1488 1489 1490 1491 1492 1493 1494 1495 1496 1497 1498 1499 1500 1501 1502 1503 1504 1505 1506 1507 1508 1509 1510 1511 1512 1513 1514 1515 1516 1517 1518 1519 1520 1521 1522 1523 1524 1525 1526 1527 1528 1529 1530 1531 1532 1533 1534 1535 1536 1537 1538 1539 1540 1541 1542 1543 1544 1545 1546 1547 1548 1549 1550 1551 1552 1553 1554 1555 1556 1557 1558 1559 1560 1561 1562 1563 1564 1565 1566 1567 1568 1569 1570 1571 1572 1573 1574 1575 1576 1577 1578 1579 1580 1581 1582 1583 1584 1585 1586 1587 1588 1589 1590 1591 1592 1593 1594 1595 1596 1597 1598 1599 1600 1601 1602 1603 1604 1605 1606 1607 1608 1609 1610 1611 1612 1613 1614 1615 1616 1617 1618 1619 1620 1621 1622 1623 1624 1625 1626 1627 1628 1629 1630 1631 1632 1633 1634 1635 1636 1637 1638 1639 1640 1641 1642 1643 1644 1645 1646 1647 1648 1649 1650 1651 1652 1653 1654 1655 1656 1657 1658 1659 1660 1661 1662 1663 1664 1665 1666 1667 1668 1669 1670 1671 1672 1673 1674 1675 1676 1677 1678 1679 1680 1681 1682 1683 1684 1685 1686 1687 1688 1689 1690 1691 1692 1693 1694 1695 1696 1697 1698 1699 1700 1701 1702 1703 1704 1705 1706 1707 1708 1709 1710 1711 1712 1713 1714 1715 1716 1717 1718 1719 1720 1721 1722 1723 1724 1725 1726 1727 1728 1729 1730 1731 1732 1733 1734 1735 1736 1737 1738 1739 1740 1741 1742 1743 1744 1745 1746 1747 1748 1749 1750 1751 1752 1753 1754 1755 1756 1757 1758 1759 1760 1761 1762 1763 1764 1765 1766 1767 1768 1769 1770 1771 1772 1773 1774 1775 1776 1777 1778 1779 1780 1781 1782 1783 1784 1785 1786 1787 1788 1789 1790 1791 1792 1793 1794 1795 1796 1797 1798 1799 1800 1801 1802 1803 1804 1805 1806 1807 1808 1809 1810 1811 1812 1813 1814 1815 1816 1817 1818 1819 1820 1821 1822 1823 1824 1825 1826 1827 1828 1829 1830 1831 1832 1833 1834 1835 1836 1837 1838 1839 1840 1841 1842 1843 1844 1845 1846 1847 1848 1849 1850 1851 1852 1853 1854 1855 1856 1857 1858 1859 1860 1861 1862 1863 1864 1865 1866 1867 1868 1869 1870 1871 1872 1873 1874 1875 1876 1877 1878 1879 1880 1881 1882 1883 1884 1885 1886 1887 1888 1889 1890 1891 1892 1893 1894 1895 1896 1897 1898 1899 1900 1901 1902 1903 1904 1905 1906 1907 1908 1909 1910 1911 1912 1913 1914 1915 1916 1917 1918 1919 1920 1921 1922 1923 1924 1925 1926 1927 1928 1929 1930 1931 1932 1933 1934 1935 1936 1937 1938 1939 1940 1941 1942 1943 1944 1945 1946 1947 1948 1949 1950 1951 1952 1953 1954 1955 1956 1957 1958 1959 1960 1961 1962 1963 1964 1965 1966 1967 1968 1969 1970 1971 1972 1973 1974 1975 1976 1977 1978 1979 1980 1981 1982 1983 1984 1985 1986 1987 1988 1989 1990 1991 1992 1993 1994 1995 1996 1997 1998 1999 2000 2001 2002 2003 2004 2005 2006 2007 2008 2009 2010 2011 2012 2013 2014 2015 2016 2017 2018 2019 2020 2021 2022 2023 2024 2025 2026 2027 2028 2029 2030 2031 2032 2033 2034 2035 2036 2037 2038 2039 2040 2041 2042 2043 2044 2045 2046 2047 2048 2049 2050 2051 2052 2053 2054 2055 2056 2057 2058 2059 2060 2061 2062 2063 2064 2065 2066 2067 2068 2069 2070 2071 2072 2073 2074 2075 2076 2077 2078 2079 2080 2081 2082 2083 2084 2085 2086 2087 2088 2089 2090 2091 2092 2093 2094 2095 2096 2097 2098 2099 2100 2101 2102 2103 2104 2105 2106 2107 2108 2109 2110 2111 2112 2113 2114 2115 2116 2117 2118 2119 2120 2121 2122 2123 2124 2125 2126 2127 2128 2129 2130 2131 2132 2133 2134 2135 2136 2137 2138 2139 2140 2141 2142 2143 2144 2145 2146 2147 2148 2149 2150 2151 2152 2153 2154 2155 2156 2157 2158 2159 2160 2161 2162 2163 2164 2165 2166 2167 2168 2169 2170 2171 2172 2173 2174 2175 2176 2177 2178 2179 2180 2181 2182 2183 2184 2185 2186 2187 2188 2189 2190 2191 2192 2193 2194 2195 2196 2197 2198 2199 2200 2201 2202 2203 2204 2205 2206 2207 2208 2209 2210 2211 2212 2213 2214 2215 2216 2217 2218 2219 2220 2221 2222 2223 2224 2225 2226 2227 2228 2229 2230 2231 2232 2233 2234 2235 2236 2237 2238 2239 2240 2241 2242 2243 2244 2245 2246 2247 2248 2249 2250 2251 2252 2253 2254 2255 2256 2257 2258 2259 2260 2261 2262 2263 2264 2265 2266 2267 2268 2269 2270 2271 2272 2273 2274 2275 2276 2277 2278 2279 2280 2281 2282 2283 2284 2285 2286 2287 2288 2289 2290 2291 2292 2293 2294 2295 2296 2297 2298 2299 2300 2301 2302 2303 2304 2305 2306 2307 2308 2309 2310 2311 2312 2313 2314 2315 2316 2317 2318 2319 2320 2321 2322 2323 2324 2325 2326 2327 2328 2329 2330 2331 2332 2333 2334 2335 2336 2337 2338 2339 2340 2341 2342 2343 2344 2345 2346 2347 2348 2349 2350 2351 2352 2353 2354 2355 2356 2357 2358 2359 2360 2361 2362 2363 2364 2365 2366 2367 2368 2369 2370 2371 2372 2373 2374 2375 2376 2377 2378 2379 2380 2381 2382 2383 2384 2385 2386 2387 2388 2389 2390 2391 2392 2393 2394 2395 2396 2397 2398 2399 2400 2401 2402 2403 2404 2405 2406 2407 2408 2409 2410 2411 2412 2413 2414 2415 2416 2417 2418 2419 2420 2421 2422 2423 2424 2425 2426 2427 2428 2429 2430 2431 2432 2433 2434 2435 2436 2437 2438 2439 2440 2441 2442 2443 2444 2445 2446 2447 2448 2449 2450 2451 2452 2453 2454 2455 2456 2457 2458 2459 2460 2461 2462 2463 2464 2465 2466 2467 2468 2469 2470 2471 2472 2473 2474 2475 2476 2477 2478 2479 2480 2481 2482 2483 2484 2485 2486 2487 2488 2489 2490 2491 2492 2493 2494 2495 2496 2497 2498 2499 2500 2501 2502 2503 2504 2505 2506 2507 2508 2509 2510 2511 2512 2513 2514 2515 2516 2517 2518 2519 2520 2521 2522 2523 2524 2525 2526 2527 2528 2529 2530 2531 2532 2533 2534 2535 2536 2537 2538 2539 2540 2541 2542 2543 2544 2545 2546 2547 2548 2549 2550 2551 2552 2553 2554 2555 2556 2557 2558 2559 2560 2561 2562 2563 2564 2565 2566 2567 2568 2569 2570 2571 2572 2573 2574 2575 2576 2577 2578 2579 2580 2581 2582 2583 2584 2585 2586 2587 2588 2589 2590 2591 2592 2593 2594 2595 2596 2597 2598 2599 2600 2601 2602 2603 2604 2605 2606 2607 2608 2609 2610 2611 2612 2613 2614 2615 2616 2617 2618 2619 2620 2621 2622 2623 2624 2625 2626 2627 2628 2629 2630 2631 2632 2633 2634 2635 2636 2637 2638 2639 2640 2641 2642 2643 2644 2645 2646 2647 2648 2649 2650 2651 2652 2653 2654 2655 2656 2657 2658 2659 2660 2661 2662 2663 2664 2665 2666 2667 2668 2669 2670 2671 2672 2673 2674 2675 2676 2677 2678 2679 2680 2681 2682 2683 2684 2685 2686 2687 2688 2689 2690 2691 2692 2693 2694 2695 2696 2697 2698 2699 2700 2701 2702 2703 2704 2705 2706 2707 2708 2709 2710 2711 2712 2713 2714 2715 2716 2717 2718 2719 2720 2721 2722 2723 2724 2725 2726 2727 2728 2729 2730 2731 2732 2733 2734 2735 2736 2737 2738 2739 2740 2741 2742 2743 2744 2745 2746 2747 2748 2749 2750 2751 2752 2753 2754 2755 2756 2757 2758 2759 2760 2761 2762 2763 2764 2765 2766 2767 2768 2769 2770 2771 2772 2773 2774 2775 2776 2777 2778 2779 2780 2781 2782 2783 2784 2785 2786 2787 2788 2789 2790 2791 2792 2793 2794 2795 2796 2797 2798 2799 2800 2801 2802 2803 2804 2805 2806 2807 2808 2809 2810 2811 2812 2813 2814 2815 2816 2817 2818 2819 2820 2821 2822 2823 2824 2825 2826 2827 2828 2829 2830 2831 2832 2833 2834 2835 2836 2837 2838 2839 2840 2841 2842 2843 2844 2845 2846 2847 2848 2849 2850 2851 2852 2853 2854 2855 2856 2857 2858 2859 2860 2861 2862 2863 2864 2865 2866 2867 2868 2869 2870 2871 2872 2873 2874 2875 2876 2877 2878 2879 2880 2881 2882 2883 2884 2885 2886 2887 2888 2889 2890 2891 2892 2893 2894 2895 2896 2897 2898 2899 2900 2901 2902 2903 2904 2905 2906 2907 2908 2909 2910 2911 2912 2913 2914 2915 2916 2917 2918 2919 2920 2921 2922 2923 2924 2925 2926 2927 2928 2929 2930 2931 2932 2933 2934 2935 2936 2937 2938 2939 2940 2941 2942 2943 2944 2945 2946 2947 2948 2949 2950 2951 2952 2953 2954 2955 2956 2957 2958 2959 2960 2961 2962 2963 2964 2965 2966 2967 2968 2969 2970 2971 2972 2973 2974 2975 2976 2977 2978 2979 2980 2981 2982 2983 2984 2985 2986 2987 2988 2989 2990 2991 2992 2993 2994 2995 2996 2997 2998 2999 3000 3001 3002 3003 3004 3005 3006 3007 3008 3009 3010 3011 3012 3013 3014 3015 3016 3017 3018 3019 3020 3021 3022 3023 3024 3025 3026 3027 3028 3029 3030 3031 3032 3033 3034 3035 3036 3037 3038 3039 3040 3041 3042 3043 3044 3045 3046 3047 3048 3049 3050 3051 3052 3053 3054 3055 3056 3057 3058 3059 3060 3061 3062 3063 3064 3065 3066 3067 3068 3069 3070 3071 3072 3073 3074 3075 3076 3077 3078 3079 3080 3081 3082 3083 3084 3085 3086 3087 3088 3089 3090 3091 3092 3093 3094 3095 3096 3097 3098 3099 3100 3101 3102 3103 3104 3105 3106 3107 3108 3109 3110 3111 3112 3113 3114 3115 3116 3117 3118 3119 3120 3121 3122 3123 3124 3125 3126 3127 3128 3129 3130 3131 3132 3133 3134 3135 3136 3137 3138 3139 3140 3141 3142 3143 3144 3145 3146 3147 3148 3149 3150 3151 3152 3153 3154 3155 3156 3157 3158 3159 3160 3161 3162 3163 3164 3165 3166 3167 3168 3169 3170 3171 3172 3173 3174 3175 3176 3177 3178 3179 3180 3181 3182 3183 3184 3185 3186 3187 3188 3189 3190 3191 3192 3193 3194 3195 3196 3197 3198 3199 3200 3201 3202 3203 3204 3205 3206 3207 3208 3209 3210 3211 3212 3213 3214 3215 3216 3217 3218 3219 3220 3221 3222 3223 3224 3225 3226 3227 3228 3229 3230 3231 3232 3233 3234 3235 3236 3237 3238 3239 3240 3241 3242 3243 3244 3245 3246 3247 3248 3249 3250 3251 3252 3253 3254 3255 3256 3257 3258 3259 3260 3261 3262 3263 3264 3265 3266 3267 3268 3269 3270 3271 3272 3273 3274 3275 3276 3277 3278 3279 3280 3281 3282 3283 3284 3285 3286 3287 3288 3289 3290 3291 3292 3293 3294 3295 3296 3297 3298 3299 3300 3301 3302 3303 3304 3305 3306 3307 3308 3309 3310 3311 3312 3313 3314 3315 3316 3317 3318 3319 3320 3321 3322 3323 3324 3325 3326 3327 3328 3329 3330 3331 3332 3333 3334 3335 3336 3337 3338 3339 3340 3341 3342 3343 3344 3345 3346 3347 3348 3349 3350 3351 3352 3353 3354 3355 3356 3357 3358 3359 3360 3361 3362 3363 3364 3365 3366 3367 3368 3369 3370 3371 3372 3373 3374 3375 3376 3377 3378 3379 3380 3381 3382 3383 3384 3385 3386 3387 3388 3389 3390 3391 3392 3393 3394 3395 3396 3397 3398 3399 3400 3401 3402 3403 3404 3405 3406 3407 3408 3409 3410 3411 3412 3413 3414 3415 3416 3417 3418 3419 3420 3421 3422 3423 3424 3425 3426 3427 3428 3429 3430 3431 3432 3433 3434 3435 3436 3437 3438 3439 3440 3441 3442 3443 3444 3445 3446 3447 3448 3449 3450 3451 3452 3453 3454 3455 </p>
        </polylist>
      </mesh>
    </geometry>
  </library_geometries>
  <library_controllers>
  </library_controllers>
  <library_visual_scenes>
    <visual_scene id="_ySTL_BINARY_" name="&lt;STL_BINARY&gt;">
      <node id="node" name="" type="NODE">
        <matrix sid="matrix">1 0 0 0 0 1 0 0 0 0 1 0 0 0 0 1</matrix>
        <instance_geometry url="#mesh_0">
          <bind_material>
            <technique_common>
              <instance_material symbol="defaultMaterial" target="#DefaultMaterial">
              </instance_material>
            </technique_common>
          </bind_material>
        </instance_geometry>
      </node>
    </visual_scene>
  </library_visual_scenes>
  <scene>
    <instance_visual_scene url="#_ySTL_BINARY_" />
  </scene>
</COLLADA>
