<?xml version="1.0" encoding="UTF-8" standalone="no" ?>
<COLLADA xmlns="http://www.collada.org/2005/11/COLLADASchema" version="1.4.1">
  <asset>
    <contributor>
      <author>Assimp</author>
      <authoring_tool>Assimp Exporter</authoring_tool>
    </contributor>
    <created>2025-12-07T16:35:00</created>
    <modified>2025-12-07T16:35:00</modified>
    <unit name="meter" meter="1" />
    <up_axis>Y_UP</up_axis>
  </asset>
  <library_images>
  </library_images>
  <library_effects>
    <effect id="DefaultMaterial-fx" name="DefaultMaterial">
      <profile_COMMON>
        <technique sid="standard">
          <phong>
            <ambient>
              <color sid="ambient">0.0500000007   0.0500000007   0.0500000007   1</color>
            </ambient>
            <diffuse>
              <color sid="diffuse">1   1   1   1</color>
            </diffuse>
            <specular>
              <color sid="specular">1   1   1   1</color>
            </specular>
          </phong>
        </technique>
      </profile_COMMON>
    </effect>
  </library_effects>
  <library_materials>
    <material id="DefaultMaterial" name="DefaultMaterial">
      <instance_effect url="#DefaultMaterial-fx"/>
    </material>
  </library_materials>
  <library_geometries>
    <geometry id="mesh_0" name="" >
      <mesh>
        <source id="mesh_0-positions" name="mesh_0-positions">
          <float_array id="mesh_0-positions-array" count="6516"> 0.00344764325 -0.0281697363 -0.0118193794 0.00342955883 -0.0281753689 -0.0117705492 -0.000364963402 -0.0160998739 -0.0117705492 -0.000432342698 -0.0161210466 -0.0114519689 -0.000418763637 -0.0161167793 -0.0115600843 0.00337571464 -0.0281921346 -0.0115600843 0.00337571464 -0.0281921346 -0.0115600843 0.00337211951 -0.028193254 -0.0115375239 -0.000432342698 -0.0161210466 -0.0114519689 0.00337211951 -0.028193254 -0.0115375239 0.00336212455 -0.0281963665 -0.0114519689 -0.000432342698 -0.0161210466 -0.0114519689 -0.000432342698 -0.0161210466 -0.0114519689 0.00336212455 -0.0281963665 -0.0114519689 -0.000436880538 -0.0161224734 -0.0113430237 0.00336212455 -0.0281963665 -0.0114519689 0.00336121861 -0.0281966478 -0.0114405183 -0.000436880538 -0.0161224734 -0.0113430237 -0.000436880538 -0.0161224734 -0.0113430237 0.00336121861 -0.0281966478 -0.0114405183 0.00335758296 -0.0281977803 -0.0113430237 -0.000364963402 -0.0160998739 -0.0117705492 0.00342955883 -0.0281753689 -0.0117705492 -0.00039624676 -0.016109705 -0.0116665475 0.00342955883 -0.0281753689 -0.0117705492 0.00341545464 -0.0281797592 -0.0117275445 -0.00039624676 -0.016109705 -0.0116665475 0.00341545464 -0.0281797592 -0.0117275445 0.00339824986 -0.028185118 -0.0116665475 -0.00039624676 -0.016109705 -0.0116665475 -0.00039624676 -0.016109705 -0.0116665475 0.00339824986 -0.028185118 -0.0116665475 -0.000418763637 -0.0161167793 -0.0115600843 0.00339824986 -0.028185118 -0.0116665475 0.0033902314 -0.0281876139 -0.011633398 -0.000418763637 -0.0161167793 -0.0115600843 -0.000418763637 -0.0161167793 -0.0115600843 0.0033902314 -0.0281876139 -0.011633398 0.00337571464 -0.0281921346 -0.0115600843 0.00344764325 -0.0281697363 -0.0118193794 -0.000364963402 -0.0160998739 -0.0117705492 0.00346940313 -0.0281629618 -0.0118712969 -0.000364963402 -0.0160998739 -0.0117705492 -0.000325151632 -0.0160873644 -0.0118712969 0.00346940313 -0.0281629618 -0.0118712969 0.00346940313 -0.0281629618 -0.0118712969 -0.000325151632 -0.0160873644 -0.0118712969 0.00348660699 -0.0281576049 -0.0119083319 -0.000325151632 -0.0160873644 -0.0118712969 -0.000277114508 -0.0160722695 -0.0119680241 0.00348660699 -0.0281576049 -0.0119083319 0.00348660699 -0.0281576049 -0.0119083319 -0.000277114508 -0.0160722695 -0.0119680241 0.00351747964 -0.0281479917 -0.0119680241 0.00351747964 -0.0281479917 -0.0119680241 -0.000277114508 -0.0160722695 -0.0119680241 0.00353765232 -0.0281417109 -0.0120032681 -0.000277114508 -0.0160722695 -0.0119680241 -0.000221217546 -0.0160547048 -0.012059995 0.00353765232 -0.0281417109 -0.0120032681 0.00353765232 -0.0281417109 -0.0120032681 -0.000221217546 -0.0160547048 -0.012059995 0.00357342232 -0.0281305723 -0.012059995 -0.000157886199 -0.0160348043 -0.0121465083 0.00363680534 -0.0281108357 -0.0121465083 0.00359630003 -0.0281234495 -0.0120930523 -0.000157886199 -0.0160348043 -0.0121465083 0.00359630003 -0.0281234495 -0.0120930523 -0.000221217546 -0.0160547048 -0.012059995 0.00359630003 -0.0281234495 -0.0120930523 0.00359627325 -0.028123457 -0.012093015 -0.000221217546 -0.0160547048 -0.012059995 -0.000221217546 -0.0160547048 -0.012059995 0.00359627325 -0.028123457 -0.012093015 0.00357342232 -0.0281305723 -0.012059995 0.00363680534 -0.0281108357 -0.0121465083 -0.000157886199 -0.0160348043 -0.0121465083 0.00366014591 -0.0281035695 -0.012174773 -0.000157886199 -0.0160348043 -0.0121465083 -8.76024496e-05 -0.0160127189 -0.0122269075 0.00366014591 -0.0281035695 -0.012174773 0.00366014591 -0.0281035695 -0.012174773 -8.76024496e-05 -0.0160127189 -0.0122269075 0.0037071465 -0.0280889329 -0.0122269075 0.0037071465 -0.0280889329 -0.0122269075 -8.76024496e-05 -0.0160127189 -0.0122269075 0.00373176183 -0.0280812699 -0.0122519573 -8.76024496e-05 -0.0160127189 -0.0122269075 -1.09011899e-05 -0.0159886163 -0.0123005798 0.00373176183 -0.0280812699 -0.0122519573 0.00373176183 -0.0280812699 -0.0122519573 -1.09011899e-05 -0.0159886163 -0.0123005798 0.00378391054 -0.0280650314 -0.0123005798 0.00378391054 -0.0280650314 -0.0123005798 -1.09011899e-05 -0.0159886163 -0.0123005798 0.00380913075 -0.0280571785 -0.0123221371 -1.09011899e-05 -0.0159886163 -0.0123005798 7.16338254e-05 -0.0159626808 -0.0123669645 0.00380913075 -0.0280571785 -0.0123221371 0.00380913075 -0.0280571785 -0.0123221371 7.16338254e-05 -0.0159626808 -0.0123669645 0.00386651303 -0.0280393101 -0.0123669645 0.00386651303 -0.0280393101 -0.0123669645 7.16338254e-05 -0.0159626808 -0.0123669645 0.00389158679 -0.0280315038 -0.0123848589 7.16338254e-05 -0.0159626808 -0.0123669645 0.000159374467 -0.0159351099 -0.0124255558 0.00389158679 -0.0280315038 -0.0123848589 0.00389158679 -0.0280315038 -0.0123848589 0.000159374467 -0.0159351099 -0.0124255558 0.00395432534 -0.0280119684 -0.0124255558 0.00395432534 -0.0280119684 -0.0124255558 0.000159374467 -0.0159351099 -0.0124255558 0.00397847919 -0.028004447 -0.0124397725 0.000159374467 -0.0159351099 -0.0124255558 0.000251652964 -0.0159061123 -0.0124759087 0.00397847919 -0.028004447 -0.0124397725 0.00397847919 -0.028004447 -0.0124397725 0.000251652964 -0.0159061123 -0.0124759087 0.00404667947 -0.027983211 -0.0124759087 0.00404667947 -0.027983211 -0.0124759087 0.000251652964 -0.0159061123 -0.0124759087 0.00406914018 -0.0279762167 -0.0124865836 0.000251652964 -0.0159061123 -0.0124759087 0.000347767025 -0.0158759113 -0.0125176394 0.00406914018 -0.0279762167 -0.0124865836 0.00406914018 -0.0279762167 -0.0124865836 0.000347767025 -0.0158759113 -0.0125176394 0.00414287206 -0.0279532596 -0.0125176394 0.000446985185 -0.0158447325 -0.0125504313 0.00424217107 -0.0279223397 -0.0125504313 0.000347767025 -0.0158759113 -0.0125176394 0.00424217107 -0.0279223397 -0.0125504313 0.00416288851 -0.0279470254 -0.0125250593 0.000347767025 -0.0158759113 -0.0125176394 0.000347767025 -0.0158759113 -0.0125176394 0.00416288851 -0.0279470254 -0.0125250593 0.00414287206 -0.0279532596 -0.0125176394 0.000548552314 -0.015812818 -0.0125740338 0.000651695358 -0.0157804061 -0.0125882672 0.004447049 -0.0278585441 -0.0125882672 0.004447049 -0.0278585441 -0.0125882672 0.00435687788 -0.0278866217 -0.0125763668 0.000548552314 -0.015812818 -0.0125740338 0.00435687788 -0.0278866217 -0.0125763668 0.0043438212 -0.0278906878 -0.0125740338 0.000548552314 -0.015812818 -0.0125740338 0.000548552314 -0.015812818 -0.0125740338 0.0043438212 -0.0278906878 -0.0125740338 0.000446985185 -0.0158447325 -0.0125504313 0.0043438212 -0.0278906878 -0.0125740338 0.00425903266 -0.0279170889 -0.0125550255 0.000446985185 -0.0158447325 -0.0125504313 0.000446985185 -0.0158447325 -0.0125504313 0.00425903266 -0.0279170889 -0.0125550255 0.00424217107 -0.0279223397 -0.0125504313 0.000859563588 -0.0157150868 -0.0125882672 0.00464987522 -0.0277953893 -0.0125887329 0.000755629502 -0.0157477465 -0.0125930244 0.00464987522 -0.0277953893 -0.0125887329 0.00455106795 -0.0278261565 -0.0125930244 0.000755629502 -0.0157477465 -0.0125930244 0.000755629502 -0.0157477465 -0.0125930244 0.00455106795 -0.0278261565 -0.0125930244 0.000651695358 -0.0157804061 -0.0125882672 0.00455106795 -0.0278261565 -0.0125930244 0.00445572753 -0.0278558433 -0.012589029 0.000651695358 -0.0157804061 -0.0125882672 0.000651695358 -0.0157804061 -0.0125882672 0.00445572753 -0.0278558433 -0.012589029 0.004447049 -0.0278585441 -0.0125882672 0.00096270669 -0.0156826768 -0.0125740338 0.00474768179 -0.027764935 -0.0125759458 0.000859563588 -0.0157150868 -0.0125882672 0.00474768179 -0.027764935 -0.0125759458 0.0046550869 -0.0277937669 -0.0125882672 0.000859563588 -0.0157150868 -0.0125882672 0.000859563588 -0.0157150868 -0.0125882672 0.0046550869 -0.0277937669 -0.0125882672 0.00464987522 -0.0277953893 -0.0125887329 0.00106427376 -0.0156507604 -0.0125504313 0.00484382082 -0.0277349986 -0.0125548355 0.00096270669 -0.0156826768 -0.0125740338 0.00484382082 -0.0277349986 -0.0125548355 0.00475831423 -0.0277616233 -0.0125740338 0.00096270669 -0.0156826768 -0.0125740338 0.00096270669 -0.0156826768 -0.0125740338 0.00475831423 -0.0277616233 -0.0125740338 0.00474768179 -0.027764935 -0.0125759458 0.00116349198 -0.0156195825 -0.0125176394 0.00493766088 -0.0277057793 -0.0125256302 0.00106427376 -0.0156507604 -0.0125504313 0.00493766088 -0.0277057793 -0.0125256302 0.00485996436 -0.0277299732 -0.0125504313 0.00106427376 -0.0156507604 -0.0125504313 0.00106427376 -0.0156507604 -0.0125504313 0.00485996436 -0.0277299732 -0.0125504313 0.00484382082 -0.0277349986 -0.0125548355 0.00125960598 -0.0155893806 -0.0124759087 0.00502859475 -0.0276774652 -0.0124886073 0.00116349198 -0.0156195825 -0.0125176394 0.00502859475 -0.0276774652 -0.0124886073 0.00495926384 -0.0276990533 -0.0125176394 0.00116349198 -0.0156195825 -0.0125176394 0.00116349198 -0.0156195825 -0.0125176394 0.00495926384 -0.0276990533 -0.0125176394 0.00493766088 -0.0277057793 -0.0125256302 0.00135188445 -0.0155603839 -0.0124255558 0.00511604408 -0.0276502352 -0.0124440948 0.00125960598 -0.0155893806 -0.0124759087 0.00511604408 -0.0276502352 -0.0124440948 0.00505545642 -0.0276691001 -0.0124759087 0.00125960598 -0.0155893806 -0.0124759087 0.00125960598 -0.0155893806 -0.0124759087 0.00505545642 -0.0276691001 -0.0124759087 0.00502859475 -0.0276774652 -0.0124886073 0.00143962516 -0.0155328121 -0.0123669645 0.00519946357 -0.0276242606 -0.0123924641 0.00135188445 -0.0155603839 -0.0124255558 0.00519946357 -0.0276242606 -0.0123924641 0.00514781009 -0.0276403446 -0.0124255558 0.00135188445 -0.0155603839 -0.0124255558 0.00135188445 -0.0155603839 -0.0124255558 0.00514781009 -0.0276403446 -0.0124255558 0.00511604408 -0.0276502352 -0.0124440948 0.00152216014 -0.0155068776 -0.0123005798 0.00527834194 -0.0275996998 -0.0123341316 0.00143962516 -0.0155328121 -0.0123669645 0.00527834194 -0.0275996998 -0.0123341316 0.00523562264 -0.0276130009 -0.0123669645 0.00143962516 -0.0155328121 -0.0123669645 0.00143962516 -0.0155328121 -0.0123669645 0.00523562264 -0.0276130009 -0.0123669645 0.00519946357 -0.0276242606 -0.0123924641 0.00159886142 -0.0154827749 -0.0122269075 0.00535220793 -0.0275766999 -0.01226955 0.00152216014 -0.0155068776 -0.0123005798 0.00535220793 -0.0275766999 -0.01226955 0.0053182249 -0.0275872797 -0.0123005798 0.00152216014 -0.0155068776 -0.0123005798 0.00152216014 -0.0155068776 -0.0123005798 0.0053182249 -0.0275872797 -0.0123005798 0.00527834194 -0.0275996998 -0.0123341316 0.00166914519 -0.0154606896 -0.0121465083 0.0054206308 -0.0275553931 -0.0121992091 0.00159886142 -0.0154827749 -0.0122269075 0.0054206308 -0.0275553931 -0.0121992091 0.00539498916 -0.0275633782 -0.0122269075 0.00159886142 -0.0154827749 -0.0122269075 0.00159886142 -0.0154827749 -0.0122269075 0.00539498916 -0.0275633782 -0.0122269075 0.00535220793 -0.0275766999 -0.01226955 0.00173247652 -0.0154407891 -0.012059995 0.00548322359 -0.0275359042 -0.0121236304 0.00166914519 -0.0154606896 -0.0121465083 0.00548322359 -0.0275359042 -0.0121236304 0.00546533009 -0.0275414754 -0.0121465083 0.00166914519 -0.0154606896 -0.0121465083 0.00166914519 -0.0154606896 -0.0121465083 0.00546533009 -0.0275414754 -0.0121465083 0.0054206308 -0.0275553931 -0.0121992091 0.00178837345 -0.0154232243 -0.0119680241 0.0055414089 -0.0275177862 -0.0120406197 0.00173247652 -0.0154407891 -0.012059995 0.0055414089 -0.0275177862 -0.0120406197 0.00552871358 -0.0275217388 -0.012059995 0.00173247652 -0.0154407891 -0.012059995 0.00173247652 -0.0154407891 -0.012059995 0.00552871358 -0.0275217388 -0.012059995 0.00548322359 -0.0275359042 -0.0121236304 0.00563413789 -0.0274889134 -0.0118681286 0.00563273253 -0.0274893492 -0.0118712969 0.00183641061 -0.0154081294 -0.0118712969 0.00563273253 -0.0274893492 -0.0118712969 0.00559111731 -0.0275023077 -0.0119561534 0.00183641061 -0.0154081294 -0.0118712969 0.00183641061 -0.0154081294 -0.0118712969 0.00559111731 -0.0275023077 -0.0119561534 0.00178837345 -0.0154232243 -0.0119680241 0.00559111731 -0.0275023077 -0.0119561534 0.00558465626 -0.0275043193 -0.0119680241 0.00178837345 -0.0154232243 -0.0119680241 0.00178837345 -0.0154232243 -0.0119680241 0.00558465626 -0.0275043193 -0.0119680241 0.0055414089 -0.0275177862 -0.0120406197 0.00563413789 -0.0274889134 -0.0118681286 0.00183641061 -0.0154081294 -0.0118712969 0.00567024527 -0.0274776686 -0.0117771998 0.00183641061 -0.0154081294 -0.0118712969 0.00187622232 -0.015395619 -0.0117705492 0.00567024527 -0.0274776686 -0.0117771998 0.00567024527 -0.0274776686 -0.0117771998 0.00187622232 -0.015395619 -0.0117705492 0.00567257684 -0.027476944 -0.0117705492 0.00567257684 -0.027476944 -0.0117705492 0.00187622232 -0.015395619 -0.0117705492 0.00569929602 -0.0274686236 -0.0116839819 0.00187622232 -0.015395619 -0.0117705492 0.00190750568 -0.0153857889 -0.0116665475 0.00569929602 -0.0274686236 -0.0116839819 0.00569929602 -0.0274686236 -0.0116839819 0.00190750568 -0.0153857889 -0.0116665475 0.00570388557 -0.0274671949 -0.0116665475 0.00570388557 -0.0274671949 -0.0116665475 0.00190750568 -0.0153857889 -0.0116665475 0.00572119933 -0.0274618044 -0.0115890931 0.00190750568 -0.0153857889 -0.0116665475 0.00193002261 -0.0153787136 -0.0115600843 0.00572119933 -0.0274618044 -0.0115890931 0.00572119933 -0.0274618044 -0.0115890931 0.00193002261 -0.0153787136 -0.0115600843 0.00572642079 -0.0274601784 -0.0115600843 0.00572642079 -0.0274601784 -0.0115600843 0.00193002261 -0.0153787136 -0.0115600843 0.00573591329 -0.0274572223 -0.0114931567 0.00193002261 -0.0153787136 -0.0115600843 0.00194360164 -0.0153744463 -0.0114519689 0.00573591329 -0.0274572223 -0.0114931567 0.00573591329 -0.0274572223 -0.0114931567 0.00194360164 -0.0153744463 -0.0114519689 0.00574001111 -0.0274559464 -0.0114519689 0.00574001111 -0.0274559464 -0.0114519689 0.00194360164 -0.0153744463 -0.0114519689 0.00574344816 -0.0274548754 -0.011396789 0.00194360164 -0.0153744463 -0.0114519689 0.00194813951 -0.0153730204 -0.0113430237 0.00574344816 -0.0274548754 -0.011396789 0.00574344816 -0.0274548754 -0.011396789 0.00194813951 -0.0153730204 -0.0113430237 0.00574455271 -0.0274545327 -0.0113430237 -0.00072705152 -0.013697952 -0.0113430237 -7.57693715e-06 -0.0159875713 -0.0113430237 -4.67270638e-06 -0.0159866586 -0.0112732993 -0.00072705152 -0.013697952 -0.0113430237 -4.67270638e-06 -0.0159866586 -0.0112732993 -0.000724147307 -0.0136970393 -0.0112732993 -4.67270638e-06 -0.0159866586 -0.0112732993 4.01788338e-06 -0.015983928 -0.0112041058 -0.000724147307 -0.0136970393 -0.0112732993 -0.000724147307 -0.0136970393 -0.0112732993 4.01788338e-06 -0.015983928 -0.0112041058 -0.000715456728 -0.0136943087 -0.0112041058 4.01788338e-06 -0.015983928 -0.0112041058 1.8428691e-05 -0.0159793999 -0.0111359684 -0.000715456728 -0.0136943087 -0.0112041058 -0.000715456728 -0.0136943087 -0.0112041058 1.8428691e-05 -0.0159793999 -0.0111359684 -0.000701045908 -0.0136897806 -0.0111359684 1.8428691e-05 -0.0159793999 -0.0111359684 3.84500418e-05 -0.0159731079 -0.0110694077 -0.000701045908 -0.0136897806 -0.0111359684 -0.000701045908 -0.0136897806 -0.0111359684 3.84500418e-05 -0.0159731079 -0.0110694077 -0.000681024569 -0.0136834886 -0.0110694077 3.84500418e-05 -0.0159731079 -0.0110694077 6.39295613e-05 -0.0159651022 -0.0110049294 -0.000681024569 -0.0136834886 -0.0110694077 -0.000681024569 -0.0136834886 -0.0110694077 6.39295613e-05 -0.0159651022 -0.0110049294 -0.000655545038 -0.0136754829 -0.0110049294 6.39295613e-05 -0.0159651022 -0.0110049294 9.46733344e-05 -0.0159554407 -0.0109430244 -0.000655545038 -0.0136754829 -0.0110049294 -0.000655545038 -0.0136754829 -0.0110049294 9.46733344e-05 -0.0159554407 -0.0109430244 -0.000624801265 -0.0136658214 -0.0109430244 9.46733344e-05 -0.0159554407 -0.0109430244 0.000130447384 -0.0159441996 -0.010884163 -0.000624801265 -0.0136658214 -0.0109430244 -0.000624801265 -0.0136658214 -0.0109430244 0.000130447384 -0.0159441996 -0.010884163 -0.000589027244 -0.0136545803 -0.010884163 0.000130447384 -0.0159441996 -0.010884163 0.000170979445 -0.0159314629 -0.010828794 -0.000589027244 -0.0136545803 -0.010884163 -0.000589027244 -0.0136545803 -0.010884163 0.000170979445 -0.0159314629 -0.010828794 -0.000548495154 -0.0136418436 -0.010828794 0.000170979445 -0.0159314629 -0.010828794 0.000215961045 -0.0159173291 -0.0107773384 -0.000548495154 -0.0136418436 -0.010828794 -0.000548495154 -0.0136418436 -0.010828794 0.000215961045 -0.0159173291 -0.0107773384 -0.000503513555 -0.0136277089 -0.0107773384 0.000215961045 -0.0159173291 -0.0107773384 0.000265049865 -0.0159019027 -0.0107301883 -0.000503513555 -0.0136277089 -0.0107773384 -0.000503513555 -0.0136277089 -0.0107773384 0.000265049865 -0.0159019027 -0.0107301883 -0.000454424764 -0.0136122834 -0.0107301883 0.000265049865 -0.0159019027 -0.0107301883 0.000317872269 -0.0158853047 -0.0106877023 -0.000454424764 -0.0136122834 -0.0107301883 -0.000454424764 -0.0136122834 -0.0107301883 0.000317872269 -0.0158853047 -0.0106877023 -0.00040160233 -0.0135956854 -0.0106877023 0.000317872269 -0.0158853047 -0.0106877023 0.000374026276 -0.0158676598 -0.0106502036 -0.00040160233 -0.0135956854 -0.0106877023 -0.00040160233 -0.0135956854 -0.0106877023 0.000374026276 -0.0158676598 -0.0106502036 -0.000345448323 -0.0135780396 -0.0106502036 0.000374026276 -0.0158676598 -0.0106502036 0.000433084497 -0.0158491004 -0.0106179779 -0.000345448323 -0.0135780396 -0.0106502036 -0.000345448323 -0.0135780396 -0.0106502036 0.000433084497 -0.0158491004 -0.0106179779 -0.000286390103 -0.0135594821 -0.0106179779 0.000433084497 -0.0158491004 -0.0106179779 0.000494597538 -0.0158297718 -0.0105912695 -0.000286390103 -0.0135594821 -0.0106179779 -0.000286390103 -0.0135594821 -0.0106179779 0.000494597538 -0.0158297718 -0.0105912695 -0.000224877091 -0.0135401525 -0.0105912695 0.000494597538 -0.0158297718 -0.0105912695 0.000558097148 -0.0158098172 -0.010570283 -0.000224877091 -0.0135401525 -0.0105912695 -0.000224877091 -0.0135401525 -0.0105912695 0.000558097148 -0.0158098172 -0.010570283 -0.00016137748 -0.0135201989 -0.010570283 0.000558097148 -0.0158098172 -0.010570283 0.000623100088 -0.0157893915 -0.0105551779 -0.00016137748 -0.0135201989 -0.010570283 -0.00016137748 -0.0135201989 -0.010570283 0.000623100088 -0.0157893915 -0.0105551779 -9.63745333e-05 -0.0134997722 -0.0105551779 0.000623100088 -0.0157893915 -0.0105551779 0.00068911165 -0.0157686491 -0.0105460687 -9.63745333e-05 -0.0134997722 -0.0105551779 -9.63745333e-05 -0.0134997722 -0.0105551779 0.00068911165 -0.0157686491 -0.0105460687 -3.03629495e-05 -0.0134790298 -0.0105460687 0.00068911165 -0.0157686491 -0.0105460687 0.000755629502 -0.0157477465 -0.0105430242 -3.03629495e-05 -0.0134790298 -0.0105460687 -3.03629495e-05 -0.0134790298 -0.0105460687 0.000755629502 -0.0157477465 -0.0105430242 3.61548737e-05 -0.0134581272 -0.0105430242 0.000755629502 -0.0157477465 -0.0105430242 0.000822147296 -0.0157268438 -0.0105460687 3.61548737e-05 -0.0134581272 -0.0105430242 3.61548737e-05 -0.0134581272 -0.0105430242 0.000822147296 -0.0157268438 -0.0105460687 0.000102672697 -0.0134372255 -0.0105460687 0.000822147296 -0.0157268438 -0.0105460687 0.000888158858 -0.0157061014 -0.0105551779 0.000102672697 -0.0134372255 -0.0105460687 0.000102672697 -0.0134372255 -0.0105460687 0.000888158858 -0.0157061014 -0.0105551779 0.000168684273 -0.0134164821 -0.0105551779 0.000888158858 -0.0157061014 -0.0105551779 0.000953161856 -0.0156856757 -0.010570283 0.000168684273 -0.0134164821 -0.0105551779 0.000168684273 -0.0134164821 -0.0105551779 0.000953161856 -0.0156856757 -0.010570283 0.000233687228 -0.0133960564 -0.010570283 0.000953161856 -0.0156856757 -0.010570283 0.00101666141 -0.0156657211 -0.0105912695 0.000233687228 -0.0133960564 -0.010570283 0.000233687228 -0.0133960564 -0.010570283 0.00101666141 -0.0156657211 -0.0105912695 0.000297186838 -0.0133761028 -0.0105912695 0.00101666141 -0.0156657211 -0.0105912695 0.00107817445 -0.0156463925 -0.0106179779 0.000297186838 -0.0133761028 -0.0105912695 0.000297186838 -0.0133761028 -0.0105912695 0.00107817445 -0.0156463925 -0.0106179779 0.00035869985 -0.0133567732 -0.0106179779 0.00107817445 -0.0156463925 -0.0106179779 0.00113723264 -0.0156278349 -0.0106502036 0.00035869985 -0.0133567732 -0.0106179779 0.00035869985 -0.0133567732 -0.0106179779 0.00113723264 -0.0156278349 -0.0106502036 0.00041775807 -0.0133382147 -0.0106502036 0.00113723264 -0.0156278349 -0.0106502036 0.00119338674 -0.0156101892 -0.0106877023 0.00041775807 -0.0133382147 -0.0106502036 0.00041775807 -0.0133382147 -0.0106502036 0.00119338674 -0.0156101892 -0.0106877023 0.000473912078 -0.0133205699 -0.0106877023 0.00119338674 -0.0156101892 -0.0106877023 0.00124620914 -0.0155935902 -0.0107301883 0.000473912078 -0.0133205699 -0.0106877023 0.000473912078 -0.0133205699 -0.0106877023 0.00124620914 -0.0155935902 -0.0107301883 0.000526734511 -0.0133039709 -0.0107301883 0.00124620914 -0.0155935902 -0.0107301883 0.00129529787 -0.0155781647 -0.0107773384 0.000526734511 -0.0133039709 -0.0107301883 0.000526734511 -0.0133039709 -0.0107301883 0.00129529787 -0.0155781647 -0.0107773384 0.000575823302 -0.0132885454 -0.0107773384 0.00129529787 -0.0155781647 -0.0107773384 0.00134027947 -0.01556403 -0.010828794 0.000575823302 -0.0132885454 -0.0107773384 0.000575823302 -0.0132885454 -0.0107773384 0.00134027947 -0.01556403 -0.010828794 0.000620804902 -0.0132744107 -0.010828794 0.00134027947 -0.01556403 -0.010828794 0.00138081156 -0.0155512933 -0.010884163 0.000620804902 -0.0132744107 -0.010828794 0.000620804902 -0.0132744107 -0.010828794 0.00138081156 -0.0155512933 -0.010884163 0.000661336991 -0.013261674 -0.010884163 0.00138081156 -0.0155512933 -0.010884163 0.00141658564 -0.0155400522 -0.0109430244 0.000661336991 -0.013261674 -0.010884163 0.000661336991 -0.013261674 -0.010884163 0.00141658564 -0.0155400522 -0.0109430244 0.000697111012 -0.0132504329 -0.0109430244 0.00141658564 -0.0155400522 -0.0109430244 0.00144732941 -0.0155303916 -0.0110049294 0.000697111012 -0.0132504329 -0.0109430244 0.000697111012 -0.0132504329 -0.0109430244 0.00144732941 -0.0155303916 -0.0110049294 0.000727854786 -0.0132407723 -0.0110049294 0.00144732941 -0.0155303916 -0.0110049294 0.00147280889 -0.015522385 -0.0110694077 0.000727854786 -0.0132407723 -0.0110049294 0.000727854786 -0.0132407723 -0.0110049294 0.00147280889 -0.015522385 -0.0110694077 0.000753334316 -0.0132327657 -0.0110694077 0.00147280889 -0.015522385 -0.0110694077 0.00149283023 -0.0155160939 -0.0111359684 0.000753334316 -0.0132327657 -0.0110694077 0.000753334316 -0.0132327657 -0.0110694077 0.00149283023 -0.0155160939 -0.0111359684 0.000773355656 -0.0132264746 -0.0111359684 0.00149283023 -0.0155160939 -0.0111359684 0.00150724105 -0.0155115649 -0.0112041058 0.000773355656 -0.0132264746 -0.0111359684 0.000773355656 -0.0132264746 -0.0111359684 0.00150724105 -0.0155115649 -0.0112041058 0.000787766476 -0.0132219456 -0.0112041058 0.00150724105 -0.0155115649 -0.0112041058 0.00151593168 -0.0155088343 -0.0112732993 0.000787766476 -0.0132219456 -0.0112041058 0.000787766476 -0.0132219456 -0.0112041058 0.00151593168 -0.0155088343 -0.0112732993 0.000796457054 -0.013219215 -0.0112732993 0.00151593168 -0.0155088343 -0.0112732993 0.0015188359 -0.0155079216 -0.0113430237 0.000796457054 -0.013219215 -0.0112732993 0.000796457054 -0.013219215 -0.0112732993 0.0015188359 -0.0155079216 -0.0113430237 0.000799361267 -0.0132183023 -0.0113430237 0.00359630003 -0.0281234495 -0.0120930523 0.00550586265 -0.0275288541 -0.0105930334 0.00359627325 -0.028123457 -0.012093015 0.00550586265 -0.0275288541 -0.0105930334 0.00550583564 -0.0275288634 -0.0105929961 0.00359627325 -0.028123457 -0.012093015 0.00569929602 -0.0274686236 -0.0116839819 0.00570388557 -0.0274671949 -0.0116665475 0.00359630003 -0.0281234495 -0.0120930523 0.00570388557 -0.0274671949 -0.0116665475 0.00572119933 -0.0274618044 -0.0115890931 0.00359630003 -0.0281234495 -0.0120930523 0.00359630003 -0.0281234495 -0.0120930523 0.00572119933 -0.0274618044 -0.0115890931 0.00572642079 -0.0274601784 -0.0115600843 0.00572642079 -0.0274601784 -0.0115600843 0.00573591329 -0.0274572223 -0.0114931567 0.00359630003 -0.0281234495 -0.0120930523 0.00573591329 -0.0274572223 -0.0114931567 0.00574001111 -0.0274559464 -0.0114519689 0.00359630003 -0.0281234495 -0.0120930523 0.00359630003 -0.0281234495 -0.0120930523 0.00574001111 -0.0274559464 -0.0114519689 0.00574344816 -0.0274548754 -0.011396789 0.00359630003 -0.0281234495 -0.0120930523 0.00574001111 -0.0274559464 -0.0112340795 0.00573001616 -0.0274590589 -0.0111485245 0.00340283941 -0.0281836875 -0.0110020665 0.00339824986 -0.028185118 -0.0110195 0.00550583564 -0.0275288634 -0.0105929961 0.00339824986 -0.028185118 -0.0110195 0.00338093634 -0.0281905085 -0.0110969543 0.00550583564 -0.0275288634 -0.0105929961 0.00550583564 -0.0275288634 -0.0105929961 0.00338093634 -0.0281905085 -0.0110969543 0.00337571464 -0.0281921346 -0.0111259641 0.00337571464 -0.0281921346 -0.0111259641 0.00336622237 -0.0281950906 -0.0111928917 0.00550583564 -0.0275288634 -0.0105929961 0.00336622237 -0.0281950906 -0.0111928917 0.00336212455 -0.0281963665 -0.0112340795 0.00550583564 -0.0275288634 -0.0105929961 0.00550583564 -0.0275288634 -0.0105929961 0.00336212455 -0.0281963665 -0.0112340795 0.00335868751 -0.0281974357 -0.0112892594 0.00550583564 -0.0275288634 -0.0105929961 0.00336212455 -0.0281963665 -0.0114519689 0.00337211951 -0.028193254 -0.0115375239 0.00574344816 -0.0274548754 -0.011396789 0.00574455271 -0.0274545327 -0.0113430237 0.00359630003 -0.0281234495 -0.0120930523 0.00574455271 -0.0274545327 -0.0113430237 0.00574091682 -0.0274556633 -0.0112455301 0.00359630003 -0.0281234495 -0.0120930523 0.00359630003 -0.0281234495 -0.0120930523 0.00574091682 -0.0274556633 -0.0112455301 0.00574001111 -0.0274559464 -0.0112340795 0.00573001616 -0.0274590589 -0.0111485245 0.00572642079 -0.0274601784 -0.0111259641 0.00359630003 -0.0281234495 -0.0120930523 0.00572642079 -0.0274601784 -0.0111259641 0.00571190426 -0.0274646971 -0.0110526504 0.00359630003 -0.0281234495 -0.0120930523 0.00359630003 -0.0281234495 -0.0120930523 0.00571190426 -0.0274646971 -0.0110526504 0.00570388557 -0.0274671949 -0.0110195 0.00335868751 -0.0281974357 -0.0112892594 0.00335758296 -0.0281977803 -0.0113430237 0.00550583564 -0.0275288634 -0.0105929961 0.00335758296 -0.0281977803 -0.0113430237 0.00336121861 -0.0281966478 -0.0114405183 0.00550583564 -0.0275288634 -0.0105929961 0.00550583564 -0.0275288634 -0.0105929961 0.00336121861 -0.0281966478 -0.0114405183 0.00336212455 -0.0281963665 -0.0114519689 0.00337211951 -0.028193254 -0.0115375239 0.00337571464 -0.0281921346 -0.0115600843 0.00550583564 -0.0275288634 -0.0105929961 0.00337571464 -0.0281921346 -0.0115600843 0.0033902314 -0.0281876139 -0.011633398 0.00550583564 -0.0275288634 -0.0105929961 0.00550583564 -0.0275288634 -0.0105929961 0.0033902314 -0.0281876139 -0.011633398 0.00339824986 -0.028185118 -0.0116665475 0.00559111731 -0.0275023077 -0.0119561534 0.00563273253 -0.0274893492 -0.0118712969 0.00359630003 -0.0281234495 -0.0120930523 0.00563273253 -0.0274893492 -0.0118712969 0.00563413789 -0.0274889134 -0.0118681286 0.00359630003 -0.0281234495 -0.0120930523 0.00351101812 -0.0281500034 -0.010729895 0.00346940313 -0.0281629618 -0.0108147515 0.00550583564 -0.0275288634 -0.0105929961 0.00346940313 -0.0281629618 -0.0108147515 0.00346799777 -0.0281633995 -0.0108179189 0.00550583564 -0.0275288634 -0.0105929961 0.00563413789 -0.0274889134 -0.0118681286 0.00567024527 -0.0274776686 -0.0117771998 0.00359630003 -0.0281234495 -0.0120930523 0.00567024527 -0.0274776686 -0.0117771998 0.00567257684 -0.027476944 -0.0117705492 0.00359630003 -0.0281234495 -0.0120930523 0.00359630003 -0.0281234495 -0.0120930523 0.00567257684 -0.027476944 -0.0117705492 0.00569929602 -0.0274686236 -0.0116839819 0.00570388557 -0.0274671949 -0.0110195 0.00568668125 -0.0274725519 -0.010958503 0.00359630003 -0.0281234495 -0.0120930523 0.00568668125 -0.0274725519 -0.010958503 0.00567257684 -0.027476944 -0.0109154992 0.00359630003 -0.0281234495 -0.0120930523 0.00359630003 -0.0281234495 -0.0120930523 0.00567257684 -0.027476944 -0.0109154992 0.00565449242 -0.0274825748 -0.0108666681 0.00346799777 -0.0281633995 -0.0108179189 0.00343189063 -0.0281746425 -0.0109088477 0.00550583564 -0.0275288634 -0.0105929961 0.00343189063 -0.0281746425 -0.0109088477 0.00342955883 -0.0281753689 -0.0109154992 0.00550583564 -0.0275288634 -0.0105929961 0.00550583564 -0.0275288634 -0.0105929961 0.00342955883 -0.0281753689 -0.0109154992 0.00340283941 -0.0281836875 -0.0110020665 0.00339824986 -0.028185118 -0.0116665475 0.00341545464 -0.0281797592 -0.0117275445 0.00550583564 -0.0275288634 -0.0105929961 0.00341545464 -0.0281797592 -0.0117275445 0.00342955883 -0.0281753689 -0.0117705492 0.00550583564 -0.0275288634 -0.0105929961 0.00550583564 -0.0275288634 -0.0105929961 0.00342955883 -0.0281753689 -0.0117705492 0.00344764325 -0.0281697363 -0.0118193794 0.00535220793 -0.0275766999 -0.01226955 0.00539498916 -0.0275633782 -0.0122269075 0.00359630003 -0.0281234495 -0.0120930523 0.00539498916 -0.0275633782 -0.0122269075 0.0054206308 -0.0275553931 -0.0121992091 0.00359630003 -0.0281234495 -0.0120930523 0.0054206308 -0.0275553931 -0.0121992091 0.00546533009 -0.0275414754 -0.0121465083 0.00359630003 -0.0281234495 -0.0120930523 0.00546533009 -0.0275414754 -0.0121465083 0.00548322359 -0.0275359042 -0.0121236304 0.00359630003 -0.0281234495 -0.0120930523 0.00359630003 -0.0281234495 -0.0120930523 0.00548322359 -0.0275359042 -0.0121236304 0.00552871358 -0.0275217388 -0.012059995 0.00552871358 -0.0275217388 -0.012059995 0.0055414089 -0.0275177862 -0.0120406197 0.00359630003 -0.0281234495 -0.0120930523 0.0055414089 -0.0275177862 -0.0120406197 0.00558465626 -0.0275043193 -0.0119680241 0.00359630003 -0.0281234495 -0.0120930523 0.00359630003 -0.0281234495 -0.0120930523 0.00558465626 -0.0275043193 -0.0119680241 0.00559111731 -0.0275023077 -0.0119561534 0.00565449242 -0.0274825748 -0.0108666681 0.00563273253 -0.0274893492 -0.0108147515 0.00359630003 -0.0281234495 -0.0120930523 0.00563273253 -0.0274893492 -0.0108147515 0.00561552867 -0.0274947062 -0.0107777156 0.00359630003 -0.0281234495 -0.0120930523 0.00359630003 -0.0281234495 -0.0120930523 0.00561552867 -0.0274947062 -0.0107777156 0.00558465626 -0.0275043193 -0.0107180243 0.00558465626 -0.0275043193 -0.0107180243 0.00556448335 -0.027510602 -0.0106827803 0.00359630003 -0.0281234495 -0.0120930523 0.00556448335 -0.027510602 -0.0106827803 0.00552871358 -0.0275217388 -0.0106260534 0.00359630003 -0.0281234495 -0.0120930523 0.00359630003 -0.0281234495 -0.0120930523 0.00552871358 -0.0275217388 -0.0106260534 0.00550586265 -0.0275288541 -0.0105930334 0.00374992774 -0.0280756131 -0.0104164984 0.0037071465 -0.0280889329 -0.0104591409 0.00550583564 -0.0275288634 -0.0105929961 0.0037071465 -0.0280889329 -0.0104591409 0.00368150487 -0.028096918 -0.0104868384 0.00550583564 -0.0275288634 -0.0105929961 0.00368150487 -0.028096918 -0.0104868384 0.00363680534 -0.0281108357 -0.0105395392 0.00550583564 -0.0275288634 -0.0105929961 0.00363680534 -0.0281108357 -0.0105395392 0.00361891231 -0.0281164087 -0.010562418 0.00550583564 -0.0275288634 -0.0105929961 0.00550583564 -0.0275288634 -0.0105929961 0.00361891231 -0.0281164087 -0.010562418 0.00357342232 -0.0281305723 -0.0106260534 0.00357342232 -0.0281305723 -0.0106260534 0.00356072676 -0.0281345248 -0.0106454287 0.00550583564 -0.0275288634 -0.0105929961 0.00356072676 -0.0281345248 -0.0106454287 0.00351747964 -0.0281479917 -0.0107180243 0.00550583564 -0.0275288634 -0.0105929961 0.00550583564 -0.0275288634 -0.0105929961 0.00351747964 -0.0281479917 -0.0107180243 0.00351101812 -0.0281500034 -0.010729895 0.00344764325 -0.0281697363 -0.0118193794 0.00346940313 -0.0281629618 -0.0118712969 0.00550583564 -0.0275288634 -0.0105929961 0.00346940313 -0.0281629618 -0.0118712969 0.00348660699 -0.0281576049 -0.0119083319 0.00550583564 -0.0275288634 -0.0105929961 0.00550583564 -0.0275288634 -0.0105929961 0.00348660699 -0.0281576049 -0.0119083319 0.00351747964 -0.0281479917 -0.0119680241 0.00351747964 -0.0281479917 -0.0119680241 0.00353765232 -0.0281417109 -0.0120032681 0.00550583564 -0.0275288634 -0.0105929961 0.00353765232 -0.0281417109 -0.0120032681 0.00357342232 -0.0281305723 -0.012059995 0.00550583564 -0.0275288634 -0.0105929961 0.00550583564 -0.0275288634 -0.0105929961 0.00357342232 -0.0281305723 -0.012059995 0.00359627325 -0.028123457 -0.012093015 0.00519946357 -0.0276242606 -0.0123924641 0.00523562264 -0.0276130009 -0.0123669645 0.00359630003 -0.0281234495 -0.0120930523 0.00390267232 -0.0280280523 -0.0102935843 0.00386651303 -0.0280393101 -0.0103190839 0.00550583564 -0.0275288634 -0.0105929961 0.00523562264 -0.0276130009 -0.0123669645 0.00527834194 -0.0275996998 -0.0123341316 0.00359630003 -0.0281234495 -0.0120930523 0.00527834194 -0.0275996998 -0.0123341316 0.0053182249 -0.0275872797 -0.0123005798 0.00359630003 -0.0281234495 -0.0120930523 0.00359630003 -0.0281234495 -0.0120930523 0.0053182249 -0.0275872797 -0.0123005798 0.00535220793 -0.0275766999 -0.01226955 0.00386651303 -0.0280393101 -0.0103190839 0.00382379373 -0.0280526131 -0.0103519168 0.00550583564 -0.0275288634 -0.0105929961 0.00382379373 -0.0280526131 -0.0103519168 0.00378391054 -0.0280650314 -0.0103854686 0.00550583564 -0.0275288634 -0.0105929961 0.00550583564 -0.0275288634 -0.0105929961 0.00378391054 -0.0280650314 -0.0103854686 0.00374992774 -0.0280756131 -0.0104164984 0.00502859475 -0.0276774652 -0.0124886073 0.00505545642 -0.0276691001 -0.0124759087 0.00359630003 -0.0281234495 -0.0120930523 0.00407354068 -0.0279748477 -0.0101974411 0.00404667947 -0.027983211 -0.0102101397 0.00550583564 -0.0275288634 -0.0105929961 0.00505545642 -0.0276691001 -0.0124759087 0.00511604408 -0.0276502352 -0.0124440948 0.00359630003 -0.0281234495 -0.0120930523 0.00511604408 -0.0276502352 -0.0124440948 0.00514781009 -0.0276403446 -0.0124255558 0.00359630003 -0.0281234495 -0.0120930523 0.00359630003 -0.0281234495 -0.0120930523 0.00514781009 -0.0276403446 -0.0124255558 0.00519946357 -0.0276242606 -0.0123924641 0.00404667947 -0.027983211 -0.0102101397 0.00398609135 -0.0280020759 -0.0102419537 0.00550583564 -0.0275288634 -0.0105929961 0.00398609135 -0.0280020759 -0.0102419537 0.00395432534 -0.0280119684 -0.0102604926 0.00550583564 -0.0275288634 -0.0105929961 0.00550583564 -0.0275288634 -0.0105929961 0.00395432534 -0.0280119684 -0.0102604926 0.00390267232 -0.0280280523 -0.0102935843 0.00484382082 -0.0277349986 -0.0125548355 0.00485996436 -0.0277299732 -0.0125504313 0.00359630003 -0.0281234495 -0.0120930523 0.00425831461 -0.0279173125 -0.0101312129 0.00424217107 -0.0279223397 -0.0101356171 0.00550583564 -0.0275288634 -0.0105929961 0.00485996436 -0.0277299732 -0.0125504313 0.00493766088 -0.0277057793 -0.0125256302 0.00359630003 -0.0281234495 -0.0120930523 0.00493766088 -0.0277057793 -0.0125256302 0.00495926384 -0.0276990533 -0.0125176394 0.00359630003 -0.0281234495 -0.0120930523 0.00359630003 -0.0281234495 -0.0120930523 0.00495926384 -0.0276990533 -0.0125176394 0.00502859475 -0.0276774652 -0.0124886073 0.00424217107 -0.0279223397 -0.0101356171 0.00416447455 -0.0279465318 -0.0101604182 0.00550583564 -0.0275288634 -0.0105929961 0.00416447455 -0.0279465318 -0.0101604182 0.00414287206 -0.0279532596 -0.010168408 0.00550583564 -0.0275288634 -0.0105929961 0.00550583564 -0.0275288634 -0.0105929961 0.00414287206 -0.0279532596 -0.010168408 0.00407354068 -0.0279748477 -0.0101974411 0.0046550869 -0.0277937669 -0.0125882672 0.00474768179 -0.027764935 -0.0125759458 0.00359630003 -0.0281234495 -0.0120930523 0.00474768179 -0.027764935 -0.0125759458 0.00475831423 -0.0277616233 -0.0125740338 0.00359630003 -0.0281234495 -0.0120930523 0.00359630003 -0.0281234495 -0.0120930523 0.00475831423 -0.0277616233 -0.0125740338 0.00484382082 -0.0277349986 -0.0125548355 0.004447049 -0.0278585441 -0.0100977803 0.00435445411 -0.027887376 -0.0101101026 0.00550583564 -0.0275288634 -0.0105929961 0.00435445411 -0.027887376 -0.0101101026 0.0043438212 -0.0278906878 -0.0101120146 0.00550583564 -0.0275288634 -0.0105929961 0.00550583564 -0.0275288634 -0.0105929961 0.0043438212 -0.0278906878 -0.0101120146 0.00425831461 -0.0279173125 -0.0101312129 0.00435687788 -0.0278866217 -0.0125763668 0.004447049 -0.0278585441 -0.0125882672 0.00359630003 -0.0281234495 -0.0120930523 0.004447049 -0.0278585441 -0.0125882672 0.00445572753 -0.0278558433 -0.012589029 0.00359630003 -0.0281234495 -0.0120930523 0.00474525802 -0.0277656894 -0.0101096816 0.0046550869 -0.0277937669 -0.0100977803 0.00550583564 -0.0275288634 -0.0105929961 0.0046550869 -0.0277937669 -0.0100977803 0.00464640791 -0.0277964696 -0.0100970184 0.00550583564 -0.0275288634 -0.0105929961 0.00424217107 -0.0279223397 -0.0125504313 0.00425903266 -0.0279170889 -0.0125550255 0.00359630003 -0.0281234495 -0.0120930523 0.00425903266 -0.0279170889 -0.0125550255 0.0043438212 -0.0278906878 -0.0125740338 0.00359630003 -0.0281234495 -0.0120930523 0.00359630003 -0.0281234495 -0.0120930523 0.0043438212 -0.0278906878 -0.0125740338 0.00435687788 -0.0278866217 -0.0125763668 0.00445572753 -0.0278558433 -0.012589029 0.00455106795 -0.0278261565 -0.0125930244 0.00359630003 -0.0281234495 -0.0120930523 0.00455106795 -0.0278261565 -0.0125930244 0.00464987522 -0.0277953893 -0.0125887329 0.00359630003 -0.0281234495 -0.0120930523 0.00359630003 -0.0281234495 -0.0120930523 0.00464987522 -0.0277953893 -0.0125887329 0.0046550869 -0.0277937669 -0.0125882672 0.00485996436 -0.0277299732 -0.0101356171 0.00484310277 -0.0277352221 -0.0101310229 0.00550583564 -0.0275288634 -0.0105929961 0.00484310277 -0.0277352221 -0.0101310229 0.00475831423 -0.0277616233 -0.0101120146 0.00550583564 -0.0275288634 -0.0105929961 0.00550583564 -0.0275288634 -0.0105929961 0.00475831423 -0.0277616233 -0.0101120146 0.00474525802 -0.0277656894 -0.0101096816 0.00464640791 -0.0277964696 -0.0100970184 0.00455106795 -0.0278261565 -0.010093024 0.00550583564 -0.0275288634 -0.0105929961 0.00455106795 -0.0278261565 -0.010093024 0.00445226068 -0.0278569218 -0.0100973155 0.00550583564 -0.0275288634 -0.0105929961 0.00550583564 -0.0275288634 -0.0105929961 0.00445226068 -0.0278569218 -0.0100973155 0.004447049 -0.0278585441 -0.0100977803 0.00397847919 -0.028004447 -0.0124397725 0.00404667947 -0.027983211 -0.0124759087 0.00363680534 -0.0281108357 -0.0121465083 0.00512365624 -0.0276478641 -0.0102462759 0.00505545642 -0.0276691001 -0.0102101397 0.00546533009 -0.0275414754 -0.0105395392 0.00404667947 -0.027983211 -0.0124759087 0.00406914018 -0.0279762167 -0.0124865836 0.00363680534 -0.0281108357 -0.0121465083 0.00406914018 -0.0279762167 -0.0124865836 0.00414287206 -0.0279532596 -0.0125176394 0.00363680534 -0.0281108357 -0.0121465083 0.00363680534 -0.0281108357 -0.0121465083 0.00414287206 -0.0279532596 -0.0125176394 0.00359630003 -0.0281234495 -0.0120930523 0.00414287206 -0.0279532596 -0.0125176394 0.00416288851 -0.0279470254 -0.0125250593 0.00359630003 -0.0281234495 -0.0120930523 0.00359630003 -0.0281234495 -0.0120930523 0.00416288851 -0.0279470254 -0.0125250593 0.00424217107 -0.0279223397 -0.0125504313 0.00505545642 -0.0276691001 -0.0102101397 0.00503299525 -0.0276760943 -0.0101994639 0.00546533009 -0.0275414754 -0.0105395392 0.00503299525 -0.0276760943 -0.0101994639 0.00495926384 -0.0276990533 -0.010168408 0.00546533009 -0.0275414754 -0.0105395392 0.00546533009 -0.0275414754 -0.0105395392 0.00495926384 -0.0276990533 -0.010168408 0.00550583564 -0.0275288634 -0.0105929961 0.00495926384 -0.0276990533 -0.010168408 0.00493924739 -0.0277052857 -0.0101609882 0.00550583564 -0.0275288634 -0.0105929961 0.00550583564 -0.0275288634 -0.0105929961 0.00493924739 -0.0277052857 -0.0101609882 0.00485996436 -0.0277299732 -0.0101356171 0.00380913075 -0.0280571785 -0.0123221371 0.00386651303 -0.0280393101 -0.0123669645 0.00363680534 -0.0281108357 -0.0121465083 0.00529300515 -0.0275951326 -0.0103639113 0.00523562264 -0.0276130009 -0.0103190839 0.00546533009 -0.0275414754 -0.0105395392 0.0037071465 -0.0280889329 -0.0122269075 0.00373176183 -0.0280812699 -0.0122519573 0.00378391054 -0.0280650314 -0.0123005798 0.00386651303 -0.0280393101 -0.0123669645 0.00389158679 -0.0280315038 -0.0123848589 0.00363680534 -0.0281108357 -0.0121465083 0.00389158679 -0.0280315038 -0.0123848589 0.00395432534 -0.0280119684 -0.0124255558 0.00363680534 -0.0281108357 -0.0121465083 0.00363680534 -0.0281108357 -0.0121465083 0.00395432534 -0.0280119684 -0.0124255558 0.00397847919 -0.028004447 -0.0124397725 0.00539498916 -0.0275633782 -0.0104591409 0.00537037384 -0.027571043 -0.0104340902 0.0053182249 -0.0275872797 -0.0103854686 0.00523562264 -0.0276130009 -0.0103190839 0.0052105491 -0.0276208092 -0.0103011886 0.00546533009 -0.0275414754 -0.0105395392 0.0052105491 -0.0276208092 -0.0103011886 0.00514781009 -0.0276403446 -0.0102604926 0.00546533009 -0.0275414754 -0.0105395392 0.00546533009 -0.0275414754 -0.0105395392 0.00514781009 -0.0276403446 -0.0102604926 0.00512365624 -0.0276478641 -0.0102462759 0.00380913075 -0.0280571785 -0.0123221371 0.00363680534 -0.0281108357 -0.0121465083 0.00378391054 -0.0280650314 -0.0123005798 0.00363680534 -0.0281108357 -0.0121465083 0.00366014591 -0.0281035695 -0.012174773 0.00378391054 -0.0280650314 -0.0123005798 0.00378391054 -0.0280650314 -0.0123005798 0.00366014591 -0.0281035695 -0.012174773 0.0037071465 -0.0280889329 -0.0122269075 0.00529300515 -0.0275951326 -0.0103639113 0.00546533009 -0.0275414754 -0.0105395392 0.0053182249 -0.0275872797 -0.0103854686 0.00546533009 -0.0275414754 -0.0105395392 0.00544198975 -0.0275487434 -0.0105112754 0.0053182249 -0.0275872797 -0.0103854686 0.0053182249 -0.0275872797 -0.0103854686 0.00544198975 -0.0275487434 -0.0105112754 0.00539498916 -0.0275633782 -0.0104591409 -9.63745333e-05 -0.0134997722 -0.0105551779 -3.03629495e-05 -0.0134790298 -0.0105460687 0.00041775807 -0.0133382147 -0.0120358439 -0.00040160233 -0.0135956854 -0.0106877023 -0.000345448323 -0.0135780396 -0.0106502036 0.00041775807 -0.0133382147 -0.0120358439 -0.000345448323 -0.0135780396 -0.0106502036 -0.000286390103 -0.0135594821 -0.0106179779 0.00041775807 -0.0133382147 -0.0120358439 -0.000286390103 -0.0135594821 -0.0106179779 -0.000224877091 -0.0135401525 -0.0105912695 0.00041775807 -0.0133382147 -0.0120358439 -0.000224877091 -0.0135401525 -0.0105912695 -0.00016137748 -0.0135201989 -0.010570283 0.00041775807 -0.0133382147 -0.0120358439 0.00041775807 -0.0133382147 -0.0120358439 -0.00016137748 -0.0135201989 -0.010570283 -9.63745333e-05 -0.0134997722 -0.0105551779 0.00035869985 -0.0133567732 -0.0120680705 -0.000503513555 -0.0136277089 -0.0107773384 0.00041775807 -0.0133382147 -0.0120358439 -0.000503513555 -0.0136277089 -0.0107773384 -0.000454424764 -0.0136122834 -0.0107301883 0.00041775807 -0.0133382147 -0.0120358439 0.00041775807 -0.0133382147 -0.0120358439 -0.000454424764 -0.0136122834 -0.0107301883 -0.00040160233 -0.0135956854 -0.0106877023 0.00035869985 -0.0133567732 -0.0120680705 0.000297186838 -0.0133761028 -0.012094778 -0.000503513555 -0.0136277089 -0.0107773384 0.000297186838 -0.0133761028 -0.012094778 0.000233687228 -0.0133960564 -0.0121157644 -0.000503513555 -0.0136277089 -0.0107773384 -0.000503513555 -0.0136277089 -0.0107773384 0.000233687228 -0.0133960564 -0.0121157644 0.000168684273 -0.0134164821 -0.0121308705 0.000168684273 -0.0134164821 -0.0121308705 0.000102672697 -0.0134372255 -0.0121399797 -0.000503513555 -0.0136277089 -0.0107773384 0.000102672697 -0.0134372255 -0.0121399797 3.61548737e-05 -0.0134581272 -0.0121430242 -0.000503513555 -0.0136277089 -0.0107773384 -0.000503513555 -0.0136277089 -0.0107773384 3.61548737e-05 -0.0134581272 -0.0121430242 -3.03629495e-05 -0.0134790298 -0.0121399797 -3.03629495e-05 -0.0134790298 -0.0121399797 -9.63745333e-05 -0.0134997722 -0.0121308705 -0.000503513555 -0.0136277089 -0.0107773384 -9.63745333e-05 -0.0134997722 -0.0121308705 -0.00016137748 -0.0135201989 -0.0121157644 -0.000503513555 -0.0136277089 -0.0107773384 -0.000503513555 -0.0136277089 -0.0107773384 -0.00016137748 -0.0135201989 -0.0121157644 -0.000224877091 -0.0135401525 -0.012094778 -0.000589027244 -0.0136545803 -0.0118018854 -0.000624801265 -0.0136658214 -0.011743024 -0.000724147307 -0.0136970393 -0.0112732993 -3.03629495e-05 -0.0134790298 -0.0105460687 3.61548737e-05 -0.0134581272 -0.0105430242 0.00041775807 -0.0133382147 -0.0120358439 3.61548737e-05 -0.0134581272 -0.0105430242 0.000102672697 -0.0134372255 -0.0105460687 0.00041775807 -0.0133382147 -0.0120358439 0.00041775807 -0.0133382147 -0.0120358439 0.000102672697 -0.0134372255 -0.0105460687 0.000473912078 -0.0133205699 -0.0119983451 0.000102672697 -0.0134372255 -0.0105460687 0.000526734511 -0.0133039709 -0.0119558591 0.000473912078 -0.0133205699 -0.0119983451 -0.000345448323 -0.0135780396 -0.0120358439 -0.000624801265 -0.0136658214 -0.0109430244 -0.000589027244 -0.0136545803 -0.010884163 0.000168684273 -0.0134164821 -0.0105551779 0.000233687228 -0.0133960564 -0.010570283 0.000787766476 -0.0132219456 -0.0114819426 0.000233687228 -0.0133960564 -0.010570283 0.000297186838 -0.0133761028 -0.0105912695 0.000787766476 -0.0132219456 -0.0114819426 0.000787766476 -0.0132219456 -0.0114819426 0.000297186838 -0.0133761028 -0.0105912695 0.00035869985 -0.0133567732 -0.0106179779 0.000168684273 -0.0134164821 -0.0105551779 0.000787766476 -0.0132219456 -0.0114819426 0.000102672697 -0.0134372255 -0.0105460687 0.000787766476 -0.0132219456 -0.0114819426 0.000773355656 -0.0132264746 -0.0115500791 0.000102672697 -0.0134372255 -0.0105460687 0.000102672697 -0.0134372255 -0.0105460687 0.000773355656 -0.0132264746 -0.0115500791 0.000753334316 -0.0132327657 -0.0116166398 0.000753334316 -0.0132327657 -0.0116166398 0.000727854786 -0.0132407723 -0.011681119 0.000102672697 -0.0134372255 -0.0105460687 0.000727854786 -0.0132407723 -0.011681119 0.000697111012 -0.0132504329 -0.011743024 0.000102672697 -0.0134372255 -0.0105460687 0.000102672697 -0.0134372255 -0.0105460687 0.000697111012 -0.0132504329 -0.011743024 0.000661336991 -0.013261674 -0.0118018854 0.000661336991 -0.013261674 -0.0118018854 0.000620804902 -0.0132744107 -0.0118572544 0.000102672697 -0.0134372255 -0.0105460687 0.000620804902 -0.0132744107 -0.0118572544 0.000575823302 -0.0132885454 -0.0119087091 0.000102672697 -0.0134372255 -0.0105460687 0.000102672697 -0.0134372255 -0.0105460687 0.000575823302 -0.0132885454 -0.0119087091 0.000526734511 -0.0133039709 -0.0119558591 -0.000224877091 -0.0135401525 -0.012094778 -0.000286390103 -0.0135594821 -0.0120680705 -0.000503513555 -0.0136277089 -0.0107773384 -0.000286390103 -0.0135594821 -0.0120680705 -0.000345448323 -0.0135780396 -0.0120358439 -0.000503513555 -0.0136277089 -0.0107773384 -0.000503513555 -0.0136277089 -0.0107773384 -0.000345448323 -0.0135780396 -0.0120358439 -0.000548495154 -0.0136418436 -0.010828794 -0.000345448323 -0.0135780396 -0.0120358439 -0.000589027244 -0.0136545803 -0.010884163 -0.000548495154 -0.0136418436 -0.010828794 0.00035869985 -0.0133567732 -0.0106179779 0.00041775807 -0.0133382147 -0.0106502036 0.000787766476 -0.0132219456 -0.0114819426 0.00041775807 -0.0133382147 -0.0106502036 0.000473912078 -0.0133205699 -0.0106877023 0.000787766476 -0.0132219456 -0.0114819426 0.000787766476 -0.0132219456 -0.0114819426 0.000473912078 -0.0133205699 -0.0106877023 0.000526734511 -0.0133039709 -0.0107301883 -0.000724147307 -0.0136970393 -0.0112732993 -0.00040160233 -0.0135956854 -0.0119983451 -0.000454424764 -0.0136122834 -0.0119558591 -0.000624801265 -0.0136658214 -0.011743024 -0.000655545038 -0.0136754829 -0.011681119 -0.000724147307 -0.0136970393 -0.0112732993 -0.000655545038 -0.0136754829 -0.011681119 -0.000681024569 -0.0136834886 -0.0116166398 -0.000724147307 -0.0136970393 -0.0112732993 -0.000724147307 -0.0136970393 -0.0112732993 -0.000681024569 -0.0136834886 -0.0116166398 -0.000701045908 -0.0136897806 -0.0115500791 -0.000701045908 -0.0136897806 -0.0115500791 -0.000715456728 -0.0136943087 -0.0114819426 -0.000724147307 -0.0136970393 -0.0112732993 -0.000715456728 -0.0136943087 -0.0114819426 -0.000724147307 -0.0136970393 -0.0114127481 -0.000724147307 -0.0136970393 -0.0112732993 -0.000724147307 -0.0136970393 -0.0112732993 -0.000724147307 -0.0136970393 -0.0114127481 -0.00072705152 -0.013697952 -0.0113430237 -0.000701045908 -0.0136897806 -0.0111359684 -0.000681024569 -0.0136834886 -0.0110694077 -0.000345448323 -0.0135780396 -0.0120358439 -0.000681024569 -0.0136834886 -0.0110694077 -0.000655545038 -0.0136754829 -0.0110049294 -0.000345448323 -0.0135780396 -0.0120358439 -0.000345448323 -0.0135780396 -0.0120358439 -0.000655545038 -0.0136754829 -0.0110049294 -0.000624801265 -0.0136658214 -0.0109430244 0.000526734511 -0.0133039709 -0.0107301883 0.000575823302 -0.0132885454 -0.0107773384 0.000787766476 -0.0132219456 -0.0114819426 0.000575823302 -0.0132885454 -0.0107773384 0.000620804902 -0.0132744107 -0.010828794 0.000787766476 -0.0132219456 -0.0114819426 0.000787766476 -0.0132219456 -0.0114819426 0.000620804902 -0.0132744107 -0.010828794 0.000796457054 -0.013219215 -0.0114127481 -0.000454424764 -0.0136122834 -0.0119558591 -0.000503513555 -0.0136277089 -0.0119087091 -0.000724147307 -0.0136970393 -0.0112732993 -0.000503513555 -0.0136277089 -0.0119087091 -0.000548495154 -0.0136418436 -0.0118572544 -0.000724147307 -0.0136970393 -0.0112732993 -0.000724147307 -0.0136970393 -0.0112732993 -0.000548495154 -0.0136418436 -0.0118572544 -0.000589027244 -0.0136545803 -0.0118018854 -0.00040160233 -0.0135956854 -0.0119983451 -0.000724147307 -0.0136970393 -0.0112732993 -0.000345448323 -0.0135780396 -0.0120358439 -0.000724147307 -0.0136970393 -0.0112732993 -0.000715456728 -0.0136943087 -0.0112041058 -0.000345448323 -0.0135780396 -0.0120358439 -0.000345448323 -0.0135780396 -0.0120358439 -0.000715456728 -0.0136943087 -0.0112041058 -0.000701045908 -0.0136897806 -0.0111359684 0.000796457054 -0.013219215 -0.0114127481 0.000620804902 -0.0132744107 -0.010828794 0.000799361267 -0.0132183023 -0.0113430237 0.000620804902 -0.0132744107 -0.010828794 0.000661336991 -0.013261674 -0.010884163 0.000799361267 -0.0132183023 -0.0113430237 0.000799361267 -0.0132183023 -0.0113430237 0.000661336991 -0.013261674 -0.010884163 0.000697111012 -0.0132504329 -0.0109430244 0.000796457054 -0.013219215 -0.0112732993 0.000799361267 -0.0132183023 -0.0113430237 0.000787766476 -0.0132219456 -0.0112041058 0.000799361267 -0.0132183023 -0.0113430237 0.000773355656 -0.0132264746 -0.0111359684 0.000787766476 -0.0132219456 -0.0112041058 0.000697111012 -0.0132504329 -0.0109430244 0.000727854786 -0.0132407723 -0.0110049294 0.000799361267 -0.0132183023 -0.0113430237 0.000727854786 -0.0132407723 -0.0110049294 0.000753334316 -0.0132327657 -0.0110694077 0.000799361267 -0.0132183023 -0.0113430237 0.000799361267 -0.0132183023 -0.0113430237 0.000753334316 -0.0132327657 -0.0110694077 0.000773355656 -0.0132264746 -0.0111359684 0.000799361267 -0.0132183023 -0.0113430237 0.0015188359 -0.0155079216 -0.0113430237 0.00151593168 -0.0155088343 -0.0114127481 0.000799361267 -0.0132183023 -0.0113430237 0.00151593168 -0.0155088343 -0.0114127481 0.000796457054 -0.013219215 -0.0114127481 0.00151593168 -0.0155088343 -0.0114127481 0.00150724105 -0.0155115649 -0.0114819426 0.000796457054 -0.013219215 -0.0114127481 0.000796457054 -0.013219215 -0.0114127481 0.00150724105 -0.0155115649 -0.0114819426 0.000787766476 -0.0132219456 -0.0114819426 0.00150724105 -0.0155115649 -0.0114819426 0.00149283023 -0.0155160939 -0.0115500791 0.000787766476 -0.0132219456 -0.0114819426 0.000787766476 -0.0132219456 -0.0114819426 0.00149283023 -0.0155160939 -0.0115500791 0.000773355656 -0.0132264746 -0.0115500791 0.00149283023 -0.0155160939 -0.0115500791 0.00147280889 -0.015522385 -0.0116166398 0.000773355656 -0.0132264746 -0.0115500791 0.000773355656 -0.0132264746 -0.0115500791 0.00147280889 -0.015522385 -0.0116166398 0.000753334316 -0.0132327657 -0.0116166398 0.00147280889 -0.015522385 -0.0116166398 0.00144732941 -0.0155303916 -0.011681119 0.000753334316 -0.0132327657 -0.0116166398 0.000753334316 -0.0132327657 -0.0116166398 0.00144732941 -0.0155303916 -0.011681119 0.000727854786 -0.0132407723 -0.011681119 0.00144732941 -0.0155303916 -0.011681119 0.00141658564 -0.0155400522 -0.011743024 0.000727854786 -0.0132407723 -0.011681119 0.000727854786 -0.0132407723 -0.011681119 0.00141658564 -0.0155400522 -0.011743024 0.000697111012 -0.0132504329 -0.011743024 0.00141658564 -0.0155400522 -0.011743024 0.00138081156 -0.0155512933 -0.0118018854 0.000697111012 -0.0132504329 -0.011743024 0.000697111012 -0.0132504329 -0.011743024 0.00138081156 -0.0155512933 -0.0118018854 0.000661336991 -0.013261674 -0.0118018854 0.00138081156 -0.0155512933 -0.0118018854 0.00134027947 -0.01556403 -0.0118572544 0.000661336991 -0.013261674 -0.0118018854 0.000661336991 -0.013261674 -0.0118018854 0.00134027947 -0.01556403 -0.0118572544 0.000620804902 -0.0132744107 -0.0118572544 0.00134027947 -0.01556403 -0.0118572544 0.00129529787 -0.0155781647 -0.0119087091 0.000620804902 -0.0132744107 -0.0118572544 0.000620804902 -0.0132744107 -0.0118572544 0.00129529787 -0.0155781647 -0.0119087091 0.000575823302 -0.0132885454 -0.0119087091 0.00129529787 -0.0155781647 -0.0119087091 0.00124620914 -0.0155935902 -0.0119558591 0.000575823302 -0.0132885454 -0.0119087091 0.000575823302 -0.0132885454 -0.0119087091 0.00124620914 -0.0155935902 -0.0119558591 0.000526734511 -0.0133039709 -0.0119558591 0.00124620914 -0.0155935902 -0.0119558591 0.00119338674 -0.0156101892 -0.0119983451 0.000526734511 -0.0133039709 -0.0119558591 0.000526734511 -0.0133039709 -0.0119558591 0.00119338674 -0.0156101892 -0.0119983451 0.000473912078 -0.0133205699 -0.0119983451 0.00119338674 -0.0156101892 -0.0119983451 0.00113723264 -0.0156278349 -0.0120358439 0.000473912078 -0.0133205699 -0.0119983451 0.000473912078 -0.0133205699 -0.0119983451 0.00113723264 -0.0156278349 -0.0120358439 0.00041775807 -0.0133382147 -0.0120358439 0.00113723264 -0.0156278349 -0.0120358439 0.00107817445 -0.0156463925 -0.0120680705 0.00041775807 -0.0133382147 -0.0120358439 0.00041775807 -0.0133382147 -0.0120358439 0.00107817445 -0.0156463925 -0.0120680705 0.00035869985 -0.0133567732 -0.0120680705 0.00107817445 -0.0156463925 -0.0120680705 0.00101666141 -0.0156657211 -0.012094778 0.00035869985 -0.0133567732 -0.0120680705 0.00035869985 -0.0133567732 -0.0120680705 0.00101666141 -0.0156657211 -0.012094778 0.000297186838 -0.0133761028 -0.012094778 0.00101666141 -0.0156657211 -0.012094778 0.000953161856 -0.0156856757 -0.0121157644 0.000297186838 -0.0133761028 -0.012094778 0.000297186838 -0.0133761028 -0.012094778 0.000953161856 -0.0156856757 -0.0121157644 0.000233687228 -0.0133960564 -0.0121157644 0.000953161856 -0.0156856757 -0.0121157644 0.000888158858 -0.0157061014 -0.0121308705 0.000233687228 -0.0133960564 -0.0121157644 0.000233687228 -0.0133960564 -0.0121157644 0.000888158858 -0.0157061014 -0.0121308705 0.000168684273 -0.0134164821 -0.0121308705 0.000888158858 -0.0157061014 -0.0121308705 0.000822147296 -0.0157268438 -0.0121399797 0.000168684273 -0.0134164821 -0.0121308705 0.000168684273 -0.0134164821 -0.0121308705 0.000822147296 -0.0157268438 -0.0121399797 0.000102672697 -0.0134372255 -0.0121399797 0.000822147296 -0.0157268438 -0.0121399797 0.000755629502 -0.0157477465 -0.0121430242 0.000102672697 -0.0134372255 -0.0121399797 0.000102672697 -0.0134372255 -0.0121399797 0.000755629502 -0.0157477465 -0.0121430242 3.61548737e-05 -0.0134581272 -0.0121430242 0.000755629502 -0.0157477465 -0.0121430242 0.00068911165 -0.0157686491 -0.0121399797 3.61548737e-05 -0.0134581272 -0.0121430242 3.61548737e-05 -0.0134581272 -0.0121430242 0.00068911165 -0.0157686491 -0.0121399797 -3.03629495e-05 -0.0134790298 -0.0121399797 0.00068911165 -0.0157686491 -0.0121399797 0.000623100088 -0.0157893915 -0.0121308705 -3.03629495e-05 -0.0134790298 -0.0121399797 -3.03629495e-05 -0.0134790298 -0.0121399797 0.000623100088 -0.0157893915 -0.0121308705 -9.63745333e-05 -0.0134997722 -0.0121308705 0.000623100088 -0.0157893915 -0.0121308705 0.000558097148 -0.0158098172 -0.0121157644 -9.63745333e-05 -0.0134997722 -0.0121308705 -9.63745333e-05 -0.0134997722 -0.0121308705 0.000558097148 -0.0158098172 -0.0121157644 -0.00016137748 -0.0135201989 -0.0121157644 0.000558097148 -0.0158098172 -0.0121157644 0.000494597538 -0.0158297718 -0.012094778 -0.00016137748 -0.0135201989 -0.0121157644 -0.00016137748 -0.0135201989 -0.0121157644 0.000494597538 -0.0158297718 -0.012094778 -0.000224877091 -0.0135401525 -0.012094778 0.000494597538 -0.0158297718 -0.012094778 0.000433084497 -0.0158491004 -0.0120680705 -0.000224877091 -0.0135401525 -0.012094778 -0.000224877091 -0.0135401525 -0.012094778 0.000433084497 -0.0158491004 -0.0120680705 -0.000286390103 -0.0135594821 -0.0120680705 0.000433084497 -0.0158491004 -0.0120680705 0.000374026276 -0.0158676598 -0.0120358439 -0.000286390103 -0.0135594821 -0.0120680705 -0.000286390103 -0.0135594821 -0.0120680705 0.000374026276 -0.0158676598 -0.0120358439 -0.000345448323 -0.0135780396 -0.0120358439 0.000374026276 -0.0158676598 -0.0120358439 0.000317872269 -0.0158853047 -0.0119983451 -0.000345448323 -0.0135780396 -0.0120358439 -0.000345448323 -0.0135780396 -0.0120358439 0.000317872269 -0.0158853047 -0.0119983451 -0.00040160233 -0.0135956854 -0.0119983451 0.000317872269 -0.0158853047 -0.0119983451 0.000265049865 -0.0159019027 -0.0119558591 -0.00040160233 -0.0135956854 -0.0119983451 -0.00040160233 -0.0135956854 -0.0119983451 0.000265049865 -0.0159019027 -0.0119558591 -0.000454424764 -0.0136122834 -0.0119558591 0.000265049865 -0.0159019027 -0.0119558591 0.000215961045 -0.0159173291 -0.0119087091 -0.000454424764 -0.0136122834 -0.0119558591 -0.000454424764 -0.0136122834 -0.0119558591 0.000215961045 -0.0159173291 -0.0119087091 -0.000503513555 -0.0136277089 -0.0119087091 0.000215961045 -0.0159173291 -0.0119087091 0.000170979445 -0.0159314629 -0.0118572544 -0.000503513555 -0.0136277089 -0.0119087091 -0.000503513555 -0.0136277089 -0.0119087091 0.000170979445 -0.0159314629 -0.0118572544 -0.000548495154 -0.0136418436 -0.0118572544 0.000170979445 -0.0159314629 -0.0118572544 0.000130447384 -0.0159441996 -0.0118018854 -0.000548495154 -0.0136418436 -0.0118572544 -0.000548495154 -0.0136418436 -0.0118572544 0.000130447384 -0.0159441996 -0.0118018854 -0.000589027244 -0.0136545803 -0.0118018854 0.000130447384 -0.0159441996 -0.0118018854 9.46733344e-05 -0.0159554407 -0.011743024 -0.000589027244 -0.0136545803 -0.0118018854 -0.000589027244 -0.0136545803 -0.0118018854 9.46733344e-05 -0.0159554407 -0.011743024 -0.000624801265 -0.0136658214 -0.011743024 9.46733344e-05 -0.0159554407 -0.011743024 6.39295613e-05 -0.0159651022 -0.011681119 -0.000624801265 -0.0136658214 -0.011743024 -0.000624801265 -0.0136658214 -0.011743024 6.39295613e-05 -0.0159651022 -0.011681119 -0.000655545038 -0.0136754829 -0.011681119 6.39295613e-05 -0.0159651022 -0.011681119 3.84500418e-05 -0.0159731079 -0.0116166398 -0.000655545038 -0.0136754829 -0.011681119 -0.000655545038 -0.0136754829 -0.011681119 3.84500418e-05 -0.0159731079 -0.0116166398 -0.000681024569 -0.0136834886 -0.0116166398 3.84500418e-05 -0.0159731079 -0.0116166398 1.8428691e-05 -0.0159793999 -0.0115500791 -0.000681024569 -0.0136834886 -0.0116166398 -0.000681024569 -0.0136834886 -0.0116166398 1.8428691e-05 -0.0159793999 -0.0115500791 -0.000701045908 -0.0136897806 -0.0115500791 1.8428691e-05 -0.0159793999 -0.0115500791 4.01788338e-06 -0.015983928 -0.0114819426 -0.000701045908 -0.0136897806 -0.0115500791 -0.000701045908 -0.0136897806 -0.0115500791 4.01788338e-06 -0.015983928 -0.0114819426 -0.000715456728 -0.0136943087 -0.0114819426 4.01788338e-06 -0.015983928 -0.0114819426 -4.67270638e-06 -0.0159866586 -0.0114127481 -0.000715456728 -0.0136943087 -0.0114819426 -0.000715456728 -0.0136943087 -0.0114819426 -4.67270638e-06 -0.0159866586 -0.0114127481 -0.000724147307 -0.0136970393 -0.0114127481 -4.67270638e-06 -0.0159866586 -0.0114127481 -7.57693715e-06 -0.0159875713 -0.0113430237 -0.000724147307 -0.0136970393 -0.0114127481 -0.000724147307 -0.0136970393 -0.0114127481 -7.57693715e-06 -0.0159875713 -0.0113430237 -0.00072705152 -0.013697952 -0.0113430237 0.00574455271 -0.0274545327 -0.0113430237 0.00194813951 -0.0153730204 -0.0113430237 0.00574091682 -0.0274556633 -0.0112455301 0.00194813951 -0.0153730204 -0.0113430237 0.00194360164 -0.0153744463 -0.0112340795 0.00574091682 -0.0274556633 -0.0112455301 0.00193002261 -0.0153787136 -0.0111259641 0.00573001616 -0.0274590589 -0.0111485245 0.00194360164 -0.0153744463 -0.0112340795 0.00573001616 -0.0274590589 -0.0111485245 0.00574001111 -0.0274559464 -0.0112340795 0.00194360164 -0.0153744463 -0.0112340795 0.00194360164 -0.0153744463 -0.0112340795 0.00574001111 -0.0274559464 -0.0112340795 0.00574091682 -0.0274556633 -0.0112455301 0.00190750568 -0.0153857889 -0.0110195 0.00571190426 -0.0274646971 -0.0110526504 0.00193002261 -0.0153787136 -0.0111259641 0.00571190426 -0.0274646971 -0.0110526504 0.00572642079 -0.0274601784 -0.0111259641 0.00193002261 -0.0153787136 -0.0111259641 0.00193002261 -0.0153787136 -0.0111259641 0.00572642079 -0.0274601784 -0.0111259641 0.00573001616 -0.0274590589 -0.0111485245 0.00187622232 -0.015395619 -0.0109154992 0.00568668125 -0.0274725519 -0.010958503 0.00190750568 -0.0153857889 -0.0110195 0.00568668125 -0.0274725519 -0.010958503 0.00570388557 -0.0274671949 -0.0110195 0.00190750568 -0.0153857889 -0.0110195 0.00190750568 -0.0153857889 -0.0110195 0.00570388557 -0.0274671949 -0.0110195 0.00571190426 -0.0274646971 -0.0110526504 0.00183641061 -0.0154081294 -0.0108147515 0.00565449242 -0.0274825748 -0.0108666681 0.00187622232 -0.015395619 -0.0109154992 0.00565449242 -0.0274825748 -0.0108666681 0.00567257684 -0.027476944 -0.0109154992 0.00187622232 -0.015395619 -0.0109154992 0.00187622232 -0.015395619 -0.0109154992 0.00567257684 -0.027476944 -0.0109154992 0.00568668125 -0.0274725519 -0.010958503 0.00178837345 -0.0154232243 -0.0107180243 0.00561552867 -0.0274947062 -0.0107777156 0.00183641061 -0.0154081294 -0.0108147515 0.00561552867 -0.0274947062 -0.0107777156 0.00563273253 -0.0274893492 -0.0108147515 0.00183641061 -0.0154081294 -0.0108147515 0.00183641061 -0.0154081294 -0.0108147515 0.00563273253 -0.0274893492 -0.0108147515 0.00565449242 -0.0274825748 -0.0108666681 0.00550586265 -0.0275288541 -0.0105930334 0.00552871358 -0.0275217388 -0.0106260534 0.00173247652 -0.0154407891 -0.0106260534 0.00552871358 -0.0275217388 -0.0106260534 0.00556448335 -0.027510602 -0.0106827803 0.00173247652 -0.0154407891 -0.0106260534 0.00173247652 -0.0154407891 -0.0106260534 0.00556448335 -0.027510602 -0.0106827803 0.00178837345 -0.0154232243 -0.0107180243 0.00556448335 -0.027510602 -0.0106827803 0.00558465626 -0.0275043193 -0.0107180243 0.00178837345 -0.0154232243 -0.0107180243 0.00178837345 -0.0154232243 -0.0107180243 0.00558465626 -0.0275043193 -0.0107180243 0.00561552867 -0.0274947062 -0.0107777156 0.00550586265 -0.0275288541 -0.0105930334 0.00173247652 -0.0154407891 -0.0106260534 0.00550583564 -0.0275288634 -0.0105929961 0.00173247652 -0.0154407891 -0.0106260534 0.00166914519 -0.0154606896 -0.0105395392 0.00550583564 -0.0275288634 -0.0105929961 0.00550583564 -0.0275288634 -0.0105929961 0.00166914519 -0.0154606896 -0.0105395392 0.00546533009 -0.0275414754 -0.0105395392 0.00546533009 -0.0275414754 -0.0105395392 0.00166914519 -0.0154606896 -0.0105395392 0.00544198975 -0.0275487434 -0.0105112754 0.00166914519 -0.0154606896 -0.0105395392 0.00159886142 -0.0154827749 -0.0104591409 0.00544198975 -0.0275487434 -0.0105112754 0.00544198975 -0.0275487434 -0.0105112754 0.00159886142 -0.0154827749 -0.0104591409 0.00539498916 -0.0275633782 -0.0104591409 0.00539498916 -0.0275633782 -0.0104591409 0.00159886142 -0.0154827749 -0.0104591409 0.00537037384 -0.027571043 -0.0104340902 0.00159886142 -0.0154827749 -0.0104591409 0.00152216014 -0.0155068776 -0.0103854686 0.00537037384 -0.027571043 -0.0104340902 0.00537037384 -0.027571043 -0.0104340902 0.00152216014 -0.0155068776 -0.0103854686 0.0053182249 -0.0275872797 -0.0103854686 0.0053182249 -0.0275872797 -0.0103854686 0.00152216014 -0.0155068776 -0.0103854686 0.00529300515 -0.0275951326 -0.0103639113 0.00152216014 -0.0155068776 -0.0103854686 0.00143962516 -0.0155328121 -0.0103190839 0.00529300515 -0.0275951326 -0.0103639113 0.00529300515 -0.0275951326 -0.0103639113 0.00143962516 -0.0155328121 -0.0103190839 0.00523562264 -0.0276130009 -0.0103190839 0.00523562264 -0.0276130009 -0.0103190839 0.00143962516 -0.0155328121 -0.0103190839 0.0052105491 -0.0276208092 -0.0103011886 0.00143962516 -0.0155328121 -0.0103190839 0.00135188445 -0.0155603839 -0.0102604926 0.0052105491 -0.0276208092 -0.0103011886 0.0052105491 -0.0276208092 -0.0103011886 0.00135188445 -0.0155603839 -0.0102604926 0.00514781009 -0.0276403446 -0.0102604926 0.00514781009 -0.0276403446 -0.0102604926 0.00135188445 -0.0155603839 -0.0102604926 0.00512365624 -0.0276478641 -0.0102462759 0.00135188445 -0.0155603839 -0.0102604926 0.00125960598 -0.0155893806 -0.0102101397 0.00512365624 -0.0276478641 -0.0102462759 0.00512365624 -0.0276478641 -0.0102462759 0.00125960598 -0.0155893806 -0.0102101397 0.00505545642 -0.0276691001 -0.0102101397 0.00505545642 -0.0276691001 -0.0102101397 0.00125960598 -0.0155893806 -0.0102101397 0.00503299525 -0.0276760943 -0.0101994639 0.00125960598 -0.0155893806 -0.0102101397 0.00116349198 -0.0156195825 -0.010168408 0.00503299525 -0.0276760943 -0.0101994639 0.00503299525 -0.0276760943 -0.0101994639 0.00116349198 -0.0156195825 -0.010168408 0.00495926384 -0.0276990533 -0.010168408 0.00495926384 -0.0276990533 -0.010168408 0.00116349198 -0.0156195825 -0.010168408 0.00493924739 -0.0277052857 -0.0101609882 0.00116349198 -0.0156195825 -0.010168408 0.00106427376 -0.0156507604 -0.0101356171 0.00493924739 -0.0277052857 -0.0101609882 0.00493924739 -0.0277052857 -0.0101609882 0.00106427376 -0.0156507604 -0.0101356171 0.00485996436 -0.0277299732 -0.0101356171 0.00485996436 -0.0277299732 -0.0101356171 0.00106427376 -0.0156507604 -0.0101356171 0.00484310277 -0.0277352221 -0.0101310229 0.00106427376 -0.0156507604 -0.0101356171 0.00096270669 -0.0156826768 -0.0101120146 0.00484310277 -0.0277352221 -0.0101310229 0.00484310277 -0.0277352221 -0.0101310229 0.00096270669 -0.0156826768 -0.0101120146 0.00475831423 -0.0277616233 -0.0101120146 0.00475831423 -0.0277616233 -0.0101120146 0.00096270669 -0.0156826768 -0.0101120146 0.00474525802 -0.0277656894 -0.0101096816 0.00096270669 -0.0156826768 -0.0101120146 0.000859563588 -0.0157150868 -0.0100977803 0.00474525802 -0.0277656894 -0.0101096816 0.00474525802 -0.0277656894 -0.0101096816 0.000859563588 -0.0157150868 -0.0100977803 0.0046550869 -0.0277937669 -0.0100977803 0.0046550869 -0.0277937669 -0.0100977803 0.000859563588 -0.0157150868 -0.0100977803 0.00464640791 -0.0277964696 -0.0100970184 0.000859563588 -0.0157150868 -0.0100977803 0.000755629502 -0.0157477465 -0.010093024 0.00464640791 -0.0277964696 -0.0100970184 0.00464640791 -0.0277964696 -0.0100970184 0.000755629502 -0.0157477465 -0.010093024 0.00455106795 -0.0278261565 -0.010093024 0.000651695358 -0.0157804061 -0.0100977803 0.000548552314 -0.015812818 -0.0101120146 0.0043438212 -0.0278906878 -0.0101120146 0.0043438212 -0.0278906878 -0.0101120146 0.00435445411 -0.027887376 -0.0101101026 0.000651695358 -0.0157804061 -0.0100977803 0.00435445411 -0.027887376 -0.0101101026 0.004447049 -0.0278585441 -0.0100977803 0.000651695358 -0.0157804061 -0.0100977803 0.000651695358 -0.0157804061 -0.0100977803 0.004447049 -0.0278585441 -0.0100977803 0.000755629502 -0.0157477465 -0.010093024 0.004447049 -0.0278585441 -0.0100977803 0.00445226068 -0.0278569218 -0.0100973155 0.000755629502 -0.0157477465 -0.010093024 0.000755629502 -0.0157477465 -0.010093024 0.00445226068 -0.0278569218 -0.0100973155 0.00455106795 -0.0278261565 -0.010093024 0.000446985185 -0.0158447325 -0.0101356171 0.000347767025 -0.0158759113 -0.010168408 0.00414287206 -0.0279532596 -0.010168408 0.00414287206 -0.0279532596 -0.010168408 0.00416447455 -0.0279465318 -0.0101604182 0.000446985185 -0.0158447325 -0.0101356171 0.00416447455 -0.0279465318 -0.0101604182 0.00424217107 -0.0279223397 -0.0101356171 0.000446985185 -0.0158447325 -0.0101356171 0.000446985185 -0.0158447325 -0.0101356171 0.00424217107 -0.0279223397 -0.0101356171 0.000548552314 -0.015812818 -0.0101120146 0.00424217107 -0.0279223397 -0.0101356171 0.00425831461 -0.0279173125 -0.0101312129 0.000548552314 -0.015812818 -0.0101120146 0.000548552314 -0.015812818 -0.0101120146 0.00425831461 -0.0279173125 -0.0101312129 0.0043438212 -0.0278906878 -0.0101120146 0.000251652964 -0.0159061123 -0.0102101397 0.000159374467 -0.0159351099 -0.0102604926 0.00395432534 -0.0280119684 -0.0102604926 0.00395432534 -0.0280119684 -0.0102604926 0.00398609135 -0.0280020759 -0.0102419537 0.000251652964 -0.0159061123 -0.0102101397 0.00398609135 -0.0280020759 -0.0102419537 0.00404667947 -0.027983211 -0.0102101397 0.000251652964 -0.0159061123 -0.0102101397 0.000251652964 -0.0159061123 -0.0102101397 0.00404667947 -0.027983211 -0.0102101397 0.000347767025 -0.0158759113 -0.010168408 0.00404667947 -0.027983211 -0.0102101397 0.00407354068 -0.0279748477 -0.0101974411 0.000347767025 -0.0158759113 -0.010168408 0.000347767025 -0.0158759113 -0.010168408 0.00407354068 -0.0279748477 -0.0101974411 0.00414287206 -0.0279532596 -0.010168408 7.16338254e-05 -0.0159626808 -0.0103190839 -1.09011899e-05 -0.0159886163 -0.0103854686 0.00378391054 -0.0280650314 -0.0103854686 0.00378391054 -0.0280650314 -0.0103854686 0.00382379373 -0.0280526131 -0.0103519168 7.16338254e-05 -0.0159626808 -0.0103190839 0.00382379373 -0.0280526131 -0.0103519168 0.00386651303 -0.0280393101 -0.0103190839 7.16338254e-05 -0.0159626808 -0.0103190839 7.16338254e-05 -0.0159626808 -0.0103190839 0.00386651303 -0.0280393101 -0.0103190839 0.000159374467 -0.0159351099 -0.0102604926 0.00386651303 -0.0280393101 -0.0103190839 0.00390267232 -0.0280280523 -0.0102935843 0.000159374467 -0.0159351099 -0.0102604926 0.000159374467 -0.0159351099 -0.0102604926 0.00390267232 -0.0280280523 -0.0102935843 0.00395432534 -0.0280119684 -0.0102604926 -8.76024496e-05 -0.0160127189 -0.0104591409 -0.000157886199 -0.0160348043 -0.0105395392 0.00363680534 -0.0281108357 -0.0105395392 0.00363680534 -0.0281108357 -0.0105395392 0.00368150487 -0.028096918 -0.0104868384 -8.76024496e-05 -0.0160127189 -0.0104591409 0.00368150487 -0.028096918 -0.0104868384 0.0037071465 -0.0280889329 -0.0104591409 -8.76024496e-05 -0.0160127189 -0.0104591409 -8.76024496e-05 -0.0160127189 -0.0104591409 0.0037071465 -0.0280889329 -0.0104591409 -1.09011899e-05 -0.0159886163 -0.0103854686 0.0037071465 -0.0280889329 -0.0104591409 0.00374992774 -0.0280756131 -0.0104164984 -1.09011899e-05 -0.0159886163 -0.0103854686 -1.09011899e-05 -0.0159886163 -0.0103854686 0.00374992774 -0.0280756131 -0.0104164984 0.00378391054 -0.0280650314 -0.0103854686 -0.000221217546 -0.0160547048 -0.0106260534 -0.000277114508 -0.0160722695 -0.0107180243 0.00351747964 -0.0281479917 -0.0107180243 0.00351747964 -0.0281479917 -0.0107180243 0.00356072676 -0.0281345248 -0.0106454287 -0.000221217546 -0.0160547048 -0.0106260534 0.00356072676 -0.0281345248 -0.0106454287 0.00357342232 -0.0281305723 -0.0106260534 -0.000221217546 -0.0160547048 -0.0106260534 -0.000221217546 -0.0160547048 -0.0106260534 0.00357342232 -0.0281305723 -0.0106260534 -0.000157886199 -0.0160348043 -0.0105395392 0.00357342232 -0.0281305723 -0.0106260534 0.00361891231 -0.0281164087 -0.010562418 -0.000157886199 -0.0160348043 -0.0105395392 -0.000157886199 -0.0160348043 -0.0105395392 0.00361891231 -0.0281164087 -0.010562418 0.00363680534 -0.0281108357 -0.0105395392 -0.000364963402 -0.0160998739 -0.0109154992 0.00342955883 -0.0281753689 -0.0109154992 -0.000325151632 -0.0160873644 -0.0108147515 0.00342955883 -0.0281753689 -0.0109154992 0.00343189063 -0.0281746425 -0.0109088477 -0.000325151632 -0.0160873644 -0.0108147515 0.00343189063 -0.0281746425 -0.0109088477 0.00346799777 -0.0281633995 -0.0108179189 -0.000325151632 -0.0160873644 -0.0108147515 0.00346799777 -0.0281633995 -0.0108179189 0.00346940313 -0.0281629618 -0.0108147515 -0.000325151632 -0.0160873644 -0.0108147515 -0.000325151632 -0.0160873644 -0.0108147515 0.00346940313 -0.0281629618 -0.0108147515 -0.000277114508 -0.0160722695 -0.0107180243 0.00346940313 -0.0281629618 -0.0108147515 0.00351101812 -0.0281500034 -0.010729895 -0.000277114508 -0.0160722695 -0.0107180243 -0.000277114508 -0.0160722695 -0.0107180243 0.00351101812 -0.0281500034 -0.010729895 0.00351747964 -0.0281479917 -0.0107180243 -0.00039624676 -0.016109705 -0.0110195 -0.000418763637 -0.0161167793 -0.0111259641 0.00337571464 -0.0281921346 -0.0111259641 0.00337571464 -0.0281921346 -0.0111259641 0.00338093634 -0.0281905085 -0.0110969543 -0.00039624676 -0.016109705 -0.0110195 0.00338093634 -0.0281905085 -0.0110969543 0.00339824986 -0.028185118 -0.0110195 -0.00039624676 -0.016109705 -0.0110195 -0.00039624676 -0.016109705 -0.0110195 0.00339824986 -0.028185118 -0.0110195 -0.000364963402 -0.0160998739 -0.0109154992 0.00339824986 -0.028185118 -0.0110195 0.00340283941 -0.0281836875 -0.0110020665 -0.000364963402 -0.0160998739 -0.0109154992 -0.000364963402 -0.0160998739 -0.0109154992 0.00340283941 -0.0281836875 -0.0110020665 0.00342955883 -0.0281753689 -0.0109154992 -0.000432342698 -0.0161210466 -0.0112340795 -0.000436880538 -0.0161224734 -0.0113430237 0.00335758296 -0.0281977803 -0.0113430237 0.00335758296 -0.0281977803 -0.0113430237 0.00335868751 -0.0281974357 -0.0112892594 -0.000432342698 -0.0161210466 -0.0112340795 0.00335868751 -0.0281974357 -0.0112892594 0.00336212455 -0.0281963665 -0.0112340795 -0.000432342698 -0.0161210466 -0.0112340795 -0.000432342698 -0.0161210466 -0.0112340795 0.00336212455 -0.0281963665 -0.0112340795 -0.000418763637 -0.0161167793 -0.0111259641 0.00336212455 -0.0281963665 -0.0112340795 0.00336622237 -0.0281950906 -0.0111928917 -0.000418763637 -0.0161167793 -0.0111259641 -0.000418763637 -0.0161167793 -0.0111259641 0.00336622237 -0.0281950906 -0.0111928917 0.00337571464 -0.0281921346 -0.0111259641 0.00113723264 -0.0156278349 -0.0106502036 0.00135188445 -0.0155603839 -0.0102604926 0.00119338674 -0.0156101892 -0.0106877023 0.00135188445 -0.0155603839 -0.0102604926 0.00143962516 -0.0155328121 -0.0103190839 0.00119338674 -0.0156101892 -0.0106877023 0.00119338674 -0.0156101892 -0.0106877023 0.00143962516 -0.0155328121 -0.0103190839 0.00124620914 -0.0155935902 -0.0107301883 0.00143962516 -0.0155328121 -0.0103190839 0.00152216014 -0.0155068776 -0.0103854686 0.00124620914 -0.0155935902 -0.0107301883 0.00124620914 -0.0155935902 -0.0107301883 0.00152216014 -0.0155068776 -0.0103854686 0.00129529787 -0.0155781647 -0.0107773384 0.00152216014 -0.0155068776 -0.0103854686 0.00159886142 -0.0154827749 -0.0104591409 0.00129529787 -0.0155781647 -0.0107773384 0.00129529787 -0.0155781647 -0.0107773384 0.00159886142 -0.0154827749 -0.0104591409 0.00134027947 -0.01556403 -0.010828794 0.00159886142 -0.0154827749 -0.0104591409 0.00166914519 -0.0154606896 -0.0105395392 0.00134027947 -0.01556403 -0.010828794 0.00134027947 -0.01556403 -0.010828794 0.00166914519 -0.0154606896 -0.0105395392 0.00138081156 -0.0155512933 -0.010884163 0.00166914519 -0.0154606896 -0.0105395392 0.00173247652 -0.0154407891 -0.0106260534 0.00138081156 -0.0155512933 -0.010884163 0.00138081156 -0.0155512933 -0.010884163 0.00173247652 -0.0154407891 -0.0106260534 0.00141658564 -0.0155400522 -0.0109430244 0.00173247652 -0.0154407891 -0.0106260534 0.00178837345 -0.0154232243 -0.0107180243 0.00141658564 -0.0155400522 -0.0109430244 0.00141658564 -0.0155400522 -0.0109430244 0.00178837345 -0.0154232243 -0.0107180243 0.00144732941 -0.0155303916 -0.0110049294 0.00178837345 -0.0154232243 -0.0107180243 0.00183641061 -0.0154081294 -0.0108147515 0.00144732941 -0.0155303916 -0.0110049294 0.00144732941 -0.0155303916 -0.0110049294 0.00183641061 -0.0154081294 -0.0108147515 0.00147280889 -0.015522385 -0.0110694077 0.00183641061 -0.0154081294 -0.0108147515 0.00187622232 -0.015395619 -0.0109154992 0.00147280889 -0.015522385 -0.0110694077 0.00147280889 -0.015522385 -0.0110694077 0.00187622232 -0.015395619 -0.0109154992 0.00149283023 -0.0155160939 -0.0111359684 0.00187622232 -0.015395619 -0.0109154992 0.00190750568 -0.0153857889 -0.0110195 0.00149283023 -0.0155160939 -0.0111359684 0.00149283023 -0.0155160939 -0.0111359684 0.00190750568 -0.0153857889 -0.0110195 0.00150724105 -0.0155115649 -0.0112041058 0.00190750568 -0.0153857889 -0.0110195 0.00193002261 -0.0153787136 -0.0111259641 0.00150724105 -0.0155115649 -0.0112041058 0.00150724105 -0.0155115649 -0.0112041058 0.00193002261 -0.0153787136 -0.0111259641 0.00151593168 -0.0155088343 -0.0112732993 0.00193002261 -0.0153787136 -0.0111259641 0.00194360164 -0.0153744463 -0.0112340795 0.00151593168 -0.0155088343 -0.0112732993 0.00151593168 -0.0155088343 -0.0112732993 0.00194360164 -0.0153744463 -0.0112340795 0.0015188359 -0.0155079216 -0.0113430237 0.00194360164 -0.0153744463 -0.0112340795 0.00194813951 -0.0153730204 -0.0113430237 0.0015188359 -0.0155079216 -0.0113430237 0.0015188359 -0.0155079216 -0.0113430237 0.00194813951 -0.0153730204 -0.0113430237 0.00151593168 -0.0155088343 -0.0114127481 0.00194813951 -0.0153730204 -0.0113430237 0.00194360164 -0.0153744463 -0.0114519689 0.00151593168 -0.0155088343 -0.0114127481 0.00151593168 -0.0155088343 -0.0114127481 0.00194360164 -0.0153744463 -0.0114519689 0.00150724105 -0.0155115649 -0.0114819426 0.00194360164 -0.0153744463 -0.0114519689 0.00193002261 -0.0153787136 -0.0115600843 0.00150724105 -0.0155115649 -0.0114819426 0.00150724105 -0.0155115649 -0.0114819426 0.00193002261 -0.0153787136 -0.0115600843 0.00149283023 -0.0155160939 -0.0115500791 0.00193002261 -0.0153787136 -0.0115600843 0.00190750568 -0.0153857889 -0.0116665475 0.00149283023 -0.0155160939 -0.0115500791 0.00149283023 -0.0155160939 -0.0115500791 0.00190750568 -0.0153857889 -0.0116665475 0.00147280889 -0.015522385 -0.0116166398 0.00190750568 -0.0153857889 -0.0116665475 0.00187622232 -0.015395619 -0.0117705492 0.00147280889 -0.015522385 -0.0116166398 0.00147280889 -0.015522385 -0.0116166398 0.00187622232 -0.015395619 -0.0117705492 0.00144732941 -0.0155303916 -0.011681119 0.00187622232 -0.015395619 -0.0117705492 0.00183641061 -0.0154081294 -0.0118712969 0.00144732941 -0.0155303916 -0.011681119 0.00144732941 -0.0155303916 -0.011681119 0.00183641061 -0.0154081294 -0.0118712969 0.00141658564 -0.0155400522 -0.011743024 0.00183641061 -0.0154081294 -0.0118712969 0.00178837345 -0.0154232243 -0.0119680241 0.00141658564 -0.0155400522 -0.011743024 0.00141658564 -0.0155400522 -0.011743024 0.00178837345 -0.0154232243 -0.0119680241 0.00138081156 -0.0155512933 -0.0118018854 0.00178837345 -0.0154232243 -0.0119680241 0.00173247652 -0.0154407891 -0.012059995 0.00138081156 -0.0155512933 -0.0118018854 0.00138081156 -0.0155512933 -0.0118018854 0.00173247652 -0.0154407891 -0.012059995 0.00134027947 -0.01556403 -0.0118572544 0.00173247652 -0.0154407891 -0.012059995 0.00166914519 -0.0154606896 -0.0121465083 0.00134027947 -0.01556403 -0.0118572544 0.00134027947 -0.01556403 -0.0118572544 0.00166914519 -0.0154606896 -0.0121465083 0.00129529787 -0.0155781647 -0.0119087091 0.00166914519 -0.0154606896 -0.0121465083 0.00159886142 -0.0154827749 -0.0122269075 0.00129529787 -0.0155781647 -0.0119087091 0.00129529787 -0.0155781647 -0.0119087091 0.00159886142 -0.0154827749 -0.0122269075 0.00124620914 -0.0155935902 -0.0119558591 0.00159886142 -0.0154827749 -0.0122269075 0.00152216014 -0.0155068776 -0.0123005798 0.00124620914 -0.0155935902 -0.0119558591 0.00124620914 -0.0155935902 -0.0119558591 0.00152216014 -0.0155068776 -0.0123005798 0.00119338674 -0.0156101892 -0.0119983451 0.00152216014 -0.0155068776 -0.0123005798 0.00143962516 -0.0155328121 -0.0123669645 0.00119338674 -0.0156101892 -0.0119983451 0.00119338674 -0.0156101892 -0.0119983451 0.00143962516 -0.0155328121 -0.0123669645 0.00113723264 -0.0156278349 -0.0120358439 0.00143962516 -0.0155328121 -0.0123669645 0.00135188445 -0.0155603839 -0.0124255558 0.00113723264 -0.0156278349 -0.0120358439 0.00113723264 -0.0156278349 -0.0120358439 0.00135188445 -0.0155603839 -0.0124255558 0.00107817445 -0.0156463925 -0.0120680705 0.00135188445 -0.0155603839 -0.0124255558 0.00125960598 -0.0155893806 -0.0124759087 0.00107817445 -0.0156463925 -0.0120680705 0.00107817445 -0.0156463925 -0.0120680705 0.00125960598 -0.0155893806 -0.0124759087 0.00101666141 -0.0156657211 -0.012094778 0.00125960598 -0.0155893806 -0.0124759087 0.00116349198 -0.0156195825 -0.0125176394 0.00101666141 -0.0156657211 -0.012094778 0.00101666141 -0.0156657211 -0.012094778 0.00116349198 -0.0156195825 -0.0125176394 0.000953161856 -0.0156856757 -0.0121157644 0.00116349198 -0.0156195825 -0.0125176394 0.00106427376 -0.0156507604 -0.0125504313 0.000953161856 -0.0156856757 -0.0121157644 0.000953161856 -0.0156856757 -0.0121157644 0.00106427376 -0.0156507604 -0.0125504313 0.000888158858 -0.0157061014 -0.0121308705 0.00106427376 -0.0156507604 -0.0125504313 0.00096270669 -0.0156826768 -0.0125740338 0.000888158858 -0.0157061014 -0.0121308705 0.000888158858 -0.0157061014 -0.0121308705 0.00096270669 -0.0156826768 -0.0125740338 0.000822147296 -0.0157268438 -0.0121399797 0.00096270669 -0.0156826768 -0.0125740338 0.000859563588 -0.0157150868 -0.0125882672 0.000822147296 -0.0157268438 -0.0121399797 0.000822147296 -0.0157268438 -0.0121399797 0.000859563588 -0.0157150868 -0.0125882672 0.000755629502 -0.0157477465 -0.0121430242 0.000859563588 -0.0157150868 -0.0125882672 0.000755629502 -0.0157477465 -0.0125930244 0.000755629502 -0.0157477465 -0.0121430242 0.000755629502 -0.0157477465 -0.0121430242 0.000755629502 -0.0157477465 -0.0125930244 0.00068911165 -0.0157686491 -0.0121399797 0.000755629502 -0.0157477465 -0.0125930244 0.000651695358 -0.0157804061 -0.0125882672 0.00068911165 -0.0157686491 -0.0121399797 0.00068911165 -0.0157686491 -0.0121399797 0.000651695358 -0.0157804061 -0.0125882672 0.000623100088 -0.0157893915 -0.0121308705 0.000651695358 -0.0157804061 -0.0125882672 0.000548552314 -0.015812818 -0.0125740338 0.000623100088 -0.0157893915 -0.0121308705 0.000623100088 -0.0157893915 -0.0121308705 0.000548552314 -0.015812818 -0.0125740338 0.000558097148 -0.0158098172 -0.0121157644 0.000548552314 -0.015812818 -0.0125740338 0.000446985185 -0.0158447325 -0.0125504313 0.000558097148 -0.0158098172 -0.0121157644 0.000558097148 -0.0158098172 -0.0121157644 0.000446985185 -0.0158447325 -0.0125504313 0.000494597538 -0.0158297718 -0.012094778 0.000446985185 -0.0158447325 -0.0125504313 0.000347767025 -0.0158759113 -0.0125176394 0.000494597538 -0.0158297718 -0.012094778 0.000494597538 -0.0158297718 -0.012094778 0.000347767025 -0.0158759113 -0.0125176394 0.000433084497 -0.0158491004 -0.0120680705 0.000347767025 -0.0158759113 -0.0125176394 0.000251652964 -0.0159061123 -0.0124759087 0.000433084497 -0.0158491004 -0.0120680705 0.000433084497 -0.0158491004 -0.0120680705 0.000251652964 -0.0159061123 -0.0124759087 0.000374026276 -0.0158676598 -0.0120358439 0.000251652964 -0.0159061123 -0.0124759087 0.000159374467 -0.0159351099 -0.0124255558 0.000374026276 -0.0158676598 -0.0120358439 0.000374026276 -0.0158676598 -0.0120358439 0.000159374467 -0.0159351099 -0.0124255558 0.000317872269 -0.0158853047 -0.0119983451 0.000159374467 -0.0159351099 -0.0124255558 7.16338254e-05 -0.0159626808 -0.0123669645 0.000317872269 -0.0158853047 -0.0119983451 0.000317872269 -0.0158853047 -0.0119983451 7.16338254e-05 -0.0159626808 -0.0123669645 0.000265049865 -0.0159019027 -0.0119558591 7.16338254e-05 -0.0159626808 -0.0123669645 -1.09011899e-05 -0.0159886163 -0.0123005798 0.000265049865 -0.0159019027 -0.0119558591 0.000265049865 -0.0159019027 -0.0119558591 -1.09011899e-05 -0.0159886163 -0.0123005798 0.000215961045 -0.0159173291 -0.0119087091 -1.09011899e-05 -0.0159886163 -0.0123005798 -8.76024496e-05 -0.0160127189 -0.0122269075 0.000215961045 -0.0159173291 -0.0119087091 0.000215961045 -0.0159173291 -0.0119087091 -8.76024496e-05 -0.0160127189 -0.0122269075 0.000170979445 -0.0159314629 -0.0118572544 -8.76024496e-05 -0.0160127189 -0.0122269075 -0.000157886199 -0.0160348043 -0.0121465083 0.000170979445 -0.0159314629 -0.0118572544 0.000170979445 -0.0159314629 -0.0118572544 -0.000157886199 -0.0160348043 -0.0121465083 0.000130447384 -0.0159441996 -0.0118018854 -0.000157886199 -0.0160348043 -0.0121465083 -0.000221217546 -0.0160547048 -0.012059995 0.000130447384 -0.0159441996 -0.0118018854 0.000130447384 -0.0159441996 -0.0118018854 -0.000221217546 -0.0160547048 -0.012059995 9.46733344e-05 -0.0159554407 -0.011743024 -0.000221217546 -0.0160547048 -0.012059995 -0.000277114508 -0.0160722695 -0.0119680241 9.46733344e-05 -0.0159554407 -0.011743024 9.46733344e-05 -0.0159554407 -0.011743024 -0.000277114508 -0.0160722695 -0.0119680241 6.39295613e-05 -0.0159651022 -0.011681119 -0.000277114508 -0.0160722695 -0.0119680241 -0.000325151632 -0.0160873644 -0.0118712969 6.39295613e-05 -0.0159651022 -0.011681119 6.39295613e-05 -0.0159651022 -0.011681119 -0.000325151632 -0.0160873644 -0.0118712969 3.84500418e-05 -0.0159731079 -0.0116166398 -0.000325151632 -0.0160873644 -0.0118712969 -0.000364963402 -0.0160998739 -0.0117705492 3.84500418e-05 -0.0159731079 -0.0116166398 3.84500418e-05 -0.0159731079 -0.0116166398 -0.000364963402 -0.0160998739 -0.0117705492 1.8428691e-05 -0.0159793999 -0.0115500791 -0.000364963402 -0.0160998739 -0.0117705492 -0.00039624676 -0.016109705 -0.0116665475 1.8428691e-05 -0.0159793999 -0.0115500791 1.8428691e-05 -0.0159793999 -0.0115500791 -0.00039624676 -0.016109705 -0.0116665475 4.01788338e-06 -0.015983928 -0.0114819426 -0.00039624676 -0.016109705 -0.0116665475 -0.000418763637 -0.0161167793 -0.0115600843 4.01788338e-06 -0.015983928 -0.0114819426 4.01788338e-06 -0.015983928 -0.0114819426 -0.000418763637 -0.0161167793 -0.0115600843 -4.67270638e-06 -0.0159866586 -0.0114127481 -0.000418763637 -0.0161167793 -0.0115600843 -0.000432342698 -0.0161210466 -0.0114519689 -4.67270638e-06 -0.0159866586 -0.0114127481 -4.67270638e-06 -0.0159866586 -0.0114127481 -0.000432342698 -0.0161210466 -0.0114519689 -7.57693715e-06 -0.0159875713 -0.0113430237 -0.000432342698 -0.0161210466 -0.0114519689 -0.000436880538 -0.0161224734 -0.0113430237 -7.57693715e-06 -0.0159875713 -0.0113430237 -7.57693715e-06 -0.0159875713 -0.0113430237 -0.000436880538 -0.0161224734 -0.0113430237 -4.67270638e-06 -0.0159866586 -0.0112732993 -0.000436880538 -0.0161224734 -0.0113430237 -0.000432342698 -0.0161210466 -0.0112340795 -4.67270638e-06 -0.0159866586 -0.0112732993 -4.67270638e-06 -0.0159866586 -0.0112732993 -0.000432342698 -0.0161210466 -0.0112340795 4.01788338e-06 -0.015983928 -0.0112041058 -0.000432342698 -0.0161210466 -0.0112340795 -0.000418763637 -0.0161167793 -0.0111259641 4.01788338e-06 -0.015983928 -0.0112041058 4.01788338e-06 -0.015983928 -0.0112041058 -0.000418763637 -0.0161167793 -0.0111259641 1.8428691e-05 -0.0159793999 -0.0111359684 -0.000418763637 -0.0161167793 -0.0111259641 -0.00039624676 -0.016109705 -0.0110195 1.8428691e-05 -0.0159793999 -0.0111359684 1.8428691e-05 -0.0159793999 -0.0111359684 -0.00039624676 -0.016109705 -0.0110195 3.84500418e-05 -0.0159731079 -0.0110694077 -0.00039624676 -0.016109705 -0.0110195 -0.000364963402 -0.0160998739 -0.0109154992 3.84500418e-05 -0.0159731079 -0.0110694077 3.84500418e-05 -0.0159731079 -0.0110694077 -0.000364963402 -0.0160998739 -0.0109154992 6.39295613e-05 -0.0159651022 -0.0110049294 -0.000364963402 -0.0160998739 -0.0109154992 -0.000325151632 -0.0160873644 -0.0108147515 6.39295613e-05 -0.0159651022 -0.0110049294 6.39295613e-05 -0.0159651022 -0.0110049294 -0.000325151632 -0.0160873644 -0.0108147515 9.46733344e-05 -0.0159554407 -0.0109430244 -0.000325151632 -0.0160873644 -0.0108147515 -0.000277114508 -0.0160722695 -0.0107180243 9.46733344e-05 -0.0159554407 -0.0109430244 9.46733344e-05 -0.0159554407 -0.0109430244 -0.000277114508 -0.0160722695 -0.0107180243 0.000130447384 -0.0159441996 -0.010884163 -0.000277114508 -0.0160722695 -0.0107180243 -0.000221217546 -0.0160547048 -0.0106260534 0.000130447384 -0.0159441996 -0.010884163 0.000130447384 -0.0159441996 -0.010884163 -0.000221217546 -0.0160547048 -0.0106260534 0.000170979445 -0.0159314629 -0.010828794 -0.000221217546 -0.0160547048 -0.0106260534 -0.000157886199 -0.0160348043 -0.0105395392 0.000170979445 -0.0159314629 -0.010828794 0.000170979445 -0.0159314629 -0.010828794 -0.000157886199 -0.0160348043 -0.0105395392 0.000215961045 -0.0159173291 -0.0107773384 -0.000157886199 -0.0160348043 -0.0105395392 -8.76024496e-05 -0.0160127189 -0.0104591409 0.000215961045 -0.0159173291 -0.0107773384 0.000215961045 -0.0159173291 -0.0107773384 -8.76024496e-05 -0.0160127189 -0.0104591409 0.000265049865 -0.0159019027 -0.0107301883 -8.76024496e-05 -0.0160127189 -0.0104591409 -1.09011899e-05 -0.0159886163 -0.0103854686 0.000265049865 -0.0159019027 -0.0107301883 0.000265049865 -0.0159019027 -0.0107301883 -1.09011899e-05 -0.0159886163 -0.0103854686 0.000317872269 -0.0158853047 -0.0106877023 -1.09011899e-05 -0.0159886163 -0.0103854686 7.16338254e-05 -0.0159626808 -0.0103190839 0.000317872269 -0.0158853047 -0.0106877023 0.000317872269 -0.0158853047 -0.0106877023 7.16338254e-05 -0.0159626808 -0.0103190839 0.000374026276 -0.0158676598 -0.0106502036 7.16338254e-05 -0.0159626808 -0.0103190839 0.000159374467 -0.0159351099 -0.0102604926 0.000374026276 -0.0158676598 -0.0106502036 0.000374026276 -0.0158676598 -0.0106502036 0.000159374467 -0.0159351099 -0.0102604926 0.000433084497 -0.0158491004 -0.0106179779 0.000159374467 -0.0159351099 -0.0102604926 0.000251652964 -0.0159061123 -0.0102101397 0.000433084497 -0.0158491004 -0.0106179779 0.000433084497 -0.0158491004 -0.0106179779 0.000251652964 -0.0159061123 -0.0102101397 0.000494597538 -0.0158297718 -0.0105912695 0.000251652964 -0.0159061123 -0.0102101397 0.000347767025 -0.0158759113 -0.010168408 0.000494597538 -0.0158297718 -0.0105912695 0.000494597538 -0.0158297718 -0.0105912695 0.000347767025 -0.0158759113 -0.010168408 0.000558097148 -0.0158098172 -0.010570283 0.000347767025 -0.0158759113 -0.010168408 0.000446985185 -0.0158447325 -0.0101356171 0.000558097148 -0.0158098172 -0.010570283 0.000558097148 -0.0158098172 -0.010570283 0.000446985185 -0.0158447325 -0.0101356171 0.000623100088 -0.0157893915 -0.0105551779 0.000446985185 -0.0158447325 -0.0101356171 0.000548552314 -0.015812818 -0.0101120146 0.000623100088 -0.0157893915 -0.0105551779 0.000623100088 -0.0157893915 -0.0105551779 0.000548552314 -0.015812818 -0.0101120146 0.00068911165 -0.0157686491 -0.0105460687 0.000548552314 -0.015812818 -0.0101120146 0.000651695358 -0.0157804061 -0.0100977803 0.00068911165 -0.0157686491 -0.0105460687 0.00068911165 -0.0157686491 -0.0105460687 0.000651695358 -0.0157804061 -0.0100977803 0.000755629502 -0.0157477465 -0.0105430242 0.000651695358 -0.0157804061 -0.0100977803 0.000755629502 -0.0157477465 -0.010093024 0.000755629502 -0.0157477465 -0.0105430242 0.000755629502 -0.0157477465 -0.0105430242 0.000755629502 -0.0157477465 -0.010093024 0.000822147296 -0.0157268438 -0.0105460687 0.000755629502 -0.0157477465 -0.010093024 0.000859563588 -0.0157150868 -0.0100977803 0.000822147296 -0.0157268438 -0.0105460687 0.000822147296 -0.0157268438 -0.0105460687 0.000859563588 -0.0157150868 -0.0100977803 0.000888158858 -0.0157061014 -0.0105551779 0.000859563588 -0.0157150868 -0.0100977803 0.00096270669 -0.0156826768 -0.0101120146 0.000888158858 -0.0157061014 -0.0105551779 0.000888158858 -0.0157061014 -0.0105551779 0.00096270669 -0.0156826768 -0.0101120146 0.000953161856 -0.0156856757 -0.010570283 0.00096270669 -0.0156826768 -0.0101120146 0.00106427376 -0.0156507604 -0.0101356171 0.000953161856 -0.0156856757 -0.010570283 0.000953161856 -0.0156856757 -0.010570283 0.00106427376 -0.0156507604 -0.0101356171 0.00101666141 -0.0156657211 -0.0105912695 0.00106427376 -0.0156507604 -0.0101356171 0.00116349198 -0.0156195825 -0.010168408 0.00101666141 -0.0156657211 -0.0105912695 0.00101666141 -0.0156657211 -0.0105912695 0.00116349198 -0.0156195825 -0.010168408 0.00107817445 -0.0156463925 -0.0106179779 0.00116349198 -0.0156195825 -0.010168408 0.00125960598 -0.0155893806 -0.0102101397 0.00107817445 -0.0156463925 -0.0106179779 0.00107817445 -0.0156463925 -0.0106179779 0.00125960598 -0.0155893806 -0.0102101397 0.00113723264 -0.0156278349 -0.0106502036 0.00125960598 -0.0155893806 -0.0102101397 0.00135188445 -0.0155603839 -0.0102604926 0.00113723264 -0.0156278349 -0.0106502036 </float_array>
          <technique_common>
            <accessor count="2172" offset="0" source="#mesh_0-positions-array" stride="3">
              <param name="X" type="float" />
              <param name="Y" type="float" />
              <param name="Z" type="float" />
            </accessor>
          </technique_common>
        </source>
        <source id="mesh_0-normals" name="mesh_0-normals">
          <float_array id="mesh_0-normals-array" count="6516"> -0.889436603 -0.27949056 -0.361645579 -0.889436603 -0.27949056 -0.361645579 -0.889436603 -0.27949056 -0.361645579 -0.9458462 -0.297216326 -0.130527422 -0.9458462 -0.297216326 -0.130527422 -0.9458462 -0.297216326 -0.130527422 -0.941080689 -0.295407563 -0.164625436 -0.941080689 -0.295407563 -0.164625436 -0.941080689 -0.295407563 -0.164625436 -0.946945786 -0.297561884 -0.121452078 -0.946945786 -0.297561884 -0.121452078 -0.946945786 -0.297561884 -0.121452078 -0.953099966 -0.299495697 -0.0436213091 -0.953099966 -0.299495697 -0.0436213091 -0.953099966 -0.299495697 -0.0436213091 -0.950851858 -0.298437029 -0.0825595036 -0.950851858 -0.298437029 -0.0825595036 -0.950851858 -0.298437029 -0.0825595036 -0.953281164 -0.299552679 -0.0390281938 -0.953281164 -0.299552679 -0.0390281938 -0.953281164 -0.299552679 -0.0390281938 -0.909853339 -0.285906196 -0.300706774 -0.909853339 -0.285906196 -0.300706774 -0.909853339 -0.285906196 -0.300706774 -0.902330816 -0.283312768 -0.324858367 -0.902330816 -0.283312768 -0.324858367 -0.902330816 -0.283312768 -0.324858367 -0.914918125 -0.287497729 -0.283319384 -0.914918125 -0.287497729 -0.283319384 -0.914918125 -0.287497729 -0.283319384 -0.931394756 -0.292675227 -0.216437042 -0.931394756 -0.292675227 -0.216437042 -0.931394756 -0.292675227 -0.216437042 -0.924870908 -0.290354788 -0.245576724 -0.924870908 -0.290354788 -0.245576724 -0.924870908 -0.290354788 -0.245576724 -0.934131324 -0.293535143 -0.203066036 -0.934131324 -0.293535143 -0.203066036 -0.934131324 -0.293535143 -0.203066036 -0.873604894 -0.274326652 -0.401944429 -0.873604894 -0.274326652 -0.401944429 -0.873604894 -0.274326652 -0.401944429 -0.881389081 -0.276961803 -0.382681936 -0.881389081 -0.276961803 -0.382681936 -0.881389081 -0.276961803 -0.382681936 -0.857863605 -0.269569308 -0.437495559 -0.857863605 -0.269569308 -0.437495559 -0.857863605 -0.269569308 -0.437495559 -0.846241951 -0.265824795 -0.461748511 -0.846241951 -0.265824795 -0.461748511 -0.846241951 -0.265824795 -0.461748511 -0.838843882 -0.26359269 -0.476298064 -0.838843882 -0.26359269 -0.476298064 -0.838843882 -0.26359269 -0.476298064 -0.818246067 -0.257120162 -0.514162004 -0.818246067 -0.257120162 -0.514162004 -0.818246067 -0.257120162 -0.514162004 -0.804629445 -0.252748817 -0.537298322 -0.804629445 -0.252748817 -0.537298322 -0.804629445 -0.252748817 -0.537298322 -0.796067297 -0.250150859 -0.551091075 -0.796067297 -0.250150859 -0.551091075 -0.796067297 -0.250150859 -0.551091075 -0.747275174 -0.234818757 -0.621642947 -0.747275174 -0.234818757 -0.621642947 -0.747275174 -0.234818757 -0.621642947 -0.756890237 -0.237747818 -0.608763635 -0.756890237 -0.237747818 -0.608763635 -0.756890237 -0.237747818 -0.608763635 -0.764813125 -0.240284055 -0.597766221 -0.764813125 -0.240284055 -0.597766221 -0.764813125 -0.240284055 -0.597766221 -0.772447407 -0.24272871 -0.586862683 -0.772447407 -0.24272871 -0.586862683 -0.772447407 -0.24272871 -0.586862683 -0.721573949 -0.226742581 -0.654155076 -0.721573949 -0.226742581 -0.654155076 -0.721573949 -0.226742581 -0.654155076 -0.703395009 -0.220941365 -0.675588906 -0.703395009 -0.220941365 -0.675588906 -0.703395009 -0.220941365 -0.675588906 -0.693652153 -0.217968628 -0.686539412 -0.693652153 -0.217968628 -0.686539412 -0.693652153 -0.217968628 -0.686539412 -0.664820433 -0.208908737 -0.717196584 -0.664820433 -0.208908737 -0.717196584 -0.664820433 -0.208908737 -0.717196584 -0.644543588 -0.202449992 -0.73727715 -0.644543588 -0.202449992 -0.73727715 -0.644543588 -0.202449992 -0.73727715 -0.634339511 -0.199330598 -0.746914148 -0.634339511 -0.199330598 -0.746914148 -0.634339511 -0.199330598 -0.746914148 -0.603200138 -0.189545557 -0.77474004 -0.603200138 -0.189545557 -0.77474004 -0.603200138 -0.189545557 -0.77474004 -0.580788195 -0.182418317 -0.793352783 -0.580788195 -0.182418317 -0.793352783 -0.580788195 -0.182418317 -0.793352783 -0.570387661 -0.179234803 -0.801581442 -0.570387661 -0.179234803 -0.801581442 -0.570387661 -0.179234803 -0.801581442 -0.537209809 -0.16880922 -0.826383114 -0.537209809 -0.16880922 -0.826383114 -0.537209809 -0.16880922 -0.826383114 -0.512609482 -0.160997644 -0.84339273 -0.512609482 -0.160997644 -0.84339273 -0.512609482 -0.160997644 -0.84339273 -0.502322018 -0.157846302 -0.850151241 -0.502322018 -0.157846302 -0.850151241 -0.502322018 -0.157846302 -0.850151241 -0.467380136 -0.146866396 -0.871771812 -0.467380136 -0.146866396 -0.871771812 -0.467380136 -0.146866396 -0.871771812 -0.440532506 -0.138353035 -0.887011588 -0.440532506 -0.138353035 -0.887011588 -0.440532506 -0.138353035 -0.887011588 -0.430657893 -0.135327056 -0.892311811 -0.430657893 -0.135327056 -0.892311811 -0.430657893 -0.135327056 -0.892311811 -0.394217134 -0.123876147 -0.910630286 -0.394217134 -0.123876147 -0.910630286 -0.394217134 -0.123876147 -0.910630286 -0.365102112 -0.114656039 -0.9238801 -0.365102112 -0.114656039 -0.9238801 -0.365102112 -0.114656039 -0.9238801 -0.355956405 -0.111853354 -0.927784383 -0.355956405 -0.111853354 -0.927784383 -0.355956405 -0.111853354 -0.927784383 -0.286877692 -0.0901465118 -0.953716278 -0.286877692 -0.0901465118 -0.953716278 -0.286877692 -0.0901465118 -0.953716278 -0.278799206 -0.0875277072 -0.956352413 -0.278799206 -0.0875277072 -0.956352413 -0.278799206 -0.0875277072 -0.956352413 -0.318295538 -0.10001906 -0.942700446 -0.318295538 -0.10001906 -0.942700446 -0.318295538 -0.10001906 -0.942700446 -0.124520391 -0.0391284563 -0.991445243 -0.124520391 -0.0391284563 -0.991445243 -0.124520391 -0.0391284563 -0.991445243 -0.119284771 -0.0374331549 -0.992154181 -0.119284771 -0.0374331549 -0.992154181 -0.119284771 -0.0374331549 -0.992154181 -0.160434872 -0.0504139774 -0.985758126 -0.160434872 -0.0504139774 -0.985758126 -0.160434872 -0.0504139774 -0.985758126 -0.206486598 -0.0648849681 -0.97629565 -0.206486598 -0.0648849681 -0.97629565 -0.206486598 -0.0648849681 -0.97629565 -0.199699923 -0.0626864433 -0.977849841 -0.199699923 -0.0626864433 -0.977849841 -0.199699923 -0.0626864433 -0.977849841 -0.240186363 -0.0754745454 -0.967788279 -0.240186363 -0.0754745454 -0.967788279 -0.240186363 -0.0754745454 -0.967788279 0.0416128263 0.0130949374 -0.999047995 0.0416128263 0.0130949374 -0.999047995 0.0416128263 0.0130949374 -0.999047995 0.0395283289 0.0124211172 -0.999141216 0.0395283289 0.0124211172 -0.999141216 0.0395283289 0.0124211172 -0.999141216 -0.0416181833 -0.0130778188 -0.999047995 -0.0416181833 -0.0130778188 -0.999047995 -0.0416181833 -0.0130778188 -0.999047995 -0.0381503291 -0.0119551662 -0.999200523 -0.0381503291 -0.0119551662 -0.999200523 -0.0381503291 -0.0119551662 -0.999200523 -0.0796832293 -0.0250391271 -0.996505678 -0.0796832293 -0.0250391271 -0.996505678 -0.0796832293 -0.0250391271 -0.996505678 0.124510497 0.0391619466 -0.991445124 0.124510497 0.0391619466 -0.991445124 0.124510497 0.0391619466 -0.991445124 0.120241605 0.0377839133 -0.992025375 0.120241605 0.0377839133 -0.992025375 0.120241605 0.0377839133 -0.992025375 0.0810936615 0.0254823267 -0.996380687 0.0810936615 0.0254823267 -0.996380687 0.0810936615 0.0254823267 -0.996380687 0.206470504 0.0649329126 -0.976295888 0.206470504 0.0649329126 -0.976295888 0.206470504 0.0649329126 -0.976295888 0.199970216 0.0628373101 -0.977784932 0.199970216 0.0628373101 -0.977784932 0.199970216 0.0628373101 -0.977784932 0.161433503 0.0507277884 -0.985578954 0.161433503 0.0507277884 -0.985578954 0.161433503 0.0507277884 -0.985578954 0.286858916 0.0902082697 -0.953716099 0.286858916 0.0902082697 -0.953716099 0.286858916 0.0902082697 -0.953716099 0.278124779 0.0873960629 -0.956560791 0.278124779 0.0873960629 -0.956560791 0.278124779 0.0873960629 -0.956560791 0.240482599 0.0755676329 -0.967707396 0.240482599 0.0755676329 -0.967707396 0.240482599 0.0755676329 -0.967707396 0.365058184 0.11479339 -0.923880398 0.365058184 0.11479339 -0.923880398 0.365058184 0.11479339 -0.923880398 0.354168177 0.111291431 -0.928535998 0.354168177 0.111291431 -0.928535998 0.354168177 0.111291431 -0.928535998 0.31769678 0.0998309106 -0.942922354 0.31769678 0.0998309106 -0.942922354 0.31769678 0.0998309106 -0.942922354 0.440486014 0.138504922 -0.887010992 0.440486014 0.138504922 -0.887010992 0.440486014 0.138504922 -0.887010992 0.427567154 0.134355843 -0.893943429 0.427567154 0.134355843 -0.893943429 0.427567154 0.134355843 -0.893943429 0.392475367 0.123328842 -0.911456585 0.392475367 0.123328842 -0.911456585 0.392475367 0.123328842 -0.911456585 0.512557447 0.161158472 -0.843393624 0.512557447 0.161158472 -0.843393624 0.512557447 0.161158472 -0.843393624 0.49780646 0.156427354 -0.853064597 0.49780646 0.156427354 -0.853064597 0.49780646 0.156427354 -0.853064597 0.464369923 0.145920485 -0.873537481 0.464369923 0.145920485 -0.873537481 0.464369923 0.145920485 -0.873537481 0.580737174 0.182585403 -0.79335171 0.580737174 0.182585403 -0.79335171 0.580737174 0.182585403 -0.79335171 0.564412177 0.177357092 -0.806215465 0.564412177 0.177357092 -0.806215465 0.564412177 0.177357092 -0.806215465 0.532827735 0.167432204 -0.829494476 0.532827735 0.167432204 -0.829494476 0.532827735 0.167432204 -0.829494476 0.644490957 0.202617198 -0.73727721 0.644490957 0.202617198 -0.73727721 0.644490957 0.202617198 -0.73727721 0.62692523 0.197000802 -0.753760874 0.62692523 0.197000802 -0.753760874 0.62692523 0.197000802 -0.753760874 0.597420454 0.187729418 -0.779645085 0.597420454 0.187729418 -0.779645085 0.597420454 0.187729418 -0.779645085 0.703343809 0.221104071 -0.675588965 0.703343809 0.221104071 -0.675588965 0.703343809 0.221104071 -0.675588965 0.684919655 0.215224564 -0.696105897 0.684919655 0.215224564 -0.696105897 0.684919655 0.215224564 -0.696105897 0.65768522 0.206666589 -0.724388778 0.65768522 0.206666589 -0.724388778 0.65768522 0.206666589 -0.724388778 0.75684166 0.237902686 -0.608763516 0.75684166 0.237902686 -0.608763516 0.75684166 0.237902686 -0.608763516 0.738007843 0.231906608 -0.633690596 0.738007843 0.231906608 -0.633690596 0.738007843 0.231906608 -0.633690596 0.713231802 0.224121168 -0.664131045 0.713231802 0.224121168 -0.664131045 0.713231802 0.224121168 -0.664131045 0.804584026 0.252893656 -0.537298143 0.804584026 0.252893656 -0.537298143 0.804584026 0.252893656 -0.537298143 0.786599815 0.247175872 -0.565831065 0.786599815 0.247175872 -0.565831065 0.786599815 0.247175872 -0.565831065 0.763679802 0.239973634 -0.599337816 0.763679802 0.239973634 -0.599337816 0.763679802 0.239973634 -0.599337816 0.865255356 0.271892071 -0.42119807 0.865255356 0.271892071 -0.42119807 0.865255356 0.271892071 -0.42119807 0.848609507 0.266661376 -0.456895679 0.848609507 0.266661376 -0.456895679 0.848609507 0.266661376 -0.456895679 0.846203029 0.265948355 -0.461748719 0.846203029 0.265948355 -0.461748719 0.846203029 0.265948355 -0.461748719 0.828799844 0.260436535 -0.495240986 0.828799844 0.260436535 -0.495240986 0.828799844 0.260436535 -0.495240986 0.809381902 0.254334778 -0.529353082 0.809381902 0.254334778 -0.529353082 0.809381902 0.254334778 -0.529353082 0.880857527 0.276806533 -0.384015888 0.880857527 0.276806533 -0.384015888 0.880857527 0.276806533 -0.384015888 0.881381512 0.27698338 -0.382683694 0.881381512 0.27698338 -0.382683694 0.881381512 0.27698338 -0.382683694 0.895564854 0.281416297 -0.344628006 0.895564854 0.281416297 -0.344628006 0.895564854 0.281416297 -0.344628006 0.90775466 0.28524673 -0.307596713 0.90775466 0.28524673 -0.307596713 0.90775466 0.28524673 -0.307596713 0.909838438 0.285956025 -0.300704449 0.909838438 0.285956025 -0.300704449 0.909838438 0.285956025 -0.300704449 0.91969347 0.288998306 -0.265789151 0.91969347 0.288998306 -0.265789151 0.91969347 0.288998306 -0.265789151 0.928890884 0.291888416 -0.227953687 0.928890884 0.291888416 -0.227953687 0.928890884 0.291888416 -0.227953687 0.931371927 0.292745799 -0.216439962 0.931371927 0.292745799 -0.216439962 0.931371927 0.292745799 -0.216439962 0.93749404 0.294591814 -0.185258046 0.93749404 0.294591814 -0.185258046 0.93749404 0.294591814 -0.185258046 0.943653047 0.296527177 -0.14693737 0.943653047 0.296527177 -0.14693737 0.943653047 0.296527177 -0.14693737 0.945819676 0.297300816 -0.130527169 0.945819676 0.297300816 -0.130527169 0.945819676 0.297300816 -0.130527169 0.94887048 0.298166692 -0.103640892 0.94887048 0.298166692 -0.103640892 0.94887048 0.298166692 -0.103640892 0.951984107 0.299145103 -0.0651034489 0.951984107 0.299145103 -0.0651034489 0.951984107 0.299145103 -0.0651034489 0.953071892 0.299585372 -0.0436190069 0.953071892 0.299585372 -0.0436190069 0.953071892 0.299585372 -0.0436190069 0.953787386 0.299711734 -0.0215050373 0.953787386 0.299711734 -0.0215050373 0.953787386 0.299711734 -0.0215050373 -0.953100026 -0.299495727 0.0436198972 -0.953100026 -0.299495727 0.0436198972 -0.953100026 -0.299495727 0.0436198972 -0.953100026 -0.299495757 0.0436196551 -0.953100026 -0.299495757 0.0436196551 -0.953100026 -0.299495757 0.0436196551 -0.945846379 -0.297216415 0.130525962 -0.945846379 -0.297216415 0.130525962 -0.945846379 -0.297216415 0.130525962 -0.945846379 -0.297216415 0.130525798 -0.945846379 -0.297216415 0.130525798 -0.945846379 -0.297216415 0.130525798 -0.931394935 -0.292675287 0.216436327 -0.931394935 -0.292675287 0.216436327 -0.931394935 -0.292675287 0.216436327 -0.931394875 -0.292675287 0.216436476 -0.931394875 -0.292675287 0.216436476 -0.931394875 -0.292675287 0.216436476 -0.909852624 -0.285905987 0.300709069 -0.909852624 -0.285905987 0.300709069 -0.909852624 -0.285905987 0.300709069 -0.909852684 -0.285906017 0.30070892 -0.909852684 -0.285906017 0.30070892 -0.909852684 -0.285906017 0.30070892 -0.88138926 -0.276961863 0.382681489 -0.88138926 -0.276961863 0.382681489 -0.88138926 -0.276961863 0.382681489 -0.881389201 -0.276961833 0.382681608 -0.881389201 -0.276961833 0.382681608 -0.881389201 -0.276961833 0.382681608 -0.846212983 -0.265908271 0.461753607 -0.846212983 -0.265908271 0.461753607 -0.846212983 -0.265908271 0.461753607 -0.846212983 -0.265908271 0.461753607 -0.846212983 -0.265908271 0.461753607 -0.846212983 -0.265908271 0.461753607 -0.804603994 -0.252833366 0.537296653 -0.804603994 -0.252833366 0.537296653 -0.804603994 -0.252833366 0.537296653 -0.804604173 -0.252833426 0.537296355 -0.804604173 -0.252833426 0.537296355 -0.804604173 -0.252833426 0.537296355 -0.756865203 -0.237832263 0.608761728 -0.756865203 -0.237832263 0.608761728 -0.756865203 -0.237832263 0.608761728 -0.756865025 -0.237832189 0.608761966 -0.756865025 -0.237832189 0.608761966 -0.756865025 -0.237832189 0.608761966 -0.703371942 -0.221022874 0.675586283 -0.703371942 -0.221022874 0.675586283 -0.703371942 -0.221022874 0.675586283 -0.703370094 -0.221022204 0.675588429 -0.703370094 -0.221022204 0.675588429 -0.703370094 -0.221022204 0.675588429 -0.644515693 -0.202528208 0.737280011 -0.644515693 -0.202528208 0.737280011 -0.644515693 -0.202528208 0.737280011 -0.644517779 -0.202528954 0.737277985 -0.644517779 -0.202528954 0.737277985 -0.644517779 -0.202528954 0.737277985 -0.580763698 -0.182495296 0.793352962 -0.580763698 -0.182495296 0.793352962 -0.580763698 -0.182495296 0.793352962 -0.580763519 -0.182495236 0.79335314 -0.580763519 -0.182495236 0.79335314 -0.580763519 -0.182495236 0.79335314 -0.51259011 -0.16107288 0.843390107 -0.51259011 -0.16107288 0.843390107 -0.51259011 -0.16107288 0.843390107 -0.512588382 -0.161072269 0.843391299 -0.512588382 -0.161072269 0.843391299 -0.512588382 -0.161072269 0.843391299 -0.440506727 -0.138421819 0.887013674 -0.440506727 -0.138421819 0.887013674 -0.440506727 -0.138421819 0.887013674 -0.440509826 -0.138422906 0.887011945 -0.440509826 -0.138422906 0.887011945 -0.440509826 -0.138422906 0.887011945 -0.365090996 -0.114723787 0.923876107 -0.365090996 -0.114723787 0.923876107 -0.365090996 -0.114723787 0.923876107 -0.365089804 -0.114723369 0.923876584 -0.365089804 -0.114723369 0.923876584 -0.365089804 -0.114723369 0.923876584 -0.286873013 -0.0901450589 0.953717828 -0.286873013 -0.0901450589 0.953717828 -0.286873013 -0.0901450589 0.953717828 -0.286874115 -0.0901454315 0.95371747 -0.286874115 -0.0901454315 0.95371747 -0.286874115 -0.0901454315 0.95371747 -0.206479952 -0.0648829043 0.9762972 -0.206479952 -0.0648829043 0.9762972 -0.206479952 -0.0648829043 0.9762972 -0.206479132 -0.0648826212 0.976297379 -0.206479132 -0.0648826212 0.976297379 -0.206479132 -0.0648826212 0.976297379 -0.124519497 -0.0391281731 0.991445363 -0.124519497 -0.0391281731 0.991445363 -0.124519497 -0.0391281731 0.991445363 -0.12451946 -0.039128162 0.991445363 -0.12451946 -0.039128162 0.991445363 -0.12451946 -0.039128162 0.991445363 -0.0416165777 -0.013077314 0.999048054 -0.0416165777 -0.013077314 0.999048054 -0.0416165777 -0.013077314 0.999048054 -0.0416165963 -0.0130773196 0.999048054 -0.0416165963 -0.0130773196 0.999048054 -0.0416165963 -0.0130773196 0.999048054 0.0416166112 0.0130773252 0.999048054 0.0416166112 0.0130773252 0.999048054 0.0416166112 0.0130773252 0.999048054 0.0416167602 0.0130773764 0.999048054 0.0416167602 0.0130773764 0.999048054 0.0416167602 0.0130773764 0.999048054 0.124519497 0.039128188 0.991445363 0.124519497 0.039128188 0.991445363 0.124519497 0.039128188 0.991445363 0.124518983 0.0391280092 0.991445422 0.124518983 0.0391280092 0.991445422 0.124518983 0.0391280092 0.991445422 0.206479803 0.0648828298 0.976297259 0.206479803 0.0648828298 0.976297259 0.206479803 0.0648828298 0.976297259 0.206479922 0.064882867 0.9762972 0.206479922 0.064882867 0.9762972 0.206479922 0.064882867 0.9762972 0.286873251 0.090145126 0.953717768 0.286873251 0.090145126 0.953717768 0.286873251 0.090145126 0.953717768 0.286874115 0.090145424 0.95371747 0.286874115 0.090145424 0.95371747 0.286874115 0.090145424 0.95371747 0.365090996 0.114723787 0.923876107 0.365090996 0.114723787 0.923876107 0.365090996 0.114723787 0.923876107 0.365089804 0.114723369 0.923876584 0.365089804 0.114723369 0.923876584 0.365089804 0.114723369 0.923876584 0.440509975 0.138422906 0.887011886 0.440509975 0.138422906 0.887011886 0.440509975 0.138422906 0.887011886 0.440508276 0.13842231 0.88701278 0.440508276 0.13842231 0.88701278 0.440508276 0.13842231 0.88701278 0.512587905 0.161072105 0.843391597 0.512587905 0.161072105 0.843391597 0.512587905 0.161072105 0.843391597 0.51259011 0.161072895 0.843390107 0.51259011 0.161072895 0.843390107 0.51259011 0.161072895 0.843390107 0.58076185 0.18249473 0.793354452 0.58076185 0.18249473 0.793354452 0.58076185 0.18249473 0.793354452 0.580761671 0.18249467 0.79335463 0.580761671 0.18249467 0.79335463 0.580761671 0.18249467 0.79335463 0.644518137 0.202529073 0.737277627 0.644518137 0.202529073 0.737277627 0.644518137 0.202529073 0.737277627 0.644517779 0.202528939 0.737277985 0.644517779 0.202528939 0.737277985 0.644517779 0.202528939 0.737277985 0.703370035 0.221022278 0.675588429 0.703370035 0.221022278 0.675588429 0.703370035 0.221022278 0.675588429 0.703370035 0.221022278 0.675588429 0.703370035 0.221022278 0.675588429 0.703370035 0.221022278 0.675588429 0.756865025 0.237832189 0.608761966 0.756865025 0.237832189 0.608761966 0.756865025 0.237832189 0.608761966 0.756865025 0.237832189 0.608761966 0.756865025 0.237832189 0.608761966 0.756865025 0.237832189 0.608761966 0.804603815 0.252833307 0.537296951 0.804603815 0.252833307 0.537296951 0.804603815 0.252833307 0.537296951 0.804604173 0.252833426 0.537296355 0.804604173 0.252833426 0.537296355 0.804604173 0.252833426 0.537296355 0.846214533 0.265908778 0.461750478 0.846214533 0.265908778 0.461750478 0.846214533 0.265908778 0.461750478 0.846214533 0.265908778 0.461750478 0.846214533 0.265908778 0.461750478 0.846214533 0.265908778 0.461750478 0.881388128 0.276961505 0.38268435 0.881388128 0.276961505 0.38268435 0.881388128 0.276961505 0.38268435 0.881387889 0.276961386 0.382685006 0.881387889 0.276961386 0.382685006 0.881387889 0.276961386 0.382685006 0.909853756 0.285906345 0.300705284 0.909853756 0.285906345 0.300705284 0.909853756 0.285906345 0.300705284 0.909853756 0.285906345 0.300705284 0.909853756 0.285906345 0.300705284 0.909853756 0.285906345 0.300705284 0.9313941 0.292675018 0.21644029 0.9313941 0.292675018 0.21644029 0.9313941 0.292675018 0.21644029 0.9313941 0.292675018 0.21644029 0.9313941 0.292675018 0.21644029 0.9313941 0.292675018 0.21644029 0.945846319 0.297216386 0.130526587 0.945846319 0.297216386 0.130526587 0.945846319 0.297216386 0.130526587 0.945846379 0.297216445 0.130525798 0.945846379 0.297216445 0.130525798 0.945846379 0.297216445 0.130525798 0.953100026 0.299495757 0.0436196551 0.953100026 0.299495757 0.0436196551 0.953100026 0.299495757 0.0436196551 0.953100026 0.299495757 0.0436196551 0.953100026 0.299495757 0.0436196551 0.953100026 0.299495757 0.0436196551 0.286814034 -0.957875431 0.0145724975 0.286814034 -0.957875431 0.0145724975 0.286814034 -0.957875431 0.0145724975 0.307774395 -0.951345801 -0.0147000141 0.307774395 -0.951345801 -0.0147000141 0.307774395 -0.951345801 -0.0147000141 0.297303051 -0.954783142 -2.52136833e-05 0.297303051 -0.954783142 -2.52136833e-05 0.297303051 -0.954783142 -2.52136833e-05 0.297299862 -0.954784155 -7.96344193e-06 0.297299862 -0.954784155 -7.96344193e-06 0.297299862 -0.954784155 -7.96344193e-06 0.297296315 -0.954785287 8.45386512e-06 0.297296315 -0.954785287 8.45386512e-06 0.297296315 -0.954785287 8.45386512e-06 0.297297329 -0.95478493 3.95671395e-06 0.297297329 -0.95478493 3.95671395e-06 0.297297329 -0.95478493 3.95671395e-06 0.2972987 -0.954784513 -1.34387426e-06 0.2972987 -0.954784513 -1.34387426e-06 0.2972987 -0.954784513 -1.34387426e-06 0.297294468 -0.954785824 1.41520513e-05 0.297294468 -0.954785824 1.41520513e-05 0.297294468 -0.954785824 1.41520513e-05 0.297299415 -0.954784274 -2.96018538e-06 0.297299415 -0.954784274 -2.96018538e-06 0.297299415 -0.954784274 -2.96018538e-06 0.297283143 -0.95478934 8.25473253e-05 0.297283143 -0.95478934 8.25473253e-05 0.297283143 -0.95478934 8.25473253e-05 0.297299653 -0.954784214 -7.01971567e-06 0.297299653 -0.954784214 -7.01971567e-06 0.297299653 -0.954784214 -7.01971567e-06 0.297296852 -0.954785109 5.96109385e-06 0.297296852 -0.954785109 5.96109385e-06 0.297296852 -0.954785109 5.96109385e-06 0.29729706 -0.954785049 5.03379533e-06 0.29729706 -0.954785049 5.03379533e-06 0.29729706 -0.954785049 5.03379533e-06 0.2972987 -0.954784513 -1.34387426e-06 0.2972987 -0.954784513 -1.34387426e-06 0.2972987 -0.954784513 -1.34387426e-06 0.297303408 -0.954783082 -1.86892448e-05 0.297303408 -0.954783082 -1.86892448e-05 0.297303408 -0.954783082 -1.86892448e-05 0.297299415 -0.954784274 -2.96018538e-06 0.297299415 -0.954784274 -2.96018538e-06 0.297299415 -0.954784274 -2.96018538e-06 0.297305018 -0.954782546 -2.15446034e-05 0.297305018 -0.954782546 -2.15446034e-05 0.297305018 -0.954782546 -2.15446034e-05 0.297293514 -0.954786122 1.45541053e-05 0.297293514 -0.954786122 1.45541053e-05 0.297293514 -0.954786122 1.45541053e-05 0.297330916 -0.954774499 -8.92336102e-05 0.297330916 -0.954774499 -8.92336102e-05 0.297330916 -0.954774499 -8.92336102e-05 0.29729715 -0.954784989 2.64371079e-06 0.29729715 -0.954784989 2.64371079e-06 0.29729715 -0.954784989 2.64371079e-06 0.297291607 -0.954786718 1.59962219e-05 0.297291607 -0.954786718 1.59962219e-05 0.297291607 -0.954786718 1.59962219e-05 0.297309935 -0.954781055 -2.48423185e-05 0.297309935 -0.954781055 -2.48423185e-05 0.297309935 -0.954781055 -2.48423185e-05 0.297294408 -0.954785883 1.17721247e-05 0.297294408 -0.954785883 1.17721247e-05 0.297294408 -0.954785883 1.17721247e-05 0.297299474 -0.954784274 -4.15373779e-06 0.297299474 -0.954784274 -4.15373779e-06 0.297299474 -0.954784274 -4.15373779e-06 0.297273785 -0.954792261 6.71662856e-05 0.297273785 -0.954792261 6.71662856e-05 0.297273785 -0.954792261 6.71662856e-05 0.297298312 -0.954784632 -2.223222e-07 0.297298312 -0.954784632 -2.223222e-07 0.297298312 -0.954784632 -2.223222e-07 0.297300428 -0.954783976 -5.40035398e-06 0.297300428 -0.954783976 -5.40035398e-06 0.297300428 -0.954783976 -5.40035398e-06 0.297288597 -0.954787672 2.10544167e-05 0.297288597 -0.954787672 2.10544167e-05 0.297288597 -0.954787672 2.10544167e-05 0.297298461 -0.954784572 4.26497081e-06 0.297298461 -0.954784572 4.26497081e-06 0.297298461 -0.954784572 4.26497081e-06 0.297353566 -0.954767287 -0.000551274454 0.297353566 -0.954767287 -0.000551274454 0.297353566 -0.954767287 -0.000551274454 0.297297537 -0.95478487 5.57916928e-06 0.297297537 -0.95478487 5.57916928e-06 0.297297537 -0.95478487 5.57916928e-06 0.297294229 -0.954785943 3.89303605e-05 0.297294229 -0.954785943 3.89303605e-05 0.297294229 -0.954785943 3.89303605e-05 0.297296166 -0.954785287 1.95130779e-05 0.297296166 -0.954785287 1.95130779e-05 0.297296166 -0.954785287 1.95130779e-05 0.297328979 -0.954775095 -0.000216787739 0.297328979 -0.954775095 -0.000216787739 0.297328979 -0.954775095 -0.000216787739 0.29729715 -0.954784989 7.98867495e-06 0.29729715 -0.954784989 7.98867495e-06 0.29729715 -0.954784989 7.98867495e-06 0.297297955 -0.954784751 9.61411388e-07 0.297297955 -0.954784751 9.61411388e-07 0.297297955 -0.954784751 9.61411388e-07 0.297301412 -0.954783678 -6.03593571e-06 0.297301412 -0.954783678 -6.03593571e-06 0.297301412 -0.954783678 -6.03593571e-06 0.297295749 -0.954785466 4.88735577e-06 0.297295749 -0.954785466 4.88735577e-06 0.297295749 -0.954785466 4.88735577e-06 0.297298163 -0.954784691 -1.45748132e-07 0.297298163 -0.954784691 -1.45748132e-07 0.297298163 -0.954784691 -1.45748132e-07 0.297290504 -0.954787076 5.50044315e-05 0.297290504 -0.954787076 5.50044315e-05 0.297290504 -0.954787076 5.50044315e-05 0.297300339 -0.954784036 -1.44295391e-05 0.297300339 -0.954784036 -1.44295391e-05 0.297300339 -0.954784036 -1.44295391e-05 0.297308832 -0.954781353 -2.25553467e-05 0.297308832 -0.954781353 -2.25553467e-05 0.297308832 -0.954781353 -2.25553467e-05 0.297284067 -0.954789102 2.74755457e-05 0.297284067 -0.954789102 2.74755457e-05 0.297284067 -0.954789102 2.74755457e-05 0.297311306 -0.954780579 -2.52110367e-05 0.297311306 -0.954780579 -2.52110367e-05 0.297311306 -0.954780579 -2.52110367e-05 0.297299176 -0.954784393 1.09305602e-05 0.297299176 -0.954784393 1.09305602e-05 0.297299176 -0.954784393 1.09305602e-05 0.297300488 -0.954783976 3.00063493e-05 0.297300488 -0.954783976 3.00063493e-05 0.297300488 -0.954783976 3.00063493e-05 0.297298253 -0.954784691 -1.19488213e-05 0.297298253 -0.954784691 -1.19488213e-05 0.297298253 -0.954784691 -1.19488213e-05 0.297298074 -0.954784691 -1.895266e-05 0.297298074 -0.954784691 -1.895266e-05 0.297298074 -0.954784691 -1.895266e-05 0.297298551 -0.954784572 1.28059419e-05 0.297298551 -0.954784572 1.28059419e-05 0.297298551 -0.954784572 1.28059419e-05 0.297299117 -0.954784393 -2.53881299e-05 0.297299117 -0.954784393 -2.53881299e-05 0.297299117 -0.954784393 -2.53881299e-05 0.297298282 -0.954784632 8.90369392e-06 0.297298282 -0.954784632 8.90369392e-06 0.297298282 -0.954784632 8.90369392e-06 0.297299623 -0.954784214 -1.42911786e-05 0.297299623 -0.954784214 -1.42911786e-05 0.297299623 -0.954784214 -1.42911786e-05 0.29728964 -0.954787314 1.61552398e-05 0.29728964 -0.954787314 1.61552398e-05 0.29728964 -0.954787314 1.61552398e-05 0.297299623 -0.954784214 -1.2978885e-06 0.297299623 -0.954784214 -1.2978885e-06 0.297299623 -0.954784214 -1.2978885e-06 0.297299713 -0.954784214 -1.46650427e-06 0.297299713 -0.954784214 -1.46650427e-06 0.297299713 -0.954784214 -1.46650427e-06 0.297314733 -0.954779506 -2.52833979e-05 0.297314733 -0.954779506 -2.52833979e-05 0.297314733 -0.954779506 -2.52833979e-05 0.29728961 -0.954787374 1.31903971e-05 0.29728961 -0.954787374 1.31903971e-05 0.29728961 -0.954787374 1.31903971e-05 0.297299147 -0.954784393 -5.89455738e-07 0.297299147 -0.954784393 -5.89455738e-07 0.297299147 -0.954784393 -5.89455738e-07 0.297295719 -0.954785466 -2.69544871e-05 0.297295719 -0.954785466 -2.69544871e-05 0.297295719 -0.954785466 -2.69544871e-05 0.297299623 -0.954784214 3.08636481e-05 0.297299623 -0.954784214 3.08636481e-05 0.297299623 -0.954784214 3.08636481e-05 0.297297329 -0.95478493 -1.24125545e-05 0.297297329 -0.95478493 -1.24125545e-05 0.297297329 -0.95478493 -1.24125545e-05 0.297299325 -0.954784334 6.37543999e-05 0.297299325 -0.954784334 6.37543999e-05 0.297299325 -0.954784334 6.37543999e-05 0.297298163 -0.954784691 -1.48470363e-05 0.297298163 -0.954784691 -1.48470363e-05 0.297298163 -0.954784691 -1.48470363e-05 0.297298372 -0.954784632 -2.84151265e-05 0.297298372 -0.954784632 -2.84151265e-05 0.297298372 -0.954784632 -2.84151265e-05 0.297297418 -0.95478493 1.04263263e-05 0.297297418 -0.95478493 1.04263263e-05 0.297297418 -0.95478493 1.04263263e-05 0.297299504 -0.954784274 -2.58824803e-05 0.297299504 -0.954784274 -2.58824803e-05 0.297299504 -0.954784274 -2.58824803e-05 0.297289014 -0.954787552 1.5865231e-05 0.297289014 -0.954787552 1.5865231e-05 0.297289014 -0.954787552 1.5865231e-05 0.297298998 -0.954784453 -1.61200364e-06 0.297298998 -0.954784453 -1.61200364e-06 0.297298998 -0.954784453 -1.61200364e-06 0.29729861 -0.954784572 -9.39819699e-07 0.29729861 -0.954784572 -9.39819699e-07 0.29729861 -0.954784572 -9.39819699e-07 0.297292262 -0.954786539 9.10789913e-06 0.297292262 -0.954786539 9.10789913e-06 0.297292262 -0.954786539 9.10789913e-06 0.29730317 -0.954783142 -7.56318332e-06 0.29730317 -0.954783142 -7.56318332e-06 0.29730317 -0.954783142 -7.56318332e-06 0.29729861 -0.954784572 -9.90736567e-07 0.29729861 -0.954784572 -9.90736567e-07 0.29729861 -0.954784572 -9.90736567e-07 0.297301263 -0.954783738 1.70018229e-05 0.297301263 -0.954783738 1.70018229e-05 0.297301263 -0.954783738 1.70018229e-05 0.297291517 -0.954786777 -4.0332965e-05 0.297291517 -0.954786777 -4.0332965e-05 0.297291517 -0.954786777 -4.0332965e-05 0.297296137 -0.954785287 -1.65028159e-05 0.297296137 -0.954785287 -1.65028159e-05 0.297296137 -0.954785287 -1.65028159e-05 0.297302961 -0.954783201 3.570427e-05 0.297302961 -0.954783201 3.570427e-05 0.297302961 -0.954783201 3.570427e-05 0.297293812 -0.954786062 -4.75659726e-05 0.297293812 -0.954786062 -4.75659726e-05 0.297293812 -0.954786062 -4.75659726e-05 0.297302127 -0.95478344 2.91497636e-05 0.297302127 -0.95478344 2.91497636e-05 0.297302127 -0.95478344 2.91497636e-05 0.297296822 -0.954785109 -1.13477727e-05 0.297296822 -0.954785109 -1.13477727e-05 0.297296822 -0.954785109 -1.13477727e-05 0.297298729 -0.954784513 6.07351558e-06 0.297298729 -0.954784513 6.07351558e-06 0.297298729 -0.954784513 6.07351558e-06 0.297310591 -0.954780817 4.84186639e-05 0.297310591 -0.954780817 4.84186639e-05 0.297310591 -0.954780817 4.84186639e-05 0.297290057 -0.954787195 -3.30394942e-05 0.297290057 -0.954787195 -3.30394942e-05 0.297290057 -0.954787195 -3.30394942e-05 0.297295183 -0.954785645 -1.60713898e-05 0.297295183 -0.954785645 -1.60713898e-05 0.297295183 -0.954785645 -1.60713898e-05 0.29729405 -0.954785943 -2.14488791e-05 0.29729405 -0.954785943 -2.14488791e-05 0.29729405 -0.954785943 -2.14488791e-05 0.297299176 -0.954784393 4.80278459e-06 0.297299176 -0.954784393 4.80278459e-06 0.297299176 -0.954784393 4.80278459e-06 0.297293782 -0.954786062 -1.74854886e-05 0.297293782 -0.954786062 -1.74854886e-05 0.297293782 -0.954786062 -1.74854886e-05 0.29730773 -0.954781711 4.87709622e-05 0.29730773 -0.954781711 4.87709622e-05 0.29730773 -0.954781711 4.87709622e-05 0.297299743 -0.954784214 7.98984092e-06 0.297299743 -0.954784214 7.98984092e-06 0.297299743 -0.954784214 7.98984092e-06 0.297257751 -0.954797268 -0.000122649784 0.297257751 -0.954797268 -0.000122649784 0.297257751 -0.954797268 -0.000122649784 0.297315001 -0.954779446 5.09880083e-05 0.297315001 -0.954779446 5.09880083e-05 0.297315001 -0.954779446 5.09880083e-05 0.297304004 -0.954782844 1.74876532e-05 0.297304004 -0.954782844 1.74876532e-05 0.297304004 -0.954782844 1.74876532e-05 0.297286212 -0.954788387 -4.30209475e-05 0.297286212 -0.954788387 -4.30209475e-05 0.297286212 -0.954788387 -4.30209475e-05 0.297298282 -0.954784632 -5.25963856e-07 0.297298282 -0.954784632 -5.25963856e-07 0.297298282 -0.954784632 -5.25963856e-07 0.297292888 -0.954786301 -1.6035865e-05 0.297292888 -0.954786301 -1.6035865e-05 0.297292888 -0.954786301 -1.6035865e-05 0.297323227 -0.954776883 8.71281227e-05 0.297323227 -0.954776883 8.71281227e-05 0.297323227 -0.954776883 8.71281227e-05 0.297297537 -0.95478487 -3.32979562e-06 0.297297537 -0.95478487 -3.32979562e-06 0.297297537 -0.95478487 -3.32979562e-06 0.297297895 -0.954784751 -1.65191898e-06 0.297297895 -0.954784751 -1.65191898e-06 0.297297895 -0.954784751 -1.65191898e-06 0.297360301 -0.95476532 0.000161563381 0.297360301 -0.95476532 0.000161563381 0.297360301 -0.95476532 0.000161563381 0.297297597 -0.95478487 -4.64732739e-06 0.297297597 -0.95478487 -4.64732739e-06 0.297297597 -0.95478487 -4.64732739e-06 0.297297567 -0.95478487 1.03504669e-06 0.297297567 -0.95478487 1.03504669e-06 0.297297567 -0.95478487 1.03504669e-06 0.297351569 -0.954768062 0.000142308432 0.297351569 -0.954768062 0.000142308432 0.297351569 -0.954768062 0.000142308432 0.29729706 -0.954785049 -2.15684258e-06 0.29729706 -0.954785049 -2.15684258e-06 0.29729706 -0.954785049 -2.15684258e-06 0.297301233 -0.954783738 2.76344235e-06 0.297301233 -0.954783738 2.76344235e-06 0.297301233 -0.954783738 2.76344235e-06 0.29712534 -0.954838455 -0.000328670489 0.29712534 -0.954838455 -0.000328670489 0.29712534 -0.954838455 -0.000328670489 0.297301769 -0.954783559 7.22700042e-06 0.297301769 -0.954783559 7.22700042e-06 0.297301769 -0.954783559 7.22700042e-06 0.297328562 -0.954775214 5.76987986e-05 0.297328562 -0.954775214 5.76987986e-05 0.297328562 -0.954775214 5.76987986e-05 0.297338247 -0.954772234 6.14794189e-05 0.297338247 -0.954772234 6.14794189e-05 0.297338247 -0.954772234 6.14794189e-05 0.297296405 -0.954785228 -4.35046059e-06 0.297296405 -0.954785228 -4.35046059e-06 0.297296405 -0.954785228 -4.35046059e-06 0.297353506 -0.954767466 9.30024325e-05 0.297353506 -0.954767466 9.30024325e-05 0.297353506 -0.954767466 9.30024325e-05 0.297298223 -0.954784691 -1.27338737e-07 0.297298223 -0.954784691 -1.27338737e-07 0.297298223 -0.954784691 -1.27338737e-07 0.297305018 -0.954782546 1.41458395e-05 0.297305018 -0.954782546 1.41458395e-05 0.297305018 -0.954782546 1.41458395e-05 0.297237277 -0.954803646 -0.000143805184 0.297237277 -0.954803646 -0.000143805184 0.297237277 -0.954803646 -0.000143805184 0.297182024 -0.954820812 -0.000180359682 0.297182024 -0.954820812 -0.000180359682 0.297182024 -0.954820812 -0.000180359682 0.297297627 -0.95478487 1.54505153e-06 0.297297627 -0.95478487 1.54505153e-06 0.297297627 -0.95478487 1.54505153e-06 0.297367781 -0.954762995 0.000121139732 0.297367781 -0.954762995 0.000121139732 0.297367781 -0.954762995 0.000121139732 0.297299653 -0.954784214 2.73625801e-06 0.297299653 -0.954784214 2.73625801e-06 0.297299653 -0.954784214 2.73625801e-06 0.297289878 -0.954787254 -1.77210277e-05 0.297289878 -0.954787254 -1.77210277e-05 0.297289878 -0.954787254 -1.77210277e-05 0.297237039 -0.954803705 -0.000140952252 0.297237039 -0.954803705 -0.000140952252 0.297237039 -0.954803705 -0.000140952252 0.297301352 -0.954783678 6.45255295e-06 0.297301352 -0.954783678 6.45255295e-06 0.297301352 -0.954783678 6.45255295e-06 0.29730618 -0.954782188 1.26328632e-05 0.29730618 -0.954782188 1.26328632e-05 0.29730618 -0.954782188 1.26328632e-05 0.297346026 -0.95476979 6.74610055e-05 0.297346026 -0.95476979 6.74610055e-05 0.297346026 -0.95476979 6.74610055e-05 0.297265142 -0.954794943 -4.53523389e-05 0.297265142 -0.954794943 -4.53523389e-05 0.297265142 -0.954794943 -4.53523389e-05 0.297254384 -0.954798341 -6.14394012e-05 0.297254384 -0.954798341 -6.14394012e-05 0.297254384 -0.954798341 -6.14394012e-05 0.297432095 -0.954742968 0.000189516955 0.297432095 -0.954742968 0.000189516955 0.297432095 -0.954742968 0.000189516955 0.297274917 -0.954791903 -3.66005588e-05 0.297274917 -0.954791903 -3.66005588e-05 0.297274917 -0.954791903 -3.66005588e-05 0.29733184 -0.954774201 4.76679015e-05 0.29733184 -0.954774201 4.76679015e-05 0.29733184 -0.954774201 4.76679015e-05 0.297316164 -0.954779088 2.57969205e-05 0.297316164 -0.954779088 2.57969205e-05 0.297316164 -0.954779088 2.57969205e-05 0.297314167 -0.954779685 2.28130048e-05 0.297314167 -0.954779685 2.28130048e-05 0.297314167 -0.954779685 2.28130048e-05 0.297277093 -0.954791248 -2.95540012e-05 0.297277093 -0.954791248 -2.95540012e-05 0.297277093 -0.954791248 -2.95540012e-05 0.297309428 -0.954781175 1.69687719e-05 0.297309428 -0.954781175 1.69687719e-05 0.297309428 -0.954781175 1.69687719e-05 0.29736793 -0.954762936 8.0432219e-05 0.29736793 -0.954762936 8.0432219e-05 0.29736793 -0.954762936 8.0432219e-05 0.297360808 -0.954765201 7.19870222e-05 0.297360808 -0.954765201 7.19870222e-05 0.297360808 -0.954765201 7.19870222e-05 0.298089534 -0.954537451 0.000919101352 0.298089534 -0.954537451 0.000919101352 0.298089534 -0.954537451 0.000919101352 0.297157407 -0.954828501 -0.000160205047 0.297157407 -0.954828501 -0.000160205047 0.297157407 -0.954828501 -0.000160205047 0.29731074 -0.954780757 1.95797456e-05 0.29731074 -0.954780757 1.95797456e-05 0.29731074 -0.954780757 1.95797456e-05 0.297348469 -0.954769015 6.67011482e-05 0.297348469 -0.954769015 6.67011482e-05 0.297348469 -0.954769015 6.67011482e-05 0.296984464 -0.954882264 -0.000343274733 0.296984464 -0.954882264 -0.000343274733 0.296984464 -0.954882264 -0.000343274733 0.297418654 -0.95474714 0.000138081174 0.297418654 -0.95474714 0.000138081174 0.297418654 -0.95474714 0.000138081174 0.297288656 -0.954787672 -1.43417565e-05 0.297288656 -0.954787672 -1.43417565e-05 0.297288656 -0.954787672 -1.43417565e-05 0.297134876 -0.954835474 -0.00020628472 0.297134876 -0.954835474 -0.00020628472 0.297134876 -0.954835474 -0.00020628472 0.297305197 -0.954782486 1.29067957e-05 0.297305197 -0.954782486 1.29067957e-05 0.297305197 -0.954782486 1.29067957e-05 0.29762736 -0.954682052 0.000350347284 0.29762736 -0.954682052 0.000350347284 0.29762736 -0.954682052 0.000350347284 0.296996623 -0.954878449 -0.000330290757 0.296996623 -0.954878449 -0.000330290757 0.296996623 -0.954878449 -0.000330290757 0.297332406 -0.954774022 4.14132955e-05 0.297332406 -0.954774022 4.14132955e-05 0.297332406 -0.954774022 4.14132955e-05 0.297165453 -0.954825997 -0.000133465233 0.297165453 -0.954825997 -0.000133465233 0.297165453 -0.954825997 -0.000133465233 0.297212005 -0.954811513 -8.32025617e-05 0.297212005 -0.954811513 -8.32025617e-05 0.297212005 -0.954811513 -8.32025617e-05 -0.299773276 0.954010487 2.89827472e-06 -0.299773276 0.954010487 2.89827472e-06 -0.299773276 0.954010487 2.89827472e-06 -0.299784601 0.95400691 -2.11302086e-06 -0.299784601 0.95400691 -2.11302086e-06 -0.299784601 0.95400691 -2.11302086e-06 -0.299775153 0.954009891 3.60418244e-06 -0.299775153 0.954009891 3.60418244e-06 -0.299775153 0.954009891 3.60418244e-06 -0.299783111 0.954007387 -7.36437983e-07 -0.299783111 0.954007387 -7.36437983e-07 -0.299783111 0.954007387 -7.36437983e-07 -0.299779892 0.9540084 8.33452532e-07 -0.299779892 0.9540084 8.33452532e-07 -0.299779892 0.9540084 8.33452532e-07 -0.299788594 0.954005659 -2.94006622e-06 -0.299788594 0.954005659 -2.94006622e-06 -0.299788594 0.954005659 -2.94006622e-06 -0.299785346 0.954006672 -3.45384137e-06 -0.299785346 0.954006672 -3.45384137e-06 -0.299785346 0.954006672 -3.45384137e-06 -0.299782753 0.954007506 -1.385666e-06 -0.299782753 0.954007506 -1.385666e-06 -0.299782753 0.954007506 -1.385666e-06 -0.299775273 0.954009831 4.11024985e-06 -0.299775273 0.954009831 4.11024985e-06 -0.299775273 0.954009831 4.11024985e-06 -0.299782783 0.954007506 -1.57282739e-06 -0.299782783 0.954007506 -1.57282739e-06 -0.299782783 0.954007506 -1.57282739e-06 -0.299779773 0.95400846 4.31914799e-07 -0.299779773 0.95400846 4.31914799e-07 -0.299779773 0.95400846 4.31914799e-07 -0.29977715 0.954009235 2.01225066e-06 -0.29977715 0.954009235 2.01225066e-06 -0.29977715 0.954009235 2.01225066e-06 -0.299784929 0.954006791 -2.22068502e-06 -0.299784929 0.954006791 -2.22068502e-06 -0.299784929 0.954006791 -2.22068502e-06 -0.299775422 0.954009831 2.42406395e-06 -0.299775422 0.954009831 2.42406395e-06 -0.299775422 0.954009831 2.42406395e-06 -0.299787581 0.954005957 -2.86211207e-06 -0.299787581 0.954005957 -2.86211207e-06 -0.299787581 0.954005957 -2.86211207e-06 -0.299772561 0.954010725 2.87381954e-06 -0.299772561 0.954010725 2.87381954e-06 -0.299772561 0.954010725 2.87381954e-06 -0.299789786 0.954005301 -2.82646647e-06 -0.299789786 0.954005301 -2.82646647e-06 -0.299789786 0.954005301 -2.82646647e-06 -0.299779624 0.95400846 3.00726342e-08 -0.299779624 0.95400846 3.00726342e-08 -0.299779624 0.95400846 3.00726342e-08 -0.299768537 0.954011977 3.11880444e-06 -0.299768537 0.954011977 3.11880444e-06 -0.299768537 0.954011977 3.11880444e-06 -0.299787402 0.954006016 -1.76730634e-06 -0.299787402 0.954006016 -1.76730634e-06 -0.299787402 0.954006016 -1.76730634e-06 -0.299775243 0.954009831 1.64570463e-06 -0.299775243 0.954009831 1.64570463e-06 -0.299775243 0.954009831 1.64570463e-06 -0.299772829 0.954010606 2.20874335e-06 -0.299772829 0.954010606 2.20874335e-06 -0.299772829 0.954010606 2.20874335e-06 -0.299786389 0.954006374 -1.60522461e-06 -0.299786389 0.954006374 -1.60522461e-06 -0.299786389 0.954006374 -1.60522461e-06 -0.299775362 0.954009831 1.44516093e-06 -0.299775362 0.954009831 1.44516093e-06 -0.299775362 0.954009831 1.44516093e-06 -0.299775869 0.954009652 4.12410463e-06 -0.299775869 0.954009652 4.12410463e-06 -0.299775869 0.954009652 4.12410463e-06 -0.299779028 0.954008639 2.002663e-06 -0.299779028 0.954008639 2.002663e-06 -0.299779028 0.954008639 2.002663e-06 -0.299783707 0.954007208 -8.32576802e-07 -0.299783707 0.954007208 -8.32576802e-07 -0.299783707 0.954007208 -8.32576802e-07 -0.299785584 0.954006612 -3.00370675e-06 -0.299785584 0.954006612 -3.00370675e-06 -0.299785584 0.954006612 -3.00370675e-06 -0.299790621 0.954005003 -7.05841558e-06 -0.299790621 0.954005003 -7.05841558e-06 -0.299790621 0.954005003 -7.05841558e-06 -0.29977715 0.954009235 2.82229212e-06 -0.29977715 0.954009235 2.82229212e-06 -0.29977715 0.954009235 2.82229212e-06 -0.299782097 0.954007685 -4.91055118e-07 -0.299782097 0.954007685 -4.91055118e-07 -0.299782097 0.954007685 -4.91055118e-07 -0.299779743 0.95400846 9.37901746e-07 -0.299779743 0.95400846 9.37901746e-07 -0.299779743 0.95400846 9.37901746e-07 -0.299776912 0.954009354 2.48460992e-06 -0.299776912 0.954009354 2.48460992e-06 -0.299776912 0.954009354 2.48460992e-06 -0.299784571 0.95400691 -1.25475617e-06 -0.299784571 0.95400691 -1.25475617e-06 -0.299784571 0.95400691 -1.25475617e-06 -0.299780816 0.954008102 3.71234592e-07 -0.299780816 0.954008102 3.71234592e-07 -0.299780816 0.954008102 3.71234592e-07 -0.299783438 0.954007268 -6.23481924e-07 -0.299783438 0.954007268 -6.23481924e-07 -0.299783438 0.954007268 -6.23481924e-07 -0.299783766 0.954007208 -9.29648536e-07 -0.299783766 0.954007208 -9.29648536e-07 -0.299783766 0.954007208 -9.29648536e-07 -0.299772799 0.954010606 1.09349389e-06 -0.299772799 0.954010606 1.09349389e-06 -0.299772799 0.954010606 1.09349389e-06 -0.299780458 0.954008222 3.65181094e-08 -0.299780458 0.954008222 3.65181094e-08 -0.299780458 0.954008222 3.65181094e-08 -0.299785107 0.954006732 -8.19970126e-07 -0.299785107 0.954006732 -8.19970126e-07 -0.299785107 0.954006732 -8.19970126e-07 -0.299788862 0.954005599 -3.63274808e-06 -0.299788862 0.954005599 -3.63274808e-06 -0.299788862 0.954005599 -3.63274808e-06 -0.299767286 0.954012334 6.91430341e-06 -0.299767286 0.954012334 6.91430341e-06 -0.299767286 0.954012334 6.91430341e-06 -0.299789608 0.954005361 -2.78409948e-06 -0.299789608 0.954005361 -2.78409948e-06 -0.299789608 0.954005361 -2.78409948e-06 -0.299767941 0.954012156 5.89702131e-06 -0.299767941 0.954012156 5.89702131e-06 -0.299767941 0.954012156 5.89702131e-06 -0.29982093 0.953995466 -9.06173227e-06 -0.29982093 0.953995466 -9.06173227e-06 -0.29982093 0.953995466 -9.06173227e-06 -0.299736381 0.95402205 6.56755492e-06 -0.299736381 0.95402205 6.56755492e-06 -0.299736381 0.95402205 6.56755492e-06 -0.29982695 0.953993618 -5.930101e-06 -0.29982695 0.953993618 -5.930101e-06 -0.29982695 0.953993618 -5.930101e-06 -0.29976657 0.954012573 -3.93119336e-07 -0.29976657 0.954012573 -3.93119336e-07 -0.29976657 0.954012573 -3.93119336e-07 -0.299757987 0.954015255 -0 -0.299757987 0.954015255 -0 -0.299757987 0.954015255 -0 -0.299809694 0.953999043 0 -0.299809694 0.953999043 0 -0.299809694 0.953999043 0 -0.29979372 0.954004049 -5.04944182e-06 -0.29979372 0.954004049 -5.04944182e-06 -0.29979372 0.954004049 -5.04944182e-06 -0.29976505 0.95401305 5.88520606e-06 -0.29976505 0.95401305 5.88520606e-06 -0.29976505 0.95401305 5.88520606e-06 -0.299796224 0.954003274 -4.41856946e-06 -0.299796224 0.954003274 -4.41856946e-06 -0.299796224 0.954003274 -4.41856946e-06 -0.299784809 0.954006851 -9.49592618e-07 -0.299784809 0.954006851 -9.49592618e-07 -0.299784809 0.954006851 -9.49592618e-07 -0.299779654 0.95400846 7.53656025e-07 -0.299779654 0.95400846 7.53656025e-07 -0.299779654 0.95400846 7.53656025e-07 -0.299774319 0.954010129 2.25401777e-06 -0.299774319 0.954010129 2.25401777e-06 -0.299774319 0.954010129 2.25401777e-06 -0.299785465 0.954006612 -1.70968019e-06 -0.299785465 0.954006612 -1.70968019e-06 -0.299785465 0.954006612 -1.70968019e-06 -0.299780071 0.954008341 3.49432639e-07 -0.299780071 0.954008341 3.49432639e-07 -0.299780071 0.954008341 3.49432639e-07 -0.299789608 0.954005361 -2.80399831e-06 -0.299789608 0.954005361 -2.80399831e-06 -0.299789608 0.954005361 -2.80399831e-06 -0.299788356 0.954005718 -4.07803327e-06 -0.299788356 0.954005718 -4.07803327e-06 -0.299788356 0.954005718 -4.07803327e-06 -0.299776256 0.954009533 2.52320433e-06 -0.299776256 0.954009533 2.52320433e-06 -0.299776256 0.954009533 2.52320433e-06 -0.299776077 0.954009593 2.6063467e-06 -0.299776077 0.954009593 2.6063467e-06 -0.299776077 0.954009593 2.6063467e-06 -0.299784601 0.95400691 -1.14825309e-06 -0.299784601 0.95400691 -1.14825309e-06 -0.299784601 0.95400691 -1.14825309e-06 -0.299790204 0.954005122 -3.29023123e-06 -0.299790204 0.954005122 -3.29023123e-06 -0.299790204 0.954005122 -3.29023123e-06 -0.299766272 0.954012692 4.62392245e-06 -0.299766272 0.954012692 4.62392245e-06 -0.299766272 0.954012692 4.62392245e-06 -0.299732298 0.954023361 3.54138751e-06 -0.299732298 0.954023361 3.54138751e-06 -0.299732298 0.954023361 3.54138751e-06 -0.299853623 0.953985214 -7.58309534e-06 -0.299853623 0.953985214 -7.58309534e-06 -0.299853623 0.953985214 -7.58309534e-06 -0.299773037 0.954010546 2.72154352e-06 -0.299773037 0.954010546 2.72154352e-06 -0.299773037 0.954010546 2.72154352e-06 -0.299781501 0.954007864 7.56415886e-07 -0.299781501 0.954007864 7.56415886e-07 -0.299781501 0.954007864 7.56415886e-07 -0.29974705 0.954018712 7.12145402e-06 -0.29974705 0.954018712 7.12145402e-06 -0.29974705 0.954018712 7.12145402e-06 0.953100026 0.299495757 -0.0436196551 0.953100026 0.299495757 -0.0436196551 0.953100026 0.299495757 -0.0436196551 0.953100026 0.299495757 -0.0436196551 0.953100026 0.299495757 -0.0436196551 0.953100026 0.299495757 -0.0436196551 0.945846498 0.297216475 -0.130524859 0.945846498 0.297216475 -0.130524859 0.945846498 0.297216475 -0.130524859 0.945846617 0.297216475 -0.130524084 0.945846617 0.297216475 -0.130524084 0.945846617 0.297216475 -0.130524084 0.931393504 0.292674839 -0.216443121 0.931393504 0.292674839 -0.216443121 0.931393504 0.292674839 -0.216443121 0.931393504 0.292674839 -0.216443121 0.931393504 0.292674839 -0.216443121 0.931393504 0.292674839 -0.216443121 0.909853756 0.285906345 -0.300705284 0.909853756 0.285906345 -0.300705284 0.909853756 0.285906345 -0.300705284 0.909853756 0.285906345 -0.300705284 0.909853756 0.285906345 -0.300705284 0.909853756 0.285906345 -0.300705284 0.881389976 0.276962072 -0.382679611 0.881389976 0.276962072 -0.382679611 0.881389976 0.276962072 -0.382679611 0.881389737 0.276962012 -0.382680297 0.881389737 0.276962012 -0.382680297 0.881389737 0.276962012 -0.382680297 0.846214533 0.265908778 -0.461750478 0.846214533 0.265908778 -0.461750478 0.846214533 0.265908778 -0.461750478 0.846214533 0.265908778 -0.461750478 0.846214533 0.265908778 -0.461750478 0.846214533 0.265908778 -0.461750478 0.804603815 0.252833307 -0.537296951 0.804603815 0.252833307 -0.537296951 0.804603815 0.252833307 -0.537296951 0.804604173 0.252833396 -0.537296355 0.804604173 0.252833396 -0.537296355 0.804604173 0.252833396 -0.537296355 0.756865025 0.237832189 -0.608761966 0.756865025 0.237832189 -0.608761966 0.756865025 0.237832189 -0.608761966 0.756865025 0.237832189 -0.608761966 0.756865025 0.237832189 -0.608761966 0.756865025 0.237832189 -0.608761966 0.703364253 0.221020445 -0.675595105 0.703364253 0.221020445 -0.675595105 0.703364253 0.221020445 -0.675595105 0.703364253 0.221020445 -0.675595105 0.703364253 0.221020445 -0.675595105 0.703364253 0.221020445 -0.675595105 0.644518137 0.202529058 -0.737277627 0.644518137 0.202529058 -0.737277627 0.644518137 0.202529058 -0.737277627 0.644517779 0.202528954 -0.737277985 0.644517779 0.202528954 -0.737277985 0.644517779 0.202528954 -0.737277985 0.58076185 0.182494715 -0.793354452 0.58076185 0.182494715 -0.793354452 0.58076185 0.182494715 -0.793354452 0.580761671 0.18249467 -0.79335463 0.580761671 0.18249467 -0.79335463 0.580761671 0.18249467 -0.79335463 0.512587845 0.16107218 -0.843391597 0.512587845 0.16107218 -0.843391597 0.512587845 0.16107218 -0.843391597 0.51259011 0.161072806 -0.843390107 0.51259011 0.161072806 -0.843390107 0.51259011 0.161072806 -0.843390107 0.440520018 0.138425991 -0.887006402 0.440520018 0.138425991 -0.887006402 0.440520018 0.138425991 -0.887006402 0.44051829 0.138425514 -0.887007356 0.44051829 0.138425514 -0.887007356 0.44051829 0.138425514 -0.887007356 0.365080148 0.11472033 -0.923880816 0.365080148 0.11472033 -0.923880816 0.365080148 0.11472033 -0.923880816 0.365078926 0.114719987 -0.923881352 0.365078926 0.114719987 -0.923881352 0.365078926 0.114719987 -0.923881352 0.286873221 0.0901451483 -0.953717768 0.286873221 0.0901451483 -0.953717768 0.286873221 0.0901451483 -0.953717768 0.286874115 0.0901454017 -0.95371747 0.286874115 0.0901454017 -0.95371747 0.286874115 0.0901454017 -0.95371747 0.206491932 0.0648866445 -0.976294398 0.206491932 0.0648866445 -0.976294398 0.206491932 0.0648866445 -0.976294398 0.206492066 0.0648866743 -0.976294398 0.206492066 0.0648866743 -0.976294398 0.206492066 0.0648866743 -0.976294398 0.124519497 0.0391281694 -0.991445363 0.124519497 0.0391281694 -0.991445363 0.124519497 0.0391281694 -0.991445363 0.124518976 0.0391280241 -0.991445422 0.124518976 0.0391280241 -0.991445422 0.124518976 0.0391280241 -0.991445422 0.0416166112 0.0130773298 -0.999048054 0.0416166112 0.0130773298 -0.999048054 0.0416166112 0.0130773298 -0.999048054 0.0416167602 0.0130773727 -0.999048054 0.0416167602 0.0130773727 -0.999048054 0.0416167602 0.0130773727 -0.999048054 -0.0416165777 -0.0130773149 -0.999048054 -0.0416165777 -0.0130773149 -0.999048054 -0.0416165777 -0.0130773149 -0.999048054 -0.0416165963 -0.0130773196 -0.999048054 -0.0416165963 -0.0130773196 -0.999048054 -0.0416165963 -0.0130773196 -0.999048054 -0.124519497 -0.0391281731 -0.991445363 -0.124519497 -0.0391281731 -0.991445363 -0.124519497 -0.0391281731 -0.991445363 -0.12451946 -0.039128162 -0.991445363 -0.12451946 -0.039128162 -0.991445363 -0.12451946 -0.039128162 -0.991445363 -0.206492096 -0.0648866966 -0.976294398 -0.206492096 -0.0648866966 -0.976294398 -0.206492096 -0.0648866966 -0.976294398 -0.206491262 -0.0648864582 -0.976294577 -0.206491262 -0.0648864582 -0.976294577 -0.206491262 -0.0648864582 -0.976294577 -0.286873013 -0.0901450887 -0.953717828 -0.286873013 -0.0901450887 -0.953717828 -0.286873013 -0.0901450887 -0.953717828 -0.286874115 -0.0901454017 -0.95371747 -0.286874115 -0.0901454017 -0.95371747 -0.286874115 -0.0901454017 -0.95371747 -0.365080148 -0.114720337 -0.923880816 -0.365080148 -0.114720337 -0.923880816 -0.365080148 -0.114720337 -0.923880816 -0.365078926 -0.114719994 -0.923881352 -0.365078926 -0.114719994 -0.923881352 -0.365078926 -0.114719994 -0.923881352 -0.44051671 -0.138425067 -0.88700819 -0.44051671 -0.138425067 -0.88700819 -0.44051671 -0.138425067 -0.88700819 -0.440519869 -0.138425946 -0.887006462 -0.440519869 -0.138425946 -0.887006462 -0.440519869 -0.138425946 -0.887006462 -0.51259011 -0.16107282 -0.843390107 -0.51259011 -0.16107282 -0.843390107 -0.51259011 -0.16107282 -0.843390107 -0.512588382 -0.161072329 -0.843391299 -0.512588382 -0.161072329 -0.843391299 -0.512588382 -0.161072329 -0.843391299 -0.580763698 -0.182495296 -0.793352962 -0.580763698 -0.182495296 -0.793352962 -0.580763698 -0.182495296 -0.793352962 -0.580763519 -0.182495236 -0.79335314 -0.580763519 -0.182495236 -0.79335314 -0.580763519 -0.182495236 -0.79335314 -0.644515693 -0.202528298 -0.737280011 -0.644515693 -0.202528298 -0.737280011 -0.644515693 -0.202528298 -0.737280011 -0.644517779 -0.202528864 -0.737277985 -0.644517779 -0.202528864 -0.737277985 -0.644517779 -0.202528864 -0.737277985 -0.70336616 -0.221020967 -0.675592899 -0.70336616 -0.221020967 -0.675592899 -0.70336616 -0.221020967 -0.675592899 -0.703364253 -0.22102046 -0.675595105 -0.703364253 -0.22102046 -0.675595105 -0.703364253 -0.22102046 -0.675595105 -0.756865263 -0.237832248 -0.608761728 -0.756865263 -0.237832248 -0.608761728 -0.756865263 -0.237832248 -0.608761728 -0.756865025 -0.237832204 -0.608761966 -0.756865025 -0.237832204 -0.608761966 -0.756865025 -0.237832204 -0.608761966 -0.804603994 -0.252833366 -0.537296653 -0.804603994 -0.252833366 -0.537296653 -0.804603994 -0.252833366 -0.537296653 -0.804604173 -0.252833426 -0.537296355 -0.804604173 -0.252833426 -0.537296355 -0.804604173 -0.252833426 -0.537296355 -0.846212983 -0.265908271 -0.461753607 -0.846212983 -0.265908271 -0.461753607 -0.846212983 -0.265908271 -0.461753607 -0.846212983 -0.265908271 -0.461753607 -0.846212983 -0.265908271 -0.461753607 -0.846212983 -0.265908271 -0.461753607 -0.881391108 -0.276962429 -0.38267675 -0.881391108 -0.276962429 -0.38267675 -0.881391108 -0.276962429 -0.38267675 -0.881391048 -0.276962429 -0.382676899 -0.881391048 -0.276962429 -0.382676899 -0.881391048 -0.276962429 -0.382676899 -0.909852624 -0.285905987 -0.300709069 -0.909852624 -0.285905987 -0.300709069 -0.909852624 -0.285905987 -0.300709069 -0.909852684 -0.285905987 -0.30070892 -0.909852684 -0.285905987 -0.30070892 -0.909852684 -0.285905987 -0.30070892 -0.931394339 -0.292675108 -0.216439143 -0.931394339 -0.292675108 -0.216439143 -0.931394339 -0.292675108 -0.216439143 -0.931394279 -0.292675108 -0.216439307 -0.931394279 -0.292675108 -0.216439307 -0.931394279 -0.292675108 -0.216439307 -0.945846617 -0.297216505 -0.130524233 -0.945846617 -0.297216505 -0.130524233 -0.945846617 -0.297216505 -0.130524233 -0.945846617 -0.297216505 -0.130524084 -0.945846617 -0.297216505 -0.130524084 -0.945846617 -0.297216505 -0.130524084 -0.953100026 -0.299495757 -0.0436198972 -0.953100026 -0.299495757 -0.0436198972 -0.953100026 -0.299495757 -0.0436198972 -0.953100026 -0.299495757 -0.0436196551 -0.953100026 -0.299495757 -0.0436196551 -0.953100026 -0.299495757 -0.0436196551 0.953281283 0.299552709 0.0390251242 0.953281283 0.299552709 0.0390251242 0.953281283 0.299552709 0.0390251242 0.953089416 0.299529552 0.0436193794 0.953089416 0.299529552 0.0436193794 0.953089416 0.299529552 0.0436193794 0.945827544 0.297275752 0.130527169 0.945827544 0.297275752 0.130527169 0.945827544 0.297275752 0.130527169 0.946945786 0.297561884 0.121452078 0.946945786 0.297561884 0.121452078 0.946945786 0.297561884 0.121452078 0.950748861 0.298756957 0.0825884864 0.950748861 0.298756957 0.0825884864 0.950748861 0.298756957 0.0825884864 0.931370258 0.292752355 0.216438159 0.931370258 0.292752355 0.216438159 0.931370258 0.292752355 0.216438159 0.934133291 0.293535769 0.203056037 0.934133291 0.293535769 0.203056037 0.934133291 0.293535769 0.203056037 0.94099021 0.295690417 0.164634764 0.94099021 0.295690417 0.164634764 0.94099021 0.295690417 0.164634764 0.909825921 0.285993367 0.300706893 0.909825921 0.285993367 0.300706893 0.909825921 0.285993367 0.300706893 0.914922237 0.287499011 0.28330487 0.914922237 0.287499011 0.28330487 0.914922237 0.287499011 0.28330487 0.924790025 0.290599793 0.245591536 0.924790025 0.290599793 0.245591536 0.924790025 0.290599793 0.245591536 0.881360233 0.277051061 0.382683694 0.881360233 0.277051061 0.382683694 0.881360233 0.277051061 0.382683694 0.889442265 0.279492378 0.361630321 0.889442265 0.279492378 0.361630321 0.889442265 0.279492378 0.361630321 0.902258158 0.283519536 0.324879855 0.902258158 0.283519536 0.324879855 0.902258158 0.283519536 0.324879855 0.846188903 0.265993357 0.461748719 0.846188903 0.265993357 0.461748719 0.846188903 0.265993357 0.461748719 0.857867777 0.269570649 0.437486678 0.857867777 0.269570649 0.437486678 0.857867777 0.269570649 0.437486678 0.873548388 0.274498016 0.4019503 0.873548388 0.274498016 0.4019503 0.873548388 0.274498016 0.4019503 0.772447407 0.24272871 0.586862683 0.772447407 0.24272871 0.586862683 0.772447407 0.24272871 0.586862683 0.796072364 0.250152469 0.551083088 0.796072364 0.250152469 0.551083088 0.796072364 0.250152469 0.551083088 0.804576635 0.25291726 0.537298143 0.804576635 0.25291726 0.537298143 0.804576635 0.25291726 0.537298143 0.81823808 0.257117689 0.514176011 0.81823808 0.257117689 0.514176011 0.81823808 0.257117689 0.514176011 0.838842213 0.263592184 0.476301283 0.838842213 0.263592184 0.476301283 0.838842213 0.263592184 0.476301283 0.757104039 0.237997994 0.608399928 0.757104039 0.237997994 0.608399928 0.757104039 0.237997994 0.608399928 0.756840527 0.237916723 0.608759403 0.756840527 0.237916723 0.608759403 0.756840527 0.237916723 0.608759403 0.747282505 0.234821022 0.621633291 0.747282505 0.234821022 0.621633291 0.747282505 0.234821022 0.621633291 0.721559525 0.226738021 0.65417254 0.721559525 0.226738021 0.65417254 0.721559525 0.226738021 0.65417254 0.703340471 0.221101686 0.675593257 0.703340471 0.221101686 0.675593257 0.703340471 0.221101686 0.675593257 0.693655849 0.21796976 0.686535299 0.693655849 0.21796976 0.686535299 0.693655849 0.21796976 0.686535299 0.664825737 0.208910376 0.717191219 0.664825737 0.208910376 0.717191219 0.664825737 0.208910376 0.717191219 0.644493699 0.202608451 0.73727721 0.644493699 0.202608451 0.73727721 0.644493699 0.202608451 0.73727721 0.634334922 0.199329153 0.74691844 0.634334922 0.199329153 0.74691844 0.634334922 0.199329153 0.74691844 0.603206217 0.189547479 0.774734795 0.603206217 0.189547479 0.774734795 0.603206217 0.189547479 0.774734795 0.580741107 0.182572857 0.79335171 0.580741107 0.182572857 0.79335171 0.580741107 0.182572857 0.79335171 0.570386291 0.179234356 0.801582515 0.570386291 0.179234356 0.801582515 0.570386291 0.179234356 0.801582515 0.537224233 0.168813735 0.826372802 0.537224233 0.168813735 0.826372802 0.537224233 0.168813735 0.826372802 0.51256156 0.16114527 0.843393624 0.51256156 0.16114527 0.843393624 0.51256156 0.16114527 0.843393624 0.502311289 0.157842919 0.850158215 0.502311289 0.157842919 0.850158215 0.502311289 0.157842919 0.850158215 0.467387974 0.146868855 0.871767163 0.467387974 0.146868855 0.871767163 0.467387974 0.146868855 0.871767163 0.44048962 0.138493434 0.887010992 0.44048962 0.138493434 0.887010992 0.44048962 0.138493434 0.887010992 0.430660039 0.135327742 0.892310679 0.430660039 0.135327742 0.892310679 0.430660039 0.135327742 0.892310679 0.394239485 0.12388318 0.910619676 0.394239485 0.12388318 0.910619676 0.394239485 0.12388318 0.910619676 0.365067631 0.114787646 0.923877358 0.365067631 0.114787646 0.923877358 0.365067631 0.114787646 0.923877358 0.355955958 0.111853212 0.927784562 0.355955958 0.111853212 0.927784562 0.355955958 0.111853212 0.927784562 0.318303078 0.100021422 0.942697644 0.318303078 0.100021422 0.942697644 0.318303078 0.100021422 0.942697644 0.286852568 0.0902025774 0.953718543 0.286852568 0.0902025774 0.953718543 0.286852568 0.0902025774 0.953718543 0.278764009 0.0875969231 0.956356347 0.278764009 0.0875969231 0.956356347 0.278764009 0.0875969231 0.956356347 0.240193471 0.0754767805 0.967786312 0.240193471 0.0754767805 0.967786312 0.240193471 0.0754767805 0.967786312 0.206469968 0.0649346262 0.976295888 0.206469968 0.0649346262 0.976295888 0.206469968 0.0649346262 0.976295888 0.199681208 0.062746495 0.977849841 0.199681208 0.062746495 0.977849841 0.199681208 0.062746495 0.977849841 0.160439938 0.0504155755 0.985757232 0.160439938 0.0504155755 0.985757232 0.160439938 0.0504155755 0.985757232 0.124516465 0.0391709395 0.991444051 0.124516465 0.0391709395 0.991444051 0.124516465 0.0391709395 0.991444051 0.11927975 0.0374816693 0.992152929 0.11927975 0.0374816693 0.992152929 0.11927975 0.0374816693 0.992152929 0.0796745047 0.0250363816 0.996506453 0.0796745047 0.0250363816 0.996506453 0.0796745047 0.0250363816 0.996506453 0.0416014381 0.0131027447 0.999048352 0.0416014381 0.0131027447 0.999048352 0.0416014381 0.0131027447 0.999048352 0.0381322801 0.0119824316 0.999200881 0.0381322801 0.0119824316 0.999200881 0.0381322801 0.0119824316 0.999200881 -0.124528401 -0.0391309708 0.991444111 -0.124528401 -0.0391309708 0.991444111 -0.124528401 -0.0391309708 0.991444111 -0.161527455 -0.0504041724 0.985580206 -0.161527455 -0.0504041724 0.985580206 -0.161527455 -0.0504041724 0.985580206 -0.120250545 -0.0377867296 0.992024183 -0.120250545 -0.0377867296 0.992024183 -0.120250545 -0.0377867296 0.992024183 -0.0416100509 -0.0130752651 0.999048352 -0.0416100509 -0.0130752651 0.999048352 -0.0416100509 -0.0130752651 0.999048352 -0.0810383558 -0.0250921287 0.996395111 -0.0810383558 -0.0250921287 0.996395111 -0.0810383558 -0.0250921287 0.996395111 -0.0395285413 -0.0124211833 0.999141216 -0.0395285413 -0.0124211833 0.999141216 -0.0395285413 -0.0124211833 0.999141216 -0.286870271 -0.0901441947 0.953718781 -0.286870271 -0.0901441947 0.953718781 -0.286870271 -0.0901441947 0.953718781 -0.317749649 -0.0995403081 0.942935228 -0.317749649 -0.0995403081 0.942935228 -0.317749649 -0.0995403081 0.942935228 -0.278126538 -0.0873966068 0.956560194 -0.278126538 -0.0873966068 0.956560194 -0.278126538 -0.0873966068 0.956560194 -0.206486598 -0.0648849607 0.97629565 -0.206486598 -0.0648849607 0.97629565 -0.206486598 -0.0648849607 0.97629565 -0.24056904 -0.0752639696 0.967709601 -0.24056904 -0.0752639696 0.967709601 -0.24056904 -0.0752639696 0.967709601 -0.199970216 -0.0628373027 0.977784932 -0.199970216 -0.0628373027 0.977784932 -0.199970216 -0.0628373027 0.977784932 -0.440510511 -0.13842307 0.887011588 -0.440510511 -0.13842307 0.887011588 -0.440510511 -0.13842307 0.887011588 -0.464436859 -0.145685092 0.873541236 -0.464436859 -0.145685092 0.873541236 -0.464436859 -0.145685092 0.873541236 -0.42756477 -0.134355083 0.893944681 -0.42756477 -0.134355083 0.893944681 -0.42756477 -0.134355083 0.893944681 -0.365088701 -0.114723027 0.92387706 -0.365088701 -0.114723027 0.92387706 -0.365088701 -0.114723027 0.92387706 -0.392567217 -0.12307518 0.91145128 -0.392567217 -0.12307518 0.91145128 -0.392567217 -0.12307518 0.91145128 -0.354176104 -0.111293919 0.92853272 -0.354176104 -0.111293919 0.92853272 -0.354176104 -0.111293919 0.92853272 -0.580763936 -0.182495371 0.793352783 -0.580763936 -0.182495371 0.793352783 -0.580763936 -0.182495371 0.793352783 -0.597480416 -0.187547788 0.77964282 -0.597480416 -0.187547788 0.77964282 -0.597480416 -0.187547788 0.77964282 -0.564407587 -0.177355677 0.806218982 -0.564407587 -0.177355677 0.806218982 -0.564407587 -0.177355677 0.806218982 -0.512586236 -0.161071673 0.84339273 -0.512586236 -0.161071673 0.84339273 -0.512586236 -0.161071673 0.84339273 -0.532896101 -0.167224661 0.82949239 -0.532896101 -0.167224661 0.82949239 -0.532896101 -0.167224661 0.82949239 -0.49780944 -0.156428292 0.853062689 -0.49780944 -0.156428292 0.853062689 -0.49780944 -0.156428292 0.853062689 -0.703365922 -0.221021011 0.675593138 -0.703365922 -0.221021011 0.675593138 -0.703365922 -0.221021011 0.675593138 -0.713270009 -0.223993838 0.664133012 -0.713270009 -0.223993838 0.664133012 -0.713270009 -0.223993838 0.664133012 -0.684908509 -0.215221077 0.696117997 -0.684908509 -0.215221077 0.696117997 -0.684908509 -0.215221077 0.696117997 -0.644518673 -0.202529252 0.73727715 -0.644518673 -0.202529252 0.73727715 -0.644518673 -0.202529252 0.73727715 -0.65773809 -0.20651266 0.724384665 -0.65773809 -0.20651266 0.724384665 -0.65773809 -0.20651266 0.724384665 -0.626921892 -0.196999729 0.753763914 -0.626921892 -0.196999729 0.753763914 -0.626921892 -0.196999729 0.753763914 -0.804602981 -0.252833068 0.537298322 -0.804602981 -0.252833068 0.537298322 -0.804602981 -0.252833068 0.537298322 -0.809407234 -0.254257888 0.529351354 -0.809407234 -0.254257888 0.529351354 -0.809407234 -0.254257888 0.529351354 -0.786595643 -0.247174546 0.565837502 -0.786595643 -0.247174546 0.565837502 -0.786595643 -0.247174546 0.565837502 -0.756866872 -0.237832785 0.608759522 -0.756866872 -0.237832785 0.608759522 -0.756866872 -0.237832785 0.608759522 -0.763713419 -0.239877403 0.599333465 -0.763713419 -0.239877403 0.599333465 -0.763713419 -0.239877403 0.599333465 -0.738018095 -0.231909871 0.633677483 -0.738018095 -0.231909871 0.633677483 -0.738018095 -0.231909871 0.633677483 -0.881389081 -0.276961774 0.382681936 -0.881389081 -0.276961774 0.382681936 -0.881389081 -0.276961774 0.382681936 -0.895650923 -0.281075001 0.344682813 -0.895650923 -0.281075001 0.344682813 -0.895650923 -0.281075001 0.344682813 -0.880866945 -0.27678588 0.384009153 -0.880866945 -0.27678588 0.384009153 -0.880866945 -0.27678588 0.384009153 -0.865151942 -0.271859556 0.421431422 -0.865151942 -0.271859556 0.421431422 -0.865151942 -0.271859556 0.421431422 -0.846215487 -0.265909076 0.461748511 -0.846215487 -0.265909076 0.461748511 -0.846215487 -0.265909076 0.461748511 -0.848624468 -0.266616702 0.456893891 -0.848624468 -0.266616702 0.456893891 -0.848624468 -0.266616702 0.456893891 -0.828786492 -0.260432333 0.495265543 -0.828786492 -0.260432333 0.495265543 -0.828786492 -0.260432333 0.495265543 -0.931395173 -0.292675346 0.216435239 -0.931395173 -0.292675346 0.216435239 -0.931395173 -0.292675346 0.216435239 -0.937575936 -0.29433018 0.1852597 -0.937575936 -0.29433018 0.1852597 -0.937575936 -0.29433018 0.1852597 -0.92889148 -0.291888624 0.227951035 -0.92889148 -0.291888624 0.227951035 -0.92889148 -0.291888624 0.227951035 -0.909852564 -0.285905957 0.300709218 -0.909852564 -0.285905957 0.300709218 -0.909852564 -0.285905957 0.300709218 -0.919776261 -0.288695961 0.265831202 -0.919776261 -0.288695961 0.265831202 -0.919776261 -0.288695961 0.265831202 -0.907755733 -0.285247058 0.307593375 -0.907755733 -0.285247058 0.307593375 -0.907755733 -0.285247058 0.307593375 -0.953099906 -0.299495727 0.0436216816 -0.953099906 -0.299495727 0.0436216816 -0.953099906 -0.299495727 0.0436216816 -0.953844249 -0.29952991 0.021515796 -0.953844249 -0.29952991 0.021515796 -0.953844249 -0.29952991 0.021515796 -0.951984763 -0.299145281 0.0650933906 -0.951984763 -0.299145281 0.0650933906 -0.951984763 -0.299145281 0.0650933906 -0.9458462 -0.297216356 0.130527422 -0.9458462 -0.297216356 0.130527422 -0.9458462 -0.297216356 0.130527422 -0.948940396 -0.297944158 0.103640951 -0.948940396 -0.297944158 0.103640951 -0.948940396 -0.297944158 0.103640951 -0.943653464 -0.296527326 0.146934167 -0.943653464 -0.296527326 0.146934167 -0.943653464 -0.296527326 0.146934167 -0.299784601 0.95400691 1.41058683e-06 -0.299784601 0.95400691 1.41058683e-06 -0.299784601 0.95400691 1.41058683e-06 -0.299787045 0.954006135 2.41064595e-06 -0.299787045 0.954006135 2.41064595e-06 -0.299787045 0.954006135 2.41064595e-06 -0.299786329 0.954006374 1.89034358e-06 -0.299786329 0.954006374 1.89034358e-06 -0.299786329 0.954006374 1.89034358e-06 -0.299776196 0.954009533 -3.34635752e-06 -0.299776196 0.954009533 -3.34635752e-06 -0.299776196 0.954009533 -3.34635752e-06 -0.299782425 0.954007566 2.12921736e-06 -0.299782425 0.954007566 2.12921736e-06 -0.299782425 0.954007566 2.12921736e-06 -0.299784243 0.95400703 3.27496127e-06 -0.299784243 0.95400703 3.27496127e-06 -0.299784243 0.95400703 3.27496127e-06 -0.299780786 0.954008102 -3.39775994e-07 -0.299780786 0.954008102 -3.39775994e-07 -0.299780786 0.954008102 -3.39775994e-07 -0.299780339 0.954008281 -6.82972484e-07 -0.299780339 0.954008281 -6.82972484e-07 -0.299780339 0.954008281 -6.82972484e-07 -0.299782932 0.954007447 2.56264002e-06 -0.299782932 0.954007447 2.56264002e-06 -0.299782932 0.954007447 2.56264002e-06 -0.299778581 0.954008818 -1.4378511e-06 -0.299778581 0.954008818 -1.4378511e-06 -0.299778581 0.954008818 -1.4378511e-06 -0.299777448 0.954009175 -3.1390116e-06 -0.299777448 0.954009175 -3.1390116e-06 -0.299777448 0.954009175 -3.1390116e-06 -0.299780995 0.954008043 7.44147144e-07 -0.299780995 0.954008043 7.44147144e-07 -0.299780995 0.954008043 7.44147144e-07 -0.299780011 0.954008341 -1.07270534e-06 -0.299780011 0.954008341 -1.07270534e-06 -0.299780011 0.954008341 -1.07270534e-06 -0.299780905 0.954008102 1.26163101e-07 -0.299780905 0.954008102 1.26163101e-07 -0.299780905 0.954008102 1.26163101e-07 -0.299781352 0.954007924 1.09411417e-06 -0.299781352 0.954007924 1.09411417e-06 -0.299781352 0.954007924 1.09411417e-06 -0.299782127 0.954007685 2.30444152e-06 -0.299782127 0.954007685 2.30444152e-06 -0.299782127 0.954007685 2.30444152e-06 -0.299780011 0.954008341 -3.76728553e-06 -0.299780011 0.954008341 -3.76728553e-06 -0.299780011 0.954008341 -3.76728553e-06 -0.299781173 0.954007983 -1.52702796e-06 -0.299781173 0.954007983 -1.52702796e-06 -0.299781173 0.954007983 -1.52702796e-06 -0.299783796 0.954007149 8.6454902e-06 -0.299783796 0.954007149 8.6454902e-06 -0.299783796 0.954007149 8.6454902e-06 -0.299779177 0.954008639 -2.35948664e-06 -0.299779177 0.954008639 -2.35948664e-06 -0.299779177 0.954008639 -2.35948664e-06 -0.299779028 0.954008639 -3.15760644e-06 -0.299779028 0.954008639 -3.15760644e-06 -0.299779028 0.954008639 -3.15760644e-06 -0.299781024 0.954008043 2.97397446e-06 -0.299781024 0.954008043 2.97397446e-06 -0.299781024 0.954008043 2.97397446e-06 -0.299780875 0.954008102 1.318812e-06 -0.299780875 0.954008102 1.318812e-06 -0.299780875 0.954008102 1.318812e-06 -0.299780369 0.954008222 -7.9754534e-07 -0.299780369 0.954008222 -7.9754534e-07 -0.299780369 0.954008222 -7.9754534e-07 -0.299780369 0.954008222 -1.34142147e-06 -0.299780369 0.954008222 -1.34142147e-06 -0.299780369 0.954008222 -1.34142147e-06 -0.299780697 0.954008162 8.12008352e-07 -0.299780697 0.954008162 8.12008352e-07 -0.299780697 0.954008162 8.12008352e-07 -0.299780488 0.954008222 3.35863069e-06 -0.299780488 0.954008222 3.35863069e-06 -0.299780488 0.954008222 3.35863069e-06 -0.299780071 0.954008341 -3.10265932e-06 -0.299780071 0.954008341 -3.10265932e-06 -0.299780071 0.954008341 -3.10265932e-06 -0.299781114 0.954007983 -9.26470238e-06 -0.299781114 0.954007983 -9.26470238e-06 -0.299781114 0.954007983 -9.26470238e-06 -0.299780875 0.954008102 2.75572575e-06 -0.299780875 0.954008102 2.75572575e-06 -0.299780875 0.954008102 2.75572575e-06 -0.299780577 0.954008162 3.95008055e-06 -0.299780577 0.954008162 3.95008055e-06 -0.299780577 0.954008162 3.95008055e-06 -0.299780816 0.954008102 1.4100259e-06 -0.299780816 0.954008102 1.4100259e-06 -0.299780816 0.954008102 1.4100259e-06 -0.29978165 0.954007864 -9.61578849e-07 -0.29978165 0.954007864 -9.61578849e-07 -0.29978165 0.954007864 -9.61578849e-07 -0.299781919 0.954007745 -2.38925554e-06 -0.299781919 0.954007745 -2.38925554e-06 -0.299781919 0.954007745 -2.38925554e-06 -0.299780309 0.954008281 1.24157043e-06 -0.299780309 0.954008281 1.24157043e-06 -0.299780309 0.954008281 1.24157043e-06 -0.299780726 0.954008162 -2.34235841e-07 -0.299780726 0.954008162 -2.34235841e-07 -0.299780726 0.954008162 -2.34235841e-07 -0.299778491 0.954008818 3.82613598e-06 -0.299778491 0.954008818 3.82613598e-06 -0.299778491 0.954008818 3.82613598e-06 -0.299780339 0.954008281 -1.1839079e-06 -0.299780339 0.954008281 -1.1839079e-06 -0.299780339 0.954008281 -1.1839079e-06 -0.299781859 0.954007804 -3.44133468e-06 -0.299781859 0.954007804 -3.44133468e-06 -0.299781859 0.954007804 -3.44133468e-06 -0.299779296 0.954008579 2.00022896e-06 -0.299779296 0.954008579 2.00022896e-06 -0.299779296 0.954008579 2.00022896e-06 -0.299780697 0.954008162 2.46497223e-07 -0.299780697 0.954008162 2.46497223e-07 -0.299780697 0.954008162 2.46497223e-07 -0.299780399 0.954008222 7.42668021e-07 -0.299780399 0.954008222 7.42668021e-07 -0.299780399 0.954008222 7.42668021e-07 -0.299782783 0.954007506 -1.74184163e-06 -0.299782783 0.954007506 -1.74184163e-06 -0.299782783 0.954007506 -1.74184163e-06 -0.299784034 0.954007089 -3.52287361e-06 -0.299784034 0.954007089 -3.52287361e-06 -0.299784034 0.954007089 -3.52287361e-06 -0.29978469 0.95400691 -4.12495683e-06 -0.29978469 0.95400691 -4.12495683e-06 -0.29978469 0.95400691 -4.12495683e-06 -0.299777269 0.954009235 4.77650383e-06 -0.299777269 0.954009235 4.77650383e-06 -0.299777269 0.954009235 4.77650383e-06 -0.299784929 0.954006791 -8.56975475e-07 -0.299784929 0.954006791 -8.56975475e-07 -0.299784929 0.954006791 -8.56975475e-07 -0.299786836 0.954006195 -2.76495302e-06 -0.299786836 0.954006195 -2.76495302e-06 -0.299786836 0.954006195 -2.76495302e-06 -0.299775511 0.954009771 4.082945e-06 -0.299775511 0.954009771 4.082945e-06 -0.299775511 0.954009771 4.082945e-06 -0.299779296 0.954008579 9.09780681e-07 -0.299779296 0.954008579 9.09780681e-07 -0.299779296 0.954008579 9.09780681e-07 -0.299771905 0.954010904 4.52050972e-06 -0.299771905 0.954010904 4.52050972e-06 -0.299771905 0.954010904 4.52050972e-06 -0.299777955 0.954008996 2.8959559e-07 -0.299777955 0.954008996 2.8959559e-07 -0.299777955 0.954008996 2.8959559e-07 -0.299791187 0.954004824 -4.7639387e-06 -0.299791187 0.954004824 -4.7639387e-06 -0.299791187 0.954004824 -4.7639387e-06 -0.299782991 0.954007447 -4.32749943e-08 -0.299782991 0.954007447 -4.32749943e-08 -0.299782991 0.954007447 -4.32749943e-08 -0.299776912 0.954009354 1.66460813e-06 -0.299776912 0.954009354 1.66460813e-06 -0.299776912 0.954009354 1.66460813e-06 -0.29978624 0.954006374 -2.64472806e-06 -0.29978624 0.954006374 -2.64472806e-06 -0.29978624 0.954006374 -2.64472806e-06 -0.299772978 0.954010546 -1.93066853e-07 -0.299772978 0.954010546 -1.93066853e-07 -0.299772978 0.954010546 -1.93066853e-07 -0.299772888 0.954010606 -1.60291805e-07 -0.299772888 0.954010606 -1.60291805e-07 -0.299772888 0.954010606 -1.60291805e-07 -0.299787521 0.954006016 -1.50262463e-06 -0.299787521 0.954006016 -1.50262463e-06 -0.299787521 0.954006016 -1.50262463e-06 -0.29978168 0.954007864 -0 -0.29978168 0.954007864 -0 -0.29978168 0.954007864 -0 -0.299787343 0.954006076 0 -0.299787343 0.954006076 0 -0.299787343 0.954006076 0 -0.299781471 0.954007924 9.4772156e-07 -0.299781471 0.954007924 9.4772156e-07 -0.299781471 0.954007924 9.4772156e-07 -0.299772978 0.954010546 1.69016374e-07 -0.299772978 0.954010546 1.69016374e-07 -0.299772978 0.954010546 1.69016374e-07 -0.299788862 0.954005599 -9.21423862e-07 -0.299788862 0.954005599 -9.21423862e-07 -0.299788862 0.954005599 -9.21423862e-07 -0.299777448 0.954009175 -3.03272009e-06 -0.299777448 0.954009175 -3.03272009e-06 -0.299777448 0.954009175 -3.03272009e-06 -0.299771398 0.954011083 -3.17094396e-06 -0.299771398 0.954011083 -3.17094396e-06 -0.299771398 0.954011083 -3.17094396e-06 -0.299791604 0.954004705 2.50931816e-06 -0.299791604 0.954004705 2.50931816e-06 -0.299791604 0.954004705 2.50931816e-06 -0.299790591 0.954005063 2.39070619e-06 -0.299790591 0.954005063 2.39070619e-06 -0.299790591 0.954005063 2.39070619e-06 -0.299771965 0.954010904 -4.70840178e-06 -0.299771965 0.954010904 -4.70840178e-06 -0.299771965 0.954010904 -4.70840178e-06 -0.29977119 0.954011142 -4.87518901e-06 -0.29977119 0.954011142 -4.87518901e-06 -0.29977119 0.954011142 -4.87518901e-06 -0.299796909 0.954003036 7.70460974e-06 -0.299796909 0.954003036 7.70460974e-06 -0.299796909 0.954003036 7.70460974e-06 -0.299785435 0.954006672 4.19620437e-06 -0.299785435 0.954006672 4.19620437e-06 -0.299785435 0.954006672 4.19620437e-06 -0.299773365 0.954010427 -3.106338e-06 -0.299773365 0.954010427 -3.106338e-06 -0.299773365 0.954010427 -3.106338e-06 -0.299779803 0.9540084 -4.77289746e-07 -0.299779803 0.9540084 -4.77289746e-07 -0.299779803 0.9540084 -4.77289746e-07 -0.299775243 0.954009831 -3.84304667e-06 -0.299775243 0.954009831 -3.84304667e-06 -0.299775243 0.954009831 -3.84304667e-06 -0.2997832 0.954007328 2.80390964e-07 -0.2997832 0.954007328 2.80390964e-07 -0.2997832 0.954007328 2.80390964e-07 -0.299792737 0.954004347 8.65079619e-06 -0.299792737 0.954004347 8.65079619e-06 -0.299792737 0.954004347 8.65079619e-06 -0.299784303 0.95400703 3.29415775e-06 -0.299784303 0.95400703 3.29415775e-06 -0.299784303 0.95400703 3.29415775e-06 -0.299772203 0.954010785 -9.37335608e-06 -0.299772203 0.954010785 -9.37335608e-06 -0.299772203 0.954010785 -9.37335608e-06 -0.299781799 0.954007804 -2.00490354e-06 -0.299781799 0.954007804 -2.00490354e-06 -0.299781799 0.954007804 -2.00490354e-06 -0.299784541 0.95400691 1.42586862e-06 -0.299784541 0.95400691 1.42586862e-06 -0.299784541 0.95400691 1.42586862e-06 -0.299780071 0.954008341 -2.6855771e-06 -0.299780071 0.954008341 -2.6855771e-06 -0.299780071 0.954008341 -2.6855771e-06 -0.299779117 0.954008639 -4.1087992e-06 -0.299779117 0.954008639 -4.1087992e-06 -0.299779117 0.954008639 -4.1087992e-06 -0.299782544 0.954007566 -3.76643413e-07 -0.299782544 0.954007566 -3.76643413e-07 -0.299782544 0.954007566 -3.76643413e-07 -0.29978773 0.954005957 9.0593503e-06 -0.29978773 0.954005957 9.0593503e-06 -0.29978773 0.954005957 9.0593503e-06 -0.299780935 0.954008043 1.98744274e-07 -0.299780935 0.954008043 1.98744274e-07 -0.299780935 0.954008043 1.98744274e-07 -0.299776137 0.954009593 -1.06390353e-05 -0.299776137 0.954009593 -1.06390353e-05 -0.299776137 0.954009593 -1.06390353e-05 -0.299779385 0.954008579 -5.50686673e-06 -0.299779385 0.954008579 -5.50686673e-06 -0.299779385 0.954008579 -5.50686673e-06 -0.299784154 0.95400703 8.1651815e-06 -0.299784154 0.95400703 8.1651815e-06 -0.299784154 0.95400703 8.1651815e-06 -0.2997832 0.954007328 6.350484e-06 -0.2997832 0.954007328 6.350484e-06 -0.2997832 0.954007328 6.350484e-06 -0.299780637 0.954008162 -3.61207117e-06 -0.299780637 0.954008162 -3.61207117e-06 -0.299780637 0.954008162 -3.61207117e-06 -0.299777865 0.954009056 -1.02399545e-05 -0.299777865 0.954009056 -1.02399545e-05 -0.299777865 0.954009056 -1.02399545e-05 -0.299779087 0.954008639 -2.96324038e-06 -0.299779087 0.954008639 -2.96324038e-06 -0.299779087 0.954008639 -2.96324038e-06 -0.299780995 0.954008043 2.89680634e-06 -0.299780995 0.954008043 2.89680634e-06 -0.299780995 0.954008043 2.89680634e-06 -0.299780846 0.954008102 1.24372252e-06 -0.299780846 0.954008102 1.24372252e-06 -0.299780846 0.954008102 1.24372252e-06 -0.299782276 0.954007626 7.3512274e-06 -0.299782276 0.954007626 7.3512274e-06 -0.299782276 0.954007626 7.3512274e-06 -0.299782276 0.954007626 -1.17847367e-06 -0.299782276 0.954007626 -1.17847367e-06 -0.299782276 0.954007626 -1.17847367e-06 -0.299781352 0.954007924 -7.39305142e-06 -0.299781352 0.954007924 -7.39305142e-06 -0.299781352 0.954007924 -7.39305142e-06 -0.299780488 0.954008222 3.15544526e-06 -0.299780488 0.954008222 3.15544526e-06 -0.299780488 0.954008222 3.15544526e-06 -0.299780101 0.954008341 -3.01979412e-06 -0.299780101 0.954008341 -3.01979412e-06 -0.299780101 0.954008341 -3.01979412e-06 -0.299779058 0.954008639 3.23917925e-06 -0.299779058 0.954008639 3.23917925e-06 -0.299779058 0.954008639 3.23917925e-06 -0.299778908 0.954008698 1.04784895e-05 -0.299778908 0.954008698 1.04784895e-05 -0.299778908 0.954008698 1.04784895e-05 -0.299783707 0.954007208 -8.31325633e-06 -0.299783707 0.954007208 -8.31325633e-06 -0.299783707 0.954007208 -8.31325633e-06 -0.299783468 0.954007268 -6.2557715e-06 -0.299783468 0.954007268 -6.2557715e-06 -0.299783468 0.954007268 -6.2557715e-06 -0.299777418 0.954009175 1.12011094e-05 -0.299777418 0.954009175 1.12011094e-05 -0.299777418 0.954009175 1.12011094e-05 -0.299778581 0.954008818 5.14722706e-06 -0.299778581 0.954008818 5.14722706e-06 -0.299778581 0.954008818 5.14722706e-06 -0.299785435 0.954006672 -1.0307409e-05 -0.299785435 0.954006672 -1.0307409e-05 -0.299785435 0.954006672 -1.0307409e-05 -0.299782425 0.954007626 6.0000184e-07 -0.299782425 0.954007626 6.0000184e-07 -0.299782425 0.954007626 6.0000184e-07 -0.299780101 0.954008341 4.76920286e-06 -0.299780101 0.954008341 4.76920286e-06 -0.299780101 0.954008341 4.76920286e-06 -0.299781889 0.954007745 -4.60161509e-08 -0.299781889 0.954007745 -4.60161509e-08 -0.299781889 0.954007745 -4.60161509e-08 -0.299783438 0.954007268 -2.32892694e-06 -0.299783438 0.954007268 -2.32892694e-06 -0.299783438 0.954007268 -2.32892694e-06 -0.299780786 0.954008102 3.26351415e-06 -0.299780786 0.954008102 3.26351415e-06 -0.299780786 0.954008102 3.26351415e-06 -0.299774289 0.954010129 1.13760125e-05 -0.299774289 0.954010129 1.13760125e-05 -0.299774289 0.954010129 1.13760125e-05 -0.299780458 0.954008222 7.23146684e-07 -0.299780458 0.954008222 7.23146684e-07 -0.299780458 0.954008222 7.23146684e-07 -0.299791127 0.954004884 -1.0461883e-05 -0.299791127 0.954004884 -1.0461883e-05 -0.299791127 0.954004884 -1.0461883e-05 -0.299785316 0.954006672 -2.13507928e-06 -0.299785316 0.954006672 -2.13507928e-06 -0.299785316 0.954006672 -2.13507928e-06 -0.299776524 0.954009473 5.60262151e-06 -0.299776524 0.954009473 5.60262151e-06 -0.299776524 0.954009473 5.60262151e-06 -0.299782395 0.954007626 -1.40651036e-06 -0.299782395 0.954007626 -1.40651036e-06 -0.299782395 0.954007626 -1.40651036e-06 -0.299774259 0.954010189 4.56171938e-06 -0.299774259 0.954010189 4.56171938e-06 -0.299774259 0.954010189 4.56171938e-06 -0.299779236 0.954008579 -4.54153337e-07 -0.299779236 0.954008579 -4.54153337e-07 -0.299779236 0.954008579 -4.54153337e-07 -0.299795598 0.954003453 -1.03502971e-05 -0.299795598 0.954003453 -1.03502971e-05 -0.299795598 0.954003453 -1.03502971e-05 -0.29978627 0.954006374 -2.50300127e-06 -0.29978627 0.954006374 -2.50300127e-06 -0.29978627 0.954006374 -2.50300127e-06 -0.299771905 0.954010904 4.52048425e-06 -0.299771905 0.954010904 4.52048425e-06 -0.299771905 0.954010904 4.52048425e-06 -0.299771219 0.954011142 4.99542512e-06 -0.299771219 0.954011142 4.99542512e-06 -0.299771219 0.954011142 4.99542512e-06 -0.299791545 0.954004705 -2.75649313e-06 -0.299791545 0.954004705 -2.75649313e-06 -0.299791545 0.954004705 -2.75649313e-06 -0.299790621 0.954005003 -2.23252391e-06 -0.299790621 0.954005003 -2.23252391e-06 -0.299790621 0.954005003 -2.23252391e-06 -0.29977712 0.954009235 1.56195142e-06 -0.29977712 0.954009235 1.56195142e-06 -0.29977712 0.954009235 1.56195142e-06 -0.299771607 0.954011023 4.11224528e-06 -0.299771607 0.954011023 4.11224528e-06 -0.299771607 0.954011023 4.11224528e-06 -0.299773484 0.954010427 3.76421576e-06 -0.299773484 0.954010427 3.76421576e-06 -0.299773484 0.954010427 3.76421576e-06 -0.299788535 0.954005659 -1.59582703e-06 -0.299788535 0.954005659 -1.59582703e-06 -0.299788535 0.954005659 -1.59582703e-06 -0.299787283 0.954006076 -1.48080926e-06 -0.299787283 0.954006076 -1.48080926e-06 -0.299787283 0.954006076 -1.48080926e-06 -0.299781501 0.954007864 -0 -0.299781501 0.954007864 -0 -0.299781501 0.954007864 -0 -0.299787581 0.954005957 0 -0.299787581 0.954005957 0 -0.299787581 0.954005957 0 -0.299781621 0.954007864 9.61679916e-07 -0.299781621 0.954007864 9.61679916e-07 -0.299781621 0.954007864 9.61679916e-07 -0.299772978 0.954010546 1.69016019e-07 -0.299772978 0.954010546 1.69016019e-07 -0.299772978 0.954010546 1.69016019e-07 -0.299772888 0.954010606 1.75683837e-07 -0.299772888 0.954010606 1.75683837e-07 -0.299772888 0.954010606 1.75683837e-07 -0.299776375 0.954009473 8.20629452e-07 -0.299776375 0.954009473 8.20629452e-07 -0.299776375 0.954009473 8.20629452e-07 -0.299786568 0.954006314 1.05417826e-06 -0.299786568 0.954006314 1.05417826e-06 -0.299786568 0.954006314 1.05417826e-06 -0.299791873 0.954004645 2.53707981e-06 -0.299791873 0.954004645 2.53707981e-06 -0.299791873 0.954004645 2.53707981e-06 -0.299782544 0.954007566 1.46846935e-06 -0.299782544 0.954007566 1.46846935e-06 -0.299782544 0.954007566 1.46846935e-06 -0.299771249 0.954011083 -2.84665748e-06 -0.299771249 0.954011083 -2.84665748e-06 -0.299771249 0.954011083 -2.84665748e-06 -0.299778372 0.954008877 -1.36084554e-06 -0.299778372 0.954008877 -1.36084554e-06 -0.299778372 0.954008877 -1.36084554e-06 -0.299774975 0.95400995 -3.01316823e-06 -0.299774975 0.95400995 -3.01316823e-06 -0.299774975 0.95400995 -3.01316823e-06 -0.299779624 0.95400846 -1.59445699e-06 -0.299779624 0.95400846 -1.59445699e-06 -0.299779624 0.95400846 -1.59445699e-06 </float_array>
          <technique_common>
            <accessor count="2172" offset="0" source="#mesh_0-normals-array" stride="3">
              <param name="X" type="float" />
              <param name="Y" type="float" />
              <param name="Z" type="float" />
            </accessor>
          </technique_common>
        </source>
        <vertices id="mesh_0-vertices">
          <input semantic="POSITION" source="#mesh_0-positions" />
        </vertices>
        <polylist count="724" material="defaultMaterial">
          <input offset="0" semantic="VERTEX" source="#mesh_0-vertices" />
          <input offset="0" semantic="NORMAL" source="#mesh_0-normals" />
          <vcount>3 3 3 3 3 3 3 3 3 3 3 3 3 3 3 3 3 3 3 3 3 3 3 3 3 3 3 3 3 3 3 3 3 3 3 3 3 3 3 3 3 3 3 3 3 3 3 3 3 3 3 3 3 3 3 3 3 3 3 3 3 3 3 3 3 3 3 3 3 3 3 3 3 3 3 3 3 3 3 3 3 3 3 3 3 3 3 3 3 3 3 3 3 3 3 3 3 3 3 3 3 3 3 3 3 3 3 3 3 3 3 3 3 3 3 3 3 3 3 3 3 3 3 3 3 3 3 3 3 3 3 3 3 3 3 3 3 3 3 3 3 3 3 3 3 3 3 3 3 3 3 3 3 3 3 3 3 3 3 3 3 3 3 3 3 3 3 3 3 3 3 3 3 3 3 3 3 3 3 3 3 3 3 3 3 3 3 3 3 3 3 3 3 3 3 3 3 3 3 3 3 3 3 3 3 3 3 3 3 3 3 3 3 3 3 3 3 3 3 3 3 3 3 3 3 3 3 3 3 3 3 3 3 3 3 3 3 3 3 3 3 3 3 3 3 3 3 3 3 3 3 3 3 3 3 3 3 3 3 3 3 3 3 3 3 3 3 3 3 3 3 3 3 3 3 3 3 3 3 3 3 3 3 3 3 3 3 3 3 3 3 3 3 3 3 3 3 3 3 3 3 3 3 3 3 3 3 3 3 3 3 3 3 3 3 3 3 3 3 3 3 3 3 3 3 3 3 3 3 3 3 3 3 3 3 3 3 3 3 3 3 3 3 3 3 3 3 3 3 3 3 3 3 3 3 3 3 3 3 3 3 3 3 3 3 3 3 3 3 3 3 3 3 3 3 3 3 3 3 3 3 3 3 3 3 3 3 3 3 3 3 3 3 3 3 3 3 3 3 3 3 3 3 3 3 3 3 3 3 3 3 3 3 3 3 3 3 3 3 3 3 3 3 3 3 3 3 3 3 3 3 3 3 3 3 3 3 3 3 3 3 3 3 3 3 3 3 3 3 3 3 3 3 3 3 3 3 3 3 3 3 3 3 3 3 3 3 3 3 3 3 3 3 3 3 3 3 3 3 3 3 3 3 3 3 3 3 3 3 3 3 3 3 3 3 3 3 3 3 3 3 3 3 3 3 3 3 3 3 3 3 3 3 3 3 3 3 3 3 3 3 3 3 3 3 3 3 3 3 3 3 3 3 3 3 3 3 3 3 3 3 3 3 3 3 3 3 3 3 3 3 3 3 3 3 3 3 3 3 3 3 3 3 3 3 3 3 3 3 3 3 3 3 3 3 3 3 3 3 3 3 3 3 3 3 3 3 3 3 3 3 3 3 3 3 3 3 3 3 3 3 3 3 3 3 3 3 3 3 3 3 3 3 3 3 3 3 3 3 3 3 3 3 3 3 3 3 3 3 3 3 3 3 3 3 3 3 3 3 3 3 3 3 3 3 3 3 3 3 3 3 3 3 3 3 3 3 3 3 3 3 3 3 3 3 3 3 3 3 3 3 3 3 3 3 3 3 3 3 3 3 3 3 3 3 3 3 3 3 3 3 3 3 3 3 3 3 3 3 3 3 3 3 3 3 3 3 3 3 3 3 3 3 3 3 3 3 3 3 3 3 3 3 3 </vcount>
          <p>0 1 2 3 4 5 6 7 8 9 10 11 12 13 14 15 16 17 18 19 20 21 22 23 24 25 26 27 28 29 30 31 32 33 34 35 36 37 38 39 40 41 42 43 44 45 46 47 48 49 50 51 52 53 54 55 56 57 58 59 60 61 62 63 64 65 66 67 68 69 70 71 72 73 74 75 76 77 78 79 80 81 82 83 84 85 86 87 88 89 90 91 92 93 94 95 96 97 98 99 100 101 102 103 104 105 106 107 108 109 110 111 112 113 114 115 116 117 118 119 120 121 122 123 124 125 126 127 128 129 130 131 132 133 134 135 136 137 138 139 140 141 142 143 144 145 146 147 148 149 150 151 152 153 154 155 156 157 158 159 160 161 162 163 164 165 166 167 168 169 170 171 172 173 174 175 176 177 178 179 180 181 182 183 184 185 186 187 188 189 190 191 192 193 194 195 196 197 198 199 200 201 202 203 204 205 206 207 208 209 210 211 212 213 214 215 216 217 218 219 220 221 222 223 224 225 226 227 228 229 230 231 232 233 234 235 236 237 238 239 240 241 242 243 244 245 246 247 248 249 250 251 252 253 254 255 256 257 258 259 260 261 262 263 264 265 266 267 268 269 270 271 272 273 274 275 276 277 278 279 280 281 282 283 284 285 286 287 288 289 290 291 292 293 294 295 296 297 298 299 300 301 302 303 304 305 306 307 308 309 310 311 312 313 314 315 316 317 318 319 320 321 322 323 324 325 326 327 328 329 330 331 332 333 334 335 336 337 338 339 340 341 342 343 344 345 346 347 348 349 350 351 352 353 354 355 356 357 358 359 360 361 362 363 364 365 366 367 368 369 370 371 372 373 374 375 376 377 378 379 380 381 382 383 384 385 386 387 388 389 390 391 392 393 394 395 396 397 398 399 400 401 402 403 404 405 406 407 408 409 410 411 412 413 414 415 416 417 418 419 420 421 422 423 424 425 426 427 428 429 430 431 432 433 434 435 436 437 438 439 440 441 442 443 444 445 446 447 448 449 450 451 452 453 454 455 456 457 458 459 460 461 462 463 464 465 466 467 468 469 470 471 472 473 474 475 476 477 478 479 480 481 482 483 484 485 486 487 488 489 490 491 492 493 494 495 496 497 498 499 500 501 502 503 504 505 506 507 508 509 510 511 512 513 514 515 516 517 518 519 520 521 522 523 524 525 526 527 528 529 530 531 532 533 534 535 536 537 538 539 540 541 542 543 544 545 546 547 548 549 550 551 552 553 554 555 556 557 558 559 560 561 562 563 564 565 566 567 568 569 570 571 572 573 574 575 576 577 578 579 580 581 582 583 584 585 586 587 588 589 590 591 592 593 594 595 596 597 598 599 600 601 602 603 604 605 606 607 608 609 610 611 612 613 614 615 616 617 618 619 620 621 622 623 624 625 626 627 628 629 630 631 632 633 634 635 636 637 638 639 640 641 642 643 644 645 646 647 648 649 650 651 652 653 654 655 656 657 658 659 660 661 662 663 664 665 666 667 668 669 670 671 672 673 674 675 676 677 678 679 680 681 682 683 684 685 686 687 688 689 690 691 692 693 694 695 696 697 698 699 700 701 702 703 704 705 706 707 708 709 710 711 712 713 714 715 716 717 718 719 720 721 722 723 724 725 726 727 728 729 730 731 732 733 734 735 736 737 738 739 740 741 742 743 744 745 746 747 748 749 750 751 752 753 754 755 756 757 758 759 760 761 762 763 764 765 766 767 768 769 770 771 772 773 774 775 776 777 778 779 780 781 782 783 784 785 786 787 788 789 790 791 792 793 794 795 796 797 798 799 800 801 802 803 804 805 806 807 808 809 810 811 812 813 814 815 816 817 818 819 820 821 822 823 824 825 826 827 828 829 830 831 832 833 834 835 836 837 838 839 840 841 842 843 844 845 846 847 848 849 850 851 852 853 854 855 856 857 858 859 860 861 862 863 864 865 866 867 868 869 870 871 872 873 874 875 876 877 878 879 880 881 882 883 884 885 886 887 888 889 890 891 892 893 894 895 896 897 898 899 900 901 902 903 904 905 906 907 908 909 910 911 912 913 914 915 916 917 918 919 920 921 922 923 924 925 926 927 928 929 930 931 932 933 934 935 936 937 938 939 940 941 942 943 944 945 946 947 948 949 950 951 952 953 954 955 956 957 958 959 960 961 962 963 964 965 966 967 968 969 970 971 972 973 974 975 976 977 978 979 980 981 982 983 984 985 986 987 988 989 990 991 992 993 994 995 996 997 998 999 1000 1001 1002 1003 1004 1005 1006 1007 1008 1009 1010 1011 1012 1013 1014 1015 1016 1017 1018 1019 1020 1021 1022 1023 1024 1025 1026 1027 1028 1029 1030 1031 1032 1033 1034 1035 1036 1037 1038 1039 1040 1041 1042 1043 1044 1045 1046 1047 1048 1049 1050 1051 1052 1053 1054 1055 1056 1057 1058 1059 1060 1061 1062 1063 1064 1065 1066 1067 1068 1069 1070 1071 1072 1073 1074 1075 1076 1077 1078 1079 1080 1081 1082 1083 1084 1085 1086 1087 1088 1089 1090 1091 1092 1093 1094 1095 1096 1097 1098 1099 1100 1101 1102 1103 1104 1105 1106 1107 1108 1109 1110 1111 1112 1113 1114 1115 1116 1117 1118 1119 1120 1121 1122 1123 1124 1125 1126 1127 1128 1129 1130 1131 1132 1133 1134 1135 1136 1137 1138 1139 1140 1141 1142 1143 1144 1145 1146 1147 1148 1149 1150 1151 1152 1153 1154 1155 1156 1157 1158 1159 1160 1161 1162 1163 1164 1165 1166 1167 1168 1169 1170 1171 1172 1173 1174 1175 1176 1177 1178 1179 1180 1181 1182 1183 1184 1185 1186 1187 1188 1189 1190 1191 1192 1193 1194 1195 1196 1197 1198 1199 1200 1201 1202 1203 1204 1205 1206 1207 1208 1209 1210 1211 1212 1213 1214 1215 1216 1217 1218 1219 1220 1221 1222 1223 1224 1225 1226 1227 1228 1229 1230 1231 1232 1233 1234 1235 1236 1237 1238 1239 1240 1241 1242 1243 1244 1245 1246 1247 1248 1249 1250 1251 1252 1253 1254 1255 1256 1257 1258 1259 1260 1261 1262 1263 1264 1265 1266 1267 1268 1269 1270 1271 1272 1273 1274 1275 1276 1277 1278 1279 1280 1281 1282 1283 1284 1285 1286 1287 1288 1289 1290 1291 1292 1293 1294 1295 1296 1297 1298 1299 1300 1301 1302 1303 1304 1305 1306 1307 1308 1309 1310 1311 1312 1313 1314 1315 1316 1317 1318 1319 1320 1321 1322 1323 1324 1325 1326 1327 1328 1329 1330 1331 1332 1333 1334 1335 1336 1337 1338 1339 1340 1341 1342 1343 1344 1345 1346 1347 1348 1349 1350 1351 1352 1353 1354 1355 1356 1357 1358 1359 1360 1361 1362 1363 1364 1365 1366 1367 1368 1369 1370 1371 1372 1373 1374 1375 1376 1377 1378 1379 1380 1381 1382 1383 1384 1385 1386 1387 1388 1389 1390 1391 1392 1393 1394 1395 1396 1397 1398 1399 1400 1401 1402 1403 1404 1405 1406 1407 1408 1409 1410 1411 1412 1413 1414 1415 1416 1417 1418 1419 1420 1421 1422 1423 1424 1425 1426 1427 1428 1429 1430 1431 1432 1433 1434 1435 1436 1437 1438 1439 1440 1441 1442 1443 1444 1445 1446 1447 1448 1449 1450 1451 1452 1453 1454 1455 1456 1457 1458 1459 1460 1461 1462 1463 1464 1465 1466 1467 1468 1469 1470 1471 1472 1473 1474 1475 1476 1477 1478 1479 1480 1481 1482 1483 1484 1485 1486 1487 1488 1489 1490 1491 1492 1493 1494 1495 1496 1497 1498 1499 1500 1501 1502 1503 1504 1505 1506 1507 1508 1509 1510 1511 1512 1513 1514 1515 1516 1517 1518 1519 1520 1521 1522 1523 1524 1525 1526 1527 1528 1529 1530 1531 1532 1533 1534 1535 1536 1537 1538 1539 1540 1541 1542 1543 1544 1545 1546 1547 1548 1549 1550 1551 1552 1553 1554 1555 1556 1557 1558 1559 1560 1561 1562 1563 1564 1565 1566 1567 1568 1569 1570 1571 1572 1573 1574 1575 1576 1577 1578 1579 1580 1581 1582 1583 1584 1585 1586 1587 1588 1589 1590 1591 1592 1593 1594 1595 1596 1597 1598 1599 1600 1601 1602 1603 1604 1605 1606 1607 1608 1609 1610 1611 1612 1613 1614 1615 1616 1617 1618 1619 1620 1621 1622 1623 1624 1625 1626 1627 1628 1629 1630 1631 1632 1633 1634 1635 1636 1637 1638 1639 1640 1641 1642 1643 1644 1645 1646 1647 1648 1649 1650 1651 1652 1653 1654 1655 1656 1657 1658 1659 1660 1661 1662 1663 1664 1665 1666 1667 1668 1669 1670 1671 1672 1673 1674 1675 1676 1677 1678 1679 1680 1681 1682 1683 1684 1685 1686 1687 1688 1689 1690 1691 1692 1693 1694 1695 1696 1697 1698 1699 1700 1701 1702 1703 1704 1705 1706 1707 1708 1709 1710 1711 1712 1713 1714 1715 1716 1717 1718 1719 1720 1721 1722 1723 1724 1725 1726 1727 1728 1729 1730 1731 1732 1733 1734 1735 1736 1737 1738 1739 1740 1741 1742 1743 1744 1745 1746 1747 1748 1749 1750 1751 1752 1753 1754 1755 1756 1757 1758 1759 1760 1761 1762 1763 1764 1765 1766 1767 1768 1769 1770 1771 1772 1773 1774 1775 1776 1777 1778 1779 1780 1781 1782 1783 1784 1785 1786 1787 1788 1789 1790 1791 1792 1793 1794 1795 1796 1797 1798 1799 1800 1801 1802 1803 1804 1805 1806 1807 1808 1809 1810 1811 1812 1813 1814 1815 1816 1817 1818 1819 1820 1821 1822 1823 1824 1825 1826 1827 1828 1829 1830 1831 1832 1833 1834 1835 1836 1837 1838 1839 1840 1841 1842 1843 1844 1845 1846 1847 1848 1849 1850 1851 1852 1853 1854 1855 1856 1857 1858 1859 1860 1861 1862 1863 1864 1865 1866 1867 1868 1869 1870 1871 1872 1873 1874 1875 1876 1877 1878 1879 1880 1881 1882 1883 1884 1885 1886 1887 1888 1889 1890 1891 1892 1893 1894 1895 1896 1897 1898 1899 1900 1901 1902 1903 1904 1905 1906 1907 1908 1909 1910 1911 1912 1913 1914 1915 1916 1917 1918 1919 1920 1921 1922 1923 1924 1925 1926 1927 1928 1929 1930 1931 1932 1933 1934 1935 1936 1937 1938 1939 1940 1941 1942 1943 1944 1945 1946 1947 1948 1949 1950 1951 1952 1953 1954 1955 1956 1957 1958 1959 1960 1961 1962 1963 1964 1965 1966 1967 1968 1969 1970 1971 1972 1973 1974 1975 1976 1977 1978 1979 1980 1981 1982 1983 1984 1985 1986 1987 1988 1989 1990 1991 1992 1993 1994 1995 1996 1997 1998 1999 2000 2001 2002 2003 2004 2005 2006 2007 2008 2009 2010 2011 2012 2013 2014 2015 2016 2017 2018 2019 2020 2021 2022 2023 2024 2025 2026 2027 2028 2029 2030 2031 2032 2033 2034 2035 2036 2037 2038 2039 2040 2041 2042 2043 2044 2045 2046 2047 2048 2049 2050 2051 2052 2053 2054 2055 2056 2057 2058 2059 2060 2061 2062 2063 2064 2065 2066 2067 2068 2069 2070 2071 2072 2073 2074 2075 2076 2077 2078 2079 2080 2081 2082 2083 2084 2085 2086 2087 2088 2089 2090 2091 2092 2093 2094 2095 2096 2097 2098 2099 2100 2101 2102 2103 2104 2105 2106 2107 2108 2109 2110 2111 2112 2113 2114 2115 2116 2117 2118 2119 2120 2121 2122 2123 2124 2125 2126 2127 2128 2129 2130 2131 2132 2133 2134 2135 2136 2137 2138 2139 2140 2141 2142 2143 2144 2145 2146 2147 2148 2149 2150 2151 2152 2153 2154 2155 2156 2157 2158 2159 2160 2161 2162 2163 2164 2165 2166 2167 2168 2169 2170 2171 </p>
        </polylist>
      </mesh>
    </geometry>
  </library_geometries>
  <library_controllers>
  </library_controllers>
  <library_visual_scenes>
    <visual_scene id="_ySTL_BINARY_" name="&lt;STL_BINARY&gt;">
      <node id="node" name="" type="NODE">
        <matrix sid="matrix">1 0 0 0 0 1 0 0 0 0 1 0 0 0 0 1</matrix>
        <instance_geometry url="#mesh_0">
          <bind_material>
            <technique_common>
              <instance_material symbol="defaultMaterial" target="#DefaultMaterial">
              </instance_material>
            </technique_common>
          </bind_material>
        </instance_geometry>
      </node>
    </visual_scene>
  </library_visual_scenes>
  <scene>
    <instance_visual_scene url="#_ySTL_BINARY_" />
  </scene>
</COLLADA>
