<?xml version="1.0" encoding="UTF-8" standalone="no" ?>
<COLLADA xmlns="http://www.collada.org/2005/11/COLLADASchema" version="1.4.1">
  <asset>
    <contributor>
      <author>Assimp</author>
      <authoring_tool>Assimp Exporter</authoring_tool>
    </contributor>
    <created>2025-12-07T16:35:01</created>
    <modified>2025-12-07T16:35:01</modified>
    <unit name="meter" meter="1" />
    <up_axis>Y_UP</up_axis>
  </asset>
  <library_images>
  </library_images>
  <library_effects>
    <effect id="DefaultMaterial-fx" name="DefaultMaterial">
      <profile_COMMON>
        <technique sid="standard">
          <phong>
            <ambient>
              <color sid="ambient">0.0500000007   0.0500000007   0.0500000007   1</color>
            </ambient>
            <diffuse>
              <color sid="diffuse">1   1   1   1</color>
            </diffuse>
            <specular>
              <color sid="specular">1   1   1   1</color>
            </specular>
          </phong>
        </technique>
      </profile_COMMON>
    </effect>
  </library_effects>
  <library_materials>
    <material id="DefaultMaterial" name="DefaultMaterial">
      <instance_effect url="#DefaultMaterial-fx"/>
    </material>
  </library_materials>
  <library_geometries>
    <geometry id="mesh_0" name="" >
      <mesh>
        <source id="mesh_0-positions" name="mesh_0-positions">
          <float_array id="mesh_0-positions-array" count="27090"> 0.000261467241 0.00150000001 0.00298858411 0.000348622969 0.00249999994 0.00398477865 0.000520944537 0.00150000001 0.00295442319 0.000348622969 0.00249999994 0.00398477865 0.000694592716 0.00249999994 0.00393923093 0.000520944537 0.00150000001 0.00295442319 0.000520944537 0.00150000001 0.00295442319 0.000694592716 0.00249999994 0.00393923093 0.000776457135 0.00150000001 0.00289777759 0.000694592716 0.00249999994 0.00393923093 0.00103527622 0.00249999994 0.00386370323 0.000776457135 0.00150000001 0.00289777759 0.000776457135 0.00150000001 0.00289777759 0.00103527622 0.00249999994 0.00386370323 0.00102606043 0.00150000001 0.00281907781 0.00103527622 0.00249999994 0.00386370323 0.00136808062 0.00249999994 0.00375877041 0.00102606043 0.00150000001 0.00281907781 0.00102606043 0.00150000001 0.00281907781 0.00136808062 0.00249999994 0.00375877041 0.00126785482 0.00150000001 0.00271892338 0.00136808062 0.00249999994 0.00375877041 0.00169047306 0.00249999994 0.0036252311 0.00126785482 0.00150000001 0.00271892338 0.00126785482 0.00150000001 0.00271892338 0.00169047306 0.00249999994 0.0036252311 0.00150000001 0.00150000001 0.00259807613 0.00169047306 0.00249999994 0.0036252311 0.00200000009 0.00249999994 0.00346410158 0.00150000001 0.00150000001 0.00259807613 0.00150000001 0.00150000001 0.00259807613 0.00200000009 0.00249999994 0.00346410158 0.00172072928 0.00150000001 0.0024574562 0.00200000009 0.00249999994 0.00346410158 0.00229430571 0.00249999994 0.00327660819 0.00172072928 0.00150000001 0.0024574562 0.00172072928 0.00150000001 0.0024574562 0.00229430571 0.00249999994 0.00327660819 0.00192836288 0.00150000001 0.00229813321 0.00229430571 0.00249999994 0.00327660819 0.00257115043 0.00249999994 0.0030641777 0.00192836288 0.00150000001 0.00229813321 0.00192836288 0.00150000001 0.00229813321 0.00257115043 0.00249999994 0.0030641777 0.00212132023 0.00150000001 0.00212132023 0.00257115043 0.00249999994 0.0030641777 0.00282842712 0.00249999994 0.00282842712 0.00212132023 0.00150000001 0.00212132023 0.00212132023 0.00150000001 0.00212132023 0.00282842712 0.00249999994 0.00282842712 0.00229813321 0.00150000001 0.00192836288 0.00282842712 0.00249999994 0.00282842712 0.0030641777 0.00249999994 0.00257115043 0.00229813321 0.00150000001 0.00192836288 0.00229813321 0.00150000001 0.00192836288 0.0030641777 0.00249999994 0.00257115043 0.0024574562 0.00150000001 0.00172072928 0.0030641777 0.00249999994 0.00257115043 0.00327660819 0.00249999994 0.00229430571 0.0024574562 0.00150000001 0.00172072928 0.0024574562 0.00150000001 0.00172072928 0.00327660819 0.00249999994 0.00229430571 0.00259807613 0.00150000001 0.00150000001 0.00327660819 0.00249999994 0.00229430571 0.00346410158 0.00249999994 0.00200000009 0.00259807613 0.00150000001 0.00150000001 0.00259807613 0.00150000001 0.00150000001 0.00346410158 0.00249999994 0.00200000009 0.00271892338 0.00150000001 0.00126785482 0.00346410158 0.00249999994 0.00200000009 0.0036252311 0.00249999994 0.00169047306 0.00271892338 0.00150000001 0.00126785482 0.00271892338 0.00150000001 0.00126785482 0.0036252311 0.00249999994 0.00169047306 0.00281907781 0.00150000001 0.00102606043 0.0036252311 0.00249999994 0.00169047306 0.00375877041 0.00249999994 0.00136808062 0.00281907781 0.00150000001 0.00102606043 0.00281907781 0.00150000001 0.00102606043 0.00375877041 0.00249999994 0.00136808062 0.00289777759 0.00150000001 0.000776457135 0.00375877041 0.00249999994 0.00136808062 0.00386370323 0.00249999994 0.00103527622 0.00289777759 0.00150000001 0.000776457135 0.00289777759 0.00150000001 0.000776457135 0.00386370323 0.00249999994 0.00103527622 0.00295442319 0.00150000001 0.000520944537 0.00386370323 0.00249999994 0.00103527622 0.00393923093 0.00249999994 0.000694592716 0.00295442319 0.00150000001 0.000520944537 0.00295442319 0.00150000001 0.000520944537 0.00393923093 0.00249999994 0.000694592716 0.00298858411 0.00150000001 0.000261467241 0.00393923093 0.00249999994 0.000694592716 0.00398477865 0.00249999994 0.000348622969 0.00298858411 0.00150000001 0.000261467241 0.00298858411 0.00150000001 0.000261467241 0.00398477865 0.00249999994 0.000348622969 0.00300000003 0.00150000001 2.18209853e-18 0.00398477865 0.00249999994 0.000348622969 0.00400000019 0.00249999994 2.9094647e-18 0.00300000003 0.00150000001 2.18209853e-18 0.00300000003 0.00150000001 2.18209853e-18 0.00400000019 0.00249999994 2.9094647e-18 0.00298858411 0.00150000001 -0.000261467241 0.00400000019 0.00249999994 2.9094647e-18 0.00398477865 0.00249999994 -0.000348622969 0.00298858411 0.00150000001 -0.000261467241 0.00298858411 0.00150000001 -0.000261467241 0.00398477865 0.00249999994 -0.000348622969 0.00295442319 0.00150000001 -0.000520944537 0.00398477865 0.00249999994 -0.000348622969 0.00393923093 0.00249999994 -0.000694592716 0.00295442319 0.00150000001 -0.000520944537 0.00295442319 0.00150000001 -0.000520944537 0.00393923093 0.00249999994 -0.000694592716 0.00289777759 0.00150000001 -0.000776457135 0.00393923093 0.00249999994 -0.000694592716 0.00386370323 0.00249999994 -0.00103527622 0.00289777759 0.00150000001 -0.000776457135 0.00289777759 0.00150000001 -0.000776457135 0.00386370323 0.00249999994 -0.00103527622 0.00281907781 0.00150000001 -0.00102606043 0.00386370323 0.00249999994 -0.00103527622 0.00375877041 0.00249999994 -0.00136808062 0.00281907781 0.00150000001 -0.00102606043 0.00281907781 0.00150000001 -0.00102606043 0.00375877041 0.00249999994 -0.00136808062 0.00271892338 0.00150000001 -0.00126785482 0.00375877041 0.00249999994 -0.00136808062 0.0036252311 0.00249999994 -0.00169047306 0.00271892338 0.00150000001 -0.00126785482 0.00271892338 0.00150000001 -0.00126785482 0.0036252311 0.00249999994 -0.00169047306 0.00259807613 0.00150000001 -0.00150000001 0.0036252311 0.00249999994 -0.00169047306 0.00346410158 0.00249999994 -0.00200000009 0.00259807613 0.00150000001 -0.00150000001 0.00259807613 0.00150000001 -0.00150000001 0.00346410158 0.00249999994 -0.00200000009 0.0024574562 0.00150000001 -0.00172072928 0.00346410158 0.00249999994 -0.00200000009 0.00327660819 0.00249999994 -0.00229430571 0.0024574562 0.00150000001 -0.00172072928 0.0024574562 0.00150000001 -0.00172072928 0.00327660819 0.00249999994 -0.00229430571 0.00229813321 0.00150000001 -0.00192836288 0.00327660819 0.00249999994 -0.00229430571 0.0030641777 0.00249999994 -0.00257115043 0.00229813321 0.00150000001 -0.00192836288 0.00229813321 0.00150000001 -0.00192836288 0.0030641777 0.00249999994 -0.00257115043 0.00212132023 0.00150000001 -0.00212132023 0.0030641777 0.00249999994 -0.00257115043 0.00282842712 0.00249999994 -0.00282842712 0.00212132023 0.00150000001 -0.00212132023 0.00212132023 0.00150000001 -0.00212132023 0.00282842712 0.00249999994 -0.00282842712 0.00192836288 0.00150000001 -0.00229813321 0.00282842712 0.00249999994 -0.00282842712 0.00257115043 0.00249999994 -0.0030641777 0.00192836288 0.00150000001 -0.00229813321 0.00192836288 0.00150000001 -0.00229813321 0.00257115043 0.00249999994 -0.0030641777 0.00172072928 0.00150000001 -0.0024574562 0.00257115043 0.00249999994 -0.0030641777 0.00229430571 0.00249999994 -0.00327660819 0.00172072928 0.00150000001 -0.0024574562 0.00172072928 0.00150000001 -0.0024574562 0.00229430571 0.00249999994 -0.00327660819 0.00150000001 0.00150000001 -0.00259807613 0.00229430571 0.00249999994 -0.00327660819 0.00200000009 0.00249999994 -0.00346410158 0.00150000001 0.00150000001 -0.00259807613 0.00150000001 0.00150000001 -0.00259807613 0.00200000009 0.00249999994 -0.00346410158 0.00126785482 0.00150000001 -0.00271892338 0.00200000009 0.00249999994 -0.00346410158 0.00169047306 0.00249999994 -0.0036252311 0.00126785482 0.00150000001 -0.00271892338 0.00126785482 0.00150000001 -0.00271892338 0.00169047306 0.00249999994 -0.0036252311 0.00102606043 0.00150000001 -0.00281907781 0.00169047306 0.00249999994 -0.0036252311 0.00136808062 0.00249999994 -0.00375877041 0.00102606043 0.00150000001 -0.00281907781 0.00102606043 0.00150000001 -0.00281907781 0.00136808062 0.00249999994 -0.00375877041 0.000776457135 0.00150000001 -0.00289777759 0.00136808062 0.00249999994 -0.00375877041 0.00103527622 0.00249999994 -0.00386370323 0.000776457135 0.00150000001 -0.00289777759 0.000776457135 0.00150000001 -0.00289777759 0.00103527622 0.00249999994 -0.00386370323 0.000520944537 0.00150000001 -0.00295442319 0.00103527622 0.00249999994 -0.00386370323 0.000694592716 0.00249999994 -0.00393923093 0.000520944537 0.00150000001 -0.00295442319 0.000520944537 0.00150000001 -0.00295442319 0.000694592716 0.00249999994 -0.00393923093 0.000261467241 0.00150000001 -0.00298858411 0.000694592716 0.00249999994 -0.00393923093 0.000348622969 0.00249999994 -0.00398477865 0.000261467241 0.00150000001 -0.00298858411 0.000261467241 0.00150000001 -0.00298858411 0.000348622969 0.00249999994 -0.00398477865 7.02873234e-18 0.00150000001 -0.00300000003 0.000348622969 0.00249999994 -0.00398477865 9.37164284e-18 0.00249999994 -0.00400000019 7.02873234e-18 0.00150000001 -0.00300000003 7.02873234e-18 0.00150000001 -0.00300000003 9.37164284e-18 0.00249999994 -0.00400000019 -0.000261467241 0.00150000001 -0.00298858411 9.37164284e-18 0.00249999994 -0.00400000019 -0.000348622969 0.00249999994 -0.00398477865 -0.000261467241 0.00150000001 -0.00298858411 -0.000261467241 0.00150000001 -0.00298858411 -0.000348622969 0.00249999994 -0.00398477865 -0.000520944537 0.00150000001 -0.00295442319 -0.000348622969 0.00249999994 -0.00398477865 -0.000694592716 0.00249999994 -0.00393923093 -0.000520944537 0.00150000001 -0.00295442319 -0.000520944537 0.00150000001 -0.00295442319 -0.000694592716 0.00249999994 -0.00393923093 -0.000776457135 0.00150000001 -0.00289777759 -0.000694592716 0.00249999994 -0.00393923093 -0.00103527622 0.00249999994 -0.00386370323 -0.000776457135 0.00150000001 -0.00289777759 -0.000776457135 0.00150000001 -0.00289777759 -0.00103527622 0.00249999994 -0.00386370323 -0.00102606043 0.00150000001 -0.00281907781 -0.00103527622 0.00249999994 -0.00386370323 -0.00136808062 0.00249999994 -0.00375877041 -0.00102606043 0.00150000001 -0.00281907781 -0.00102606043 0.00150000001 -0.00281907781 -0.00136808062 0.00249999994 -0.00375877041 -0.00126785482 0.00150000001 -0.00271892338 -0.00136808062 0.00249999994 -0.00375877041 -0.00169047306 0.00249999994 -0.0036252311 -0.00126785482 0.00150000001 -0.00271892338 -0.00126785482 0.00150000001 -0.00271892338 -0.00169047306 0.00249999994 -0.0036252311 -0.00150000001 0.00150000001 -0.00259807613 -0.00169047306 0.00249999994 -0.0036252311 -0.00200000009 0.00249999994 -0.00346410158 -0.00150000001 0.00150000001 -0.00259807613 -0.00150000001 0.00150000001 -0.00259807613 -0.00200000009 0.00249999994 -0.00346410158 -0.00172072928 0.00150000001 -0.0024574562 -0.00200000009 0.00249999994 -0.00346410158 -0.00229430571 0.00249999994 -0.00327660819 -0.00172072928 0.00150000001 -0.0024574562 -0.00172072928 0.00150000001 -0.0024574562 -0.00229430571 0.00249999994 -0.00327660819 -0.00192836288 0.00150000001 -0.00229813321 -0.00229430571 0.00249999994 -0.00327660819 -0.00257115043 0.00249999994 -0.0030641777 -0.00192836288 0.00150000001 -0.00229813321 -0.00192836288 0.00150000001 -0.00229813321 -0.00257115043 0.00249999994 -0.0030641777 -0.00212132023 0.00150000001 -0.00212132023 -0.00257115043 0.00249999994 -0.0030641777 -0.00282842712 0.00249999994 -0.00282842712 -0.00212132023 0.00150000001 -0.00212132023 -0.00212132023 0.00150000001 -0.00212132023 -0.00282842712 0.00249999994 -0.00282842712 -0.00229813321 0.00150000001 -0.00192836288 -0.00282842712 0.00249999994 -0.00282842712 -0.0030641777 0.00249999994 -0.00257115043 -0.00229813321 0.00150000001 -0.00192836288 -0.00229813321 0.00150000001 -0.00192836288 -0.0030641777 0.00249999994 -0.00257115043 -0.0024574562 0.00150000001 -0.00172072928 -0.0030641777 0.00249999994 -0.00257115043 -0.00327660819 0.00249999994 -0.00229430571 -0.0024574562 0.00150000001 -0.00172072928 -0.0024574562 0.00150000001 -0.00172072928 -0.00327660819 0.00249999994 -0.00229430571 -0.00259807613 0.00150000001 -0.00150000001 -0.00327660819 0.00249999994 -0.00229430571 -0.00346410158 0.00249999994 -0.00200000009 -0.00259807613 0.00150000001 -0.00150000001 -0.00259807613 0.00150000001 -0.00150000001 -0.00346410158 0.00249999994 -0.00200000009 -0.00271892338 0.00150000001 -0.00126785482 -0.00346410158 0.00249999994 -0.00200000009 -0.0036252311 0.00249999994 -0.00169047306 -0.00271892338 0.00150000001 -0.00126785482 -0.00271892338 0.00150000001 -0.00126785482 -0.0036252311 0.00249999994 -0.00169047306 -0.00281907781 0.00150000001 -0.00102606043 -0.0036252311 0.00249999994 -0.00169047306 -0.00375877041 0.00249999994 -0.00136808062 -0.00281907781 0.00150000001 -0.00102606043 -0.00281907781 0.00150000001 -0.00102606043 -0.00375877041 0.00249999994 -0.00136808062 -0.00289777759 0.00150000001 -0.000776457135 -0.00375877041 0.00249999994 -0.00136808062 -0.00386370323 0.00249999994 -0.00103527622 -0.00289777759 0.00150000001 -0.000776457135 -0.00289777759 0.00150000001 -0.000776457135 -0.00386370323 0.00249999994 -0.00103527622 -0.00295442319 0.00150000001 -0.000520944537 -0.00386370323 0.00249999994 -0.00103527622 -0.00393923093 0.00249999994 -0.000694592716 -0.00295442319 0.00150000001 -0.000520944537 -0.00295442319 0.00150000001 -0.000520944537 -0.00393923093 0.00249999994 -0.000694592716 -0.00298858411 0.00150000001 -0.000261467241 -0.00393923093 0.00249999994 -0.000694592716 -0.00398477865 0.00249999994 -0.000348622969 -0.00298858411 0.00150000001 -0.000261467241 -0.00298858411 0.00150000001 -0.000261467241 -0.00398477865 0.00249999994 -0.000348622969 -0.00300000003 0.00150000001 -1.1209232e-17 -0.00398477865 0.00249999994 -0.000348622969 -0.00400000019 0.00249999994 -1.49456432e-17 -0.00300000003 0.00150000001 -1.1209232e-17 -0.00300000003 0.00150000001 -1.1209232e-17 -0.00400000019 0.00249999994 -1.49456432e-17 -0.00298858411 0.00150000001 0.000261467241 -0.00400000019 0.00249999994 -1.49456432e-17 -0.00398477865 0.00249999994 0.000348622969 -0.00298858411 0.00150000001 0.000261467241 -0.00298858411 0.00150000001 0.000261467241 -0.00398477865 0.00249999994 0.000348622969 -0.00295442319 0.00150000001 0.000520944537 -0.00398477865 0.00249999994 0.000348622969 -0.00393923093 0.00249999994 0.000694592716 -0.00295442319 0.00150000001 0.000520944537 -0.00295442319 0.00150000001 0.000520944537 -0.00393923093 0.00249999994 0.000694592716 -0.00289777759 0.00150000001 0.000776457135 -0.00393923093 0.00249999994 0.000694592716 -0.00386370323 0.00249999994 0.00103527622 -0.00289777759 0.00150000001 0.000776457135 -0.00289777759 0.00150000001 0.000776457135 -0.00386370323 0.00249999994 0.00103527622 -0.00281907781 0.00150000001 0.00102606043 -0.00386370323 0.00249999994 0.00103527622 -0.00375877041 0.00249999994 0.00136808062 -0.00281907781 0.00150000001 0.00102606043 -0.00281907781 0.00150000001 0.00102606043 -0.00375877041 0.00249999994 0.00136808062 -0.00271892338 0.00150000001 0.00126785482 -0.00375877041 0.00249999994 0.00136808062 -0.0036252311 0.00249999994 0.00169047306 -0.00271892338 0.00150000001 0.00126785482 -0.00271892338 0.00150000001 0.00126785482 -0.0036252311 0.00249999994 0.00169047306 -0.00259807613 0.00150000001 0.00150000001 -0.0036252311 0.00249999994 0.00169047306 -0.00346410158 0.00249999994 0.00200000009 -0.00259807613 0.00150000001 0.00150000001 -0.00259807613 0.00150000001 0.00150000001 -0.00346410158 0.00249999994 0.00200000009 -0.0024574562 0.00150000001 0.00172072928 -0.00346410158 0.00249999994 0.00200000009 -0.00327660819 0.00249999994 0.00229430571 -0.0024574562 0.00150000001 0.00172072928 -0.0024574562 0.00150000001 0.00172072928 -0.00327660819 0.00249999994 0.00229430571 -0.00229813321 0.00150000001 0.00192836288 -0.00327660819 0.00249999994 0.00229430571 -0.0030641777 0.00249999994 0.00257115043 -0.00229813321 0.00150000001 0.00192836288 -0.00229813321 0.00150000001 0.00192836288 -0.0030641777 0.00249999994 0.00257115043 -0.00212132023 0.00150000001 0.00212132023 -0.0030641777 0.00249999994 0.00257115043 -0.00282842712 0.00249999994 0.00282842712 -0.00212132023 0.00150000001 0.00212132023 -0.00212132023 0.00150000001 0.00212132023 -0.00282842712 0.00249999994 0.00282842712 -0.00192836288 0.00150000001 0.00229813321 -0.00282842712 0.00249999994 0.00282842712 -0.00257115043 0.00249999994 0.0030641777 -0.00192836288 0.00150000001 0.00229813321 -0.00192836288 0.00150000001 0.00229813321 -0.00257115043 0.00249999994 0.0030641777 -0.00172072928 0.00150000001 0.0024574562 -0.00257115043 0.00249999994 0.0030641777 -0.00229430571 0.00249999994 0.00327660819 -0.00172072928 0.00150000001 0.0024574562 -0.00172072928 0.00150000001 0.0024574562 -0.00229430571 0.00249999994 0.00327660819 -0.00150000001 0.00150000001 0.00259807613 -0.00229430571 0.00249999994 0.00327660819 -0.00200000009 0.00249999994 0.00346410158 -0.00150000001 0.00150000001 0.00259807613 -0.00150000001 0.00150000001 0.00259807613 -0.00200000009 0.00249999994 0.00346410158 -0.00126785482 0.00150000001 0.00271892338 -0.00200000009 0.00249999994 0.00346410158 -0.00169047306 0.00249999994 0.0036252311 -0.00126785482 0.00150000001 0.00271892338 -0.00126785482 0.00150000001 0.00271892338 -0.00169047306 0.00249999994 0.0036252311 -0.00102606043 0.00150000001 0.00281907781 -0.00169047306 0.00249999994 0.0036252311 -0.00136808062 0.00249999994 0.00375877041 -0.00102606043 0.00150000001 0.00281907781 -0.00102606043 0.00150000001 0.00281907781 -0.00136808062 0.00249999994 0.00375877041 -0.000776457135 0.00150000001 0.00289777759 -0.00136808062 0.00249999994 0.00375877041 -0.00103527622 0.00249999994 0.00386370323 -0.000776457135 0.00150000001 0.00289777759 -0.000776457135 0.00150000001 0.00289777759 -0.00103527622 0.00249999994 0.00386370323 -0.000520944537 0.00150000001 0.00295442319 -0.00103527622 0.00249999994 0.00386370323 -0.000694592716 0.00249999994 0.00393923093 -0.000520944537 0.00150000001 0.00295442319 -0.000520944537 0.00150000001 0.00295442319 -0.000694592716 0.00249999994 0.00393923093 -0.000261467241 0.00150000001 0.00298858411 -0.000694592716 0.00249999994 0.00393923093 -0.000348622969 0.00249999994 0.00398477865 -0.000261467241 0.00150000001 0.00298858411 -0.000261467241 0.00150000001 0.00298858411 -0.000348622969 0.00249999994 0.00398477865 0 0.00150000001 0.00300000003 -0.000348622969 0.00249999994 0.00398477865 -9.79717474e-19 0.00249999994 0.00400000019 0 0.00150000001 0.00300000003 0 0.00150000001 0.00300000003 -9.79717474e-19 0.00249999994 0.00400000019 0.000261467241 0.00150000001 0.00298858411 -9.79717474e-19 0.00249999994 0.00400000019 0.000348622969 0.00249999994 0.00398477865 0.000261467241 0.00150000001 0.00298858411 7.02873234e-18 0.00150000001 -0.00300000003 -7.34788054e-19 -0.00499999989 -0.00300000003 0.000261467241 0.00150000001 -0.00298858411 -7.34788054e-19 -0.00499999989 -0.00300000003 0.000261467241 -0.00499999989 -0.00298858411 0.000261467241 0.00150000001 -0.00298858411 0.000261467241 0.00150000001 -0.00298858411 0.000261467241 -0.00499999989 -0.00298858411 0.000520944537 0.00150000001 -0.00295442319 0.000261467241 -0.00499999989 -0.00298858411 0.000520944537 -0.00499999989 -0.00295442319 0.000520944537 0.00150000001 -0.00295442319 0.000520944537 0.00150000001 -0.00295442319 0.000520944537 -0.00499999989 -0.00295442319 0.000776457135 0.00150000001 -0.00289777759 0.000520944537 -0.00499999989 -0.00295442319 0.000776457135 -0.00499999989 -0.00289777759 0.000776457135 0.00150000001 -0.00289777759 0.000776457135 0.00150000001 -0.00289777759 0.000776457135 -0.00499999989 -0.00289777759 0.00102606043 0.00150000001 -0.00281907781 0.000776457135 -0.00499999989 -0.00289777759 0.00102606043 -0.00499999989 -0.00281907781 0.00102606043 0.00150000001 -0.00281907781 0.00102606043 0.00150000001 -0.00281907781 0.00102606043 -0.00499999989 -0.00281907781 0.00126785482 0.00150000001 -0.00271892338 0.00102606043 -0.00499999989 -0.00281907781 0.00126785482 -0.00499999989 -0.00271892338 0.00126785482 0.00150000001 -0.00271892338 0.00126785482 0.00150000001 -0.00271892338 0.00126785482 -0.00499999989 -0.00271892338 0.00150000001 0.00150000001 -0.00259807613 0.00126785482 -0.00499999989 -0.00271892338 0.00150000001 -0.00499999989 -0.00259807613 0.00150000001 0.00150000001 -0.00259807613 0.00150000001 0.00150000001 -0.00259807613 0.00150000001 -0.00499999989 -0.00259807613 0.00172072928 0.00150000001 -0.0024574562 0.00150000001 -0.00499999989 -0.00259807613 0.00172072928 -0.00499999989 -0.0024574562 0.00172072928 0.00150000001 -0.0024574562 0.00172072928 0.00150000001 -0.0024574562 0.00172072928 -0.00499999989 -0.0024574562 0.00192836288 0.00150000001 -0.00229813321 0.00172072928 -0.00499999989 -0.0024574562 0.00192836288 -0.00499999989 -0.00229813321 0.00192836288 0.00150000001 -0.00229813321 0.00192836288 0.00150000001 -0.00229813321 0.00192836288 -0.00499999989 -0.00229813321 0.00212132023 0.00150000001 -0.00212132023 0.00192836288 -0.00499999989 -0.00229813321 0.00212132023 -0.00499999989 -0.00212132023 0.00212132023 0.00150000001 -0.00212132023 0.00212132023 0.00150000001 -0.00212132023 0.00212132023 -0.00499999989 -0.00212132023 0.00229813321 0.00150000001 -0.00192836288 0.00212132023 -0.00499999989 -0.00212132023 0.00229813321 -0.00499999989 -0.00192836288 0.00229813321 0.00150000001 -0.00192836288 0.00229813321 0.00150000001 -0.00192836288 0.00229813321 -0.00499999989 -0.00192836288 0.0024574562 0.00150000001 -0.00172072928 0.00229813321 -0.00499999989 -0.00192836288 0.0024574562 -0.00499999989 -0.00172072928 0.0024574562 0.00150000001 -0.00172072928 0.0024574562 0.00150000001 -0.00172072928 0.0024574562 -0.00499999989 -0.00172072928 0.00259807613 0.00150000001 -0.00150000001 0.0024574562 -0.00499999989 -0.00172072928 0.00259807613 -0.00499999989 -0.00150000001 0.00259807613 0.00150000001 -0.00150000001 0.00259807613 0.00150000001 -0.00150000001 0.00259807613 -0.00499999989 -0.00150000001 0.00271892338 0.00150000001 -0.00126785482 0.00259807613 -0.00499999989 -0.00150000001 0.00271892338 -0.00499999989 -0.00126785482 0.00271892338 0.00150000001 -0.00126785482 0.00271892338 0.00150000001 -0.00126785482 0.00271892338 -0.00499999989 -0.00126785482 0.00281907781 0.00150000001 -0.00102606043 0.00271892338 -0.00499999989 -0.00126785482 0.00281907781 -0.00499999989 -0.00102606043 0.00281907781 0.00150000001 -0.00102606043 0.00281907781 0.00150000001 -0.00102606043 0.00281907781 -0.00499999989 -0.00102606043 0.00289777759 0.00150000001 -0.000776457135 0.00281907781 -0.00499999989 -0.00102606043 0.00289777759 -0.00499999989 -0.000776457135 0.00289777759 0.00150000001 -0.000776457135 0.00289777759 0.00150000001 -0.000776457135 0.00289777759 -0.00499999989 -0.000776457135 0.00295442319 0.00150000001 -0.000520944537 0.00289777759 -0.00499999989 -0.000776457135 0.00295442319 -0.00499999989 -0.000520944537 0.00295442319 0.00150000001 -0.000520944537 0.00295442319 0.00150000001 -0.000520944537 0.00295442319 -0.00499999989 -0.000520944537 0.00298858411 0.00150000001 -0.000261467241 0.00295442319 -0.00499999989 -0.000520944537 0.00298858411 -0.00499999989 -0.000261467241 0.00298858411 0.00150000001 -0.000261467241 0.00298858411 0.00150000001 -0.000261467241 0.00298858411 -0.00499999989 -0.000261467241 0.00300000003 0.00150000001 2.18209853e-18 0.00298858411 -0.00499999989 -0.000261467241 0.00300000003 -0.00499999989 -8.49830834e-19 0.00300000003 0.00150000001 2.18209853e-18 0.00300000003 0.00150000001 2.18209853e-18 0.00300000003 -0.00499999989 -8.49830834e-19 0.00298858411 0.00150000001 0.000261467241 0.00300000003 -0.00499999989 -8.49830834e-19 0.00298858411 -0.00499999989 0.000261467241 0.00298858411 0.00150000001 0.000261467241 0.00298858411 0.00150000001 0.000261467241 0.00298858411 -0.00499999989 0.000261467241 0.00295442319 0.00150000001 0.000520944537 0.00298858411 -0.00499999989 0.000261467241 0.00295442319 -0.00499999989 0.000520944537 0.00295442319 0.00150000001 0.000520944537 0.00295442319 0.00150000001 0.000520944537 0.00295442319 -0.00499999989 0.000520944537 0.00289777759 0.00150000001 0.000776457135 0.00295442319 -0.00499999989 0.000520944537 0.00289777759 -0.00499999989 0.000776457135 0.00289777759 0.00150000001 0.000776457135 0.00289777759 0.00150000001 0.000776457135 0.00289777759 -0.00499999989 0.000776457135 0.00281907781 0.00150000001 0.00102606043 0.00289777759 -0.00499999989 0.000776457135 0.00281907781 -0.00499999989 0.00102606043 0.00281907781 0.00150000001 0.00102606043 0.00281907781 0.00150000001 0.00102606043 0.00281907781 -0.00499999989 0.00102606043 0.00271892338 0.00150000001 0.00126785482 0.00281907781 -0.00499999989 0.00102606043 0.00271892338 -0.00499999989 0.00126785482 0.00271892338 0.00150000001 0.00126785482 0.00271892338 0.00150000001 0.00126785482 0.00271892338 -0.00499999989 0.00126785482 0.00259807613 0.00150000001 0.00150000001 0.00271892338 -0.00499999989 0.00126785482 0.00259807613 -0.00499999989 0.00150000001 0.00259807613 0.00150000001 0.00150000001 0.00259807613 0.00150000001 0.00150000001 0.00259807613 -0.00499999989 0.00150000001 0.0024574562 0.00150000001 0.00172072928 0.00259807613 -0.00499999989 0.00150000001 0.0024574562 -0.00499999989 0.00172072928 0.0024574562 0.00150000001 0.00172072928 0.0024574562 0.00150000001 0.00172072928 0.0024574562 -0.00499999989 0.00172072928 0.00229813321 0.00150000001 0.00192836288 0.0024574562 -0.00499999989 0.00172072928 0.00229813321 -0.00499999989 0.00192836288 0.00229813321 0.00150000001 0.00192836288 0.00229813321 0.00150000001 0.00192836288 0.00229813321 -0.00499999989 0.00192836288 0.00212132023 0.00150000001 0.00212132023 0.00229813321 -0.00499999989 0.00192836288 0.00212132023 -0.00499999989 0.00212132023 0.00212132023 0.00150000001 0.00212132023 0.00212132023 0.00150000001 0.00212132023 0.00212132023 -0.00499999989 0.00212132023 0.00192836288 0.00150000001 0.00229813321 0.00212132023 -0.00499999989 0.00212132023 0.00192836288 -0.00499999989 0.00229813321 0.00192836288 0.00150000001 0.00229813321 0.00192836288 0.00150000001 0.00229813321 0.00192836288 -0.00499999989 0.00229813321 0.00172072928 0.00150000001 0.0024574562 0.00192836288 -0.00499999989 0.00229813321 0.00172072928 -0.00499999989 0.0024574562 0.00172072928 0.00150000001 0.0024574562 0.00172072928 0.00150000001 0.0024574562 0.00172072928 -0.00499999989 0.0024574562 0.00150000001 0.00150000001 0.00259807613 0.00172072928 -0.00499999989 0.0024574562 0.00150000001 -0.00499999989 0.00259807613 0.00150000001 0.00150000001 0.00259807613 0.00150000001 0.00150000001 0.00259807613 0.00150000001 -0.00499999989 0.00259807613 0.00126785482 0.00150000001 0.00271892338 0.00150000001 -0.00499999989 0.00259807613 0.00126785482 -0.00499999989 0.00271892338 0.00126785482 0.00150000001 0.00271892338 0.00126785482 0.00150000001 0.00271892338 0.00126785482 -0.00499999989 0.00271892338 0.00102606043 0.00150000001 0.00281907781 0.00126785482 -0.00499999989 0.00271892338 0.00102606043 -0.00499999989 0.00281907781 0.00102606043 0.00150000001 0.00281907781 0.00102606043 0.00150000001 0.00281907781 0.00102606043 -0.00499999989 0.00281907781 0.000776457135 0.00150000001 0.00289777759 0.00102606043 -0.00499999989 0.00281907781 0.000776457135 -0.00499999989 0.00289777759 0.000776457135 0.00150000001 0.00289777759 0.000776457135 0.00150000001 0.00289777759 0.000776457135 -0.00499999989 0.00289777759 0.000520944537 0.00150000001 0.00295442319 0.000776457135 -0.00499999989 0.00289777759 0.000520944537 -0.00499999989 0.00295442319 0.000520944537 0.00150000001 0.00295442319 0.000520944537 0.00150000001 0.00295442319 0.000520944537 -0.00499999989 0.00295442319 0.000261467241 0.00150000001 0.00298858411 0.000520944537 -0.00499999989 0.00295442319 0.000261467241 -0.00499999989 0.00298858411 0.000261467241 0.00150000001 0.00298858411 0.000261467241 0.00150000001 0.00298858411 0.000261467241 -0.00499999989 0.00298858411 0 0.00150000001 0.00300000003 0.000261467241 -0.00499999989 0.00298858411 1.69966167e-18 -0.00499999989 0.00300000003 0 0.00150000001 0.00300000003 0 0.00150000001 0.00300000003 1.69966167e-18 -0.00499999989 0.00300000003 -0.000261467241 0.00150000001 0.00298858411 1.69966167e-18 -0.00499999989 0.00300000003 -0.000261467241 -0.00499999989 0.00298858411 -0.000261467241 0.00150000001 0.00298858411 -0.000261467241 0.00150000001 0.00298858411 -0.000261467241 -0.00499999989 0.00298858411 -0.000520944537 0.00150000001 0.00295442319 -0.000261467241 -0.00499999989 0.00298858411 -0.000520944537 -0.00499999989 0.00295442319 -0.000520944537 0.00150000001 0.00295442319 -0.000520944537 0.00150000001 0.00295442319 -0.000520944537 -0.00499999989 0.00295442319 -0.000776457135 0.00150000001 0.00289777759 -0.000520944537 -0.00499999989 0.00295442319 -0.000776457135 -0.00499999989 0.00289777759 -0.000776457135 0.00150000001 0.00289777759 -0.000776457135 0.00150000001 0.00289777759 -0.000776457135 -0.00499999989 0.00289777759 -0.00102606043 0.00150000001 0.00281907781 -0.000776457135 -0.00499999989 0.00289777759 -0.00102606043 -0.00499999989 0.00281907781 -0.00102606043 0.00150000001 0.00281907781 -0.00102606043 0.00150000001 0.00281907781 -0.00102606043 -0.00499999989 0.00281907781 -0.00126785482 0.00150000001 0.00271892338 -0.00102606043 -0.00499999989 0.00281907781 -0.00126785482 -0.00499999989 0.00271892338 -0.00126785482 0.00150000001 0.00271892338 -0.00126785482 0.00150000001 0.00271892338 -0.00126785482 -0.00499999989 0.00271892338 -0.00150000001 0.00150000001 0.00259807613 -0.00126785482 -0.00499999989 0.00271892338 -0.00150000001 -0.00499999989 0.00259807613 -0.00150000001 0.00150000001 0.00259807613 -0.00150000001 0.00150000001 0.00259807613 -0.00150000001 -0.00499999989 0.00259807613 -0.00172072928 0.00150000001 0.0024574562 -0.00150000001 -0.00499999989 0.00259807613 -0.00172072928 -0.00499999989 0.0024574562 -0.00172072928 0.00150000001 0.0024574562 -0.00172072928 0.00150000001 0.0024574562 -0.00172072928 -0.00499999989 0.0024574562 -0.00192836288 0.00150000001 0.00229813321 -0.00172072928 -0.00499999989 0.0024574562 -0.00192836288 -0.00499999989 0.00229813321 -0.00192836288 0.00150000001 0.00229813321 -0.00192836288 0.00150000001 0.00229813321 -0.00192836288 -0.00499999989 0.00229813321 -0.00212132023 0.00150000001 0.00212132023 -0.00192836288 -0.00499999989 0.00229813321 -0.00212132023 -0.00499999989 0.00212132023 -0.00212132023 0.00150000001 0.00212132023 -0.00212132023 0.00150000001 0.00212132023 -0.00212132023 -0.00499999989 0.00212132023 -0.00229813321 0.00150000001 0.00192836288 -0.00212132023 -0.00499999989 0.00212132023 -0.00229813321 -0.00499999989 0.00192836288 -0.00229813321 0.00150000001 0.00192836288 -0.00229813321 0.00150000001 0.00192836288 -0.00229813321 -0.00499999989 0.00192836288 -0.0024574562 0.00150000001 0.00172072928 -0.00229813321 -0.00499999989 0.00192836288 -0.0024574562 -0.00499999989 0.00172072928 -0.0024574562 0.00150000001 0.00172072928 -0.0024574562 0.00150000001 0.00172072928 -0.0024574562 -0.00499999989 0.00172072928 -0.00259807613 0.00150000001 0.00150000001 -0.0024574562 -0.00499999989 0.00172072928 -0.00259807613 -0.00499999989 0.00150000001 -0.00259807613 0.00150000001 0.00150000001 -0.00259807613 0.00150000001 0.00150000001 -0.00259807613 -0.00499999989 0.00150000001 -0.00271892338 0.00150000001 0.00126785482 -0.00259807613 -0.00499999989 0.00150000001 -0.00271892338 -0.00499999989 0.00126785482 -0.00271892338 0.00150000001 0.00126785482 -0.00271892338 0.00150000001 0.00126785482 -0.00271892338 -0.00499999989 0.00126785482 -0.00281907781 0.00150000001 0.00102606043 -0.00271892338 -0.00499999989 0.00126785482 -0.00281907781 -0.00499999989 0.00102606043 -0.00281907781 0.00150000001 0.00102606043 -0.00281907781 0.00150000001 0.00102606043 -0.00281907781 -0.00499999989 0.00102606043 -0.00289777759 0.00150000001 0.000776457135 -0.00281907781 -0.00499999989 0.00102606043 -0.00289777759 -0.00499999989 0.000776457135 -0.00289777759 0.00150000001 0.000776457135 -0.00289777759 0.00150000001 0.000776457135 -0.00289777759 -0.00499999989 0.000776457135 -0.00295442319 0.00150000001 0.000520944537 -0.00289777759 -0.00499999989 0.000776457135 -0.00295442319 -0.00499999989 0.000520944537 -0.00295442319 0.00150000001 0.000520944537 -0.00295442319 0.00150000001 0.000520944537 -0.00295442319 -0.00499999989 0.000520944537 -0.00298858411 0.00150000001 0.000261467241 -0.00295442319 -0.00499999989 0.000520944537 -0.00298858411 -0.00499999989 0.000261467241 -0.00298858411 0.00150000001 0.000261467241 -0.00298858411 0.00150000001 0.000261467241 -0.00298858411 -0.00499999989 0.000261467241 -0.00300000003 0.00150000001 -1.1209232e-17 -0.00298858411 -0.00499999989 0.000261467241 -0.00300000003 -0.00499999989 3.21562637e-18 -0.00300000003 0.00150000001 -1.1209232e-17 -0.00300000003 0.00150000001 -1.1209232e-17 -0.00300000003 -0.00499999989 3.21562637e-18 -0.00298858411 0.00150000001 -0.000261467241 -0.00300000003 -0.00499999989 3.21562637e-18 -0.00298858411 -0.00499999989 -0.000261467241 -0.00298858411 0.00150000001 -0.000261467241 -0.00298858411 0.00150000001 -0.000261467241 -0.00298858411 -0.00499999989 -0.000261467241 -0.00295442319 0.00150000001 -0.000520944537 -0.00298858411 -0.00499999989 -0.000261467241 -0.00295442319 -0.00499999989 -0.000520944537 -0.00295442319 0.00150000001 -0.000520944537 -0.00295442319 0.00150000001 -0.000520944537 -0.00295442319 -0.00499999989 -0.000520944537 -0.00289777759 0.00150000001 -0.000776457135 -0.00295442319 -0.00499999989 -0.000520944537 -0.00289777759 -0.00499999989 -0.000776457135 -0.00289777759 0.00150000001 -0.000776457135 -0.00289777759 0.00150000001 -0.000776457135 -0.00289777759 -0.00499999989 -0.000776457135 -0.00281907781 0.00150000001 -0.00102606043 -0.00289777759 -0.00499999989 -0.000776457135 -0.00281907781 -0.00499999989 -0.00102606043 -0.00281907781 0.00150000001 -0.00102606043 -0.00281907781 0.00150000001 -0.00102606043 -0.00281907781 -0.00499999989 -0.00102606043 -0.00271892338 0.00150000001 -0.00126785482 -0.00281907781 -0.00499999989 -0.00102606043 -0.00271892338 -0.00499999989 -0.00126785482 -0.00271892338 0.00150000001 -0.00126785482 -0.00271892338 0.00150000001 -0.00126785482 -0.00271892338 -0.00499999989 -0.00126785482 -0.00259807613 0.00150000001 -0.00150000001 -0.00271892338 -0.00499999989 -0.00126785482 -0.00259807613 -0.00499999989 -0.00150000001 -0.00259807613 0.00150000001 -0.00150000001 -0.00259807613 0.00150000001 -0.00150000001 -0.00259807613 -0.00499999989 -0.00150000001 -0.0024574562 0.00150000001 -0.00172072928 -0.00259807613 -0.00499999989 -0.00150000001 -0.0024574562 -0.00499999989 -0.00172072928 -0.0024574562 0.00150000001 -0.00172072928 -0.0024574562 0.00150000001 -0.00172072928 -0.0024574562 -0.00499999989 -0.00172072928 -0.00229813321 0.00150000001 -0.00192836288 -0.0024574562 -0.00499999989 -0.00172072928 -0.00229813321 -0.00499999989 -0.00192836288 -0.00229813321 0.00150000001 -0.00192836288 -0.00229813321 0.00150000001 -0.00192836288 -0.00229813321 -0.00499999989 -0.00192836288 -0.00212132023 0.00150000001 -0.00212132023 -0.00229813321 -0.00499999989 -0.00192836288 -0.00212132023 -0.00499999989 -0.00212132023 -0.00212132023 0.00150000001 -0.00212132023 -0.00212132023 0.00150000001 -0.00212132023 -0.00212132023 -0.00499999989 -0.00212132023 -0.00192836288 0.00150000001 -0.00229813321 -0.00212132023 -0.00499999989 -0.00212132023 -0.00192836288 -0.00499999989 -0.00229813321 -0.00192836288 0.00150000001 -0.00229813321 -0.00192836288 0.00150000001 -0.00229813321 -0.00192836288 -0.00499999989 -0.00229813321 -0.00172072928 0.00150000001 -0.0024574562 -0.00192836288 -0.00499999989 -0.00229813321 -0.00172072928 -0.00499999989 -0.0024574562 -0.00172072928 0.00150000001 -0.0024574562 -0.00172072928 0.00150000001 -0.0024574562 -0.00172072928 -0.00499999989 -0.0024574562 -0.00150000001 0.00150000001 -0.00259807613 -0.00172072928 -0.00499999989 -0.0024574562 -0.00150000001 -0.00499999989 -0.00259807613 -0.00150000001 0.00150000001 -0.00259807613 -0.00150000001 0.00150000001 -0.00259807613 -0.00150000001 -0.00499999989 -0.00259807613 -0.00126785482 0.00150000001 -0.00271892338 -0.00150000001 -0.00499999989 -0.00259807613 -0.00126785482 -0.00499999989 -0.00271892338 -0.00126785482 0.00150000001 -0.00271892338 -0.00126785482 0.00150000001 -0.00271892338 -0.00126785482 -0.00499999989 -0.00271892338 -0.00102606043 0.00150000001 -0.00281907781 -0.00126785482 -0.00499999989 -0.00271892338 -0.00102606043 -0.00499999989 -0.00281907781 -0.00102606043 0.00150000001 -0.00281907781 -0.00102606043 0.00150000001 -0.00281907781 -0.00102606043 -0.00499999989 -0.00281907781 -0.000776457135 0.00150000001 -0.00289777759 -0.00102606043 -0.00499999989 -0.00281907781 -0.000776457135 -0.00499999989 -0.00289777759 -0.000776457135 0.00150000001 -0.00289777759 -0.000776457135 0.00150000001 -0.00289777759 -0.000776457135 -0.00499999989 -0.00289777759 -0.000520944537 0.00150000001 -0.00295442319 -0.000776457135 -0.00499999989 -0.00289777759 -0.000520944537 -0.00499999989 -0.00295442319 -0.000520944537 0.00150000001 -0.00295442319 -0.000520944537 0.00150000001 -0.00295442319 -0.000520944537 -0.00499999989 -0.00295442319 -0.000261467241 0.00150000001 -0.00298858411 -0.000520944537 -0.00499999989 -0.00295442319 -0.000261467241 -0.00499999989 -0.00298858411 -0.000261467241 0.00150000001 -0.00298858411 -0.000261467241 0.00150000001 -0.00298858411 -0.000261467241 -0.00499999989 -0.00298858411 7.02873234e-18 0.00150000001 -0.00300000003 -0.000261467241 -0.00499999989 -0.00298858411 -7.34788054e-19 -0.00499999989 -0.00300000003 7.02873234e-18 0.00150000001 -0.00300000003 0.00257115043 0.00249999994 0.0030641777 0.0106059955 0.00249999994 0.012639733 0.00282842712 0.00249999994 0.00282842712 0.0106059955 0.00249999994 0.012639733 0.0116672618 0.00249999994 0.0116672618 0.00282842712 0.00249999994 0.00282842712 0.00282842712 0.00249999994 0.00282842712 0.0116672618 0.00249999994 0.0116672618 0.0030641777 0.00249999994 0.00257115043 0.0116672618 0.00249999994 0.0116672618 0.012639733 0.00249999994 0.0106059955 0.0030641777 0.00249999994 0.00257115043 0.0030641777 0.00249999994 0.00257115043 0.012639733 0.00249999994 0.0106059955 0.00327660819 0.00249999994 0.00229430571 0.012639733 0.00249999994 0.0106059955 0.0135160089 0.00249999994 0.00946401153 0.00327660819 0.00249999994 0.00229430571 0.00327660819 0.00249999994 0.00229430571 0.0135160089 0.00249999994 0.00946401153 0.00346410158 0.00249999994 0.00200000009 0.0135160089 0.00249999994 0.00946401153 0.0142894192 0.00249999994 0.00824999996 0.00346410158 0.00249999994 0.00200000009 0.00346410158 0.00249999994 0.00200000009 0.0142894192 0.00249999994 0.00824999996 0.0036252311 0.00249999994 0.00169047306 0.0142894192 0.00249999994 0.00824999996 0.0149540789 0.00249999994 0.00697320141 0.0036252311 0.00249999994 0.00169047306 0.0036252311 0.00249999994 0.00169047306 0.0149540789 0.00249999994 0.00697320141 0.00375877041 0.00249999994 0.00136808062 0.0149540789 0.00249999994 0.00697320141 0.0155049283 0.00249999994 0.00564333238 0.00375877041 0.00249999994 0.00136808062 0.00375877041 0.00249999994 0.00136808062 0.0155049283 0.00249999994 0.00564333238 0.00386370323 0.00249999994 0.00103527622 0.0155049283 0.00249999994 0.00564333238 0.0159377754 0.00249999994 0.00427051447 0.00386370323 0.00249999994 0.00103527622 0.00386370323 0.00249999994 0.00103527622 0.0159377754 0.00249999994 0.00427051447 0.00393923093 0.00249999994 0.000694592716 0.0159377754 0.00249999994 0.00427051447 0.0162493289 0.00249999994 0.00286519504 0.00393923093 0.00249999994 0.000694592716 0.00393923093 0.00249999994 0.000694592716 0.0162493289 0.00249999994 0.00286519504 0.00398477865 0.00249999994 0.000348622969 0.0162493289 0.00249999994 0.00286519504 0.016437212 0.00249999994 0.00143806974 0.00398477865 0.00249999994 0.000348622969 0.00398477865 0.00249999994 0.000348622969 0.016437212 0.00249999994 0.00143806974 0.00400000019 0.00249999994 2.9094647e-18 0.016437212 0.00249999994 0.00143806974 0.0164999999 0.00249999994 -4.67406966e-18 0.00400000019 0.00249999994 2.9094647e-18 0.00400000019 0.00249999994 2.9094647e-18 0.0164999999 0.00249999994 -4.67406966e-18 0.00398477865 0.00249999994 -0.000348622969 0.0164999999 0.00249999994 -4.67406966e-18 0.016437212 0.00249999994 -0.00143806974 0.00398477865 0.00249999994 -0.000348622969 0.00398477865 0.00249999994 -0.000348622969 0.016437212 0.00249999994 -0.00143806974 0.00393923093 0.00249999994 -0.000694592716 0.016437212 0.00249999994 -0.00143806974 0.0162493289 0.00249999994 -0.00286519504 0.00393923093 0.00249999994 -0.000694592716 0.00393923093 0.00249999994 -0.000694592716 0.0162493289 0.00249999994 -0.00286519504 0.00386370323 0.00249999994 -0.00103527622 0.0162493289 0.00249999994 -0.00286519504 0.0159377754 0.00249999994 -0.00427051447 0.00386370323 0.00249999994 -0.00103527622 0.00386370323 0.00249999994 -0.00103527622 0.0159377754 0.00249999994 -0.00427051447 0.00375877041 0.00249999994 -0.00136808062 0.0159377754 0.00249999994 -0.00427051447 0.0155049283 0.00249999994 -0.00564333238 0.00375877041 0.00249999994 -0.00136808062 0.00375877041 0.00249999994 -0.00136808062 0.0155049283 0.00249999994 -0.00564333238 0.0036252311 0.00249999994 -0.00169047306 0.0155049283 0.00249999994 -0.00564333238 0.0149540789 0.00249999994 -0.00697320141 0.0036252311 0.00249999994 -0.00169047306 0.0036252311 0.00249999994 -0.00169047306 0.0149540789 0.00249999994 -0.00697320141 0.00346410158 0.00249999994 -0.00200000009 0.0149540789 0.00249999994 -0.00697320141 0.0142894192 0.00249999994 -0.00824999996 0.00346410158 0.00249999994 -0.00200000009 0.00346410158 0.00249999994 -0.00200000009 0.0142894192 0.00249999994 -0.00824999996 0.00327660819 0.00249999994 -0.00229430571 0.0142894192 0.00249999994 -0.00824999996 0.0135160089 0.00249999994 -0.00946401153 0.00327660819 0.00249999994 -0.00229430571 0.00327660819 0.00249999994 -0.00229430571 0.0135160089 0.00249999994 -0.00946401153 0.0030641777 0.00249999994 -0.00257115043 0.0135160089 0.00249999994 -0.00946401153 0.012639733 0.00249999994 -0.0106059955 0.0030641777 0.00249999994 -0.00257115043 0.0030641777 0.00249999994 -0.00257115043 0.012639733 0.00249999994 -0.0106059955 0.00282842712 0.00249999994 -0.00282842712 0.012639733 0.00249999994 -0.0106059955 0.0116672618 0.00249999994 -0.0116672618 0.00282842712 0.00249999994 -0.00282842712 0.00282842712 0.00249999994 -0.00282842712 0.0116672618 0.00249999994 -0.0116672618 0.00257115043 0.00249999994 -0.0030641777 0.0116672618 0.00249999994 -0.0116672618 0.0106059955 0.00249999994 -0.012639733 0.00257115043 0.00249999994 -0.0030641777 0.00257115043 0.00249999994 -0.0030641777 0.0106059955 0.00249999994 -0.012639733 0.00229430571 0.00249999994 -0.00327660819 0.0106059955 0.00249999994 -0.012639733 0.00946401153 0.00249999994 -0.0135160089 0.00229430571 0.00249999994 -0.00327660819 0.00229430571 0.00249999994 -0.00327660819 0.00946401153 0.00249999994 -0.0135160089 0.00200000009 0.00249999994 -0.00346410158 0.00946401153 0.00249999994 -0.0135160089 0.00824999996 0.00249999994 -0.0142894192 0.00200000009 0.00249999994 -0.00346410158 0.00200000009 0.00249999994 -0.00346410158 0.00824999996 0.00249999994 -0.0142894192 0.00169047306 0.00249999994 -0.0036252311 0.00824999996 0.00249999994 -0.0142894192 0.00697320141 0.00249999994 -0.0149540789 0.00169047306 0.00249999994 -0.0036252311 0.00169047306 0.00249999994 -0.0036252311 0.00697320141 0.00249999994 -0.0149540789 0.00136808062 0.00249999994 -0.00375877041 0.00697320141 0.00249999994 -0.0149540789 0.00564333238 0.00249999994 -0.0155049283 0.00136808062 0.00249999994 -0.00375877041 0.00136808062 0.00249999994 -0.00375877041 0.00564333238 0.00249999994 -0.0155049283 0.00103527622 0.00249999994 -0.00386370323 0.00564333238 0.00249999994 -0.0155049283 0.00427051447 0.00249999994 -0.0159377754 0.00103527622 0.00249999994 -0.00386370323 0.00103527622 0.00249999994 -0.00386370323 0.00427051447 0.00249999994 -0.0159377754 0.000694592716 0.00249999994 -0.00393923093 0.00427051447 0.00249999994 -0.0159377754 0.00286519504 0.00249999994 -0.0162493289 0.000694592716 0.00249999994 -0.00393923093 0.000694592716 0.00249999994 -0.00393923093 0.00286519504 0.00249999994 -0.0162493289 0.000348622969 0.00249999994 -0.00398477865 0.00286519504 0.00249999994 -0.0162493289 0.00143806974 0.00249999994 -0.016437212 0.000348622969 0.00249999994 -0.00398477865 0.000348622969 0.00249999994 -0.00398477865 0.00143806974 0.00249999994 -0.016437212 9.37164284e-18 0.00249999994 -0.00400000019 0.00143806974 0.00249999994 -0.016437212 0 0.00249999994 -0.0164999999 9.37164284e-18 0.00249999994 -0.00400000019 9.37164284e-18 0.00249999994 -0.00400000019 0 0.00249999994 -0.0164999999 -0.000348622969 0.00249999994 -0.00398477865 0 0.00249999994 -0.0164999999 -0.00143806974 0.00249999994 -0.016437212 -0.000348622969 0.00249999994 -0.00398477865 -0.000348622969 0.00249999994 -0.00398477865 -0.00143806974 0.00249999994 -0.016437212 -0.000694592716 0.00249999994 -0.00393923093 -0.00143806974 0.00249999994 -0.016437212 -0.00286519504 0.00249999994 -0.0162493289 -0.000694592716 0.00249999994 -0.00393923093 -0.000694592716 0.00249999994 -0.00393923093 -0.00286519504 0.00249999994 -0.0162493289 -0.00103527622 0.00249999994 -0.00386370323 -0.00286519504 0.00249999994 -0.0162493289 -0.00427051447 0.00249999994 -0.0159377754 -0.00103527622 0.00249999994 -0.00386370323 -0.00103527622 0.00249999994 -0.00386370323 -0.00427051447 0.00249999994 -0.0159377754 -0.00136808062 0.00249999994 -0.00375877041 -0.00427051447 0.00249999994 -0.0159377754 -0.00564333238 0.00249999994 -0.0155049283 -0.00136808062 0.00249999994 -0.00375877041 -0.00136808062 0.00249999994 -0.00375877041 -0.00564333238 0.00249999994 -0.0155049283 -0.00169047306 0.00249999994 -0.0036252311 -0.00564333238 0.00249999994 -0.0155049283 -0.00697320141 0.00249999994 -0.0149540789 -0.00169047306 0.00249999994 -0.0036252311 -0.00169047306 0.00249999994 -0.0036252311 -0.00697320141 0.00249999994 -0.0149540789 -0.00200000009 0.00249999994 -0.00346410158 -0.00697320141 0.00249999994 -0.0149540789 -0.00824999996 0.00249999994 -0.0142894192 -0.00200000009 0.00249999994 -0.00346410158 -0.00200000009 0.00249999994 -0.00346410158 -0.00824999996 0.00249999994 -0.0142894192 -0.00229430571 0.00249999994 -0.00327660819 -0.00824999996 0.00249999994 -0.0142894192 -0.00946401153 0.00249999994 -0.0135160089 -0.00229430571 0.00249999994 -0.00327660819 -0.00229430571 0.00249999994 -0.00327660819 -0.00946401153 0.00249999994 -0.0135160089 -0.00257115043 0.00249999994 -0.0030641777 -0.00946401153 0.00249999994 -0.0135160089 -0.0106059955 0.00249999994 -0.012639733 -0.00257115043 0.00249999994 -0.0030641777 -0.00257115043 0.00249999994 -0.0030641777 -0.0106059955 0.00249999994 -0.012639733 -0.00282842712 0.00249999994 -0.00282842712 -0.0106059955 0.00249999994 -0.012639733 -0.0116672618 0.00249999994 -0.0116672618 -0.00282842712 0.00249999994 -0.00282842712 -0.00282842712 0.00249999994 -0.00282842712 -0.0116672618 0.00249999994 -0.0116672618 -0.0030641777 0.00249999994 -0.00257115043 -0.0116672618 0.00249999994 -0.0116672618 -0.012639733 0.00249999994 -0.0106059955 -0.0030641777 0.00249999994 -0.00257115043 -0.0030641777 0.00249999994 -0.00257115043 -0.012639733 0.00249999994 -0.0106059955 -0.00327660819 0.00249999994 -0.00229430571 -0.012639733 0.00249999994 -0.0106059955 -0.0135160089 0.00249999994 -0.00946401153 -0.00327660819 0.00249999994 -0.00229430571 -0.00327660819 0.00249999994 -0.00229430571 -0.0135160089 0.00249999994 -0.00946401153 -0.00346410158 0.00249999994 -0.00200000009 -0.0135160089 0.00249999994 -0.00946401153 -0.0142894192 0.00249999994 -0.00824999996 -0.00346410158 0.00249999994 -0.00200000009 -0.00346410158 0.00249999994 -0.00200000009 -0.0142894192 0.00249999994 -0.00824999996 -0.0036252311 0.00249999994 -0.00169047306 -0.0142894192 0.00249999994 -0.00824999996 -0.0149540789 0.00249999994 -0.00697320141 -0.0036252311 0.00249999994 -0.00169047306 -0.0036252311 0.00249999994 -0.00169047306 -0.0149540789 0.00249999994 -0.00697320141 -0.00375877041 0.00249999994 -0.00136808062 -0.0149540789 0.00249999994 -0.00697320141 -0.0155049283 0.00249999994 -0.00564333238 -0.00375877041 0.00249999994 -0.00136808062 -0.00375877041 0.00249999994 -0.00136808062 -0.0155049283 0.00249999994 -0.00564333238 -0.00386370323 0.00249999994 -0.00103527622 -0.0155049283 0.00249999994 -0.00564333238 -0.0159377754 0.00249999994 -0.00427051447 -0.00386370323 0.00249999994 -0.00103527622 -0.00386370323 0.00249999994 -0.00103527622 -0.0159377754 0.00249999994 -0.00427051447 -0.00393923093 0.00249999994 -0.000694592716 -0.0159377754 0.00249999994 -0.00427051447 -0.0162493289 0.00249999994 -0.00286519504 -0.00393923093 0.00249999994 -0.000694592716 -0.00393923093 0.00249999994 -0.000694592716 -0.0162493289 0.00249999994 -0.00286519504 -0.00398477865 0.00249999994 -0.000348622969 -0.0162493289 0.00249999994 -0.00286519504 -0.016437212 0.00249999994 -0.00143806974 -0.00398477865 0.00249999994 -0.000348622969 -0.00398477865 0.00249999994 -0.000348622969 -0.016437212 0.00249999994 -0.00143806974 -0.00400000019 0.00249999994 -1.49456432e-17 -0.016437212 0.00249999994 -0.00143806974 -0.0164999999 0.00249999994 1.76859454e-17 -0.00400000019 0.00249999994 -1.49456432e-17 -0.00400000019 0.00249999994 -1.49456432e-17 -0.0164999999 0.00249999994 1.76859454e-17 -0.00398477865 0.00249999994 0.000348622969 -0.0164999999 0.00249999994 1.76859454e-17 -0.016437212 0.00249999994 0.00143806974 -0.00398477865 0.00249999994 0.000348622969 -0.00398477865 0.00249999994 0.000348622969 -0.016437212 0.00249999994 0.00143806974 -0.00393923093 0.00249999994 0.000694592716 -0.016437212 0.00249999994 0.00143806974 -0.0162493289 0.00249999994 0.00286519504 -0.00393923093 0.00249999994 0.000694592716 -0.00393923093 0.00249999994 0.000694592716 -0.0162493289 0.00249999994 0.00286519504 -0.00386370323 0.00249999994 0.00103527622 -0.0162493289 0.00249999994 0.00286519504 -0.0159377754 0.00249999994 0.00427051447 -0.00386370323 0.00249999994 0.00103527622 -0.00386370323 0.00249999994 0.00103527622 -0.0159377754 0.00249999994 0.00427051447 -0.00375877041 0.00249999994 0.00136808062 -0.0159377754 0.00249999994 0.00427051447 -0.0155049283 0.00249999994 0.00564333238 -0.00375877041 0.00249999994 0.00136808062 -0.00375877041 0.00249999994 0.00136808062 -0.0155049283 0.00249999994 0.00564333238 -0.0036252311 0.00249999994 0.00169047306 -0.0155049283 0.00249999994 0.00564333238 -0.0149540789 0.00249999994 0.00697320141 -0.0036252311 0.00249999994 0.00169047306 -0.0036252311 0.00249999994 0.00169047306 -0.0149540789 0.00249999994 0.00697320141 -0.00346410158 0.00249999994 0.00200000009 -0.0149540789 0.00249999994 0.00697320141 -0.0142894192 0.00249999994 0.00824999996 -0.00346410158 0.00249999994 0.00200000009 -0.00346410158 0.00249999994 0.00200000009 -0.0142894192 0.00249999994 0.00824999996 -0.00327660819 0.00249999994 0.00229430571 -0.0142894192 0.00249999994 0.00824999996 -0.0135160089 0.00249999994 0.00946401153 -0.00327660819 0.00249999994 0.00229430571 -0.00327660819 0.00249999994 0.00229430571 -0.0135160089 0.00249999994 0.00946401153 -0.0030641777 0.00249999994 0.00257115043 -0.0135160089 0.00249999994 0.00946401153 -0.012639733 0.00249999994 0.0106059955 -0.0030641777 0.00249999994 0.00257115043 -0.0030641777 0.00249999994 0.00257115043 -0.012639733 0.00249999994 0.0106059955 -0.00282842712 0.00249999994 0.00282842712 -0.012639733 0.00249999994 0.0106059955 -0.0116672618 0.00249999994 0.0116672618 -0.00282842712 0.00249999994 0.00282842712 -0.00282842712 0.00249999994 0.00282842712 -0.0116672618 0.00249999994 0.0116672618 -0.00257115043 0.00249999994 0.0030641777 -0.0116672618 0.00249999994 0.0116672618 -0.0106059955 0.00249999994 0.012639733 -0.00257115043 0.00249999994 0.0030641777 -0.00257115043 0.00249999994 0.0030641777 -0.0106059955 0.00249999994 0.012639733 -0.00229430571 0.00249999994 0.00327660819 -0.0106059955 0.00249999994 0.012639733 -0.00946401153 0.00249999994 0.0135160089 -0.00229430571 0.00249999994 0.00327660819 -0.00229430571 0.00249999994 0.00327660819 -0.00946401153 0.00249999994 0.0135160089 -0.00200000009 0.00249999994 0.00346410158 -0.00946401153 0.00249999994 0.0135160089 -0.00824999996 0.00249999994 0.0142894192 -0.00200000009 0.00249999994 0.00346410158 -0.00200000009 0.00249999994 0.00346410158 -0.00824999996 0.00249999994 0.0142894192 -0.00169047306 0.00249999994 0.0036252311 -0.00824999996 0.00249999994 0.0142894192 -0.00697320141 0.00249999994 0.0149540789 -0.00169047306 0.00249999994 0.0036252311 -0.00169047306 0.00249999994 0.0036252311 -0.00697320141 0.00249999994 0.0149540789 -0.00136808062 0.00249999994 0.00375877041 -0.00697320141 0.00249999994 0.0149540789 -0.00564333238 0.00249999994 0.0155049283 -0.00136808062 0.00249999994 0.00375877041 -0.00136808062 0.00249999994 0.00375877041 -0.00564333238 0.00249999994 0.0155049283 -0.00103527622 0.00249999994 0.00386370323 -0.00564333238 0.00249999994 0.0155049283 -0.00427051447 0.00249999994 0.0159377754 -0.00103527622 0.00249999994 0.00386370323 -0.00103527622 0.00249999994 0.00386370323 -0.00427051447 0.00249999994 0.0159377754 -0.000694592716 0.00249999994 0.00393923093 -0.00427051447 0.00249999994 0.0159377754 -0.00286519504 0.00249999994 0.0162493289 -0.000694592716 0.00249999994 0.00393923093 -0.000694592716 0.00249999994 0.00393923093 -0.00286519504 0.00249999994 0.0162493289 -0.000348622969 0.00249999994 0.00398477865 -0.00286519504 0.00249999994 0.0162493289 -0.00143806974 0.00249999994 0.016437212 -0.000348622969 0.00249999994 0.00398477865 -0.000348622969 0.00249999994 0.00398477865 -0.00143806974 0.00249999994 0.016437212 -9.79717474e-19 0.00249999994 0.00400000019 -0.00143806974 0.00249999994 0.016437212 6.0620018e-18 0.00249999994 0.0164999999 -9.79717474e-19 0.00249999994 0.00400000019 -9.79717474e-19 0.00249999994 0.00400000019 6.0620018e-18 0.00249999994 0.0164999999 0.000348622969 0.00249999994 0.00398477865 6.0620018e-18 0.00249999994 0.0164999999 0.00143806974 0.00249999994 0.016437212 0.000348622969 0.00249999994 0.00398477865 0.000348622969 0.00249999994 0.00398477865 0.00143806974 0.00249999994 0.016437212 0.000694592716 0.00249999994 0.00393923093 0.00143806974 0.00249999994 0.016437212 0.00286519504 0.00249999994 0.0162493289 0.000694592716 0.00249999994 0.00393923093 0.000694592716 0.00249999994 0.00393923093 0.00286519504 0.00249999994 0.0162493289 0.00103527622 0.00249999994 0.00386370323 0.00286519504 0.00249999994 0.0162493289 0.00427051447 0.00249999994 0.0159377754 0.00103527622 0.00249999994 0.00386370323 0.00103527622 0.00249999994 0.00386370323 0.00427051447 0.00249999994 0.0159377754 0.00136808062 0.00249999994 0.00375877041 0.00427051447 0.00249999994 0.0159377754 0.00564333238 0.00249999994 0.0155049283 0.00136808062 0.00249999994 0.00375877041 0.00136808062 0.00249999994 0.00375877041 0.00564333238 0.00249999994 0.0155049283 0.00169047306 0.00249999994 0.0036252311 0.00564333238 0.00249999994 0.0155049283 0.00697320141 0.00249999994 0.0149540789 0.00169047306 0.00249999994 0.0036252311 0.00169047306 0.00249999994 0.0036252311 0.00697320141 0.00249999994 0.0149540789 0.00200000009 0.00249999994 0.00346410158 0.00697320141 0.00249999994 0.0149540789 0.00824999996 0.00249999994 0.0142894192 0.00200000009 0.00249999994 0.00346410158 0.00200000009 0.00249999994 0.00346410158 0.00824999996 0.00249999994 0.0142894192 0.00229430571 0.00249999994 0.00327660819 0.00824999996 0.00249999994 0.0142894192 0.00946401153 0.00249999994 0.0135160089 0.00229430571 0.00249999994 0.00327660819 0.00229430571 0.00249999994 0.00327660819 0.00946401153 0.00249999994 0.0135160089 0.00257115043 0.00249999994 0.0030641777 0.00946401153 0.00249999994 0.0135160089 0.0106059955 0.00249999994 0.012639733 0.00257115043 0.00249999994 0.0030641777 0 0 -0.0164999999 0.00143806974 0.00249999994 -0.016437212 0.00143806974 0 -0.016437212 0.00143806974 0.00249999994 -0.016437212 0.00286519504 0.00249999994 -0.0162493289 0.00143806974 0 -0.016437212 0.00143806974 0 -0.016437212 0.00286519504 0.00249999994 -0.0162493289 0.00286519504 0 -0.0162493289 0.00286519504 0.00249999994 -0.0162493289 0.00427051447 0.00249999994 -0.0159377754 0.00286519504 0 -0.0162493289 0.00286519504 0 -0.0162493289 0.00427051447 0.00249999994 -0.0159377754 0.00427051447 0 -0.0159377754 0.00427051447 0.00249999994 -0.0159377754 0.00564333238 0.00249999994 -0.0155049283 0.00427051447 0 -0.0159377754 0.00427051447 0 -0.0159377754 0.00564333238 0.00249999994 -0.0155049283 0.00564333238 0 -0.0155049283 0.00564333238 0.00249999994 -0.0155049283 0.00697320141 0.00249999994 -0.0149540789 0.00564333238 0 -0.0155049283 0.00564333238 0 -0.0155049283 0.00697320141 0.00249999994 -0.0149540789 0.00697320141 0 -0.0149540789 0.00697320141 0.00249999994 -0.0149540789 0.00824999996 0.00249999994 -0.0142894192 0.00697320141 0 -0.0149540789 0.00697320141 0 -0.0149540789 0.00824999996 0.00249999994 -0.0142894192 0.00824999996 0 -0.0142894192 0.00824999996 0.00249999994 -0.0142894192 0.00946401153 0.00249999994 -0.0135160089 0.00824999996 0 -0.0142894192 0.00824999996 0 -0.0142894192 0.00946401153 0.00249999994 -0.0135160089 0.00946401153 0 -0.0135160089 0.00946401153 0.00249999994 -0.0135160089 0.0106059955 0.00249999994 -0.012639733 0.00946401153 0 -0.0135160089 0.00946401153 0 -0.0135160089 0.0106059955 0.00249999994 -0.012639733 0.0106059955 0 -0.012639733 0.0106059955 0.00249999994 -0.012639733 0.0116672618 0.00249999994 -0.0116672618 0.0106059955 0 -0.012639733 0.0106059955 0 -0.012639733 0.0116672618 0.00249999994 -0.0116672618 0.0116672618 0 -0.0116672618 0.0116672618 0.00249999994 -0.0116672618 0.012639733 0.00249999994 -0.0106059955 0.0116672618 0 -0.0116672618 0.0116672618 0 -0.0116672618 0.012639733 0.00249999994 -0.0106059955 0.012639733 0 -0.0106059955 0.012639733 0.00249999994 -0.0106059955 0.0135160089 0.00249999994 -0.00946401153 0.012639733 0 -0.0106059955 0.012639733 0 -0.0106059955 0.0135160089 0.00249999994 -0.00946401153 0.0135160089 0 -0.00946401153 0.0135160089 0.00249999994 -0.00946401153 0.0142894192 0.00249999994 -0.00824999996 0.0135160089 0 -0.00946401153 0.0135160089 0 -0.00946401153 0.0142894192 0.00249999994 -0.00824999996 0.0142894192 0 -0.00824999996 0.0142894192 0.00249999994 -0.00824999996 0.0149540789 0.00249999994 -0.00697320141 0.0142894192 0 -0.00824999996 0.0142894192 0 -0.00824999996 0.0149540789 0.00249999994 -0.00697320141 0.0149540789 0 -0.00697320141 0.0149540789 0.00249999994 -0.00697320141 0.0155049283 0.00249999994 -0.00564333238 0.0149540789 0 -0.00697320141 0.0149540789 0 -0.00697320141 0.0155049283 0.00249999994 -0.00564333238 0.0155049283 0 -0.00564333238 0.0155049283 0.00249999994 -0.00564333238 0.0159377754 0.00249999994 -0.00427051447 0.0155049283 0 -0.00564333238 0.0155049283 0 -0.00564333238 0.0159377754 0.00249999994 -0.00427051447 0.0159377754 0 -0.00427051447 0.0159377754 0.00249999994 -0.00427051447 0.0162493289 0.00249999994 -0.00286519504 0.0159377754 0 -0.00427051447 0.0159377754 0 -0.00427051447 0.0162493289 0.00249999994 -0.00286519504 0.0162493289 0 -0.00286519504 0.0162493289 0.00249999994 -0.00286519504 0.016437212 0.00249999994 -0.00143806974 0.0162493289 0 -0.00286519504 0.0162493289 0 -0.00286519504 0.016437212 0.00249999994 -0.00143806974 0.016437212 0 -0.00143806974 0.016437212 0.00249999994 -0.00143806974 0.0164999999 0.00249999994 -4.67406966e-18 0.016437212 0 -0.00143806974 0.016437212 0 -0.00143806974 0.0164999999 0.00249999994 -4.67406966e-18 0.0164999999 0 -4.67406966e-18 0.0164999999 0.00249999994 -4.67406966e-18 0.016437212 0.00249999994 0.00143806974 0.0164999999 0 -4.67406966e-18 0.0164999999 0 -4.67406966e-18 0.016437212 0.00249999994 0.00143806974 0.016437212 0 0.00143806974 0.016437212 0.00249999994 0.00143806974 0.0162493289 0.00249999994 0.00286519504 0.016437212 0 0.00143806974 0.016437212 0 0.00143806974 0.0162493289 0.00249999994 0.00286519504 0.0162493289 0 0.00286519504 0.0162493289 0.00249999994 0.00286519504 0.0159377754 0.00249999994 0.00427051447 0.0162493289 0 0.00286519504 0.0162493289 0 0.00286519504 0.0159377754 0.00249999994 0.00427051447 0.0159377754 0 0.00427051447 0.0159377754 0.00249999994 0.00427051447 0.0155049283 0.00249999994 0.00564333238 0.0159377754 0 0.00427051447 0.0159377754 0 0.00427051447 0.0155049283 0.00249999994 0.00564333238 0.0155049283 0 0.00564333238 0.0155049283 0.00249999994 0.00564333238 0.0149540789 0.00249999994 0.00697320141 0.0155049283 0 0.00564333238 0.0155049283 0 0.00564333238 0.0149540789 0.00249999994 0.00697320141 0.0149540789 0 0.00697320141 0.0149540789 0.00249999994 0.00697320141 0.0142894192 0.00249999994 0.00824999996 0.0149540789 0 0.00697320141 0.0149540789 0 0.00697320141 0.0142894192 0.00249999994 0.00824999996 0.0142894192 0 0.00824999996 0.0142894192 0.00249999994 0.00824999996 0.0135160089 0.00249999994 0.00946401153 0.0142894192 0 0.00824999996 0.0142894192 0 0.00824999996 0.0135160089 0.00249999994 0.00946401153 0.0135160089 0 0.00946401153 0.0135160089 0.00249999994 0.00946401153 0.012639733 0.00249999994 0.0106059955 0.0135160089 0 0.00946401153 0.0135160089 0 0.00946401153 0.012639733 0.00249999994 0.0106059955 0.012639733 0 0.0106059955 0.012639733 0.00249999994 0.0106059955 0.0116672618 0.00249999994 0.0116672618 0.012639733 0 0.0106059955 0.012639733 0 0.0106059955 0.0116672618 0.00249999994 0.0116672618 0.0116672618 0 0.0116672618 0.0116672618 0.00249999994 0.0116672618 0.0106059955 0.00249999994 0.012639733 0.0116672618 0 0.0116672618 0.0116672618 0 0.0116672618 0.0106059955 0.00249999994 0.012639733 0.0106059955 0 0.012639733 0.0106059955 0.00249999994 0.012639733 0.00946401153 0.00249999994 0.0135160089 0.0106059955 0 0.012639733 0.0106059955 0 0.012639733 0.00946401153 0.00249999994 0.0135160089 0.00946401153 0 0.0135160089 0.00946401153 0.00249999994 0.0135160089 0.00824999996 0.00249999994 0.0142894192 0.00946401153 0 0.0135160089 0.00946401153 0 0.0135160089 0.00824999996 0.00249999994 0.0142894192 0.00824999996 0 0.0142894192 0.00824999996 0.00249999994 0.0142894192 0.00697320141 0.00249999994 0.0149540789 0.00824999996 0 0.0142894192 0.00824999996 0 0.0142894192 0.00697320141 0.00249999994 0.0149540789 0.00697320141 0 0.0149540789 0.00697320141 0.00249999994 0.0149540789 0.00564333238 0.00249999994 0.0155049283 0.00697320141 0 0.0149540789 0.00697320141 0 0.0149540789 0.00564333238 0.00249999994 0.0155049283 0.00564333238 0 0.0155049283 0.00564333238 0.00249999994 0.0155049283 0.00427051447 0.00249999994 0.0159377754 0.00564333238 0 0.0155049283 0.00564333238 0 0.0155049283 0.00427051447 0.00249999994 0.0159377754 0.00427051447 0 0.0159377754 0.00427051447 0.00249999994 0.0159377754 0.00286519504 0.00249999994 0.0162493289 0.00427051447 0 0.0159377754 0.00427051447 0 0.0159377754 0.00286519504 0.00249999994 0.0162493289 0.00286519504 0 0.0162493289 0.00286519504 0.00249999994 0.0162493289 0.00143806974 0.00249999994 0.016437212 0.00286519504 0 0.0162493289 0.00286519504 0 0.0162493289 0.00143806974 0.00249999994 0.016437212 0.00143806974 0 0.016437212 0.00143806974 0.00249999994 0.016437212 6.0620018e-18 0.00249999994 0.0164999999 0.00143806974 0 0.016437212 0.00143806974 0 0.016437212 6.0620018e-18 0.00249999994 0.0164999999 2.0206672e-18 0 0.0164999999 6.0620018e-18 0.00249999994 0.0164999999 -0.00143806974 0.00249999994 0.016437212 2.0206672e-18 0 0.0164999999 2.0206672e-18 0 0.0164999999 -0.00143806974 0.00249999994 0.016437212 -0.00143806974 0 0.016437212 -0.00143806974 0.00249999994 0.016437212 -0.00286519504 0.00249999994 0.0162493289 -0.00143806974 0 0.016437212 -0.00143806974 0 0.016437212 -0.00286519504 0.00249999994 0.0162493289 -0.00286519504 0 0.0162493289 -0.00286519504 0.00249999994 0.0162493289 -0.00427051447 0.00249999994 0.0159377754 -0.00286519504 0 0.0162493289 -0.00286519504 0 0.0162493289 -0.00427051447 0.00249999994 0.0159377754 -0.00427051447 0 0.0159377754 -0.00427051447 0.00249999994 0.0159377754 -0.00564333238 0.00249999994 0.0155049283 -0.00427051447 0 0.0159377754 -0.00427051447 0 0.0159377754 -0.00564333238 0.00249999994 0.0155049283 -0.00564333238 0 0.0155049283 -0.00564333238 0.00249999994 0.0155049283 -0.00697320141 0.00249999994 0.0149540789 -0.00564333238 0 0.0155049283 -0.00564333238 0 0.0155049283 -0.00697320141 0.00249999994 0.0149540789 -0.00697320141 0 0.0149540789 -0.00697320141 0.00249999994 0.0149540789 -0.00824999996 0.00249999994 0.0142894192 -0.00697320141 0 0.0149540789 -0.00697320141 0 0.0149540789 -0.00824999996 0.00249999994 0.0142894192 -0.00824999996 0 0.0142894192 -0.00824999996 0.00249999994 0.0142894192 -0.00946401153 0.00249999994 0.0135160089 -0.00824999996 0 0.0142894192 -0.00824999996 0 0.0142894192 -0.00946401153 0.00249999994 0.0135160089 -0.00946401153 0 0.0135160089 -0.00946401153 0.00249999994 0.0135160089 -0.0106059955 0.00249999994 0.012639733 -0.00946401153 0 0.0135160089 -0.00946401153 0 0.0135160089 -0.0106059955 0.00249999994 0.012639733 -0.0106059955 0 0.012639733 -0.0106059955 0.00249999994 0.012639733 -0.0116672618 0.00249999994 0.0116672618 -0.0106059955 0 0.012639733 -0.0106059955 0 0.012639733 -0.0116672618 0.00249999994 0.0116672618 -0.0116672618 0 0.0116672618 -0.0116672618 0.00249999994 0.0116672618 -0.012639733 0.00249999994 0.0106059955 -0.0116672618 0 0.0116672618 -0.0116672618 0 0.0116672618 -0.012639733 0.00249999994 0.0106059955 -0.012639733 0 0.0106059955 -0.012639733 0.00249999994 0.0106059955 -0.0135160089 0.00249999994 0.00946401153 -0.012639733 0 0.0106059955 -0.012639733 0 0.0106059955 -0.0135160089 0.00249999994 0.00946401153 -0.0135160089 0 0.00946401153 -0.0135160089 0.00249999994 0.00946401153 -0.0142894192 0.00249999994 0.00824999996 -0.0135160089 0 0.00946401153 -0.0135160089 0 0.00946401153 -0.0142894192 0.00249999994 0.00824999996 -0.0142894192 0 0.00824999996 -0.0142894192 0.00249999994 0.00824999996 -0.0149540789 0.00249999994 0.00697320141 -0.0142894192 0 0.00824999996 -0.0142894192 0 0.00824999996 -0.0149540789 0.00249999994 0.00697320141 -0.0149540789 0 0.00697320141 -0.0149540789 0.00249999994 0.00697320141 -0.0155049283 0.00249999994 0.00564333238 -0.0149540789 0 0.00697320141 -0.0149540789 0 0.00697320141 -0.0155049283 0.00249999994 0.00564333238 -0.0155049283 0 0.00564333238 -0.0155049283 0.00249999994 0.00564333238 -0.0159377754 0.00249999994 0.00427051447 -0.0155049283 0 0.00564333238 -0.0155049283 0 0.00564333238 -0.0159377754 0.00249999994 0.00427051447 -0.0159377754 0 0.00427051447 -0.0159377754 0.00249999994 0.00427051447 -0.0162493289 0.00249999994 0.00286519504 -0.0159377754 0 0.00427051447 -0.0159377754 0 0.00427051447 -0.0162493289 0.00249999994 0.00286519504 -0.0162493289 0 0.00286519504 -0.0162493289 0.00249999994 0.00286519504 -0.016437212 0.00249999994 0.00143806974 -0.0162493289 0 0.00286519504 -0.0162493289 0 0.00286519504 -0.016437212 0.00249999994 0.00143806974 -0.016437212 0 0.00143806974 -0.016437212 0.00249999994 0.00143806974 -0.0164999999 0.00249999994 1.76859454e-17 -0.016437212 0 0.00143806974 -0.016437212 0 0.00143806974 -0.0164999999 0.00249999994 1.76859454e-17 -0.0164999999 0 1.76859454e-17 -0.0164999999 0.00249999994 1.76859454e-17 -0.016437212 0.00249999994 -0.00143806974 -0.0164999999 0 1.76859454e-17 -0.0164999999 0 1.76859454e-17 -0.016437212 0.00249999994 -0.00143806974 -0.016437212 0 -0.00143806974 -0.016437212 0.00249999994 -0.00143806974 -0.0162493289 0.00249999994 -0.00286519504 -0.016437212 0 -0.00143806974 -0.016437212 0 -0.00143806974 -0.0162493289 0.00249999994 -0.00286519504 -0.0162493289 0 -0.00286519504 -0.0162493289 0.00249999994 -0.00286519504 -0.0159377754 0.00249999994 -0.00427051447 -0.0162493289 0 -0.00286519504 -0.0162493289 0 -0.00286519504 -0.0159377754 0.00249999994 -0.00427051447 -0.0159377754 0 -0.00427051447 -0.0159377754 0.00249999994 -0.00427051447 -0.0155049283 0.00249999994 -0.00564333238 -0.0159377754 0 -0.00427051447 -0.0159377754 0 -0.00427051447 -0.0155049283 0.00249999994 -0.00564333238 -0.0155049283 0 -0.00564333238 -0.0155049283 0.00249999994 -0.00564333238 -0.0149540789 0.00249999994 -0.00697320141 -0.0155049283 0 -0.00564333238 -0.0155049283 0 -0.00564333238 -0.0149540789 0.00249999994 -0.00697320141 -0.0149540789 0 -0.00697320141 -0.0149540789 0.00249999994 -0.00697320141 -0.0142894192 0.00249999994 -0.00824999996 -0.0149540789 0 -0.00697320141 -0.0149540789 0 -0.00697320141 -0.0142894192 0.00249999994 -0.00824999996 -0.0142894192 0 -0.00824999996 -0.0142894192 0.00249999994 -0.00824999996 -0.0135160089 0.00249999994 -0.00946401153 -0.0142894192 0 -0.00824999996 -0.0142894192 0 -0.00824999996 -0.0135160089 0.00249999994 -0.00946401153 -0.0135160089 0 -0.00946401153 -0.0135160089 0.00249999994 -0.00946401153 -0.012639733 0.00249999994 -0.0106059955 -0.0135160089 0 -0.00946401153 -0.0135160089 0 -0.00946401153 -0.012639733 0.00249999994 -0.0106059955 -0.012639733 0 -0.0106059955 -0.012639733 0.00249999994 -0.0106059955 -0.0116672618 0.00249999994 -0.0116672618 -0.012639733 0 -0.0106059955 -0.012639733 0 -0.0106059955 -0.0116672618 0.00249999994 -0.0116672618 -0.0116672618 0 -0.0116672618 -0.0116672618 0.00249999994 -0.0116672618 -0.0106059955 0.00249999994 -0.012639733 -0.0116672618 0 -0.0116672618 -0.0116672618 0 -0.0116672618 -0.0106059955 0.00249999994 -0.012639733 -0.0106059955 0 -0.012639733 -0.0106059955 0.00249999994 -0.012639733 -0.00946401153 0.00249999994 -0.0135160089 -0.0106059955 0 -0.012639733 -0.0106059955 0 -0.012639733 -0.00946401153 0.00249999994 -0.0135160089 -0.00946401153 0 -0.0135160089 -0.00946401153 0.00249999994 -0.0135160089 -0.00824999996 0.00249999994 -0.0142894192 -0.00946401153 0 -0.0135160089 -0.00946401153 0 -0.0135160089 -0.00824999996 0.00249999994 -0.0142894192 -0.00824999996 0 -0.0142894192 -0.00824999996 0.00249999994 -0.0142894192 -0.00697320141 0.00249999994 -0.0149540789 -0.00824999996 0 -0.0142894192 -0.00824999996 0 -0.0142894192 -0.00697320141 0.00249999994 -0.0149540789 -0.00697320141 0 -0.0149540789 -0.00697320141 0.00249999994 -0.0149540789 -0.00564333238 0.00249999994 -0.0155049283 -0.00697320141 0 -0.0149540789 -0.00697320141 0 -0.0149540789 -0.00564333238 0.00249999994 -0.0155049283 -0.00564333238 0 -0.0155049283 -0.00564333238 0.00249999994 -0.0155049283 -0.00427051447 0.00249999994 -0.0159377754 -0.00564333238 0 -0.0155049283 -0.00564333238 0 -0.0155049283 -0.00427051447 0.00249999994 -0.0159377754 -0.00427051447 0 -0.0159377754 -0.00427051447 0.00249999994 -0.0159377754 -0.00286519504 0.00249999994 -0.0162493289 -0.00427051447 0 -0.0159377754 -0.00427051447 0 -0.0159377754 -0.00286519504 0.00249999994 -0.0162493289 -0.00286519504 0 -0.0162493289 -0.00286519504 0.00249999994 -0.0162493289 -0.00143806974 0.00249999994 -0.016437212 -0.00286519504 0 -0.0162493289 -0.00286519504 0 -0.0162493289 -0.00143806974 0.00249999994 -0.016437212 -0.00143806974 0 -0.016437212 -0.00143806974 0.00249999994 -0.016437212 0 0.00249999994 -0.0164999999 -0.00143806974 0 -0.016437212 -0.00143806974 0 -0.016437212 0 0.00249999994 -0.0164999999 0 0 -0.0164999999 0 0.00249999994 -0.0164999999 0.00143806974 0.00249999994 -0.016437212 0 0 -0.0164999999 0.0147721162 0 0.00260472274 0.0162493289 0 0.00286519504 0.014488887 0 0.00388228567 0.0162493289 0 0.00286519504 0.0159377754 0 0.00427051447 0.014488887 0 0.00388228567 0.014488887 0 0.00388228567 0.0159377754 0 0.00427051447 0.0140953893 0 0.00513030216 0.0159377754 0 0.00427051447 0.0155049283 0 0.00564333238 0.0140953893 0 0.00513030216 0.0140953893 0 0.00513030216 0.0155049283 0 0.00564333238 0.0135946171 0 0.00633927388 0.0155049283 0 0.00564333238 0.0149540789 0 0.00697320141 0.0135946171 0 0.00633927388 0.0135946171 0 0.00633927388 0.0149540789 0 0.00697320141 0.0129903806 0 0.00749999983 0.0149540789 0 0.00697320141 0.0142894192 0 0.00824999996 0.0129903806 0 0.00749999983 0.0129903806 0 0.00749999983 0.0142894192 0 0.00824999996 0.0122872805 0 0.00860364642 0.0142894192 0 0.00824999996 0.0135160089 0 0.00946401153 0.0122872805 0 0.00860364642 0.0122872805 0 0.00860364642 0.0135160089 0 0.00946401153 0.0114906663 0 0.00964181405 0.0135160089 0 0.00946401153 0.012639733 0 0.0106059955 0.0114906663 0 0.00964181405 0.0114906663 0 0.00964181405 0.012639733 0 0.0106059955 0.0106066018 0 0.0106066018 0.012639733 0 0.0106059955 0.0116672618 0 0.0116672618 0.0106066018 0 0.0106066018 0.0106066018 0 0.0106066018 0.0116672618 0 0.0116672618 0.00964181405 0 0.0114906663 0.0116672618 0 0.0116672618 0.0106059955 0 0.012639733 0.00964181405 0 0.0114906663 0.00964181405 0 0.0114906663 0.0106059955 0 0.012639733 0.00860364642 0 0.0122872805 0.0106059955 0 0.012639733 0.00946401153 0 0.0135160089 0.00860364642 0 0.0122872805 0.00860364642 0 0.0122872805 0.00946401153 0 0.0135160089 0.00749999983 0 0.0129903806 0.00946401153 0 0.0135160089 0.00824999996 0 0.0142894192 0.00749999983 0 0.0129903806 0.00749999983 0 0.0129903806 0.00824999996 0 0.0142894192 0.00633927388 0 0.0135946171 0.00824999996 0 0.0142894192 0.00697320141 0 0.0149540789 0.00633927388 0 0.0135946171 0.00633927388 0 0.0135946171 0.00697320141 0 0.0149540789 0.00513030216 0 0.0140953893 0.00697320141 0 0.0149540789 0.00564333238 0 0.0155049283 0.00513030216 0 0.0140953893 0.00513030216 0 0.0140953893 0.00564333238 0 0.0155049283 0.00388228567 0 0.014488887 0.00564333238 0 0.0155049283 0.00427051447 0 0.0159377754 0.00388228567 0 0.014488887 0.00388228567 0 0.014488887 0.00427051447 0 0.0159377754 0.00260472274 0 0.0147721162 0.00427051447 0 0.0159377754 0.00286519504 0 0.0162493289 0.00260472274 0 0.0147721162 0.00260472274 0 0.0147721162 0.00286519504 0 0.0162493289 0.00130733615 0 0.0149429208 0.00286519504 0 0.0162493289 0.00143806974 0 0.016437212 0.00130733615 0 0.0149429208 0.00130733615 0 0.0149429208 0.00143806974 0 0.016437212 0 0 0.0149999997 0.00143806974 0 0.016437212 2.0206672e-18 0 0.0164999999 0 0 0.0149999997 0 0 0.0149999997 2.0206672e-18 0 0.0164999999 -0.00130733615 0 0.0149429208 2.0206672e-18 0 0.0164999999 -0.00143806974 0 0.016437212 -0.00130733615 0 0.0149429208 -0.00130733615 0 0.0149429208 -0.00143806974 0 0.016437212 -0.00260472274 0 0.0147721162 -0.00143806974 0 0.016437212 -0.00286519504 0 0.0162493289 -0.00260472274 0 0.0147721162 -0.00260472274 0 0.0147721162 -0.00286519504 0 0.0162493289 -0.00388228567 0 0.014488887 -0.00286519504 0 0.0162493289 -0.00427051447 0 0.0159377754 -0.00388228567 0 0.014488887 -0.00388228567 0 0.014488887 -0.00427051447 0 0.0159377754 -0.00513030216 0 0.0140953893 -0.00427051447 0 0.0159377754 -0.00564333238 0 0.0155049283 -0.00513030216 0 0.0140953893 -0.00513030216 0 0.0140953893 -0.00564333238 0 0.0155049283 -0.00633927388 0 0.0135946171 -0.00564333238 0 0.0155049283 -0.00697320141 0 0.0149540789 -0.00633927388 0 0.0135946171 -0.00633927388 0 0.0135946171 -0.00697320141 0 0.0149540789 -0.00749999983 0 0.0129903806 -0.00697320141 0 0.0149540789 -0.00824999996 0 0.0142894192 -0.00749999983 0 0.0129903806 -0.00749999983 0 0.0129903806 -0.00824999996 0 0.0142894192 -0.00860364642 0 0.0122872805 -0.00824999996 0 0.0142894192 -0.00946401153 0 0.0135160089 -0.00860364642 0 0.0122872805 -0.00860364642 0 0.0122872805 -0.00946401153 0 0.0135160089 -0.00964181405 0 0.0114906663 -0.00946401153 0 0.0135160089 -0.0106059955 0 0.012639733 -0.00964181405 0 0.0114906663 -0.00964181405 0 0.0114906663 -0.0106059955 0 0.012639733 -0.0106066018 0 0.0106066018 -0.0106059955 0 0.012639733 -0.0116672618 0 0.0116672618 -0.0106066018 0 0.0106066018 -0.0106066018 0 0.0106066018 -0.0116672618 0 0.0116672618 -0.0114906663 0 0.00964181405 -0.0116672618 0 0.0116672618 -0.012639733 0 0.0106059955 -0.0114906663 0 0.00964181405 -0.0114906663 0 0.00964181405 -0.012639733 0 0.0106059955 -0.0122872805 0 0.00860364642 -0.012639733 0 0.0106059955 -0.0135160089 0 0.00946401153 -0.0122872805 0 0.00860364642 -0.0122872805 0 0.00860364642 -0.0135160089 0 0.00946401153 -0.0129903806 0 0.00749999983 -0.0135160089 0 0.00946401153 -0.0142894192 0 0.00824999996 -0.0129903806 0 0.00749999983 -0.0129903806 0 0.00749999983 -0.0142894192 0 0.00824999996 -0.0135946171 0 0.00633927388 -0.0142894192 0 0.00824999996 -0.0149540789 0 0.00697320141 -0.0135946171 0 0.00633927388 -0.0135946171 0 0.00633927388 -0.0149540789 0 0.00697320141 -0.0140953893 0 0.00513030216 -0.0149540789 0 0.00697320141 -0.0155049283 0 0.00564333238 -0.0140953893 0 0.00513030216 -0.0140953893 0 0.00513030216 -0.0155049283 0 0.00564333238 -0.014488887 0 0.00388228567 -0.0155049283 0 0.00564333238 -0.0159377754 0 0.00427051447 -0.014488887 0 0.00388228567 -0.014488887 0 0.00388228567 -0.0159377754 0 0.00427051447 -0.0147721162 0 0.00260472274 -0.0159377754 0 0.00427051447 -0.0162493289 0 0.00286519504 -0.0147721162 0 0.00260472274 -0.0147721162 0 0.00260472274 -0.0162493289 0 0.00286519504 -0.0149429208 0 0.00130733615 -0.0162493289 0 0.00286519504 -0.016437212 0 0.00143806974 -0.0149429208 0 0.00130733615 -0.0149429208 0 0.00130733615 -0.016437212 0 0.00143806974 -0.0149999997 0 -1.60781313e-17 -0.016437212 0 0.00143806974 -0.0164999999 0 1.76859454e-17 -0.0149999997 0 -1.60781313e-17 -0.0149999997 0 -1.60781313e-17 -0.0164999999 0 1.76859454e-17 -0.0149429208 0 -0.00130733615 -0.0164999999 0 1.76859454e-17 -0.016437212 0 -0.00143806974 -0.0149429208 0 -0.00130733615 -0.0149429208 0 -0.00130733615 -0.016437212 0 -0.00143806974 -0.0147721162 0 -0.00260472274 -0.016437212 0 -0.00143806974 -0.0162493289 0 -0.00286519504 -0.0147721162 0 -0.00260472274 -0.0147721162 0 -0.00260472274 -0.0162493289 0 -0.00286519504 -0.014488887 0 -0.00388228567 -0.0162493289 0 -0.00286519504 -0.0159377754 0 -0.00427051447 -0.014488887 0 -0.00388228567 -0.014488887 0 -0.00388228567 -0.0159377754 0 -0.00427051447 -0.0140953893 0 -0.00513030216 -0.0159377754 0 -0.00427051447 -0.0155049283 0 -0.00564333238 -0.0140953893 0 -0.00513030216 -0.0140953893 0 -0.00513030216 -0.0155049283 0 -0.00564333238 -0.0135946171 0 -0.00633927388 -0.0155049283 0 -0.00564333238 -0.0149540789 0 -0.00697320141 -0.0135946171 0 -0.00633927388 -0.0135946171 0 -0.00633927388 -0.0149540789 0 -0.00697320141 -0.0129903806 0 -0.00749999983 -0.0149540789 0 -0.00697320141 -0.0142894192 0 -0.00824999996 -0.0129903806 0 -0.00749999983 -0.0129903806 0 -0.00749999983 -0.0142894192 0 -0.00824999996 -0.0122872805 0 -0.00860364642 -0.0142894192 0 -0.00824999996 -0.0135160089 0 -0.00946401153 -0.0122872805 0 -0.00860364642 -0.0122872805 0 -0.00860364642 -0.0135160089 0 -0.00946401153 -0.0114906663 0 -0.00964181405 -0.0135160089 0 -0.00946401153 -0.012639733 0 -0.0106059955 -0.0114906663 0 -0.00964181405 -0.0114906663 0 -0.00964181405 -0.012639733 0 -0.0106059955 -0.0106066018 0 -0.0106066018 -0.012639733 0 -0.0106059955 -0.0116672618 0 -0.0116672618 -0.0106066018 0 -0.0106066018 -0.0106066018 0 -0.0106066018 -0.0116672618 0 -0.0116672618 -0.00964181405 0 -0.0114906663 -0.0116672618 0 -0.0116672618 -0.0106059955 0 -0.012639733 -0.00964181405 0 -0.0114906663 -0.00964181405 0 -0.0114906663 -0.0106059955 0 -0.012639733 -0.00860364642 0 -0.0122872805 -0.0106059955 0 -0.012639733 -0.00946401153 0 -0.0135160089 -0.00860364642 0 -0.0122872805 -0.00860364642 0 -0.0122872805 -0.00946401153 0 -0.0135160089 -0.00749999983 0 -0.0129903806 -0.00946401153 0 -0.0135160089 -0.00824999996 0 -0.0142894192 -0.00749999983 0 -0.0129903806 -0.00749999983 0 -0.0129903806 -0.00824999996 0 -0.0142894192 -0.00633927388 0 -0.0135946171 -0.00824999996 0 -0.0142894192 -0.00697320141 0 -0.0149540789 -0.00633927388 0 -0.0135946171 -0.00633927388 0 -0.0135946171 -0.00697320141 0 -0.0149540789 -0.00513030216 0 -0.0140953893 -0.00697320141 0 -0.0149540789 -0.00564333238 0 -0.0155049283 -0.00513030216 0 -0.0140953893 -0.00513030216 0 -0.0140953893 -0.00564333238 0 -0.0155049283 -0.00388228567 0 -0.014488887 -0.00564333238 0 -0.0155049283 -0.00427051447 0 -0.0159377754 -0.00388228567 0 -0.014488887 -0.00388228567 0 -0.014488887 -0.00427051447 0 -0.0159377754 -0.00260472274 0 -0.0147721162 -0.00427051447 0 -0.0159377754 -0.00286519504 0 -0.0162493289 -0.00260472274 0 -0.0147721162 -0.00260472274 0 -0.0147721162 -0.00286519504 0 -0.0162493289 -0.00130733615 0 -0.0149429208 -0.00286519504 0 -0.0162493289 -0.00143806974 0 -0.016437212 -0.00130733615 0 -0.0149429208 -0.00130733615 0 -0.0149429208 -0.00143806974 0 -0.016437212 1.83697024e-18 0 -0.0149999997 -0.00143806974 0 -0.016437212 0 0 -0.0164999999 1.83697024e-18 0 -0.0149999997 1.83697024e-18 0 -0.0149999997 0 0 -0.0164999999 0.00130733615 0 -0.0149429208 0 0 -0.0164999999 0.00143806974 0 -0.016437212 0.00130733615 0 -0.0149429208 0.00130733615 0 -0.0149429208 0.00143806974 0 -0.016437212 0.00260472274 0 -0.0147721162 0.00143806974 0 -0.016437212 0.00286519504 0 -0.0162493289 0.00260472274 0 -0.0147721162 0.00260472274 0 -0.0147721162 0.00286519504 0 -0.0162493289 0.00388228567 0 -0.014488887 0.00286519504 0 -0.0162493289 0.00427051447 0 -0.0159377754 0.00388228567 0 -0.014488887 0.00388228567 0 -0.014488887 0.00427051447 0 -0.0159377754 0.00513030216 0 -0.0140953893 0.00427051447 0 -0.0159377754 0.00564333238 0 -0.0155049283 0.00513030216 0 -0.0140953893 0.00513030216 0 -0.0140953893 0.00564333238 0 -0.0155049283 0.00633927388 0 -0.0135946171 0.00564333238 0 -0.0155049283 0.00697320141 0 -0.0149540789 0.00633927388 0 -0.0135946171 0.00633927388 0 -0.0135946171 0.00697320141 0 -0.0149540789 0.00749999983 0 -0.0129903806 0.00697320141 0 -0.0149540789 0.00824999996 0 -0.0142894192 0.00749999983 0 -0.0129903806 0.00749999983 0 -0.0129903806 0.00824999996 0 -0.0142894192 0.00860364642 0 -0.0122872805 0.00824999996 0 -0.0142894192 0.00946401153 0 -0.0135160089 0.00860364642 0 -0.0122872805 0.00860364642 0 -0.0122872805 0.00946401153 0 -0.0135160089 0.00964181405 0 -0.0114906663 0.00946401153 0 -0.0135160089 0.0106059955 0 -0.012639733 0.00964181405 0 -0.0114906663 0.00964181405 0 -0.0114906663 0.0106059955 0 -0.012639733 0.0106066018 0 -0.0106066018 0.0106059955 0 -0.012639733 0.0116672618 0 -0.0116672618 0.0106066018 0 -0.0106066018 0.0106066018 0 -0.0106066018 0.0116672618 0 -0.0116672618 0.0114906663 0 -0.00964181405 0.0116672618 0 -0.0116672618 0.012639733 0 -0.0106059955 0.0114906663 0 -0.00964181405 0.0114906663 0 -0.00964181405 0.012639733 0 -0.0106059955 0.0122872805 0 -0.00860364642 0.012639733 0 -0.0106059955 0.0135160089 0 -0.00946401153 0.0122872805 0 -0.00860364642 0.0122872805 0 -0.00860364642 0.0135160089 0 -0.00946401153 0.0129903806 0 -0.00749999983 0.0135160089 0 -0.00946401153 0.0142894192 0 -0.00824999996 0.0129903806 0 -0.00749999983 0.0129903806 0 -0.00749999983 0.0142894192 0 -0.00824999996 0.0135946171 0 -0.00633927388 0.0142894192 0 -0.00824999996 0.0149540789 0 -0.00697320141 0.0135946171 0 -0.00633927388 0.0135946171 0 -0.00633927388 0.0149540789 0 -0.00697320141 0.0140953893 0 -0.00513030216 0.0149540789 0 -0.00697320141 0.0155049283 0 -0.00564333238 0.0140953893 0 -0.00513030216 0.0140953893 0 -0.00513030216 0.0155049283 0 -0.00564333238 0.014488887 0 -0.00388228567 0.0155049283 0 -0.00564333238 0.0159377754 0 -0.00427051447 0.014488887 0 -0.00388228567 0.014488887 0 -0.00388228567 0.0159377754 0 -0.00427051447 0.0147721162 0 -0.00260472274 0.0159377754 0 -0.00427051447 0.0162493289 0 -0.00286519504 0.0147721162 0 -0.00260472274 0.0147721162 0 -0.00260472274 0.0162493289 0 -0.00286519504 0.0149429208 0 -0.00130733615 0.0162493289 0 -0.00286519504 0.016437212 0 -0.00143806974 0.0149429208 0 -0.00130733615 0.0149429208 0 -0.00130733615 0.016437212 0 -0.00143806974 0.0149999997 0 4.24915401e-18 0.016437212 0 -0.00143806974 0.0164999999 0 -4.67406966e-18 0.0149999997 0 4.24915401e-18 0.0149999997 0 4.24915401e-18 0.0164999999 0 -4.67406966e-18 0.0149429208 0 0.00130733615 0.0164999999 0 -4.67406966e-18 0.016437212 0 0.00143806974 0.0149429208 0 0.00130733615 0.0149429208 0 0.00130733615 0.016437212 0 0.00143806974 0.0147721162 0 0.00260472274 0.016437212 0 0.00143806974 0.0162493289 0 0.00286519504 0.0147721162 0 0.00260472274 -0.0143222278 -0.000500000024 -0.00445800321 -0.014488887 -0.000500000024 -0.00388228567 -0.014488887 0 -0.00388228567 -0.00388228567 0 0.014488887 -0.00388228567 -0.000500000024 0.014488887 -0.00260472274 0 0.0147721162 -0.00388228567 -0.000500000024 0.014488887 -0.00302099995 -0.000500000024 0.0146926362 -0.00260472274 0 0.0147721162 -0.0138184791 -0.000500000024 0.00583520625 -0.0135946171 -0.000500000024 0.00633927388 -0.0135946171 0 0.00633927388 -0.0135946171 -0.000500000024 0.00633927388 -0.0129903806 -0.000500000024 0.00749999983 -0.0135946171 0 0.00633927388 -0.0135946171 0 0.00633927388 -0.0129903806 -0.000500000024 0.00749999983 -0.0129903806 0 0.00749999983 -0.0129903806 -0.000500000024 0.00749999983 -0.0122872805 -0.000500000024 0.00860364642 -0.0129903806 0 0.00749999983 -0.0129903806 0 0.00749999983 -0.0122872805 -0.000500000024 0.00860364642 -0.0122872805 0 0.00860364642 -0.0122872805 -0.000500000024 0.00860364642 -0.0114906663 -0.000500000024 0.00964181405 -0.0122872805 0 0.00860364642 -0.0122872805 0 0.00860364642 -0.0114906663 -0.000500000024 0.00964181405 -0.0114906663 0 0.00964181405 -0.0114906663 -0.000500000024 0.00964181405 -0.0106066018 -0.000500000024 0.0106066018 -0.0114906663 0 0.00964181405 -0.0114906663 0 0.00964181405 -0.0106066018 -0.000500000024 0.0106066018 -0.0106066018 0 0.0106066018 -0.0106066018 -0.000500000024 0.0106066018 -0.00964181405 -0.000500000024 0.0114906663 -0.0106066018 0 0.0106066018 -0.0106066018 0 0.0106066018 -0.00964181405 -0.000500000024 0.0114906663 -0.00964181405 0 0.0114906663 -0.00964181405 -0.000500000024 0.0114906663 -0.00860364642 -0.000500000024 0.0122872805 -0.00964181405 0 0.0114906663 -0.00964181405 0 0.0114906663 -0.00860364642 -0.000500000024 0.0122872805 -0.00860364642 0 0.0122872805 -0.00860364642 -0.000500000024 0.0122872805 -0.00749999983 -0.000500000024 0.0129903806 -0.00860364642 0 0.0122872805 -0.00860364642 0 0.0122872805 -0.00749999983 -0.000500000024 0.0129903806 -0.00749999983 0 0.0129903806 -0.00749999983 -0.000500000024 0.0129903806 -0.00633927388 -0.000500000024 0.0135946171 -0.00749999983 0 0.0129903806 -0.00749999983 0 0.0129903806 -0.00633927388 -0.000500000024 0.0135946171 -0.00633927388 0 0.0135946171 -0.00633927388 -0.000500000024 0.0135946171 -0.00583556201 -0.000500000024 0.0138183292 -0.00633927388 0 0.0135946171 -0.00633927388 0 0.0135946171 -0.00583556201 -0.000500000024 0.0138183292 -0.00513030216 0 0.0140953893 -0.00583556201 -0.000500000024 0.0138183292 -0.00513030216 -0.000500000024 0.0140953893 -0.00513030216 0 0.0140953893 -0.00513030216 0 0.0140953893 -0.00513030216 -0.000500000024 0.0140953893 -0.00388228567 0 0.014488887 -0.00513030216 -0.000500000024 0.0140953893 -0.00445771171 -0.000500000024 0.0143223181 -0.00388228567 0 0.014488887 -0.00388228567 0 0.014488887 -0.00445771171 -0.000500000024 0.0143223181 -0.00388228567 -0.000500000024 0.014488887 -0.0138184791 -0.000500000024 0.00583520625 -0.0135946171 0 0.00633927388 -0.0140953893 -0.000500000024 0.00513030216 -0.0135946171 0 0.00633927388 -0.0140953893 0 0.00513030216 -0.0140953893 -0.000500000024 0.00513030216 -0.0140953893 -0.000500000024 0.00513030216 -0.0140953893 0 0.00513030216 -0.0143224634 -0.000500000024 0.00445724698 -0.0140953893 0 0.00513030216 -0.014488887 0 0.00388228567 -0.0143224634 -0.000500000024 0.00445724698 -0.0143224634 -0.000500000024 0.00445724698 -0.014488887 0 0.00388228567 -0.014488887 -0.000500000024 0.00388228567 -0.014488887 -0.000500000024 0.00388228567 -0.014488887 0 0.00388228567 -0.0146927144 -0.000500000024 0.00302062044 -0.014488887 0 0.00388228567 -0.0147721162 0 0.00260472274 -0.0146927144 -0.000500000024 0.00302062044 -0.0146927144 -0.000500000024 0.00302062044 -0.0147721162 0 0.00260472274 -0.0147721162 -0.000500000024 0.00260472274 -0.0147721162 0 0.00260472274 -0.0149429208 0 0.00130733615 -0.0147721162 -0.000500000024 0.00260472274 -0.0147721162 -0.000500000024 0.00260472274 -0.0149429208 0 0.00130733615 -0.0149429208 -0.000500000024 0.00130733615 -0.0149429208 0 0.00130733615 -0.0149999997 0 -1.60781313e-17 -0.0149429208 -0.000500000024 0.00130733615 -0.0149429208 -0.000500000024 0.00130733615 -0.0149999997 0 -1.60781313e-17 -0.0149999997 -0.000500000024 -1.60781313e-17 -0.0149999997 0 -1.60781313e-17 -0.0149429208 0 -0.00130733615 -0.0149999997 -0.000500000024 -1.60781313e-17 -0.0149999997 -0.000500000024 -1.60781313e-17 -0.0149429208 0 -0.00130733615 -0.0149429208 -0.000500000024 -0.00130733615 -0.0149429208 0 -0.00130733615 -0.0147721162 0 -0.00260472274 -0.0149429208 -0.000500000024 -0.00130733615 -0.0149429208 -0.000500000024 -0.00130733615 -0.0147721162 0 -0.00260472274 -0.0147721162 -0.000500000024 -0.00260472274 -0.014488887 0 -0.00388228567 -0.014488887 -0.000500000024 -0.00388228567 -0.0147721162 0 -0.00260472274 -0.014488887 -0.000500000024 -0.00388228567 -0.0146925785 -0.000500000024 -0.00302128098 -0.0147721162 0 -0.00260472274 -0.0147721162 0 -0.00260472274 -0.0146925785 -0.000500000024 -0.00302128098 -0.0147721162 -0.000500000024 -0.00260472274 -0.0143222278 -0.000500000024 -0.00445800321 -0.014488887 0 -0.00388228567 -0.0140953893 -0.000500000024 -0.00513030216 -0.014488887 0 -0.00388228567 -0.0140953893 0 -0.00513030216 -0.0140953893 -0.000500000024 -0.00513030216 -0.0140953893 -0.000500000024 -0.00513030216 -0.0140953893 0 -0.00513030216 -0.013818251 -0.000500000024 -0.00583574781 -0.0140953893 0 -0.00513030216 -0.0135946171 0 -0.00633927388 -0.013818251 -0.000500000024 -0.00583574781 -0.013818251 -0.000500000024 -0.00583574781 -0.0135946171 0 -0.00633927388 -0.0135946171 -0.000500000024 -0.00633927388 -0.0135946171 0 -0.00633927388 -0.0129903806 0 -0.00749999983 -0.0135946171 -0.000500000024 -0.00633927388 -0.0135946171 -0.000500000024 -0.00633927388 -0.0129903806 0 -0.00749999983 -0.0129903806 -0.000500000024 -0.00749999983 -0.0129903806 0 -0.00749999983 -0.0122872805 0 -0.00860364642 -0.0129903806 -0.000500000024 -0.00749999983 -0.0129903806 -0.000500000024 -0.00749999983 -0.0122872805 0 -0.00860364642 -0.0122872805 -0.000500000024 -0.00860364642 -0.0122872805 0 -0.00860364642 -0.0114906663 0 -0.00964181405 -0.0122872805 -0.000500000024 -0.00860364642 -0.0122872805 -0.000500000024 -0.00860364642 -0.0114906663 0 -0.00964181405 -0.0114906663 -0.000500000024 -0.00964181405 -0.0114906663 0 -0.00964181405 -0.0106066018 0 -0.0106066018 -0.0114906663 -0.000500000024 -0.00964181405 -0.0114906663 -0.000500000024 -0.00964181405 -0.0106066018 0 -0.0106066018 -0.0106066018 -0.000500000024 -0.0106066018 -0.0106066018 0 -0.0106066018 -0.00964181405 0 -0.0114906663 -0.0106066018 -0.000500000024 -0.0106066018 -0.0106066018 -0.000500000024 -0.0106066018 -0.00964181405 0 -0.0114906663 -0.00964181405 -0.000500000024 -0.0114906663 -0.00964181405 0 -0.0114906663 -0.00860364642 0 -0.0122872805 -0.00964181405 -0.000500000024 -0.0114906663 -0.00964181405 -0.000500000024 -0.0114906663 -0.00860364642 0 -0.0122872805 -0.00860364642 -0.000500000024 -0.0122872805 -0.00860364642 0 -0.0122872805 -0.00749999983 0 -0.0129903806 -0.00860364642 -0.000500000024 -0.0122872805 -0.00860364642 -0.000500000024 -0.0122872805 -0.00749999983 0 -0.0129903806 -0.00749999983 -0.000500000024 -0.0129903806 -0.00749999983 0 -0.0129903806 -0.00633927388 0 -0.0135946171 -0.00749999983 -0.000500000024 -0.0129903806 -0.00749999983 -0.000500000024 -0.0129903806 -0.00633927388 0 -0.0135946171 -0.00633927388 -0.000500000024 -0.0135946171 -0.00388228567 0 -0.014488887 -0.00445747189 -0.000500000024 -0.0143223926 -0.00513030216 0 -0.0140953893 -0.00445747189 -0.000500000024 -0.0143223926 -0.00513030216 -0.000500000024 -0.0140953893 -0.00513030216 0 -0.0140953893 -0.00513030216 0 -0.0140953893 -0.00513030216 -0.000500000024 -0.0140953893 -0.00633927388 0 -0.0135946171 -0.00513030216 -0.000500000024 -0.0140953893 -0.00583532965 -0.000500000024 -0.013818427 -0.00633927388 0 -0.0135946171 -0.00633927388 0 -0.0135946171 -0.00583532965 -0.000500000024 -0.013818427 -0.00633927388 -0.000500000024 -0.0135946171 0.00633927388 0 -0.0135946171 0.00513030216 -0.000500000024 -0.0140953893 0.00513030216 0 -0.0140953893 0.00513030216 -0.000500000024 -0.0140953893 0.00388228567 -0.000500000024 -0.014488887 0.00513030216 0 -0.0140953893 0.00513030216 0 -0.0140953893 0.00388228567 -0.000500000024 -0.014488887 0.00388228567 0 -0.014488887 0.00388228567 -0.000500000024 -0.014488887 0.00260472274 -0.000500000024 -0.0147721162 0.00388228567 0 -0.014488887 0.00388228567 0 -0.014488887 0.00260472274 -0.000500000024 -0.0147721162 0.00260472274 0 -0.0147721162 0.00260472274 -0.000500000024 -0.0147721162 0.00130733615 -0.000500000024 -0.0149429208 0.00260472274 0 -0.0147721162 0.00260472274 0 -0.0147721162 0.00130733615 -0.000500000024 -0.0149429208 0.00130733615 0 -0.0149429208 0.00130733615 -0.000500000024 -0.0149429208 5.51091051e-18 -0.000500000024 -0.0149999997 0.00130733615 0 -0.0149429208 0.00130733615 0 -0.0149429208 5.51091051e-18 -0.000500000024 -0.0149999997 1.83697024e-18 0 -0.0149999997 5.51091051e-18 -0.000500000024 -0.0149999997 -0.00130733615 -0.000500000024 -0.0149429208 1.83697024e-18 0 -0.0149999997 1.83697024e-18 0 -0.0149999997 -0.00130733615 -0.000500000024 -0.0149429208 -0.00130733615 0 -0.0149429208 -0.00130733615 -0.000500000024 -0.0149429208 -0.00260472274 -0.000500000024 -0.0147721162 -0.00130733615 0 -0.0149429208 -0.00130733615 0 -0.0149429208 -0.00260472274 -0.000500000024 -0.0147721162 -0.00260472274 0 -0.0147721162 -0.00260472274 -0.000500000024 -0.0147721162 -0.00302086142 -0.000500000024 -0.0146926651 -0.00260472274 0 -0.0147721162 -0.00260472274 0 -0.0147721162 -0.00302086142 -0.000500000024 -0.0146926651 -0.00388228567 0 -0.014488887 -0.00302086142 -0.000500000024 -0.0146926651 -0.00388228567 -0.000500000024 -0.014488887 -0.00388228567 0 -0.014488887 -0.00388228567 0 -0.014488887 -0.00388228567 -0.000500000024 -0.014488887 -0.00445747189 -0.000500000024 -0.0143223926 0.014488887 0 -0.00388228567 0.0140953893 -0.000500000024 -0.00513030216 0.0140953893 0 -0.00513030216 0.0140953893 -0.000500000024 -0.00513030216 0.0135946171 -0.000500000024 -0.00633927388 0.0140953893 0 -0.00513030216 0.0140953893 0 -0.00513030216 0.0135946171 -0.000500000024 -0.00633927388 0.0135946171 0 -0.00633927388 0.0135946171 -0.000500000024 -0.00633927388 0.0129903806 -0.000500000024 -0.00749999983 0.0135946171 0 -0.00633927388 0.0135946171 0 -0.00633927388 0.0129903806 -0.000500000024 -0.00749999983 0.0129903806 0 -0.00749999983 0.0129903806 -0.000500000024 -0.00749999983 0.0122872805 -0.000500000024 -0.00860364642 0.0129903806 0 -0.00749999983 0.0129903806 0 -0.00749999983 0.0122872805 -0.000500000024 -0.00860364642 0.0122872805 0 -0.00860364642 0.0122872805 -0.000500000024 -0.00860364642 0.0114906663 -0.000500000024 -0.00964181405 0.0122872805 0 -0.00860364642 0.0122872805 0 -0.00860364642 0.0114906663 -0.000500000024 -0.00964181405 0.0114906663 0 -0.00964181405 0.0114906663 -0.000500000024 -0.00964181405 0.0106066018 -0.000500000024 -0.0106066018 0.0114906663 0 -0.00964181405 0.0114906663 0 -0.00964181405 0.0106066018 -0.000500000024 -0.0106066018 0.0106066018 0 -0.0106066018 0.0106066018 -0.000500000024 -0.0106066018 0.00964181405 -0.000500000024 -0.0114906663 0.0106066018 0 -0.0106066018 0.0106066018 0 -0.0106066018 0.00964181405 -0.000500000024 -0.0114906663 0.00964181405 0 -0.0114906663 0.00964181405 -0.000500000024 -0.0114906663 0.00860364642 -0.000500000024 -0.0122872805 0.00964181405 0 -0.0114906663 0.00964181405 0 -0.0114906663 0.00860364642 -0.000500000024 -0.0122872805 0.00860364642 0 -0.0122872805 0.00860364642 -0.000500000024 -0.0122872805 0.00749999983 -0.000500000024 -0.0129903806 0.00860364642 0 -0.0122872805 0.00860364642 0 -0.0122872805 0.00749999983 -0.000500000024 -0.0129903806 0.00749999983 0 -0.0129903806 0.00749999983 -0.000500000024 -0.0129903806 0.00714704534 -0.000500000024 -0.0131878639 0.00749999983 0 -0.0129903806 0.00749999983 0 -0.0129903806 0.00714704534 -0.000500000024 -0.0131878639 0.00633927388 0 -0.0135946171 0.00714704534 -0.000500000024 -0.0131878639 0.00633927388 -0.000500000024 -0.0135946171 0.00633927388 0 -0.0135946171 0.00633927388 0 -0.0135946171 0.00633927388 -0.000500000024 -0.0135946171 0.00513030216 -0.000500000024 -0.0140953893 0.0135946171 0 0.00633927388 0.0140953893 -0.000500000024 0.00513030216 0.0140953893 0 0.00513030216 0.0140953893 -0.000500000024 0.00513030216 0.014488887 -0.000500000024 0.00388228567 0.0140953893 0 0.00513030216 0.0140953893 0 0.00513030216 0.014488887 -0.000500000024 0.00388228567 0.014488887 0 0.00388228567 0.014488887 -0.000500000024 0.00388228567 0.0147721162 -0.000500000024 0.00260472274 0.014488887 0 0.00388228567 0.014488887 0 0.00388228567 0.0147721162 -0.000500000024 0.00260472274 0.0147721162 0 0.00260472274 0.0147721162 -0.000500000024 0.00260472274 0.0149429208 -0.000500000024 0.00130733615 0.0147721162 0 0.00260472274 0.0147721162 0 0.00260472274 0.0149429208 -0.000500000024 0.00130733615 0.0149429208 0 0.00130733615 0.0149429208 -0.000500000024 0.00130733615 0.0149999997 -0.000500000024 4.24915401e-18 0.0149429208 0 0.00130733615 0.0149429208 0 0.00130733615 0.0149999997 -0.000500000024 4.24915401e-18 0.0149999997 0 4.24915401e-18 0.0149999997 -0.000500000024 4.24915401e-18 0.0149429208 -0.000500000024 -0.00130733615 0.0149999997 0 4.24915401e-18 0.0149999997 0 4.24915401e-18 0.0149429208 -0.000500000024 -0.00130733615 0.0149429208 0 -0.00130733615 0.0149429208 -0.000500000024 -0.00130733615 0.0147721162 -0.000500000024 -0.00260472274 0.0149429208 0 -0.00130733615 0.0149429208 0 -0.00130733615 0.0147721162 -0.000500000024 -0.00260472274 0.0147721162 0 -0.00260472274 0.0147721162 -0.000500000024 -0.00260472274 0.0146925785 -0.000500000024 -0.00302128098 0.0147721162 0 -0.00260472274 0.0147721162 0 -0.00260472274 0.0146925785 -0.000500000024 -0.00302128098 0.014488887 0 -0.00388228567 0.0146925785 -0.000500000024 -0.00302128098 0.014488887 -0.000500000024 -0.00388228567 0.014488887 0 -0.00388228567 0.014488887 0 -0.00388228567 0.014488887 -0.000500000024 -0.00388228567 0.0140953893 -0.000500000024 -0.00513030216 0.00388228567 0 0.014488887 0.00513030216 -0.000500000024 0.0140953893 0.00513030216 0 0.0140953893 0.00513030216 -0.000500000024 0.0140953893 0.00633927388 -0.000500000024 0.0135946171 0.00513030216 0 0.0140953893 0.00513030216 0 0.0140953893 0.00633927388 -0.000500000024 0.0135946171 0.00633927388 0 0.0135946171 0.00633927388 -0.000500000024 0.0135946171 0.00749999983 -0.000500000024 0.0129903806 0.00633927388 0 0.0135946171 0.00633927388 0 0.0135946171 0.00749999983 -0.000500000024 0.0129903806 0.00749999983 0 0.0129903806 0.00749999983 -0.000500000024 0.0129903806 0.00860364642 -0.000500000024 0.0122872805 0.00749999983 0 0.0129903806 0.00749999983 0 0.0129903806 0.00860364642 -0.000500000024 0.0122872805 0.00860364642 0 0.0122872805 0.00860364642 -0.000500000024 0.0122872805 0.00964181405 -0.000500000024 0.0114906663 0.00860364642 0 0.0122872805 0.00860364642 0 0.0122872805 0.00964181405 -0.000500000024 0.0114906663 0.00964181405 0 0.0114906663 0.00964181405 -0.000500000024 0.0114906663 0.0106066018 -0.000500000024 0.0106066018 0.00964181405 0 0.0114906663 0.00964181405 0 0.0114906663 0.0106066018 -0.000500000024 0.0106066018 0.0106066018 0 0.0106066018 0.0106066018 -0.000500000024 0.0106066018 0.0114906663 -0.000500000024 0.00964181405 0.0106066018 0 0.0106066018 0.0106066018 0 0.0106066018 0.0114906663 -0.000500000024 0.00964181405 0.0114906663 0 0.00964181405 0.0114906663 -0.000500000024 0.00964181405 0.0122872805 -0.000500000024 0.00860364642 0.0114906663 0 0.00964181405 0.0114906663 0 0.00964181405 0.0122872805 -0.000500000024 0.00860364642 0.0122872805 0 0.00860364642 0.0122872805 -0.000500000024 0.00860364642 0.0129903806 -0.000500000024 0.00749999983 0.0122872805 0 0.00860364642 0.0122872805 0 0.00860364642 0.0129903806 -0.000500000024 0.00749999983 0.0129903806 0 0.00749999983 0.0129903806 -0.000500000024 0.00749999983 0.0131878769 -0.000500000024 0.00714702066 0.0129903806 0 0.00749999983 0.0129903806 0 0.00749999983 0.0131878769 -0.000500000024 0.00714702066 0.0135946171 0 0.00633927388 0.0131878769 -0.000500000024 0.00714702066 0.0135946171 -0.000500000024 0.00633927388 0.0135946171 0 0.00633927388 0.0135946171 0 0.00633927388 0.0135946171 -0.000500000024 0.00633927388 0.0140953893 -0.000500000024 0.00513030216 -0.00302099995 -0.000500000024 0.0146926362 -0.00260472274 -0.000500000024 0.0147721162 -0.00260472274 0 0.0147721162 -0.00260472274 -0.000500000024 0.0147721162 -0.00130733615 -0.000500000024 0.0149429208 -0.00260472274 0 0.0147721162 -0.00260472274 0 0.0147721162 -0.00130733615 -0.000500000024 0.0149429208 -0.00130733615 0 0.0149429208 -0.00130733615 -0.000500000024 0.0149429208 0 -0.000500000024 0.0149999997 -0.00130733615 0 0.0149429208 -0.00130733615 0 0.0149429208 0 -0.000500000024 0.0149999997 0 0 0.0149999997 0 -0.000500000024 0.0149999997 0.00130733615 -0.000500000024 0.0149429208 0 0 0.0149999997 0 0 0.0149999997 0.00130733615 -0.000500000024 0.0149429208 0.00130733615 0 0.0149429208 0.00130733615 -0.000500000024 0.0149429208 0.00260472274 -0.000500000024 0.0147721162 0.00130733615 0 0.0149429208 0.00130733615 0 0.0149429208 0.00260472274 -0.000500000024 0.0147721162 0.00260472274 0 0.0147721162 0.00260472274 -0.000500000024 0.0147721162 0.00302099995 -0.000500000024 0.0146926362 0.00260472274 0 0.0147721162 0.00260472274 0 0.0147721162 0.00302099995 -0.000500000024 0.0146926362 0.00388228567 0 0.014488887 0.00302099995 -0.000500000024 0.0146926362 0.00388228567 -0.000500000024 0.014488887 0.00388228567 0 0.014488887 0.00388228567 0 0.014488887 0.00388228567 -0.000500000024 0.014488887 0.00513030216 -0.000500000024 0.0140953893 -0.000520944537 -0.00499999989 -0.00295442319 -0.000510916288 -0.00499999989 -0.00497416547 -0.000261467241 -0.00499999989 -0.00298858411 -0.000510916288 -0.00499999989 -0.00497416547 -0.000399111334 -0.00499999989 -0.00498427171 -0.000261467241 -0.00499999989 -0.00298858411 -0.000261467241 -0.00499999989 -0.00298858411 -0.000399111334 -0.00499999989 -0.00498427171 -7.34788054e-19 -0.00499999989 -0.00300000003 -0.000399111334 -0.00499999989 -0.00498427171 0 -0.00499999989 -0.00499999989 -7.34788054e-19 -0.00499999989 -0.00300000003 -7.34788054e-19 -0.00499999989 -0.00300000003 0 -0.00499999989 -0.00499999989 0.000261467241 -0.00499999989 -0.00298858411 0.00417341106 -0.00499999989 0.00275312457 0.0024574562 -0.00499999989 0.00172072928 0.00259807613 -0.00499999989 0.00150000001 0.00295442319 -0.00499999989 -0.000520944537 0.00497416547 -0.00499999989 -0.000510916288 0.00298858411 -0.00499999989 -0.000261467241 0.00497416547 -0.00499999989 -0.000510916288 0.00498133758 -0.00499999989 -0.000434590649 0.00298858411 -0.00499999989 -0.000261467241 0.00298858411 -0.00499999989 -0.000261467241 0.00498133758 -0.00499999989 -0.000434590649 0.00300000003 -0.00499999989 -8.49830834e-19 0.00289777759 -0.00499999989 -0.000776457135 0.00489834184 -0.00499999989 -0.00100714364 0.00295442319 -0.00499999989 -0.000520944537 0.00489834184 -0.00499999989 -0.00100714364 0.00492819585 -0.00499999989 -0.000848322001 0.00295442319 -0.00499999989 -0.000520944537 0.00295442319 -0.00499999989 -0.000520944537 0.00492819585 -0.00499999989 -0.000848322001 0.00497416547 -0.00499999989 -0.000510916288 0.00281907781 -0.00499999989 -0.00102606043 0.00477505149 -0.00499999989 -0.00148616056 0.00289777759 -0.00499999989 -0.000776457135 0.00477505149 -0.00499999989 -0.00148616056 0.00484104734 -0.00499999989 -0.00125448103 0.00289777759 -0.00499999989 -0.000776457135 0.00289777759 -0.00499999989 -0.000776457135 0.00484104734 -0.00499999989 -0.00125448103 0.00489834184 -0.00499999989 -0.00100714364 0.00102606043 -0.00499999989 0.00281907781 0.00126785482 -0.00499999989 0.00271892338 0.00194544578 -0.00499999989 0.00460681506 0.00281907781 -0.00499999989 0.00102606043 0.00460681506 -0.00499999989 0.00194544578 0.00271892338 -0.00499999989 0.00126785482 0.00460681506 -0.00499999989 0.00194544578 0.00456783548 -0.00499999989 0.0020350737 0.00271892338 -0.00499999989 0.00126785482 0.00271892338 -0.00499999989 0.00126785482 0.00456783548 -0.00499999989 0.0020350737 0.00259807613 -0.00499999989 0.00150000001 0.00456783548 -0.00499999989 0.0020350737 0.00438587042 -0.00499999989 0.00240130303 0.00259807613 -0.00499999989 0.00150000001 0.00259807613 -0.00499999989 0.00150000001 0.00438587042 -0.00499999989 0.00240130303 0.00417341106 -0.00499999989 0.00275312457 -0.00289777759 -0.00499999989 -0.000776457135 -0.00295442319 -0.00499999989 -0.000520944537 -0.00489834184 -0.00499999989 -0.00100714364 -0.00298858411 -0.00499999989 -0.000261467241 -0.00497416547 -0.00499999989 -0.000510916288 -0.00295442319 -0.00499999989 -0.000520944537 -0.00497416547 -0.00499999989 -0.000510916288 -0.00493163662 -0.00499999989 -0.00082796911 -0.00295442319 -0.00499999989 -0.000520944537 -0.00295442319 -0.00499999989 -0.000520944537 -0.00493163662 -0.00499999989 -0.00082796911 -0.00489834184 -0.00499999989 -0.00100714364 -0.00295442319 -0.00499999989 0.000520944537 -0.00497416547 -0.00499999989 0.000510916288 -0.00298858411 -0.00499999989 0.000261467241 -0.00497416547 -0.00499999989 0.000510916288 -0.00498427497 -0.00499999989 0.000399066746 -0.00298858411 -0.00499999989 0.000261467241 -0.00298858411 -0.00499999989 0.000261467241 -0.00498427497 -0.00499999989 0.000399066746 -0.00300000003 -0.00499999989 3.21562637e-18 -0.00498427497 -0.00499999989 0.000399066746 -0.00499999989 -0.00499999989 2.16840434e-19 -0.00300000003 -0.00499999989 3.21562637e-18 -0.00300000003 -0.00499999989 3.21562637e-18 -0.00499999989 -0.00499999989 2.16840434e-19 -0.00298858411 -0.00499999989 -0.000261467241 -0.00499999989 -0.00499999989 2.16840434e-19 -0.00498268288 -0.00499999989 -0.000418702461 -0.00298858411 -0.00499999989 -0.000261467241 -0.00298858411 -0.00499999989 -0.000261467241 -0.00498268288 -0.00499999989 -0.000418702461 -0.00497416547 -0.00499999989 -0.000510916288 -0.00289777759 -0.00499999989 0.000776457135 -0.00489834184 -0.00499999989 0.00100714364 -0.00295442319 -0.00499999989 0.000520944537 -0.00489834184 -0.00499999989 0.00100714364 -0.00493404781 -0.00499999989 0.000813393504 -0.00295442319 -0.00499999989 0.000520944537 -0.00295442319 -0.00499999989 0.000520944537 -0.00493404781 -0.00499999989 0.000813393504 -0.00497416547 -0.00499999989 0.000510916288 -0.00281907781 -0.00499999989 0.00102606043 -0.00477505149 -0.00499999989 0.00148616056 -0.00289777759 -0.00499999989 0.000776457135 -0.00477505149 -0.00499999989 0.00148616056 -0.00484977663 -0.00499999989 0.00122024526 -0.00289777759 -0.00499999989 0.000776457135 -0.00289777759 -0.00499999989 0.000776457135 -0.00484977663 -0.00499999989 0.00122024526 -0.00489834184 -0.00499999989 0.00100714364 -0.00271892338 -0.00499999989 0.00126785482 -0.00460681506 -0.00499999989 0.00194544578 -0.00281907781 -0.00499999989 0.00102606043 -0.00460681506 -0.00499999989 0.00194544578 -0.00473189773 -0.00499999989 0.00161823002 -0.00281907781 -0.00499999989 0.00102606043 -0.00281907781 -0.00499999989 0.00102606043 -0.00473189773 -0.00499999989 0.00161823002 -0.00477505149 -0.00499999989 0.00148616056 0.00192836288 -0.00499999989 0.00229813321 0.00308635784 -0.00499999989 0.00393283786 0.00172072928 -0.00499999989 0.0024574562 0.00308635784 -0.00499999989 0.00393283786 0.00274740718 -0.00499999989 0.00417718664 0.00172072928 -0.00499999989 0.0024574562 0.00172072928 -0.00499999989 0.0024574562 0.00274740718 -0.00499999989 0.00417718664 0.00150000001 -0.00499999989 0.00259807613 0.00274740718 -0.00499999989 0.00417718664 0.00238967245 -0.00499999989 0.00439223647 0.00150000001 -0.00499999989 0.00259807613 0.00150000001 -0.00499999989 0.00259807613 0.00238967245 -0.00499999989 0.00439223647 0.00126785482 -0.00499999989 0.00271892338 0.00238967245 -0.00499999989 0.00439223647 0.00201601651 -0.00499999989 0.00457629934 0.00126785482 -0.00499999989 0.00271892338 0.00126785482 -0.00499999989 0.00271892338 0.00201601651 -0.00499999989 0.00457629934 0.00194544578 -0.00499999989 0.00460681506 0.00212132023 -0.00499999989 0.00212132023 0.00340362336 -0.00499999989 0.00366139272 0.00192836288 -0.00499999989 0.00229813321 0.00340362336 -0.00499999989 0.00366139272 0.00317969662 -0.00499999989 0.0038576459 0.00192836288 -0.00499999989 0.00229813321 0.00192836288 -0.00499999989 0.00229813321 0.00317969662 -0.00499999989 0.0038576459 0.00308635784 -0.00499999989 0.00393283786 0.00229813321 -0.00499999989 0.00192836288 0.00366139272 -0.00499999989 0.00340362336 0.00212132023 -0.00499999989 0.00212132023 0.00366139272 -0.00499999989 0.00340362336 0.00353484065 -0.00499999989 0.00353484065 0.00212132023 -0.00499999989 0.00212132023 0.00212132023 -0.00499999989 0.00212132023 0.00353484065 -0.00499999989 0.00353484065 0.00340362336 -0.00499999989 0.00366139272 0.00417341106 -0.00499999989 0.00275312457 0.00414559105 -0.00499999989 0.00279473513 0.0024574562 -0.00499999989 0.00172072928 0.00414559105 -0.00499999989 0.00279473513 0.00393144926 -0.00499999989 0.00308812363 0.0024574562 -0.00499999989 0.00172072928 0.0024574562 -0.00499999989 0.00172072928 0.00393144926 -0.00499999989 0.00308812363 0.00229813321 -0.00499999989 0.00192836288 0.00393144926 -0.00499999989 0.00308812363 0.0038576459 -0.00499999989 0.00317969662 0.00229813321 -0.00499999989 0.00192836288 0.00229813321 -0.00499999989 0.00192836288 0.0038576459 -0.00499999989 0.00317969662 0.00366139272 -0.00499999989 0.00340362336 0.00289777759 -0.00499999989 0.000776457135 0.00477505149 -0.00499999989 0.00148616056 0.00281907781 -0.00499999989 0.00102606043 0.00477505149 -0.00499999989 0.00148616056 0.00471863337 -0.00499999989 0.00165646872 0.00281907781 -0.00499999989 0.00102606043 0.00281907781 -0.00499999989 0.00102606043 0.00471863337 -0.00499999989 0.00165646872 0.00460681506 -0.00499999989 0.00194544578 0.00295442319 -0.00499999989 0.000520944537 0.00489834184 -0.00499999989 0.00100714364 0.00289777759 -0.00499999989 0.000776457135 0.00489834184 -0.00499999989 0.00100714364 0.00483777607 -0.00499999989 0.0012670554 0.00289777759 -0.00499999989 0.000776457135 0.00289777759 -0.00499999989 0.000776457135 0.00483777607 -0.00499999989 0.0012670554 0.00477505149 -0.00499999989 0.00148616056 0.00271892338 -0.00499999989 -0.00126785482 0.00460681506 -0.00499999989 -0.00194544578 0.00281907781 -0.00499999989 -0.00102606043 0.00460681506 -0.00499999989 -0.00194544578 0.00472033117 -0.00499999989 -0.00165162992 0.00281907781 -0.00499999989 -0.00102606043 0.00281907781 -0.00499999989 -0.00102606043 0.00472033117 -0.00499999989 -0.00165162992 0.00477505149 -0.00499999989 -0.00148616056 -0.00368926511 -0.00499999989 -0.00337341032 -0.00212132023 -0.00499999989 -0.00212132023 -0.00229813321 -0.00499999989 -0.00192836288 -0.00489834184 -0.00499999989 -0.00100714364 -0.00484780828 -0.00499999989 -0.00122805452 -0.00289777759 -0.00499999989 -0.000776457135 -0.00484780828 -0.00499999989 -0.00122805452 -0.00477505149 -0.00499999989 -0.00148616056 -0.00289777759 -0.00499999989 -0.000776457135 -0.00289777759 -0.00499999989 -0.000776457135 -0.00477505149 -0.00499999989 -0.00148616056 -0.00281907781 -0.00499999989 -0.00102606043 -0.00477505149 -0.00499999989 -0.00148616056 -0.00473181577 -0.00499999989 -0.00161846925 -0.00281907781 -0.00499999989 -0.00102606043 -0.00281907781 -0.00499999989 -0.00102606043 -0.00473181577 -0.00499999989 -0.00161846925 -0.00271892338 -0.00499999989 -0.00126785482 -0.00473181577 -0.00499999989 -0.00161846925 -0.00458412431 -0.00499999989 -0.00199820357 -0.00271892338 -0.00499999989 -0.00126785482 -0.00271892338 -0.00499999989 -0.00126785482 -0.00458412431 -0.00499999989 -0.00199820357 -0.00259807613 -0.00499999989 -0.00150000001 -0.00458412431 -0.00499999989 -0.00199820357 -0.00440521166 -0.00499999989 -0.00236573839 -0.00259807613 -0.00499999989 -0.00150000001 -0.00259807613 -0.00499999989 -0.00150000001 -0.00440521166 -0.00499999989 -0.00236573839 -0.0024574562 -0.00499999989 -0.00172072928 -0.00440521166 -0.00499999989 -0.00236573839 -0.00419572601 -0.00499999989 -0.00271908497 -0.0024574562 -0.00499999989 -0.00172072928 -0.0024574562 -0.00499999989 -0.00172072928 -0.00419572601 -0.00499999989 -0.00271908497 -0.00229813321 -0.00499999989 -0.00192836288 -0.00419572601 -0.00499999989 -0.00271908497 -0.00395662244 -0.00499999989 -0.00305586145 -0.00229813321 -0.00499999989 -0.00192836288 -0.00229813321 -0.00499999989 -0.00192836288 -0.00395662244 -0.00499999989 -0.00305586145 -0.00368926511 -0.00499999989 -0.00337341032 -0.0024574562 -0.00499999989 0.00172072928 -0.00229813321 -0.00499999989 0.00192836288 -0.00394000392 -0.00499999989 0.00307722017 0.00212132023 -0.00499999989 -0.00212132023 0.0036449926 -0.00499999989 -0.0034211718 0.00229813321 -0.00499999989 -0.00192836288 0.0036449926 -0.00499999989 -0.0034211718 0.00391798792 -0.00499999989 -0.00310515589 0.00229813321 -0.00499999989 -0.00192836288 0.00229813321 -0.00499999989 -0.00192836288 0.00391798792 -0.00499999989 -0.00310515589 0.0024574562 -0.00499999989 -0.00172072928 0.00391798792 -0.00499999989 -0.00310515589 0.00416395534 -0.00499999989 -0.00276736845 0.0024574562 -0.00499999989 -0.00172072928 0.0024574562 -0.00499999989 -0.00172072928 0.00416395534 -0.00499999989 -0.00276736845 0.00259807613 -0.00499999989 -0.00150000001 0.00416395534 -0.00499999989 -0.00276736845 0.00438073464 -0.00499999989 -0.00241063233 0.00259807613 -0.00499999989 -0.00150000001 0.00259807613 -0.00499999989 -0.00150000001 0.00438073464 -0.00499999989 -0.00241063233 0.00271892338 -0.00499999989 -0.00126785482 0.00438073464 -0.00499999989 -0.00241063233 0.00456661079 -0.00499999989 -0.00203781342 0.00271892338 -0.00499999989 -0.00126785482 0.00271892338 -0.00499999989 -0.00126785482 0.00456661079 -0.00499999989 -0.00203781342 0.00460681506 -0.00499999989 -0.00194544578 0.00233489904 -0.00499999989 -0.0044216821 0.00150000001 -0.00499999989 -0.00259807613 0.00126785482 -0.00499999989 -0.00271892338 -0.00368926511 -0.00499999989 -0.00337341032 -0.00353484065 -0.00499999989 -0.00353484065 -0.00212132023 -0.00499999989 -0.00212132023 -0.00353484065 -0.00499999989 -0.00353484065 -0.00339522678 -0.00499999989 -0.00366918463 -0.00212132023 -0.00499999989 -0.00212132023 -0.00212132023 -0.00499999989 -0.00212132023 -0.00339522678 -0.00499999989 -0.00366918463 -0.00192836288 -0.00499999989 -0.00229813321 -0.00339522678 -0.00499999989 -0.00366918463 -0.00307725533 -0.00499999989 -0.00393997645 -0.00192836288 -0.00499999989 -0.00229813321 -0.00192836288 -0.00499999989 -0.00229813321 -0.00307725533 -0.00499999989 -0.00393997645 -0.00172072928 -0.00499999989 -0.0024574562 -0.00307725533 -0.00499999989 -0.00393997645 -0.00273774588 -0.00499999989 -0.00418354152 -0.00172072928 -0.00499999989 -0.0024574562 -0.00172072928 -0.00499999989 -0.0024574562 -0.00273774588 -0.00499999989 -0.00418354152 -0.00150000001 -0.00499999989 -0.00259807613 -0.00273774588 -0.00499999989 -0.00418354152 -0.0023795322 -0.00499999989 -0.00439775409 -0.00150000001 -0.00499999989 -0.00259807613 -0.00150000001 -0.00499999989 -0.00259807613 -0.0023795322 -0.00499999989 -0.00439775409 -0.00126785482 -0.00499999989 -0.00271892338 -0.0023795322 -0.00499999989 -0.00439775409 -0.00200547534 -0.00499999989 -0.00458094012 -0.00126785482 -0.00499999989 -0.00271892338 -0.00126785482 -0.00499999989 -0.00271892338 -0.00200547534 -0.00499999989 -0.00458094012 -0.00102606043 -0.00499999989 -0.00281907781 -0.00200547534 -0.00499999989 -0.00458094012 -0.00161827193 -0.00499999989 -0.00473188376 -0.00102606043 -0.00499999989 -0.00281907781 -0.00102606043 -0.00499999989 -0.00281907781 -0.00161827193 -0.00499999989 -0.00473188376 -0.000776457135 -0.00499999989 -0.00289777759 -0.00161827193 -0.00499999989 -0.00473188376 -0.00122028822 -0.00499999989 -0.00484976592 -0.000776457135 -0.00499999989 -0.00289777759 -0.000776457135 -0.00499999989 -0.00289777759 -0.00122028822 -0.00499999989 -0.00484976592 -0.000520944537 -0.00499999989 -0.00295442319 -0.00122028822 -0.00499999989 -0.00484976592 -0.000813437335 -0.00499999989 -0.00493404036 -0.000520944537 -0.00499999989 -0.00295442319 -0.000520944537 -0.00499999989 -0.00295442319 -0.000813437335 -0.00499999989 -0.00493404036 -0.000510916288 -0.00499999989 -0.00497416547 -0.00394000392 -0.00499999989 0.00307722017 -0.00414559105 -0.00499999989 0.00279473513 -0.0024574562 -0.00499999989 0.00172072928 -0.00414559105 -0.00499999989 0.00279473513 -0.0041835662 -0.00499999989 0.00273770862 -0.0024574562 -0.00499999989 0.00172072928 -0.0024574562 -0.00499999989 0.00172072928 -0.0041835662 -0.00499999989 0.00273770862 -0.00259807613 -0.00499999989 0.00150000001 -0.0041835662 -0.00499999989 0.00273770862 -0.00439777551 -0.00499999989 0.00237949309 -0.00259807613 -0.00499999989 0.00150000001 -0.00259807613 -0.00499999989 0.00150000001 -0.00439777551 -0.00499999989 0.00237949309 -0.00271892338 -0.00499999989 0.00126785482 -0.00439777551 -0.00499999989 0.00237949309 -0.00458095782 -0.00499999989 0.0020054346 -0.00271892338 -0.00499999989 0.00126785482 -0.00271892338 -0.00499999989 0.00126785482 -0.00458095782 -0.00499999989 0.0020054346 -0.00460681506 -0.00499999989 0.00194544578 -0.00212132023 -0.00499999989 0.00212132023 -0.0036692149 -0.00499999989 0.00339519419 -0.00229813321 -0.00499999989 0.00192836288 -0.0036692149 -0.00499999989 0.00339519419 -0.0038576459 -0.00499999989 0.00317969662 -0.00229813321 -0.00499999989 0.00192836288 -0.00229813321 -0.00499999989 0.00192836288 -0.0038576459 -0.00499999989 0.00317969662 -0.00394000392 -0.00499999989 0.00307722017 -0.00192836288 -0.00499999989 0.00229813321 -0.00337344315 -0.00499999989 0.00368923508 -0.00212132023 -0.00499999989 0.00212132023 -0.00337344315 -0.00499999989 0.00368923508 -0.00353484065 -0.00499999989 0.00353484065 -0.00212132023 -0.00499999989 0.00212132023 -0.00212132023 -0.00499999989 0.00212132023 -0.00353484065 -0.00499999989 0.00353484065 -0.0036692149 -0.00499999989 0.00339519419 -0.00172072928 -0.00499999989 0.0024574562 -0.00305589661 -0.00499999989 0.00395659544 -0.00192836288 -0.00499999989 0.00229813321 -0.00305589661 -0.00499999989 0.00395659544 -0.00317969662 -0.00499999989 0.0038576459 -0.00192836288 -0.00499999989 0.00229813321 -0.00192836288 -0.00499999989 0.00229813321 -0.00317969662 -0.00499999989 0.0038576459 -0.00337344315 -0.00499999989 0.00368923508 -0.00150000001 -0.00499999989 0.00259807613 -0.00271912199 -0.00499999989 0.0041957018 -0.00172072928 -0.00499999989 0.0024574562 -0.00271912199 -0.00499999989 0.0041957018 -0.00279473513 -0.00499999989 0.00414559105 -0.00172072928 -0.00499999989 0.0024574562 -0.00172072928 -0.00499999989 0.0024574562 -0.00279473513 -0.00499999989 0.00414559105 -0.00305589661 -0.00499999989 0.00395659544 0.000520944537 -0.00499999989 0.00295442319 0.000510916288 -0.00499999989 0.00497416547 0.000261467241 -0.00499999989 0.00298858411 0.000510916288 -0.00499999989 0.00497416547 0.000410670153 -0.00499999989 0.00498334318 0.000261467241 -0.00499999989 0.00298858411 0.000261467241 -0.00499999989 0.00298858411 0.000410670153 -0.00499999989 0.00498334318 1.69966167e-18 -0.00499999989 0.00300000003 0.000410670153 -0.00499999989 0.00498334318 1.30104261e-18 -0.00499999989 0.00499999989 1.69966167e-18 -0.00499999989 0.00300000003 1.69966167e-18 -0.00499999989 0.00300000003 1.30104261e-18 -0.00499999989 0.00499999989 -0.000261467241 -0.00499999989 0.00298858411 0.000776457135 -0.00499999989 0.00289777759 0.00100714364 -0.00499999989 0.00489834184 0.000520944537 -0.00499999989 0.00295442319 0.00100714364 -0.00499999989 0.00489834184 0.000824803195 -0.00499999989 0.00493216421 0.000520944537 -0.00499999989 0.00295442319 0.000520944537 -0.00499999989 0.00295442319 0.000824803195 -0.00499999989 0.00493216421 0.000510916288 -0.00499999989 0.00497416547 0.00194544578 -0.00499999989 0.00460681506 0.00162914325 -0.00499999989 0.00472814776 0.00102606043 -0.00499999989 0.00281907781 0.00162914325 -0.00499999989 0.00472814776 0.00148616056 -0.00499999989 0.00477505149 0.00102606043 -0.00499999989 0.00281907781 0.00102606043 -0.00499999989 0.00281907781 0.00148616056 -0.00499999989 0.00477505149 0.000776457135 -0.00499999989 0.00289777759 0.00148616056 -0.00499999989 0.00477505149 0.00123142987 -0.00499999989 0.00484695332 0.000776457135 -0.00499999989 0.00289777759 0.000776457135 -0.00499999989 0.00289777759 0.00123142987 -0.00499999989 0.00484695332 0.00100714364 -0.00499999989 0.00489834184 0.00498133758 -0.00499999989 -0.000434590649 0.00499998033 -0.00499999989 -1.41837709e-05 0.00300000003 -0.00499999989 -8.49830834e-19 0.00499998033 -0.00499999989 -1.41837709e-05 0.00499982247 -0.00499999989 4.25236576e-05 0.00300000003 -0.00499999989 -8.49830834e-19 0.00300000003 -0.00499999989 -8.49830834e-19 0.00499982247 -0.00499999989 4.25236576e-05 0.00298858411 -0.00499999989 0.000261467241 0.00499982247 -0.00499999989 4.25236576e-05 0.00497912336 -0.00499999989 0.00045952847 0.00298858411 -0.00499999989 0.000261467241 0.00298858411 -0.00499999989 0.000261467241 0.00497912336 -0.00499999989 0.00045952847 0.00295442319 -0.00499999989 0.000520944537 0.00497912336 -0.00499999989 0.00045952847 0.00492480444 -0.00499999989 0.000867894734 0.00295442319 -0.00499999989 0.000520944537 0.00295442319 -0.00499999989 0.000520944537 0.00492480444 -0.00499999989 0.000867894734 0.00489834184 -0.00499999989 0.00100714364 0.000776457135 -0.00499999989 -0.00289777759 0.00148616056 -0.00499999989 -0.00477505149 0.00102606043 -0.00499999989 -0.00281907781 0.00148616056 -0.00499999989 -0.00477505149 0.00158555398 -0.00499999989 -0.00474295719 0.00102606043 -0.00499999989 -0.00281907781 0.00102606043 -0.00499999989 -0.00281907781 0.00158555398 -0.00499999989 -0.00474295719 0.00126785482 -0.00499999989 -0.00271892338 0.00158555398 -0.00499999989 -0.00474295719 0.00196625176 -0.00499999989 -0.00459795306 0.00126785482 -0.00499999989 -0.00271892338 0.00126785482 -0.00499999989 -0.00271892338 0.00196625176 -0.00499999989 -0.00459795306 0.00233489904 -0.00499999989 -0.0044216821 1.30104261e-18 -0.00499999989 0.00499999989 -0.000418746757 -0.00499999989 0.00498267915 -0.000261467241 -0.00499999989 0.00298858411 -0.000418746757 -0.00499999989 0.00498267915 -0.000510916288 -0.00499999989 0.00497416547 -0.000261467241 -0.00499999989 0.00298858411 -0.000261467241 -0.00499999989 0.00298858411 -0.000510916288 -0.00499999989 0.00497416547 -0.000520944537 -0.00499999989 0.00295442319 0.00233489904 -0.00499999989 -0.0044216821 0.00238247775 -0.00499999989 -0.00439615455 0.00150000001 -0.00499999989 -0.00259807613 0.00238247775 -0.00499999989 -0.00439615455 0.00268954434 -0.00499999989 -0.00421477342 0.00150000001 -0.00499999989 -0.00259807613 0.00150000001 -0.00499999989 -0.00259807613 0.00268954434 -0.00499999989 -0.00421477342 0.00172072928 -0.00499999989 -0.0024574562 0.00268954434 -0.00499999989 -0.00421477342 0.00302783563 -0.00499999989 -0.00397815043 0.00172072928 -0.00499999989 -0.0024574562 0.00172072928 -0.00499999989 -0.0024574562 0.00302783563 -0.00499999989 -0.00397815043 0.00192836288 -0.00499999989 -0.00229813321 0.00302783563 -0.00499999989 -0.00397815043 0.00334713305 -0.00499999989 -0.00371313933 0.00192836288 -0.00499999989 -0.00229813321 0.00192836288 -0.00499999989 -0.00229813321 0.00334713305 -0.00499999989 -0.00371313933 0.00212132023 -0.00499999989 -0.00212132023 0.00334713305 -0.00499999989 -0.00371313933 0.00353484065 -0.00499999989 -0.00353484065 0.00212132023 -0.00499999989 -0.00212132023 0.00212132023 -0.00499999989 -0.00212132023 0.00353484065 -0.00499999989 -0.00353484065 0.0036449926 -0.00499999989 -0.0034211718 0.000520944537 -0.00499999989 -0.00295442319 0.00100714364 -0.00499999989 -0.00489834184 0.000776457135 -0.00499999989 -0.00289777759 0.00100714364 -0.00499999989 -0.00489834184 0.00119428185 -0.00499999989 -0.00485622417 0.000776457135 -0.00499999989 -0.00289777759 0.000776457135 -0.00499999989 -0.00289777759 0.00119428185 -0.00499999989 -0.00485622417 0.00148616056 -0.00499999989 -0.00477505149 0 -0.00499999989 -0.00499999989 0.000383401668 -0.00499999989 -0.00498548988 0.000261467241 -0.00499999989 -0.00298858411 0.000383401668 -0.00499999989 -0.00498548988 0.000510916288 -0.00499999989 -0.00497416547 0.000261467241 -0.00499999989 -0.00298858411 0.000261467241 -0.00499999989 -0.00298858411 0.000510916288 -0.00499999989 -0.00497416547 0.000520944537 -0.00499999989 -0.00295442319 0.000510916288 -0.00499999989 -0.00497416547 0.000793401268 -0.00499999989 -0.0049372823 0.000520944537 -0.00499999989 -0.00295442319 0.000520944537 -0.00499999989 -0.00295442319 0.000793401268 -0.00499999989 -0.0049372823 0.00100714364 -0.00499999989 -0.00489834184 -0.000776457135 -0.00499999989 0.00289777759 -0.00148616056 -0.00499999989 0.00477505149 -0.00102606043 -0.00499999989 0.00281907781 -0.00148616056 -0.00499999989 0.00477505149 -0.00161851058 -0.00499999989 0.0047318018 -0.00102606043 -0.00499999989 0.00281907781 -0.00102606043 -0.00499999989 0.00281907781 -0.00161851058 -0.00499999989 0.0047318018 -0.00126785482 -0.00499999989 0.00271892338 -0.00161851058 -0.00499999989 0.0047318018 -0.00199824362 -0.00499999989 0.00458410662 -0.00126785482 -0.00499999989 0.00271892338 -0.00126785482 -0.00499999989 0.00271892338 -0.00199824362 -0.00499999989 0.00458410662 -0.00150000001 -0.00499999989 0.00259807613 -0.00199824362 -0.00499999989 0.00458410662 -0.00236577704 -0.00499999989 0.0044051907 -0.00150000001 -0.00499999989 0.00259807613 -0.00150000001 -0.00499999989 0.00259807613 -0.00236577704 -0.00499999989 0.0044051907 -0.00271912199 -0.00499999989 0.0041957018 -0.000510916288 -0.00499999989 0.00497416547 -0.000828012475 -0.00499999989 0.00493162964 -0.000520944537 -0.00499999989 0.00295442319 -0.000828012475 -0.00499999989 0.00493162964 -0.00100714364 -0.00499999989 0.00489834184 -0.000520944537 -0.00499999989 0.00295442319 -0.000520944537 -0.00499999989 0.00295442319 -0.00100714364 -0.00499999989 0.00489834184 -0.000776457135 -0.00499999989 0.00289777759 -0.00100714364 -0.00499999989 0.00489834184 -0.00122809689 -0.00499999989 0.00484779757 -0.000776457135 -0.00499999989 0.00289777759 -0.000776457135 -0.00499999989 0.00289777759 -0.00122809689 -0.00499999989 0.00484779757 -0.00148616056 -0.00499999989 0.00477505149 0.000410670153 -0.00499999989 0.00498334318 0.000510916288 -0.00499999989 0.00497416547 0.000543053844 -0.0047336407 0.0052150432 -0.0082233334 -0.00139246811 -0.0072377515 -0.00883714482 -0.00139246811 -0.00641713059 -0.00935645401 -0.0011571236 -0.00673095835 -0.0104726646 -0.000956712989 -0.00605032779 -0.0109745068 -0.000956712989 -0.00500921579 -0.0115515934 -0.000791848463 -0.00519328425 -0.0125716068 -0.000663141895 -0.00415851548 -0.0128962016 -0.000663141895 -0.00289737456 -0.0135098062 -0.000571205397 -0.00294597261 -0.00498427497 -0.00499999989 0.000399066746 -0.00497416547 -0.00499999989 0.000510916288 -0.00559993368 -0.00447461847 0.000437565293 -0.00368926511 -0.00499999989 -0.00337341032 -0.00395662244 -0.00499999989 -0.00305586145 -0.00482825795 -0.00397889689 -0.00423012627 -0.00498268288 -0.00499999989 -0.000418702461 -0.00499999989 -0.00499999989 2.16840434e-19 -0.00562901841 -0.00447461847 -0.000137626135 -0.00484977663 -0.00499999989 0.00122024526 -0.00477505149 -0.00499999989 0.00148616056 -0.00537577039 -0.00447461847 0.00153549889 -0.00493404781 -0.00499999989 0.000813393504 -0.00489834184 -0.00499999989 0.00100714364 -0.00551457144 -0.00447461847 0.000996219809 -0.00394000392 -0.00499999989 0.00307722017 -0.0038576459 -0.00499999989 0.00317969662 -0.00434295181 -0.00447461847 0.00344208791 -0.0041835662 -0.00499999989 0.00273770862 -0.00414559105 -0.00499999989 0.00279473513 -0.00466712145 -0.00447461847 0.00300869695 -0.0036692149 -0.00499999989 0.00339519419 -0.00353484065 -0.00499999989 0.00353484065 -0.0039795367 -0.00447461847 0.00384191051 -0.00102511747 -0.00166213466 -0.0104624489 -4.40453782e-18 -0.00166213466 -0.0105142845 -3.75793736e-18 -0.00230500498 -0.00925455336 -0.00998031069 -0.00166213466 0.000542979164 -0.0100321462 -0.00166213466 -0.000482138275 -0.00940312818 -0.00196688017 -0.000489587139 -0.0088205738 -0.00166213466 0.00429813471 -0.00924324896 -0.00166213466 0.00342126098 -0.00866369531 -0.00196688017 0.0031690679 -0.0095808031 -0.00166213466 0.00249973778 -0.00982817728 -0.00166213466 0.00153862417 -0.00921194721 -0.00196688017 0.00140447298 -0.00774009386 -0.00166213466 0.00589769799 -0.00831783563 -0.00166213466 0.00512530003 -0.00779630477 -0.00196688017 0.00476626353 -0.00637983624 -0.00166213466 0.00725795561 -0.0070924079 -0.00166213466 0.00661026966 -0.00664771209 -0.00196688017 0.00615812466 -0.00298187602 -0.00166213466 0.00909866486 -0.00390339945 -0.00166213466 0.00876111072 -0.0036586551 -0.00196688017 0.00817410741 -0.00478027295 -0.00166213466 0.00833843555 -0.00560743874 -0.00166213466 0.00783569738 -0.0052558505 -0.00196688017 0.0073067178 0.000543053844 -0.0047336407 0.0052150432 0.000575191458 -0.00447461847 0.00546230748 1.07194336e-18 -0.00447461847 0.00549139222 0.00340362336 -0.00499999989 0.00366139272 0.00353484065 -0.00499999989 0.00353484065 0.0039795367 -0.00447461847 0.00384191051 0.00434295181 -0.00447461847 0.00344208791 0.00466712145 -0.00447461847 0.00300869695 0.00518865231 -0.00397889689 0.00324751623 0.00499982247 -0.00499999989 4.25236576e-05 0.00499998033 -0.00499999989 -1.41837709e-05 0.00562901841 -0.00447461847 -0.000137626135 0.00605531177 -0.00351345469 0.00294196792 0.00634547789 -0.00351345469 0.00233999523 0.00692503201 -0.00307891192 0.00251755351 0.00657720864 -0.00351345469 0.00170737074 0.00717792753 -0.00307891192 0.00182714919 0.00692503201 -0.00307891192 0.00251755351 0.00628417591 -0.00267588883 0.00472645368 0.00675324397 -0.00267588883 0.00409934483 0.00727477437 -0.00230500498 0.00442381902 0.00777864642 -0.00267588883 0.0019676527 0.00837936532 -0.00230500498 0.00212750374 0.00808414072 -0.00230500498 0.00293346727 0.00826752093 -0.00196688017 0.0039909617 0.00866369531 -0.00196688017 0.0031690679 0.00924324896 -0.00166213466 0.00342126098 0.00559993368 -0.00447461847 -0.000712817593 0.00622570189 -0.00397889689 -0.000889861258 0.00625803648 -0.00397889689 -0.000250394689 0.00472033117 -0.00499999989 -0.00165162992 0.00460681506 -0.00499999989 -0.00194544578 0.00576592376 -0.00397889689 -0.00268532871 0.00482825795 -0.00397889689 -0.00423012627 0.00518865231 -0.00397889689 -0.00374830561 0.00416395534 -0.00499999989 -0.00276736845 0.00550225936 -0.00397889689 -0.00323232124 0.00518865231 -0.00397889689 -0.00374830561 0.00623171311 -0.00307891192 -0.00460795593 0.00397973135 -0.00397889689 -0.00507865241 0.00302783563 -0.00499999989 -0.00397815043 0.00268954434 -0.00499999989 -0.00421477342 0.00771446899 -0.00230500498 -0.00466126809 0.00808414072 -0.00230500498 -0.00389435445 0.00692503201 -0.00307891192 -0.00333129172 0.00810300652 -0.00267588883 -0.00128562213 0.00872877426 -0.00230500498 -0.00137701072 0.00877411012 -0.00230500498 -0.000480443588 0.00676948205 -0.00230500498 -0.00606024498 0.00620301627 -0.00230500498 -0.00668345951 0.0070924079 -0.00166213466 -0.00757454615 0.00102511747 -0.00166213466 -0.0104624489 0.00202076253 -0.00166213466 -0.0103103155 0.00176735781 -0.00230500498 -0.00907616131 -0.00147312728 -0.000516650849 -0.0144257769 -0.00290390174 -0.000516650849 -0.0142071554 -0.00260472274 -0.000500000024 -0.0147721162 -0.00428505335 -0.000516650849 -0.0138516715 -0.00388228567 -0.000500000024 -0.014488887 -0.00290390174 -0.000516650849 -0.0142071554 -0.00388228567 -0.000500000024 -0.014488887 -0.00302086142 -0.000500000024 -0.0146926651 -0.00290390174 -0.000516650849 -0.0142071554 -0.00290390174 -0.000516650849 -0.0142071554 -0.00302086142 -0.000500000024 -0.0146926651 -0.00260472274 -0.000500000024 -0.0147721162 -0.00560931256 -0.000516650849 -0.0133665949 -0.00513030216 -0.000500000024 -0.0140953893 -0.00428505335 -0.000516650849 -0.0138516715 -0.00513030216 -0.000500000024 -0.0140953893 -0.00445747189 -0.000500000024 -0.0143223926 -0.00428505335 -0.000516650849 -0.0138516715 -0.00428505335 -0.000516650849 -0.0138516715 -0.00445747189 -0.000500000024 -0.0143223926 -0.00388228567 -0.000500000024 -0.014488887 -0.00749999983 -0.000500000024 -0.0129903806 -0.00633927388 -0.000500000024 -0.0135946171 -0.00560931256 -0.000516650849 -0.0133665949 -0.00633927388 -0.000500000024 -0.0135946171 -0.00583532965 -0.000500000024 -0.013818427 -0.00560931256 -0.000516650849 -0.0133665949 -0.00560931256 -0.000516650849 -0.0133665949 -0.00583532965 -0.000500000024 -0.013818427 -0.00513030216 -0.000500000024 -0.0140953893 -0.00560931256 -0.000516650849 -0.0133665949 -0.00686940877 -0.000516650849 -0.0127591956 -0.00749999983 -0.000500000024 -0.0129903806 -0.00686940877 -0.000516650849 -0.0127591956 -0.00805807207 -0.000516650849 -0.0120367454 -0.00749999983 -0.000500000024 -0.0129903806 -0.00749999983 -0.000500000024 -0.0129903806 -0.00805807207 -0.000516650849 -0.0120367454 -0.00860364642 -0.000500000024 -0.0122872805 -0.00805807207 -0.000516650849 -0.0120367454 -0.00916803349 -0.000516650849 -0.0112065114 -0.00860364642 -0.000500000024 -0.0122872805 -0.00860364642 -0.000500000024 -0.0122872805 -0.00916803349 -0.000516650849 -0.0112065114 -0.00964181405 -0.000500000024 -0.0114906663 -0.00916803349 -0.000516650849 -0.0112065114 -0.0101920217 -0.000516650849 -0.0102757653 -0.00964181405 -0.000500000024 -0.0114906663 -0.00964181405 -0.000500000024 -0.0114906663 -0.0101920217 -0.000516650849 -0.0102757653 -0.0106066018 -0.000500000024 -0.0106066018 -0.0101920217 -0.000516650849 -0.0102757653 -0.0111227678 -0.000516650849 -0.00925177708 -0.0106066018 -0.000500000024 -0.0106066018 -0.0106066018 -0.000500000024 -0.0106066018 -0.0111227678 -0.000516650849 -0.00925177708 -0.0114906663 -0.000500000024 -0.00964181405 -0.0111227678 -0.000516650849 -0.00925177708 -0.0119530018 -0.000516650849 -0.00814181566 -0.0114906663 -0.000500000024 -0.00964181405 -0.0114906663 -0.000500000024 -0.00964181405 -0.0119530018 -0.000516650849 -0.00814181566 -0.0122872805 -0.000500000024 -0.00860364642 -0.0119530018 -0.000516650849 -0.00814181566 -0.012675453 -0.000516650849 -0.00695315236 -0.0122872805 -0.000500000024 -0.00860364642 -0.0122872805 -0.000500000024 -0.00860364642 -0.012675453 -0.000516650849 -0.00695315236 -0.0129903806 -0.000500000024 -0.00749999983 -0.0129903806 -0.000500000024 -0.00749999983 -0.012675453 -0.000516650849 -0.00695315236 -0.0135946171 -0.000500000024 -0.00633927388 -0.012675453 -0.000516650849 -0.00695315236 -0.0132828513 -0.000516650849 -0.00569305615 -0.0135946171 -0.000500000024 -0.00633927388 -0.0135946171 -0.000500000024 -0.00633927388 -0.0132828513 -0.000516650849 -0.00569305615 -0.013818251 -0.000500000024 -0.00583574781 -0.013818251 -0.000500000024 -0.00583574781 -0.0132828513 -0.000516650849 -0.00569305615 -0.0140953893 -0.000500000024 -0.00513030216 -0.0132828513 -0.000516650849 -0.00569305615 -0.0137679279 -0.000516650849 -0.00436879694 -0.0140953893 -0.000500000024 -0.00513030216 -0.0140953893 -0.000500000024 -0.00513030216 -0.0137679279 -0.000516650849 -0.00436879694 -0.0143222278 -0.000500000024 -0.00445800321 -0.0149429208 -0.000500000024 -0.00130733615 -0.0147721162 -0.000500000024 -0.00260472274 -0.0141234118 -0.000516650849 -0.0029876451 -0.0147721162 -0.000500000024 -0.00260472274 -0.0146925785 -0.000500000024 -0.00302128098 -0.0141234118 -0.000516650849 -0.0029876451 -0.0141234118 -0.000516650849 -0.0029876451 -0.0146925785 -0.000500000024 -0.00302128098 -0.0137679279 -0.000516650849 -0.00436879694 -0.0146925785 -0.000500000024 -0.00302128098 -0.014488887 -0.000500000024 -0.00388228567 -0.0137679279 -0.000516650849 -0.00436879694 -0.0137679279 -0.000516650849 -0.00436879694 -0.014488887 -0.000500000024 -0.00388228567 -0.0143222278 -0.000500000024 -0.00445800321 -0.0143420333 -0.000516650849 0.0013893838 -0.0141234118 -0.000516650849 0.00282015838 -0.0147721162 -0.000500000024 0.00260472274 -0.0137679279 -0.000516650849 0.00420131022 -0.014488887 -0.000500000024 0.00388228567 -0.0141234118 -0.000516650849 0.00282015838 -0.014488887 -0.000500000024 0.00388228567 -0.0146927144 -0.000500000024 0.00302062044 -0.0141234118 -0.000516650849 0.00282015838 -0.0141234118 -0.000516650849 0.00282015838 -0.0146927144 -0.000500000024 0.00302062044 -0.0147721162 -0.000500000024 0.00260472274 -0.0132828513 -0.000516650849 0.00552556897 -0.0140953893 -0.000500000024 0.00513030216 -0.0137679279 -0.000516650849 0.00420131022 -0.0140953893 -0.000500000024 0.00513030216 -0.0143224634 -0.000500000024 0.00445724698 -0.0137679279 -0.000516650849 0.00420131022 -0.0137679279 -0.000516650849 0.00420131022 -0.0143224634 -0.000500000024 0.00445724698 -0.014488887 -0.000500000024 0.00388228567 -0.0129903806 -0.000500000024 0.00749999983 -0.0135946171 -0.000500000024 0.00633927388 -0.0132828513 -0.000516650849 0.00552556897 -0.0135946171 -0.000500000024 0.00633927388 -0.0138184791 -0.000500000024 0.00583520625 -0.0132828513 -0.000516650849 0.00552556897 -0.0132828513 -0.000516650849 0.00552556897 -0.0138184791 -0.000500000024 0.00583520625 -0.0140953893 -0.000500000024 0.00513030216 -0.0132828513 -0.000516650849 0.00552556897 -0.012675453 -0.000516650849 0.00678566517 -0.0129903806 -0.000500000024 0.00749999983 -0.012675453 -0.000516650849 0.00678566517 -0.0119530018 -0.000516650849 0.0079743294 -0.0129903806 -0.000500000024 0.00749999983 -0.0129903806 -0.000500000024 0.00749999983 -0.0119530018 -0.000516650849 0.0079743294 -0.0122872805 -0.000500000024 0.00860364642 -0.0119530018 -0.000516650849 0.0079743294 -0.0111227678 -0.000516650849 0.00908428989 -0.0122872805 -0.000500000024 0.00860364642 -0.0122872805 -0.000500000024 0.00860364642 -0.0111227678 -0.000516650849 0.00908428989 -0.0114906663 -0.000500000024 0.00964181405 -0.0111227678 -0.000516650849 0.00908428989 -0.0101920217 -0.000516650849 0.0101082791 -0.0114906663 -0.000500000024 0.00964181405 -0.0114906663 -0.000500000024 0.00964181405 -0.0101920217 -0.000516650849 0.0101082791 -0.0106066018 -0.000500000024 0.0106066018 -0.0101920217 -0.000516650849 0.0101082791 -0.00916803349 -0.000516650849 0.0110390242 -0.0106066018 -0.000500000024 0.0106066018 -0.0106066018 -0.000500000024 0.0106066018 -0.00916803349 -0.000516650849 0.0110390242 -0.00964181405 -0.000500000024 0.0114906663 -0.00916803349 -0.000516650849 0.0110390242 -0.00805807207 -0.000516650849 0.0118692582 -0.00964181405 -0.000500000024 0.0114906663 -0.00964181405 -0.000500000024 0.0114906663 -0.00805807207 -0.000516650849 0.0118692582 -0.00860364642 -0.000500000024 0.0122872805 -0.00805807207 -0.000516650849 0.0118692582 -0.00686940877 -0.000516650849 0.0125917094 -0.00860364642 -0.000500000024 0.0122872805 -0.00860364642 -0.000500000024 0.0122872805 -0.00686940877 -0.000516650849 0.0125917094 -0.00749999983 -0.000500000024 0.0129903806 -0.00749999983 -0.000500000024 0.0129903806 -0.00686940877 -0.000516650849 0.0125917094 -0.00633927388 -0.000500000024 0.0135946171 -0.00686940877 -0.000516650849 0.0125917094 -0.00560931256 -0.000516650849 0.0131991077 -0.00633927388 -0.000500000024 0.0135946171 -0.00633927388 -0.000500000024 0.0135946171 -0.00560931256 -0.000516650849 0.0131991077 -0.00583556201 -0.000500000024 0.0138183292 -0.00583556201 -0.000500000024 0.0138183292 -0.00560931256 -0.000516650849 0.0131991077 -0.00513030216 -0.000500000024 0.0140953893 -0.00560931256 -0.000516650849 0.0131991077 -0.00428505335 -0.000516650849 0.0136841843 -0.00513030216 -0.000500000024 0.0140953893 -0.00513030216 -0.000500000024 0.0140953893 -0.00428505335 -0.000516650849 0.0136841843 -0.00445771171 -0.000500000024 0.0143223181 0.00147312728 -0.000516650849 0.0142582897 0 -0.000500000024 0.0149999997 4.34559252e-18 -0.000516650849 0.0143327797 0 -0.000500000024 0.0149999997 -0.00130733615 -0.000500000024 0.0149429208 4.34559252e-18 -0.000516650849 0.0143327797 4.34559252e-18 -0.000516650849 0.0143327797 -0.00130733615 -0.000500000024 0.0149429208 -0.00147312728 -0.000516650849 0.0142582897 -0.00130733615 -0.000500000024 0.0149429208 -0.00260472274 -0.000500000024 0.0147721162 -0.00147312728 -0.000516650849 0.0142582897 -0.00147312728 -0.000516650849 0.0142582897 -0.00260472274 -0.000500000024 0.0147721162 -0.00290390174 -0.000516650849 0.0140396683 -0.00260472274 -0.000500000024 0.0147721162 -0.00302099995 -0.000500000024 0.0146926362 -0.00290390174 -0.000516650849 0.0140396683 -0.00290390174 -0.000516650849 0.0140396683 -0.00302099995 -0.000500000024 0.0146926362 -0.00428505335 -0.000516650849 0.0136841843 -0.00302099995 -0.000500000024 0.0146926362 -0.00388228567 -0.000500000024 0.014488887 -0.00428505335 -0.000516650849 0.0136841843 -0.00428505335 -0.000516650849 0.0136841843 -0.00388228567 -0.000500000024 0.014488887 -0.00445771171 -0.000500000024 0.0143223181 0.00290390174 -0.000516650849 0.0140396683 0.00260472274 -0.000500000024 0.0147721162 0.00147312728 -0.000516650849 0.0142582897 0.00260472274 -0.000500000024 0.0147721162 0.00130733615 -0.000500000024 0.0149429208 0.00147312728 -0.000516650849 0.0142582897 0.00147312728 -0.000516650849 0.0142582897 0.00130733615 -0.000500000024 0.0149429208 0 -0.000500000024 0.0149999997 0.0119530018 -0.000516650849 0.0079743294 0.0114906663 -0.000500000024 0.00964181405 0.0111227678 -0.000516650849 0.00908428989 0.0114906663 -0.000500000024 0.00964181405 0.0106066018 -0.000500000024 0.0106066018 0.0111227678 -0.000516650849 0.00908428989 0.0111227678 -0.000516650849 0.00908428989 0.0106066018 -0.000500000024 0.0106066018 0.0101920217 -0.000516650849 0.0101082791 0.0106066018 -0.000500000024 0.0106066018 0.00964181405 -0.000500000024 0.0114906663 0.0101920217 -0.000516650849 0.0101082791 0.0101920217 -0.000516650849 0.0101082791 0.00964181405 -0.000500000024 0.0114906663 0.00916803349 -0.000516650849 0.0110390242 0.00964181405 -0.000500000024 0.0114906663 0.00860364642 -0.000500000024 0.0122872805 0.00916803349 -0.000516650849 0.0110390242 0.00916803349 -0.000516650849 0.0110390242 0.00860364642 -0.000500000024 0.0122872805 0.00805807207 -0.000516650849 0.0118692582 0.00860364642 -0.000500000024 0.0122872805 0.00749999983 -0.000500000024 0.0129903806 0.00805807207 -0.000516650849 0.0118692582 0.00805807207 -0.000516650849 0.0118692582 0.00749999983 -0.000500000024 0.0129903806 0.00686940877 -0.000516650849 0.0125917094 0.00749999983 -0.000500000024 0.0129903806 0.00633927388 -0.000500000024 0.0135946171 0.00686940877 -0.000516650849 0.0125917094 0.00686940877 -0.000516650849 0.0125917094 0.00633927388 -0.000500000024 0.0135946171 0.00560931256 -0.000516650849 0.0131991077 0.00633927388 -0.000500000024 0.0135946171 0.00513030216 -0.000500000024 0.0140953893 0.00560931256 -0.000516650849 0.0131991077 0.00560931256 -0.000516650849 0.0131991077 0.00513030216 -0.000500000024 0.0140953893 0.00428505335 -0.000516650849 0.0136841843 0.00513030216 -0.000500000024 0.0140953893 0.00388228567 -0.000500000024 0.014488887 0.00428505335 -0.000516650849 0.0136841843 0.00428505335 -0.000516650849 0.0136841843 0.00388228567 -0.000500000024 0.014488887 0.00290390174 -0.000516650849 0.0140396683 0.00388228567 -0.000500000024 0.014488887 0.00302099995 -0.000500000024 0.0146926362 0.00290390174 -0.000516650849 0.0140396683 0.00290390174 -0.000516650849 0.0140396683 0.00302099995 -0.000500000024 0.0146926362 0.00260472274 -0.000500000024 0.0147721162 0.012675453 -0.000516650849 0.00678566517 0.0129903806 -0.000500000024 0.00749999983 0.0119530018 -0.000516650849 0.0079743294 0.0129903806 -0.000500000024 0.00749999983 0.0122872805 -0.000500000024 0.00860364642 0.0119530018 -0.000516650849 0.0079743294 0.0119530018 -0.000516650849 0.0079743294 0.0122872805 -0.000500000024 0.00860364642 0.0114906663 -0.000500000024 0.00964181405 0.0143420333 -0.000516650849 -0.00155687076 0.0149999997 -0.000500000024 4.24915401e-18 0.0144165223 -0.000516650849 -8.37434345e-05 0.0149999997 -0.000500000024 4.24915401e-18 0.0149429208 -0.000500000024 0.00130733615 0.0144165223 -0.000516650849 -8.37434345e-05 0.0144165223 -0.000516650849 -8.37434345e-05 0.0149429208 -0.000500000024 0.00130733615 0.0143420333 -0.000516650849 0.0013893838 0.0149429208 -0.000500000024 0.00130733615 0.0147721162 -0.000500000024 0.00260472274 0.0143420333 -0.000516650849 0.0013893838 0.0143420333 -0.000516650849 0.0013893838 0.0147721162 -0.000500000024 0.00260472274 0.0141234118 -0.000516650849 0.00282015838 0.0147721162 -0.000500000024 0.00260472274 0.014488887 -0.000500000024 0.00388228567 0.0141234118 -0.000516650849 0.00282015838 0.0141234118 -0.000516650849 0.00282015838 0.014488887 -0.000500000024 0.00388228567 0.0137679279 -0.000516650849 0.00420131022 0.014488887 -0.000500000024 0.00388228567 0.0140953893 -0.000500000024 0.00513030216 0.0137679279 -0.000516650849 0.00420131022 0.0137679279 -0.000516650849 0.00420131022 0.0140953893 -0.000500000024 0.00513030216 0.0132828513 -0.000516650849 0.00552556897 0.0140953893 -0.000500000024 0.00513030216 0.0135946171 -0.000500000024 0.00633927388 0.0132828513 -0.000516650849 0.00552556897 0.0132828513 -0.000516650849 0.00552556897 0.0135946171 -0.000500000024 0.00633927388 0.012675453 -0.000516650849 0.00678566517 0.0135946171 -0.000500000024 0.00633927388 0.0131878769 -0.000500000024 0.00714702066 0.012675453 -0.000516650849 0.00678566517 0.012675453 -0.000516650849 0.00678566517 0.0131878769 -0.000500000024 0.00714702066 0.0129903806 -0.000500000024 0.00749999983 0.0141234118 -0.000516650849 -0.0029876451 0.0147721162 -0.000500000024 -0.00260472274 0.0143420333 -0.000516650849 -0.00155687076 0.0147721162 -0.000500000024 -0.00260472274 0.0149429208 -0.000500000024 -0.00130733615 0.0143420333 -0.000516650849 -0.00155687076 0.0143420333 -0.000516650849 -0.00155687076 0.0149429208 -0.000500000024 -0.00130733615 0.0149999997 -0.000500000024 4.24915401e-18 0.00805807207 -0.000516650849 -0.0120367454 0.00964181405 -0.000500000024 -0.0114906663 0.00916803349 -0.000516650849 -0.0112065114 0.00964181405 -0.000500000024 -0.0114906663 0.0106066018 -0.000500000024 -0.0106066018 0.00916803349 -0.000516650849 -0.0112065114 0.00916803349 -0.000516650849 -0.0112065114 0.0106066018 -0.000500000024 -0.0106066018 0.0101920217 -0.000516650849 -0.0102757653 0.0106066018 -0.000500000024 -0.0106066018 0.0114906663 -0.000500000024 -0.00964181405 0.0101920217 -0.000516650849 -0.0102757653 0.0101920217 -0.000516650849 -0.0102757653 0.0114906663 -0.000500000024 -0.00964181405 0.0111227678 -0.000516650849 -0.00925177708 0.0114906663 -0.000500000024 -0.00964181405 0.0122872805 -0.000500000024 -0.00860364642 0.0111227678 -0.000516650849 -0.00925177708 0.0111227678 -0.000516650849 -0.00925177708 0.0122872805 -0.000500000024 -0.00860364642 0.0119530018 -0.000516650849 -0.00814181566 0.0122872805 -0.000500000024 -0.00860364642 0.0129903806 -0.000500000024 -0.00749999983 0.0119530018 -0.000516650849 -0.00814181566 0.0119530018 -0.000516650849 -0.00814181566 0.0129903806 -0.000500000024 -0.00749999983 0.012675453 -0.000516650849 -0.00695315236 0.0129903806 -0.000500000024 -0.00749999983 0.0135946171 -0.000500000024 -0.00633927388 0.012675453 -0.000516650849 -0.00695315236 0.012675453 -0.000516650849 -0.00695315236 0.0135946171 -0.000500000024 -0.00633927388 0.0132828513 -0.000516650849 -0.00569305615 0.0135946171 -0.000500000024 -0.00633927388 0.0140953893 -0.000500000024 -0.00513030216 0.0132828513 -0.000516650849 -0.00569305615 0.0132828513 -0.000516650849 -0.00569305615 0.0140953893 -0.000500000024 -0.00513030216 0.0137679279 -0.000516650849 -0.00436879694 0.0140953893 -0.000500000024 -0.00513030216 0.014488887 -0.000500000024 -0.00388228567 0.0137679279 -0.000516650849 -0.00436879694 0.0137679279 -0.000516650849 -0.00436879694 0.014488887 -0.000500000024 -0.00388228567 0.0141234118 -0.000516650849 -0.0029876451 0.014488887 -0.000500000024 -0.00388228567 0.0146925785 -0.000500000024 -0.00302128098 0.0141234118 -0.000516650849 -0.0029876451 0.0141234118 -0.000516650849 -0.0029876451 0.0146925785 -0.000500000024 -0.00302128098 0.0147721162 -0.000500000024 -0.00260472274 0.00686940877 -0.000516650849 -0.0127591956 0.00749999983 -0.000500000024 -0.0129903806 0.00805807207 -0.000516650849 -0.0120367454 0.00749999983 -0.000500000024 -0.0129903806 0.00860364642 -0.000500000024 -0.0122872805 0.00805807207 -0.000516650849 -0.0120367454 0.00805807207 -0.000516650849 -0.0120367454 0.00860364642 -0.000500000024 -0.0122872805 0.00964181405 -0.000500000024 -0.0114906663 -0.00260472274 -0.000500000024 -0.0147721162 -0.00130733615 -0.000500000024 -0.0149429208 -0.00147312728 -0.000516650849 -0.0144257769 -0.00130733615 -0.000500000024 -0.0149429208 5.51091051e-18 -0.000500000024 -0.0149999997 -0.00147312728 -0.000516650849 -0.0144257769 -0.00147312728 -0.000516650849 -0.0144257769 5.51091051e-18 -0.000500000024 -0.0149999997 -5.19896581e-18 -0.000516650849 -0.0145002659 5.51091051e-18 -0.000500000024 -0.0149999997 0.00130733615 -0.000500000024 -0.0149429208 -5.19896581e-18 -0.000516650849 -0.0145002659 -5.19896581e-18 -0.000516650849 -0.0145002659 0.00130733615 -0.000500000024 -0.0149429208 0.00147312728 -0.000516650849 -0.0144257769 0.00130733615 -0.000500000024 -0.0149429208 0.00260472274 -0.000500000024 -0.0147721162 0.00147312728 -0.000516650849 -0.0144257769 0.00147312728 -0.000516650849 -0.0144257769 0.00260472274 -0.000500000024 -0.0147721162 0.00290390174 -0.000516650849 -0.0142071554 0.00260472274 -0.000500000024 -0.0147721162 0.00388228567 -0.000500000024 -0.014488887 0.00290390174 -0.000516650849 -0.0142071554 0.00290390174 -0.000516650849 -0.0142071554 0.00388228567 -0.000500000024 -0.014488887 0.00428505335 -0.000516650849 -0.0138516715 0.00388228567 -0.000500000024 -0.014488887 0.00513030216 -0.000500000024 -0.0140953893 0.00428505335 -0.000516650849 -0.0138516715 0.00428505335 -0.000516650849 -0.0138516715 0.00513030216 -0.000500000024 -0.0140953893 0.00560931256 -0.000516650849 -0.0133665949 0.00513030216 -0.000500000024 -0.0140953893 0.00633927388 -0.000500000024 -0.0135946171 0.00560931256 -0.000516650849 -0.0133665949 0.00560931256 -0.000516650849 -0.0133665949 0.00633927388 -0.000500000024 -0.0135946171 0.00686940877 -0.000516650849 -0.0127591956 0.00633927388 -0.000500000024 -0.0135946171 0.00714704534 -0.000500000024 -0.0131878639 0.00686940877 -0.000516650849 -0.0127591956 0.00686940877 -0.000516650849 -0.0127591956 0.00714704534 -0.000500000024 -0.0131878639 0.00749999983 -0.000500000024 -0.0129903806 0.00176735781 -0.00230500498 -0.00907616131 0.00202076253 -0.00166213466 -0.0103103155 0.00260794722 -0.00230500498 -0.00885980856 0.00202076253 -0.00166213466 -0.0103103155 0.00298187602 -0.00166213466 -0.0100629414 0.00260794722 -0.00230500498 -0.00885980856 0.00260794722 -0.00230500498 -0.00885980856 0.00298187602 -0.00166213466 -0.0100629414 0.00341391098 -0.00230500498 -0.00856458396 0.000768016849 -0.00307891192 -0.00788410753 -3.75793736e-18 -0.00230500498 -0.00925455336 0.00089656713 -0.00230500498 -0.00920921843 -3.75793736e-18 -0.00230500498 -0.00925455336 -4.40453782e-18 -0.00166213466 -0.0105142845 0.00089656713 -0.00230500498 -0.00920921843 0.00089656713 -0.00230500498 -0.00920921843 -4.40453782e-18 -0.00166213466 -0.0105142845 0.00102511747 -0.00166213466 -0.0104624489 0.00151395309 -0.00307891192 -0.00777012855 0.00176735781 -0.00230500498 -0.00907616131 0.00223401841 -0.00307891192 -0.00758479675 0.00176735781 -0.00230500498 -0.00907616131 0.00260794722 -0.00230500498 -0.00885980856 0.00223401841 -0.00307891192 -0.00758479675 0.00223401841 -0.00307891192 -0.00758479675 0.00260794722 -0.00230500498 -0.00885980856 0.0029244225 -0.00307891192 -0.00733190123 0.00260794722 -0.00230500498 -0.00885980856 0.00341391098 -0.00230500498 -0.00856458396 0.0029244225 -0.00307891192 -0.00733190123 0.0029244225 -0.00307891192 -0.00733190123 0.00341391098 -0.00230500498 -0.00856458396 0.00358137535 -0.00307891192 -0.00701523339 0.0070924079 -0.00166213466 -0.00757454615 0.00620301627 -0.00230500498 -0.00668345951 0.00637983624 -0.00166213466 -0.00822223257 0.00620301627 -0.00230500498 -0.00668345951 0.00557980128 -0.00230500498 -0.00724992575 0.00637983624 -0.00166213466 -0.00822223257 0.00637983624 -0.00166213466 -0.00822223257 0.00557980128 -0.00230500498 -0.00724992575 0.00560743874 -0.00166213466 -0.00879997388 0.00557980128 -0.00230500498 -0.00724992575 0.00490426272 -0.00230500498 -0.00775521807 0.00560743874 -0.00166213466 -0.00879997388 0.00560743874 -0.00166213466 -0.00879997388 0.00490426272 -0.00230500498 -0.00775521807 0.00478027295 -0.00166213466 -0.00930271205 0.00490426272 -0.00230500498 -0.00775521807 0.00418082438 -0.00230500498 -0.00819491223 0.00478027295 -0.00166213466 -0.00930271205 0.00478027295 -0.00166213466 -0.00930271205 0.00418082438 -0.00230500498 -0.00819491223 0.00390339945 -0.00166213466 -0.00972538721 0.00623171311 -0.00307891192 -0.00460795593 0.00579886977 -0.00307891192 -0.00518663554 0.00676948205 -0.00230500498 -0.00606024498 0.00717792753 -0.00307891192 -0.0026408874 0.00837936532 -0.00230500498 -0.00308839092 0.00797948893 -0.00267588883 -0.00209398544 0.00837936532 -0.00230500498 -0.00308839092 0.00859571807 -0.00230500498 -0.00224780128 0.00797948893 -0.00267588883 -0.00209398544 0.00797948893 -0.00267588883 -0.00209398544 0.00859571807 -0.00230500498 -0.00224780128 0.00872877426 -0.00230500498 -0.00137701072 0.00676948205 -0.00230500498 -0.00606024498 0.00579886977 -0.00307891192 -0.00518663554 0.00620301627 -0.00230500498 -0.00668345951 0.00579886977 -0.00307891192 -0.00518663554 0.00531362416 -0.00307891192 -0.00572049338 0.00620301627 -0.00230500498 -0.00668345951 0.00620301627 -0.00230500498 -0.00668345951 0.00531362416 -0.00307891192 -0.00572049338 0.00557980128 -0.00230500498 -0.00724992575 0.00531362416 -0.00307891192 -0.00572049338 0.00477976631 -0.00307891192 -0.00620573899 0.00557980128 -0.00230500498 -0.00724992575 0.00557980128 -0.00230500498 -0.00724992575 0.00477976631 -0.00307891192 -0.00620573899 0.00490426272 -0.00230500498 -0.00775521807 0.00477976631 -0.00307891192 -0.00620573899 0.0042010867 -0.00307891192 -0.00663858233 0.00490426272 -0.00230500498 -0.00775521807 0.00490426272 -0.00230500498 -0.00775521807 0.0042010867 -0.00307891192 -0.00663858233 0.00418082438 -0.00230500498 -0.00819491223 0.000510916288 -0.00499999989 -0.00497416547 0.000383401668 -0.00499999989 -0.00498548988 0.000768016849 -0.00307891192 -0.00788410753 0.000383401668 -0.00499999989 -0.00498548988 0 -0.00499999989 -0.00499999989 0.000768016849 -0.00307891192 -0.00788410753 0.00223401841 -0.00307891192 -0.00758479675 0.00148616056 -0.00499999989 -0.00477505149 0.00119428185 -0.00499999989 -0.00485622417 0.00223401841 -0.00307891192 -0.00758479675 0.00119428185 -0.00499999989 -0.00485622417 0.00151395309 -0.00307891192 -0.00777012855 0.00119428185 -0.00499999989 -0.00485622417 0.00100714364 -0.00499999989 -0.00489834184 0.00151395309 -0.00307891192 -0.00777012855 0.00151395309 -0.00307891192 -0.00777012855 0.00100714364 -0.00499999989 -0.00489834184 0.000793401268 -0.00499999989 -0.0049372823 0.00102511747 -0.00166213466 -0.0104624489 0.00176735781 -0.00230500498 -0.00907616131 0.00089656713 -0.00230500498 -0.00920921843 0.00176735781 -0.00230500498 -0.00907616131 0.00151395309 -0.00307891192 -0.00777012855 0.00089656713 -0.00230500498 -0.00920921843 0.00089656713 -0.00230500498 -0.00920921843 0.00151395309 -0.00307891192 -0.00777012855 0.000768016849 -0.00307891192 -0.00788410753 0.00151395309 -0.00307891192 -0.00777012855 0.000793401268 -0.00499999989 -0.0049372823 0.000768016849 -0.00307891192 -0.00788410753 0.000768016849 -0.00307891192 -0.00788410753 0.000793401268 -0.00499999989 -0.0049372823 0.000510916288 -0.00499999989 -0.00497416547 0.00531362416 -0.00307891192 -0.00572049338 0.00397973135 -0.00397889689 -0.00507865241 0.00477976631 -0.00307891192 -0.00620573899 0.00397973135 -0.00397889689 -0.00507865241 0.00349791092 -0.00397889689 -0.00543904677 0.00477976631 -0.00307891192 -0.00620573899 0.00477976631 -0.00307891192 -0.00620573899 0.00349791092 -0.00397889689 -0.00543904677 0.0042010867 -0.00307891192 -0.00663858233 0.00349791092 -0.00397889689 -0.00543904677 0.00358137535 -0.00307891192 -0.00701523339 0.0042010867 -0.00307891192 -0.00663858233 0.0042010867 -0.00307891192 -0.00663858233 0.00358137535 -0.00307891192 -0.00701523339 0.00418082438 -0.00230500498 -0.00819491223 0.00358137535 -0.00307891192 -0.00701523339 0.00341391098 -0.00230500498 -0.00856458396 0.00418082438 -0.00230500498 -0.00819491223 0.00418082438 -0.00230500498 -0.00819491223 0.00341391098 -0.00230500498 -0.00856458396 0.00390339945 -0.00166213466 -0.00972538721 0.00341391098 -0.00230500498 -0.00856458396 0.00298187602 -0.00166213466 -0.0100629414 0.00390339945 -0.00166213466 -0.00972538721 0.00397973135 -0.00397889689 -0.00507865241 0.00268954434 -0.00499999989 -0.00421477342 0.00349791092 -0.00397889689 -0.00543904677 0.00268954434 -0.00499999989 -0.00421477342 0.00238247775 -0.00499999989 -0.00439615455 0.00349791092 -0.00397889689 -0.00543904677 0.00349791092 -0.00397889689 -0.00543904677 0.00238247775 -0.00499999989 -0.00439615455 0.00358137535 -0.00307891192 -0.00701523339 0.00238247775 -0.00499999989 -0.00439615455 0.00233489904 -0.00499999989 -0.0044216821 0.00358137535 -0.00307891192 -0.00701523339 0.00358137535 -0.00307891192 -0.00701523339 0.00233489904 -0.00499999989 -0.0044216821 0.0029244225 -0.00307891192 -0.00733190123 0.00233489904 -0.00499999989 -0.0044216821 0.00196625176 -0.00499999989 -0.00459795306 0.0029244225 -0.00307891192 -0.00733190123 0.0029244225 -0.00307891192 -0.00733190123 0.00196625176 -0.00499999989 -0.00459795306 0.00223401841 -0.00307891192 -0.00758479675 0.00196625176 -0.00499999989 -0.00459795306 0.00158555398 -0.00499999989 -0.00474295719 0.00223401841 -0.00307891192 -0.00758479675 0.00223401841 -0.00307891192 -0.00758479675 0.00158555398 -0.00499999989 -0.00474295719 0.00148616056 -0.00499999989 -0.00477505149 0.00597648928 -0.00397889689 -0.00211048406 0.00692503201 -0.00307891192 -0.00333129172 0.00717792753 -0.00307891192 -0.0026408874 0.00692503201 -0.00307891192 -0.00333129172 0.00808414072 -0.00230500498 -0.00389435445 0.00717792753 -0.00307891192 -0.0026408874 0.00717792753 -0.00307891192 -0.0026408874 0.00808414072 -0.00230500498 -0.00389435445 0.00837936532 -0.00230500498 -0.00308839092 0.00416395534 -0.00499999989 -0.00276736845 0.00518865231 -0.00397889689 -0.00374830561 0.00438073464 -0.00499999989 -0.00241063233 0.00518865231 -0.00397889689 -0.00374830561 0.00550225936 -0.00397889689 -0.00323232124 0.00438073464 -0.00499999989 -0.00241063233 0.00438073464 -0.00499999989 -0.00241063233 0.00550225936 -0.00397889689 -0.00323232124 0.00456661079 -0.00499999989 -0.00203781342 0.00477505149 -0.00499999989 -0.00148616056 0.00472033117 -0.00499999989 -0.00165162992 0.00597648928 -0.00397889689 -0.00211048406 0.00472033117 -0.00499999989 -0.00165162992 0.00576592376 -0.00397889689 -0.00268532871 0.00597648928 -0.00397889689 -0.00211048406 0.00597648928 -0.00397889689 -0.00211048406 0.00576592376 -0.00397889689 -0.00268532871 0.00692503201 -0.00307891192 -0.00333129172 0.00576592376 -0.00397889689 -0.00268532871 0.00660836417 -0.00307891192 -0.00398824457 0.00692503201 -0.00307891192 -0.00333129172 0.00692503201 -0.00307891192 -0.00333129172 0.00660836417 -0.00307891192 -0.00398824457 0.00771446899 -0.00230500498 -0.00466126809 0.00660836417 -0.00307891192 -0.00398824457 0.00727477437 -0.00230500498 -0.00538470643 0.00771446899 -0.00230500498 -0.00466126809 0.00771446899 -0.00230500498 -0.00466126809 0.00727477437 -0.00230500498 -0.00538470643 0.00831783563 -0.00166213466 -0.00608957699 0.00727477437 -0.00230500498 -0.00538470643 0.00774009386 -0.00166213466 -0.00686197449 0.00831783563 -0.00166213466 -0.00608957699 0.00492819585 -0.00499999989 -0.000848322001 0.00489834184 -0.00499999989 -0.00100714364 0.00613080058 -0.00397889689 -0.00151094305 0.00489834184 -0.00499999989 -0.00100714364 0.00484104734 -0.00499999989 -0.00125448103 0.00613080058 -0.00397889689 -0.00151094305 0.00872877426 -0.00230500498 -0.00137701072 0.00810300652 -0.00267588883 -0.00128562213 0.00797948893 -0.00267588883 -0.00209398544 0.00810300652 -0.00267588883 -0.00128562213 0.00736325933 -0.00307891192 -0.00192082219 0.00797948893 -0.00267588883 -0.00209398544 0.00797948893 -0.00267588883 -0.00209398544 0.00736325933 -0.00307891192 -0.00192082219 0.00717792753 -0.00307891192 -0.0026408874 0.00736325933 -0.00307891192 -0.00192082219 0.00613080058 -0.00397889689 -0.00151094305 0.00717792753 -0.00307891192 -0.0026408874 0.00717792753 -0.00307891192 -0.0026408874 0.00613080058 -0.00397889689 -0.00151094305 0.00597648928 -0.00397889689 -0.00211048406 0.00613080058 -0.00397889689 -0.00151094305 0.00484104734 -0.00499999989 -0.00125448103 0.00597648928 -0.00397889689 -0.00211048406 0.00597648928 -0.00397889689 -0.00211048406 0.00484104734 -0.00499999989 -0.00125448103 0.00477505149 -0.00499999989 -0.00148616056 0.00625803648 -0.00397889689 -0.000250394689 0.00622570189 -0.00397889689 -0.000889861258 0.006887055 -0.00351345469 -0.000339683174 0.00622570189 -0.00397889689 -0.000889861258 0.0068514701 -0.00351345469 -0.00104342494 0.006887055 -0.00351345469 -0.000339683174 0.006887055 -0.00351345469 -0.000339683174 0.0068514701 -0.00351345469 -0.00104342494 0.00751607353 -0.00307891192 -0.000406869134 0.0068514701 -0.00351345469 -0.00104342494 0.00747723831 -0.00307891192 -0.00117488601 0.00751607353 -0.00307891192 -0.000406869134 0.00751607353 -0.00307891192 -0.000406869134 0.00747723831 -0.00307891192 -0.00117488601 0.00814509206 -0.00267588883 -0.000453330082 0.00416395534 -0.00499999989 -0.00276736845 0.00391798792 -0.00499999989 -0.00310515589 0.00482825795 -0.00397889689 -0.00423012627 0.00391798792 -0.00499999989 -0.00310515589 0.0036449926 -0.00499999989 -0.0034211718 0.00482825795 -0.00397889689 -0.00423012627 0.00482825795 -0.00397889689 -0.00423012627 0.0036449926 -0.00499999989 -0.0034211718 0.00442423252 -0.00397889689 -0.00467462698 0.0036449926 -0.00499999989 -0.0034211718 0.00353484065 -0.00499999989 -0.00353484065 0.00442423252 -0.00397889689 -0.00467462698 0.00442423252 -0.00397889689 -0.00467462698 0.00353484065 -0.00499999989 -0.00353484065 0.00334713305 -0.00499999989 -0.00371313933 0.00623171311 -0.00307891192 -0.00460795593 0.00518865231 -0.00397889689 -0.00374830561 0.00579886977 -0.00307891192 -0.00518663554 0.00518865231 -0.00397889689 -0.00374830561 0.00482825795 -0.00397889689 -0.00423012627 0.00579886977 -0.00307891192 -0.00518663554 0.00579886977 -0.00307891192 -0.00518663554 0.00482825795 -0.00397889689 -0.00423012627 0.00531362416 -0.00307891192 -0.00572049338 0.00482825795 -0.00397889689 -0.00423012627 0.00442423252 -0.00397889689 -0.00467462698 0.00531362416 -0.00307891192 -0.00572049338 0.00531362416 -0.00307891192 -0.00572049338 0.00442423252 -0.00397889689 -0.00467462698 0.00397973135 -0.00397889689 -0.00507865241 0.00442423252 -0.00397889689 -0.00467462698 0.00334713305 -0.00499999989 -0.00371313933 0.00397973135 -0.00397889689 -0.00507865241 0.00397973135 -0.00397889689 -0.00507865241 0.00334713305 -0.00499999989 -0.00371313933 0.00302783563 -0.00499999989 -0.00397815043 0.00877411012 -0.00230500498 -0.000480443588 0.00814509206 -0.00267588883 -0.000453330082 0.00810300652 -0.00267588883 -0.00128562213 0.00814509206 -0.00267588883 -0.000453330082 0.00747723831 -0.00307891192 -0.00117488601 0.00810300652 -0.00267588883 -0.00128562213 0.00810300652 -0.00267588883 -0.00128562213 0.00747723831 -0.00307891192 -0.00117488601 0.00736325933 -0.00307891192 -0.00192082219 0.00747723831 -0.00307891192 -0.00117488601 0.0068514701 -0.00351345469 -0.00104342494 0.00736325933 -0.00307891192 -0.00192082219 0.00736325933 -0.00307891192 -0.00192082219 0.0068514701 -0.00351345469 -0.00104342494 0.00613080058 -0.00397889689 -0.00151094305 0.0068514701 -0.00351345469 -0.00104342494 0.00622570189 -0.00397889689 -0.000889861258 0.00613080058 -0.00397889689 -0.00151094305 0.00613080058 -0.00397889689 -0.00151094305 0.00622570189 -0.00397889689 -0.000889861258 0.00492819585 -0.00499999989 -0.000848322001 0.00622570189 -0.00397889689 -0.000889861258 0.00559993368 -0.00447461847 -0.000712817593 0.00492819585 -0.00499999989 -0.000848322001 0.00492819585 -0.00499999989 -0.000848322001 0.00559993368 -0.00447461847 -0.000712817593 0.00497416547 -0.00499999989 -0.000510916288 0.00559993368 -0.00447461847 -0.000712817593 0.00498133758 -0.00499999989 -0.000434590649 0.00497416547 -0.00499999989 -0.000510916288 0.00924324896 -0.00166213466 0.00342126098 0.00866369531 -0.00196688017 0.0031690679 0.0095808031 -0.00166213466 0.00249973778 0.00866369531 -0.00196688017 0.0031690679 0.00898008421 -0.00196688017 0.00230532466 0.0095808031 -0.00166213466 0.00249973778 0.0095808031 -0.00166213466 0.00249973778 0.00898008421 -0.00196688017 0.00230532466 0.00982817728 -0.00166213466 0.00153862417 0.00898008421 -0.00196688017 0.00230532466 0.00921194721 -0.00196688017 0.00140447298 0.00982817728 -0.00166213466 0.00153862417 0.00982817728 -0.00166213466 0.00153862417 0.00921194721 -0.00196688017 0.00140447298 0.00998031069 -0.00166213466 0.000542979164 0.00727477437 -0.00230500498 0.00442381902 0.00771446899 -0.00230500498 0.00370038068 0.00826752093 -0.00196688017 0.0039909617 0.00826752093 -0.00196688017 0.0039909617 0.00771446899 -0.00230500498 0.00370038068 0.00866369531 -0.00196688017 0.0031690679 0.00771446899 -0.00230500498 0.00370038068 0.00808414072 -0.00230500498 0.00293346727 0.00866369531 -0.00196688017 0.0031690679 0.00866369531 -0.00196688017 0.0031690679 0.00808414072 -0.00230500498 0.00293346727 0.00898008421 -0.00196688017 0.00230532466 0.00808414072 -0.00230500498 0.00293346727 0.00837936532 -0.00230500498 0.00212750374 0.00898008421 -0.00196688017 0.00230532466 0.00898008421 -0.00196688017 0.00230532466 0.00837936532 -0.00230500498 0.00212750374 0.00921194721 -0.00196688017 0.00140447298 0.0100321462 -0.00166213466 -0.000482138275 0.00998031069 -0.00166213466 0.000542979164 0.00935454294 -0.00196688017 0.00047125516 0.00998031069 -0.00166213466 0.000542979164 0.00921194721 -0.00196688017 0.00140447298 0.00935454294 -0.00196688017 0.00047125516 0.00935454294 -0.00196688017 0.00047125516 0.00921194721 -0.00196688017 0.00140447298 0.00859571807 -0.00230500498 0.00128691422 0.00921194721 -0.00196688017 0.00140447298 0.00837936532 -0.00230500498 0.00212750374 0.00859571807 -0.00230500498 0.00128691422 0.00859571807 -0.00230500498 0.00128691422 0.00837936532 -0.00230500498 0.00212750374 0.00797948893 -0.00267588883 0.00118732534 0.00837936532 -0.00230500498 0.00212750374 0.00777864642 -0.00267588883 0.0019676527 0.00797948893 -0.00267588883 0.00118732534 0.00797948893 -0.00267588883 0.00118732534 0.00777864642 -0.00267588883 0.0019676527 0.00736325933 -0.00307891192 0.00110708387 0.0088205738 -0.00166213466 -0.0052624112 0.00924324896 -0.00166213466 -0.00438553747 0.00866369531 -0.00196688017 -0.00414824206 0.00924324896 -0.00166213466 -0.00438553747 0.0095808031 -0.00166213466 -0.0034640145 0.00866369531 -0.00196688017 -0.00414824206 0.00866369531 -0.00196688017 -0.00414824206 0.0095808031 -0.00166213466 -0.0034640145 0.00898008421 -0.00196688017 -0.00328449882 0.0095808031 -0.00166213466 -0.0034640145 0.00982817728 -0.00166213466 -0.00250290078 0.00898008421 -0.00196688017 -0.00328449882 0.00898008421 -0.00196688017 -0.00328449882 0.00982817728 -0.00166213466 -0.00250290078 0.00921194721 -0.00196688017 -0.00238364725 0.00982817728 -0.00166213466 -0.00250290078 0.00998031069 -0.00166213466 -0.00150725571 0.00921194721 -0.00196688017 -0.00238364725 0.00921194721 -0.00196688017 -0.00238364725 0.00998031069 -0.00166213466 -0.00150725571 0.00935454294 -0.00196688017 -0.00145042944 0.00998031069 -0.00166213466 -0.00150725571 0.0100321462 -0.00166213466 -0.000482138275 0.00935454294 -0.00196688017 -0.00145042944 0.00935454294 -0.00196688017 -0.00145042944 0.0100321462 -0.00166213466 -0.000482138275 0.00940312818 -0.00196688017 -0.000489587139 0.0100321462 -0.00166213466 -0.000482138275 0.00935454294 -0.00196688017 0.00047125516 0.00940312818 -0.00196688017 -0.000489587139 0.00940312818 -0.00196688017 -0.000489587139 0.00935454294 -0.00196688017 0.00047125516 0.00872877426 -0.00230500498 0.00041612357 0.00935454294 -0.00196688017 0.00047125516 0.00859571807 -0.00230500498 0.00128691422 0.00872877426 -0.00230500498 0.00041612357 0.00872877426 -0.00230500498 0.00041612357 0.00859571807 -0.00230500498 0.00128691422 0.00810300652 -0.00267588883 0.000378961908 0.00859571807 -0.00230500498 0.00128691422 0.00797948893 -0.00267588883 0.00118732534 0.00810300652 -0.00267588883 0.000378961908 0.00810300652 -0.00267588883 0.000378961908 0.00797948893 -0.00267588883 0.00118732534 0.00747723831 -0.00307891192 0.000361147744 0.00797948893 -0.00267588883 0.00118732534 0.00736325933 -0.00307891192 0.00110708387 0.00747723831 -0.00307891192 0.000361147744 0.00747723831 -0.00307891192 0.000361147744 0.00736325933 -0.00307891192 0.00110708387 0.0068514701 -0.00351345469 0.000364058535 0.00831783563 -0.00166213466 -0.00608957699 0.0088205738 -0.00166213466 -0.0052624112 0.00771446899 -0.00230500498 -0.00466126809 0.0088205738 -0.00166213466 -0.0052624112 0.00866369531 -0.00196688017 -0.00414824206 0.00771446899 -0.00230500498 -0.00466126809 0.00771446899 -0.00230500498 -0.00466126809 0.00866369531 -0.00196688017 -0.00414824206 0.00808414072 -0.00230500498 -0.00389435445 0.00866369531 -0.00196688017 -0.00414824206 0.00898008421 -0.00196688017 -0.00328449882 0.00808414072 -0.00230500498 -0.00389435445 0.00808414072 -0.00230500498 -0.00389435445 0.00898008421 -0.00196688017 -0.00328449882 0.00837936532 -0.00230500498 -0.00308839092 0.00898008421 -0.00196688017 -0.00328449882 0.00921194721 -0.00196688017 -0.00238364725 0.00837936532 -0.00230500498 -0.00308839092 0.00837936532 -0.00230500498 -0.00308839092 0.00921194721 -0.00196688017 -0.00238364725 0.00859571807 -0.00230500498 -0.00224780128 0.00921194721 -0.00196688017 -0.00238364725 0.00935454294 -0.00196688017 -0.00145042944 0.00859571807 -0.00230500498 -0.00224780128 0.00859571807 -0.00230500498 -0.00224780128 0.00935454294 -0.00196688017 -0.00145042944 0.00872877426 -0.00230500498 -0.00137701072 0.00935454294 -0.00196688017 -0.00145042944 0.00940312818 -0.00196688017 -0.000489587139 0.00872877426 -0.00230500498 -0.00137701072 0.00872877426 -0.00230500498 -0.00137701072 0.00940312818 -0.00196688017 -0.000489587139 0.00877411012 -0.00230500498 -0.000480443588 0.00940312818 -0.00196688017 -0.000489587139 0.00872877426 -0.00230500498 0.00041612357 0.00877411012 -0.00230500498 -0.000480443588 0.00877411012 -0.00230500498 -0.000480443588 0.00872877426 -0.00230500498 0.00041612357 0.00814509206 -0.00267588883 -0.000453330082 0.00872877426 -0.00230500498 0.00041612357 0.00810300652 -0.00267588883 0.000378961908 0.00814509206 -0.00267588883 -0.000453330082 0.00814509206 -0.00267588883 -0.000453330082 0.00810300652 -0.00267588883 0.000378961908 0.00751607353 -0.00307891192 -0.000406869134 0.00810300652 -0.00267588883 0.000378961908 0.00747723831 -0.00307891192 0.000361147744 0.00751607353 -0.00307891192 -0.000406869134 0.00751607353 -0.00307891192 -0.000406869134 0.00747723831 -0.00307891192 0.000361147744 0.006887055 -0.00351345469 -0.000339683174 0.00747723831 -0.00307891192 0.000361147744 0.0068514701 -0.00351345469 0.000364058535 0.006887055 -0.00351345469 -0.000339683174 0.006887055 -0.00351345469 -0.000339683174 0.0068514701 -0.00351345469 0.000364058535 0.00625803648 -0.00397889689 -0.000250394689 0.00518865231 -0.00397889689 0.00324751623 0.00550225936 -0.00397889689 0.00273153186 0.00605531177 -0.00351345469 0.00294196792 0.00717792753 -0.00307891192 0.00182714919 0.00657720864 -0.00351345469 0.00170737074 0.00674703019 -0.00351345469 0.00104756746 0.00657720864 -0.00351345469 0.00170737074 0.00613080058 -0.00397889689 0.00101015368 0.00674703019 -0.00351345469 0.00104756746 0.00674703019 -0.00351345469 0.00104756746 0.00613080058 -0.00397889689 0.00101015368 0.00622570189 -0.00397889689 0.00038907188 0.00613080058 -0.00397889689 0.00101015368 0.00559993368 -0.00447461847 0.000437565293 0.00622570189 -0.00397889689 0.00038907188 0.00622570189 -0.00397889689 0.00038907188 0.00559993368 -0.00447461847 0.000437565293 0.00562901841 -0.00447461847 -0.000137626135 0.00559993368 -0.00447461847 0.000437565293 0.00497912336 -0.00499999989 0.00045952847 0.00562901841 -0.00447461847 -0.000137626135 0.00562901841 -0.00447461847 -0.000137626135 0.00497912336 -0.00499999989 0.00045952847 0.00499982247 -0.00499999989 4.25236576e-05 0.00605531177 -0.00351345469 0.00294196792 0.00550225936 -0.00397889689 0.00273153186 0.00634547789 -0.00351345469 0.00233999523 0.00550225936 -0.00397889689 0.00273153186 0.00576592376 -0.00397889689 0.00218453933 0.00634547789 -0.00351345469 0.00233999523 0.00634547789 -0.00351345469 0.00233999523 0.00576592376 -0.00397889689 0.00218453933 0.00597648928 -0.00397889689 0.00160969479 0.00576592376 -0.00397889689 0.00218453933 0.00537577039 -0.00447461847 0.00153549889 0.00597648928 -0.00397889689 0.00160969479 0.00597648928 -0.00397889689 0.00160969479 0.00537577039 -0.00447461847 0.00153549889 0.00551457144 -0.00447461847 0.000996219809 0.00537577039 -0.00447461847 0.00153549889 0.00477505149 -0.00499999989 0.00148616056 0.00483777607 -0.00499999989 0.0012670554 0.00537577039 -0.00447461847 0.00153549889 0.00483777607 -0.00499999989 0.0012670554 0.00551457144 -0.00447461847 0.000996219809 0.00483777607 -0.00499999989 0.0012670554 0.00489834184 -0.00499999989 0.00100714364 0.00551457144 -0.00447461847 0.000996219809 0.00551457144 -0.00447461847 0.000996219809 0.00489834184 -0.00499999989 0.00100714364 0.00492480444 -0.00499999989 0.000867894734 0.00692503201 -0.00307891192 0.00251755351 0.00634547789 -0.00351345469 0.00233999523 0.00657720864 -0.00351345469 0.00170737074 0.00634547789 -0.00351345469 0.00233999523 0.00597648928 -0.00397889689 0.00160969479 0.00657720864 -0.00351345469 0.00170737074 0.00657720864 -0.00351345469 0.00170737074 0.00597648928 -0.00397889689 0.00160969479 0.00613080058 -0.00397889689 0.00101015368 0.00597648928 -0.00397889689 0.00160969479 0.00551457144 -0.00447461847 0.000996219809 0.00613080058 -0.00397889689 0.00101015368 0.00613080058 -0.00397889689 0.00101015368 0.00551457144 -0.00447461847 0.000996219809 0.00559993368 -0.00447461847 0.000437565293 0.00551457144 -0.00447461847 0.000996219809 0.00492480444 -0.00499999989 0.000867894734 0.00559993368 -0.00447461847 0.000437565293 0.00559993368 -0.00447461847 0.000437565293 0.00492480444 -0.00499999989 0.000867894734 0.00497912336 -0.00499999989 0.00045952847 0.00366139272 -0.00499999989 0.00340362336 0.0038576459 -0.00499999989 0.00317969662 0.00434295181 -0.00447461847 0.00344208791 0.0038576459 -0.00499999989 0.00317969662 0.00393144926 -0.00499999989 0.00308812363 0.00434295181 -0.00447461847 0.00344208791 0.00434295181 -0.00447461847 0.00344208791 0.00393144926 -0.00499999989 0.00308812363 0.00466712145 -0.00447461847 0.00300869695 0.00393144926 -0.00499999989 0.00308812363 0.00414559105 -0.00499999989 0.00279473513 0.00466712145 -0.00447461847 0.00300869695 0.00414559105 -0.00499999989 0.00279473513 0.00417341106 -0.00499999989 0.00275312457 0.00466712145 -0.00447461847 0.00300869695 0.00466712145 -0.00447461847 0.00300869695 0.00417341106 -0.00499999989 0.00275312457 0.00494920695 -0.00447461847 0.00254457607 0.00417341106 -0.00499999989 0.00275312457 0.00438587042 -0.00499999989 0.00240130303 0.00494920695 -0.00447461847 0.00254457607 0.00494920695 -0.00447461847 0.00254457607 0.00438587042 -0.00499999989 0.00240130303 0.00518636964 -0.00447461847 0.00205256371 0.00438587042 -0.00499999989 0.00240130303 0.00456783548 -0.00499999989 0.0020350737 0.00518636964 -0.00447461847 0.00205256371 0.00456783548 -0.00499999989 0.0020350737 0.00460681506 -0.00499999989 0.00194544578 0.00518636964 -0.00447461847 0.00205256371 0.00518636964 -0.00447461847 0.00205256371 0.00460681506 -0.00499999989 0.00194544578 0.00471863337 -0.00499999989 0.00165646872 0.00518865231 -0.00397889689 0.00324751623 0.00466712145 -0.00447461847 0.00300869695 0.00550225936 -0.00397889689 0.00273153186 0.00466712145 -0.00447461847 0.00300869695 0.00494920695 -0.00447461847 0.00254457607 0.00550225936 -0.00397889689 0.00273153186 0.00550225936 -0.00397889689 0.00273153186 0.00494920695 -0.00447461847 0.00254457607 0.00576592376 -0.00397889689 0.00218453933 0.00494920695 -0.00447461847 0.00254457607 0.00518636964 -0.00447461847 0.00205256371 0.00576592376 -0.00397889689 0.00218453933 0.00576592376 -0.00397889689 0.00218453933 0.00518636964 -0.00447461847 0.00205256371 0.00537577039 -0.00447461847 0.00153549889 0.00518636964 -0.00447461847 0.00205256371 0.00471863337 -0.00499999989 0.00165646872 0.00537577039 -0.00447461847 0.00153549889 0.00537577039 -0.00447461847 0.00153549889 0.00471863337 -0.00499999989 0.00165646872 0.00477505149 -0.00499999989 0.00148616056 0.00675324397 -0.00267588883 0.00409934483 0.00628417591 -0.00267588883 0.00472645368 0.00579886977 -0.00307891192 0.00437289756 0.00628417591 -0.00267588883 0.00472645368 0.00531362416 -0.00307891192 0.00490675494 0.00579886977 -0.00307891192 0.00437289756 0.00579886977 -0.00307891192 0.00437289756 0.00531362416 -0.00307891192 0.00490675494 0.00486892834 -0.00351345469 0.0045292452 0.00531362416 -0.00307891192 0.00490675494 0.00437974883 -0.00351345469 0.00497388095 0.00486892834 -0.00351345469 0.0045292452 0.00486892834 -0.00351345469 0.0045292452 0.00437974883 -0.00351345469 0.00497388095 0.00397973135 -0.00397889689 0.00457786303 0.00437974883 -0.00351345469 0.00497388095 0.00349791092 -0.00397889689 0.00493825739 0.00397973135 -0.00397889689 0.00457786303 0.00397973135 -0.00397889689 0.00457786303 0.00349791092 -0.00397889689 0.00493825739 0.00314632314 -0.00447461847 0.00452949526 0.00349791092 -0.00397889689 0.00493825739 0.00268220203 -0.00447461847 0.00481158076 0.00314632314 -0.00447461847 0.00452949526 0.00314632314 -0.00447461847 0.00452949526 0.00268220203 -0.00447461847 0.00481158076 0.00297052902 -0.0047336407 0.00433435012 0.00716141658 -0.00267588883 0.00342776976 0.00675324397 -0.00267588883 0.00409934483 0.00623171311 -0.00307891192 0.00379421772 0.00675324397 -0.00267588883 0.00409934483 0.00579886977 -0.00307891192 0.00437289756 0.00623171311 -0.00307891192 0.00379421772 0.00623171311 -0.00307891192 0.00379421772 0.00579886977 -0.00307891192 0.00437289756 0.00531356409 -0.00351345469 0.00404006569 0.00579886977 -0.00307891192 0.00437289756 0.00486892834 -0.00351345469 0.0045292452 0.00531356409 -0.00351345469 0.00404006569 0.00531356409 -0.00351345469 0.00404006569 0.00486892834 -0.00351345469 0.0045292452 0.00442423252 -0.00397889689 0.0041738376 0.00486892834 -0.00351345469 0.0045292452 0.00397973135 -0.00397889689 0.00457786303 0.00442423252 -0.00397889689 0.0041738376 0.00442423252 -0.00397889689 0.0041738376 0.00397973135 -0.00397889689 0.00457786303 0.0035797141 -0.00447461847 0.00420532562 0.00397973135 -0.00397889689 0.00457786303 0.00314632314 -0.00447461847 0.00452949526 0.0035797141 -0.00447461847 0.00420532562 0.0035797141 -0.00447461847 0.00420532562 0.00314632314 -0.00447461847 0.00452949526 0.00337970536 -0.0047336407 0.00402829237 0.00314632314 -0.00447461847 0.00452949526 0.00297052902 -0.0047336407 0.00433435012 0.00337970536 -0.0047336407 0.00402829237 0.0075045866 -0.00267588883 0.00271583674 0.00716141658 -0.00267588883 0.00342776976 0.00660836417 -0.00307891192 0.00317450636 0.00716141658 -0.00267588883 0.00342776976 0.00623171311 -0.00307891192 0.00379421772 0.00660836417 -0.00307891192 0.00317450636 0.00660836417 -0.00307891192 0.00317450636 0.00623171311 -0.00307891192 0.00379421772 0.00571018271 -0.00351345469 0.00350981578 0.00623171311 -0.00307891192 0.00379421772 0.00531356409 -0.00351345469 0.00404006569 0.00571018271 -0.00351345469 0.00350981578 0.00571018271 -0.00351345469 0.00350981578 0.00531356409 -0.00351345469 0.00404006569 0.00482825795 -0.00397889689 0.0037293369 0.00531356409 -0.00351345469 0.00404006569 0.00442423252 -0.00397889689 0.0041738376 0.00482825795 -0.00397889689 0.0037293369 0.00482825795 -0.00397889689 0.0037293369 0.00442423252 -0.00397889689 0.0041738376 0.0039795367 -0.00447461847 0.00384191051 0.00442423252 -0.00397889689 0.0041738376 0.0035797141 -0.00447461847 0.00420532562 0.0039795367 -0.00447461847 0.00384191051 0.0039795367 -0.00447461847 0.00384191051 0.0035797141 -0.00447461847 0.00420532562 0.00340362336 -0.00499999989 0.00366139272 0.0035797141 -0.00447461847 0.00420532562 0.00337970536 -0.0047336407 0.00402829237 0.00340362336 -0.00499999989 0.00366139272 0.00340362336 -0.00499999989 0.00366139272 0.00337970536 -0.0047336407 0.00402829237 0.00317969662 -0.00499999989 0.0038576459 0.00167312496 -0.00447461847 0.00523814419 0.00206781784 -0.0047336407 0.00482458621 0.0021901899 -0.00447461847 0.00504874345 0.00206781784 -0.0047336407 0.00482458621 0.00253233989 -0.0047336407 0.00460067438 0.0021901899 -0.00447461847 0.00504874345 0.0021901899 -0.00447461847 0.00504874345 0.00253233989 -0.0047336407 0.00460067438 0.00268220203 -0.00447461847 0.00481158076 0.00268220203 -0.00447461847 0.00481158076 0.00253233989 -0.0047336407 0.00460067438 0.00297052902 -0.0047336407 0.00433435012 0.00253233989 -0.0047336407 0.00460067438 0.00274740718 -0.00499999989 0.00417718664 0.00297052902 -0.0047336407 0.00433435012 0.00297052902 -0.0047336407 0.00433435012 0.00274740718 -0.00499999989 0.00417718664 0.00337970536 -0.0047336407 0.00402829237 0.00274740718 -0.00499999989 0.00417718664 0.00308635784 -0.00499999989 0.00393283786 0.00337970536 -0.0047336407 0.00402829237 0.00337970536 -0.0047336407 0.00402829237 0.00308635784 -0.00499999989 0.00393283786 0.00317969662 -0.00499999989 0.0038576459 0.000575191458 -0.00447461847 0.00546230748 0.00107049476 -0.0047336407 0.00513445027 0.001133846 -0.00447461847 0.00537694525 0.00107049476 -0.0047336407 0.00513445027 0.00157964276 -0.0047336407 0.0050034048 0.001133846 -0.00447461847 0.00537694525 0.00162914325 -0.00499999989 0.00472814776 0.00206781784 -0.0047336407 0.00482458621 0.00157964276 -0.0047336407 0.0050034048 0.00206781784 -0.0047336407 0.00482458621 0.00167312496 -0.00447461847 0.00523814419 0.00157964276 -0.0047336407 0.0050034048 0.00157964276 -0.0047336407 0.0050034048 0.00167312496 -0.00447461847 0.00523814419 0.001133846 -0.00447461847 0.00537694525 0.000575191458 -0.00447461847 0.00546230748 0.000543053844 -0.0047336407 0.0052150432 0.00107049476 -0.0047336407 0.00513445027 0.000543053844 -0.0047336407 0.0052150432 0.000510916288 -0.00499999989 0.00497416547 0.00107049476 -0.0047336407 0.00513445027 0.00107049476 -0.0047336407 0.00513445027 0.000510916288 -0.00499999989 0.00497416547 0.000824803195 -0.00499999989 0.00493216421 0.000824803195 -0.00499999989 0.00493216421 0.00100714364 -0.00499999989 0.00489834184 0.00107049476 -0.0047336407 0.00513445027 0.00100714364 -0.00499999989 0.00489834184 0.00123142987 -0.00499999989 0.00484695332 0.00107049476 -0.0047336407 0.00513445027 0.00107049476 -0.0047336407 0.00513445027 0.00123142987 -0.00499999989 0.00484695332 0.00157964276 -0.0047336407 0.0050034048 0.00123142987 -0.00499999989 0.00484695332 0.00148616056 -0.00499999989 0.00477505149 0.00157964276 -0.0047336407 0.0050034048 0.00157964276 -0.0047336407 0.0050034048 0.00148616056 -0.00499999989 0.00477505149 0.00162914325 -0.00499999989 0.00472814776 0.00162914325 -0.00499999989 0.00472814776 0.00194544578 -0.00499999989 0.00460681506 0.00206781784 -0.0047336407 0.00482458621 0.00194544578 -0.00499999989 0.00460681506 0.00201601651 -0.00499999989 0.00457629934 0.00206781784 -0.0047336407 0.00482458621 0.00206781784 -0.0047336407 0.00482458621 0.00201601651 -0.00499999989 0.00457629934 0.00253233989 -0.0047336407 0.00460067438 0.00201601651 -0.00499999989 0.00457629934 0.00238967245 -0.00499999989 0.00439223647 0.00253233989 -0.0047336407 0.00460067438 0.00253233989 -0.0047336407 0.00460067438 0.00238967245 -0.00499999989 0.00439223647 0.00274740718 -0.00499999989 0.00417718664 0.00353484065 -0.00499999989 0.00353484065 0.00366139272 -0.00499999989 0.00340362336 0.0039795367 -0.00447461847 0.00384191051 0.00366139272 -0.00499999989 0.00340362336 0.00434295181 -0.00447461847 0.00344208791 0.0039795367 -0.00447461847 0.00384191051 0.0039795367 -0.00447461847 0.00384191051 0.00434295181 -0.00447461847 0.00344208791 0.00482825795 -0.00397889689 0.0037293369 0.00434295181 -0.00447461847 0.00344208791 0.00518865231 -0.00397889689 0.00324751623 0.00482825795 -0.00397889689 0.0037293369 0.00482825795 -0.00397889689 0.0037293369 0.00518865231 -0.00397889689 0.00324751623 0.00571018271 -0.00351345469 0.00350981578 0.00518865231 -0.00397889689 0.00324751623 0.00605531177 -0.00351345469 0.00294196792 0.00571018271 -0.00351345469 0.00350981578 0.00571018271 -0.00351345469 0.00350981578 0.00605531177 -0.00351345469 0.00294196792 0.00660836417 -0.00307891192 0.00317450636 0.00605531177 -0.00351345469 0.00294196792 0.00692503201 -0.00307891192 0.00251755351 0.00660836417 -0.00307891192 0.00317450636 0.00660836417 -0.00307891192 0.00317450636 0.00692503201 -0.00307891192 0.00251755351 0.0075045866 -0.00267588883 0.00271583674 0.00692503201 -0.00307891192 0.00251755351 0.00717792753 -0.00307891192 0.00182714919 0.0075045866 -0.00267588883 0.00271583674 0.00727477437 -0.00230500498 0.00442381902 0.00675324397 -0.00267588883 0.00409934483 0.00771446899 -0.00230500498 0.00370038068 0.00675324397 -0.00267588883 0.00409934483 0.00716141658 -0.00267588883 0.00342776976 0.00771446899 -0.00230500498 0.00370038068 0.00771446899 -0.00230500498 0.00370038068 0.00716141658 -0.00267588883 0.00342776976 0.00808414072 -0.00230500498 0.00293346727 0.00716141658 -0.00267588883 0.00342776976 0.0075045866 -0.00267588883 0.00271583674 0.00808414072 -0.00230500498 0.00293346727 0.00808414072 -0.00230500498 0.00293346727 0.0075045866 -0.00267588883 0.00271583674 0.00777864642 -0.00267588883 0.0019676527 0.0075045866 -0.00267588883 0.00271583674 0.00717792753 -0.00307891192 0.00182714919 0.00777864642 -0.00267588883 0.0019676527 0.00777864642 -0.00267588883 0.0019676527 0.00717792753 -0.00307891192 0.00182714919 0.00736325933 -0.00307891192 0.00110708387 0.00717792753 -0.00307891192 0.00182714919 0.00674703019 -0.00351345469 0.00104756746 0.00736325933 -0.00307891192 0.00110708387 0.00736325933 -0.00307891192 0.00110708387 0.00674703019 -0.00351345469 0.00104756746 0.0068514701 -0.00351345469 0.000364058535 0.00674703019 -0.00351345469 0.00104756746 0.00622570189 -0.00397889689 0.00038907188 0.0068514701 -0.00351345469 0.000364058535 0.0068514701 -0.00351345469 0.000364058535 0.00622570189 -0.00397889689 0.00038907188 0.00625803648 -0.00397889689 -0.000250394689 0.00622570189 -0.00397889689 0.00038907188 0.00562901841 -0.00447461847 -0.000137626135 0.00625803648 -0.00397889689 -0.000250394689 0.00625803648 -0.00397889689 -0.000250394689 0.00562901841 -0.00447461847 -0.000137626135 0.00559993368 -0.00447461847 -0.000712817593 0.00562901841 -0.00447461847 -0.000137626135 0.00499998033 -0.00499999989 -1.41837709e-05 0.00559993368 -0.00447461847 -0.000712817593 0.00559993368 -0.00447461847 -0.000712817593 0.00499998033 -0.00499999989 -1.41837709e-05 0.00498133758 -0.00499999989 -0.000434590649 -0.00202076253 -0.00166213466 0.00934603903 -0.00298187602 -0.00166213466 0.00909866486 -0.00279491162 -0.00196688017 0.00849049725 -0.00202076253 -0.00166213466 0.00934603903 -0.00189406017 -0.00196688017 0.00872236025 -0.00102511747 -0.00166213466 0.00949817244 -0.00189406017 -0.00196688017 0.00872236025 -0.000960842299 -0.00196688017 0.00886495598 -0.00102511747 -0.00166213466 0.00949817244 -0.00102511747 -0.00166213466 0.00949817244 -0.000960842299 -0.00196688017 0.00886495598 8.22663017e-19 -0.00166213466 0.00955000799 -0.000960842299 -0.00196688017 0.00886495598 6.72359492e-19 -0.00196688017 0.00891354121 8.22663017e-19 -0.00166213466 0.00955000799 8.22663017e-19 -0.00166213466 0.00955000799 6.72359492e-19 -0.00196688017 0.00891354121 0.00102511747 -0.00166213466 0.00949817244 6.72359492e-19 -0.00196688017 0.00891354121 0.000960842299 -0.00196688017 0.00886495598 0.00102511747 -0.00166213466 0.00949817244 0.00102511747 -0.00166213466 0.00949817244 0.000960842299 -0.00196688017 0.00886495598 0.00202076253 -0.00166213466 0.00934603903 0.000960842299 -0.00196688017 0.00886495598 0.00189406017 -0.00196688017 0.00872236025 0.00202076253 -0.00166213466 0.00934603903 0.00202076253 -0.00166213466 0.00934603903 0.00189406017 -0.00196688017 0.00872236025 0.00298187602 -0.00166213466 0.00909866486 0.00189406017 -0.00196688017 0.00872236025 0.00279491162 -0.00196688017 0.00849049725 0.00298187602 -0.00166213466 0.00909866486 0.00298187602 -0.00166213466 0.00909866486 0.00279491162 -0.00196688017 0.00849049725 0.00390339945 -0.00166213466 0.00876111072 0.00279491162 -0.00196688017 0.00849049725 0.0036586551 -0.00196688017 0.00817410741 0.00390339945 -0.00166213466 0.00876111072 0.00390339945 -0.00166213466 0.00876111072 0.0036586551 -0.00196688017 0.00817410741 0.00478027295 -0.00166213466 0.00833843555 0.0036586551 -0.00196688017 0.00817410741 0.00448054867 -0.00196688017 0.00777793396 0.00478027295 -0.00166213466 0.00833843555 0.00478027295 -0.00166213466 0.00833843555 0.00448054867 -0.00196688017 0.00777793396 0.00560743874 -0.00166213466 0.00783569738 0.00448054867 -0.00196688017 0.00777793396 0.0052558505 -0.00196688017 0.0073067178 0.00560743874 -0.00166213466 0.00783569738 0.00560743874 -0.00166213466 0.00783569738 0.0052558505 -0.00196688017 0.0073067178 0.00637983624 -0.00166213466 0.00725795561 0.0052558505 -0.00196688017 0.0073067178 0.00597981876 -0.00196688017 0.00676520076 0.00637983624 -0.00166213466 0.00725795561 0.00637983624 -0.00166213466 0.00725795561 0.00597981876 -0.00196688017 0.00676520076 0.0070924079 -0.00166213466 0.00661026966 0.00597981876 -0.00196688017 0.00676520076 0.00664771209 -0.00196688017 0.00615812466 0.0070924079 -0.00166213466 0.00661026966 0.0070924079 -0.00166213466 0.00661026966 0.00664771209 -0.00196688017 0.00615812466 0.00774009386 -0.00166213466 0.00589769799 0.00664771209 -0.00196688017 0.00615812466 0.00725478772 -0.00196688017 0.00549023179 0.00774009386 -0.00166213466 0.00589769799 0.00774009386 -0.00166213466 0.00589769799 0.00725478772 -0.00196688017 0.00549023179 0.00831783563 -0.00166213466 0.00512530003 -0.00390339945 -0.00166213466 0.00876111072 -0.00478027295 -0.00166213466 0.00833843555 -0.00448054867 -0.00196688017 0.00777793396 -0.00560743874 -0.00166213466 0.00783569738 -0.00637983624 -0.00166213466 0.00725795561 -0.00597981876 -0.00196688017 0.00676520076 -0.00189406017 -0.00196688017 0.00872236025 -0.00176735781 -0.00230500498 0.00811527483 -0.000960842299 -0.00196688017 0.00886495598 -0.00176735781 -0.00230500498 0.00811527483 -0.00089656713 -0.00230500498 0.00824833103 -0.000960842299 -0.00196688017 0.00886495598 -0.000960842299 -0.00196688017 0.00886495598 -0.00089656713 -0.00230500498 0.00824833103 6.72359492e-19 -0.00196688017 0.00891354121 -0.00089656713 -0.00230500498 0.00824833103 5.93741713e-19 -0.00230500498 0.00829366595 6.72359492e-19 -0.00196688017 0.00891354121 6.72359492e-19 -0.00196688017 0.00891354121 5.93741713e-19 -0.00230500498 0.00829366595 0.000960842299 -0.00196688017 0.00886495598 5.93741713e-19 -0.00230500498 0.00829366595 0.00089656713 -0.00230500498 0.00824833103 0.000960842299 -0.00196688017 0.00886495598 0.000960842299 -0.00196688017 0.00886495598 0.00089656713 -0.00230500498 0.00824833103 0.00189406017 -0.00196688017 0.00872236025 0.00089656713 -0.00230500498 0.00824833103 0.00176735781 -0.00230500498 0.00811527483 0.00189406017 -0.00196688017 0.00872236025 0.00189406017 -0.00196688017 0.00872236025 0.00176735781 -0.00230500498 0.00811527483 0.00279491162 -0.00196688017 0.00849049725 0.00176735781 -0.00230500498 0.00811527483 0.00260794722 -0.00230500498 0.00789892208 0.00279491162 -0.00196688017 0.00849049725 0.00279491162 -0.00196688017 0.00849049725 0.00260794722 -0.00230500498 0.00789892208 0.0036586551 -0.00196688017 0.00817410741 0.00260794722 -0.00230500498 0.00789892208 0.00341391098 -0.00230500498 0.00760369701 0.0036586551 -0.00196688017 0.00817410741 0.0036586551 -0.00196688017 0.00817410741 0.00341391098 -0.00230500498 0.00760369701 0.00448054867 -0.00196688017 0.00777793396 0.00341391098 -0.00230500498 0.00760369701 0.00418082438 -0.00230500498 0.00723402528 0.00448054867 -0.00196688017 0.00777793396 0.00448054867 -0.00196688017 0.00777793396 0.00418082438 -0.00230500498 0.00723402528 0.0052558505 -0.00196688017 0.0073067178 0.00418082438 -0.00230500498 0.00723402528 0.00490426272 -0.00230500498 0.00679433066 0.0052558505 -0.00196688017 0.0073067178 0.0052558505 -0.00196688017 0.0073067178 0.00490426272 -0.00230500498 0.00679433066 0.00597981876 -0.00196688017 0.00676520076 0.00490426272 -0.00230500498 0.00679433066 0.00557980128 -0.00230500498 0.00628903834 0.00597981876 -0.00196688017 0.00676520076 0.00597981876 -0.00196688017 0.00676520076 0.00557980128 -0.00230500498 0.00628903834 0.00664771209 -0.00196688017 0.00615812466 0.00557980128 -0.00230500498 0.00628903834 0.00620301627 -0.00230500498 0.00572257256 0.00664771209 -0.00196688017 0.00615812466 0.00664771209 -0.00196688017 0.00615812466 0.00620301627 -0.00230500498 0.00572257256 0.00725478772 -0.00196688017 0.00549023179 -0.0070924079 -0.00166213466 0.00661026966 -0.00774009386 -0.00166213466 0.00589769799 -0.00725478772 -0.00196688017 0.00549023179 -0.00831783563 -0.00166213466 0.00512530003 -0.0088205738 -0.00166213466 0.00429813471 -0.00826752093 -0.00196688017 0.0039909617 -0.00982817728 -0.00166213466 0.00153862417 -0.00998031069 -0.00166213466 0.000542979164 -0.00935454294 -0.00196688017 0.00047125516 -0.00176735781 -0.00230500498 0.00811527483 -0.00164065545 -0.00267588883 0.00752615882 -0.00089656713 -0.00230500498 0.00824833103 -0.00164065545 -0.00267588883 0.00752615882 -0.000832292018 -0.00267588883 0.00764967641 -0.00089656713 -0.00230500498 0.00824833103 -0.00089656713 -0.00230500498 0.00824833103 -0.000832292018 -0.00267588883 0.00764967641 5.93741713e-19 -0.00230500498 0.00829366595 -0.000832292018 -0.00267588883 0.00764967641 5.80981263e-19 -0.00267588883 0.00769176148 5.93741713e-19 -0.00230500498 0.00829366595 5.93741713e-19 -0.00230500498 0.00829366595 5.80981263e-19 -0.00267588883 0.00769176148 0.00089656713 -0.00230500498 0.00824833103 5.80981263e-19 -0.00267588883 0.00769176148 0.000832292018 -0.00267588883 0.00764967641 0.00089656713 -0.00230500498 0.00824833103 0.00089656713 -0.00230500498 0.00824833103 0.000832292018 -0.00267588883 0.00764967641 0.00176735781 -0.00230500498 0.00811527483 0.000832292018 -0.00267588883 0.00764967641 0.00164065545 -0.00267588883 0.00752615882 0.00176735781 -0.00230500498 0.00811527483 0.00176735781 -0.00230500498 0.00811527483 0.00164065545 -0.00267588883 0.00752615882 0.00260794722 -0.00230500498 0.00789892208 0.00164065545 -0.00267588883 0.00752615882 0.00242098281 -0.00267588883 0.00732531631 0.00260794722 -0.00230500498 0.00789892208 0.00260794722 -0.00230500498 0.00789892208 0.00242098281 -0.00267588883 0.00732531631 0.00341391098 -0.00230500498 0.00760369701 0.00242098281 -0.00267588883 0.00732531631 0.00316916662 -0.00267588883 0.00705125649 0.00341391098 -0.00230500498 0.00760369701 0.00341391098 -0.00230500498 0.00760369701 0.00316916662 -0.00267588883 0.00705125649 0.00418082438 -0.00230500498 0.00723402528 0.00316916662 -0.00267588883 0.00705125649 0.00388109987 -0.00267588883 0.00670808647 0.00418082438 -0.00230500498 0.00723402528 0.00418082438 -0.00230500498 0.00723402528 0.00388109987 -0.00267588883 0.00670808647 0.00490426272 -0.00230500498 0.00679433066 0.00388109987 -0.00267588883 0.00670808647 0.00455267495 -0.00267588883 0.00629991386 0.00490426272 -0.00230500498 0.00679433066 0.00490426272 -0.00230500498 0.00679433066 0.00455267495 -0.00267588883 0.00629991386 0.00557980128 -0.00230500498 0.00628903834 0.00455267495 -0.00267588883 0.00629991386 0.0051797838 -0.00267588883 0.0058308458 0.00557980128 -0.00230500498 0.00628903834 0.00557980128 -0.00230500498 0.00628903834 0.0051797838 -0.00267588883 0.0058308458 0.00620301627 -0.00230500498 0.00572257256 -0.00164065545 -0.00267588883 0.00752615882 -0.00151395309 -0.00307891192 0.00695639011 -0.000832292018 -0.00267588883 0.00764967641 -0.00151395309 -0.00307891192 0.00695639011 -0.000768016849 -0.00307891192 0.00707036909 -0.000832292018 -0.00267588883 0.00764967641 -0.000832292018 -0.00267588883 0.00764967641 -0.000768016849 -0.00307891192 0.00707036909 5.80981263e-19 -0.00267588883 0.00769176148 -0.000768016849 -0.00307891192 0.00707036909 6.28249672e-19 -0.00307891192 0.00710920431 5.80981263e-19 -0.00267588883 0.00769176148 5.80981263e-19 -0.00267588883 0.00769176148 6.28249672e-19 -0.00307891192 0.00710920431 0.000832292018 -0.00267588883 0.00764967641 6.28249672e-19 -0.00307891192 0.00710920431 0.000768016849 -0.00307891192 0.00707036909 0.000832292018 -0.00267588883 0.00764967641 0.000832292018 -0.00267588883 0.00764967641 0.000768016849 -0.00307891192 0.00707036909 0.00164065545 -0.00267588883 0.00752615882 0.000768016849 -0.00307891192 0.00707036909 0.00151395309 -0.00307891192 0.00695639011 0.00164065545 -0.00267588883 0.00752615882 0.00164065545 -0.00267588883 0.00752615882 0.00151395309 -0.00307891192 0.00695639011 0.00242098281 -0.00267588883 0.00732531631 0.00151395309 -0.00307891192 0.00695639011 0.00223401841 -0.00307891192 0.00677105831 0.00242098281 -0.00267588883 0.00732531631 0.00242098281 -0.00267588883 0.00732531631 0.00223401841 -0.00307891192 0.00677105831 0.00316916662 -0.00267588883 0.00705125649 0.00223401841 -0.00307891192 0.00677105831 0.0029244225 -0.00307891192 0.00651816325 0.00316916662 -0.00267588883 0.00705125649 0.00316916662 -0.00267588883 0.00705125649 0.0029244225 -0.00307891192 0.00651816325 0.00388109987 -0.00267588883 0.00670808647 0.0029244225 -0.00307891192 0.00651816325 0.00358137535 -0.00307891192 0.00620149495 0.00388109987 -0.00267588883 0.00670808647 0.00388109987 -0.00267588883 0.00670808647 0.00358137535 -0.00307891192 0.00620149495 0.00455267495 -0.00267588883 0.00629991386 0.00358137535 -0.00307891192 0.00620149495 0.0042010867 -0.00307891192 0.00582484435 0.00455267495 -0.00267588883 0.00629991386 0.00455267495 -0.00267588883 0.00629991386 0.0042010867 -0.00307891192 0.00582484435 0.0051797838 -0.00267588883 0.0058308458 -0.0088205738 -0.00166213466 -0.0052624112 -0.00866369531 -0.00196688017 -0.00414824206 -0.00924324896 -0.00166213466 -0.00438553747 -0.00866369531 -0.00196688017 -0.00414824206 -0.00898008421 -0.00196688017 -0.00328449882 -0.00924324896 -0.00166213466 -0.00438553747 -0.00924324896 -0.00166213466 -0.00438553747 -0.00898008421 -0.00196688017 -0.00328449882 -0.0095808031 -0.00166213466 -0.0034640145 -0.00774009386 -0.00166213466 -0.00686197449 -0.00676948205 -0.00230500498 -0.00606024498 -0.00831783563 -0.00166213466 -0.00608957699 -0.00676948205 -0.00230500498 -0.00606024498 -0.00727477437 -0.00230500498 -0.00538470643 -0.00831783563 -0.00166213466 -0.00608957699 -0.00831783563 -0.00166213466 -0.00608957699 -0.00727477437 -0.00230500498 -0.00538470643 -0.0088205738 -0.00166213466 -0.0052624112 -0.00727477437 -0.00230500498 -0.00538470643 -0.00771446899 -0.00230500498 -0.00466126809 -0.0088205738 -0.00166213466 -0.0052624112 -0.00771446899 -0.00230500498 -0.00466126809 -0.00808414072 -0.00230500498 -0.00389435445 -0.0088205738 -0.00166213466 -0.0052624112 -0.0088205738 -0.00166213466 -0.0052624112 -0.00808414072 -0.00230500498 -0.00389435445 -0.00866369531 -0.00196688017 -0.00414824206 -0.00808414072 -0.00230500498 -0.00389435445 -0.00837936532 -0.00230500498 -0.00308839092 -0.00866369531 -0.00196688017 -0.00414824206 -0.00866369531 -0.00196688017 -0.00414824206 -0.00837936532 -0.00230500498 -0.00308839092 -0.00898008421 -0.00196688017 -0.00328449882 -0.00620301627 -0.00230500498 -0.00668345951 -0.0070924079 -0.00166213466 -0.00757454615 -0.00557980128 -0.00230500498 -0.00724992575 -0.0070924079 -0.00166213466 -0.00757454615 -0.00637983624 -0.00166213466 -0.00822223257 -0.00557980128 -0.00230500498 -0.00724992575 -0.00557980128 -0.00230500498 -0.00724992575 -0.00637983624 -0.00166213466 -0.00822223257 -0.00490426272 -0.00230500498 -0.00775521807 -0.00637983624 -0.00166213466 -0.00822223257 -0.00560743874 -0.00166213466 -0.00879997388 -0.00490426272 -0.00230500498 -0.00775521807 -0.00490426272 -0.00230500498 -0.00775521807 -0.00560743874 -0.00166213466 -0.00879997388 -0.00418082438 -0.00230500498 -0.00819491223 -0.00560743874 -0.00166213466 -0.00879997388 -0.00478027295 -0.00166213466 -0.00930271205 -0.00418082438 -0.00230500498 -0.00819491223 -0.00418082438 -0.00230500498 -0.00819491223 -0.00478027295 -0.00166213466 -0.00930271205 -0.00341391098 -0.00230500498 -0.00856458396 -0.00478027295 -0.00166213466 -0.00930271205 -0.00390339945 -0.00166213466 -0.00972538721 -0.00341391098 -0.00230500498 -0.00856458396 -0.00341391098 -0.00230500498 -0.00856458396 -0.00390339945 -0.00166213466 -0.00972538721 -0.00260794722 -0.00230500498 -0.00885980856 -0.00390339945 -0.00166213466 -0.00972538721 -0.00298187602 -0.00166213466 -0.0100629414 -0.00260794722 -0.00230500498 -0.00885980856 -0.00260794722 -0.00230500498 -0.00885980856 -0.00298187602 -0.00166213466 -0.0100629414 -0.00176735781 -0.00230500498 -0.00907616131 -0.00298187602 -0.00166213466 -0.0100629414 -0.00202076253 -0.00166213466 -0.0103103155 -0.00176735781 -0.00230500498 -0.00907616131 -0.00176735781 -0.00230500498 -0.00907616131 -0.00202076253 -0.00166213466 -0.0103103155 -0.00089656713 -0.00230500498 -0.00920921843 -0.00982817728 -0.00166213466 -0.00250290078 -0.0095808031 -0.00166213466 -0.0034640145 -0.00921194721 -0.00196688017 -0.00238364725 -0.0095808031 -0.00166213466 -0.0034640145 -0.00898008421 -0.00196688017 -0.00328449882 -0.00921194721 -0.00196688017 -0.00238364725 -0.00921194721 -0.00196688017 -0.00238364725 -0.00898008421 -0.00196688017 -0.00328449882 -0.00859571807 -0.00230500498 -0.00224780128 -0.00898008421 -0.00196688017 -0.00328449882 -0.00837936532 -0.00230500498 -0.00308839092 -0.00859571807 -0.00230500498 -0.00224780128 -0.00859571807 -0.00230500498 -0.00224780128 -0.00837936532 -0.00230500498 -0.00308839092 -0.00797948893 -0.00267588883 -0.00209398544 -0.00837936532 -0.00230500498 -0.00308839092 -0.00736325933 -0.00307891192 -0.00192082219 -0.00797948893 -0.00267588883 -0.00209398544 -0.00151395309 -0.00307891192 0.00695639011 -0.00138725073 -0.00351345469 0.00640734704 -0.000768016849 -0.00307891192 0.00707036909 -0.00138725073 -0.00351345469 0.00640734704 -0.000703741738 -0.00351345469 0.00651178695 -0.000768016849 -0.00307891192 0.00707036909 -0.000768016849 -0.00307891192 0.00707036909 -0.000703741738 -0.00351345469 0.00651178695 6.28249672e-19 -0.00307891192 0.00710920431 -0.000703741738 -0.00351345469 0.00651178695 7.2971847e-19 -0.00351345469 0.00654737186 6.28249672e-19 -0.00307891192 0.00710920431 6.28249672e-19 -0.00307891192 0.00710920431 7.2971847e-19 -0.00351345469 0.00654737186 0.000768016849 -0.00307891192 0.00707036909 7.2971847e-19 -0.00351345469 0.00654737186 0.000703741738 -0.00351345469 0.00651178695 0.000768016849 -0.00307891192 0.00707036909 0.000768016849 -0.00307891192 0.00707036909 0.000703741738 -0.00351345469 0.00651178695 0.00151395309 -0.00307891192 0.00695639011 0.000703741738 -0.00351345469 0.00651178695 0.00138725073 -0.00351345469 0.00640734704 0.00151395309 -0.00307891192 0.00695639011 0.00151395309 -0.00307891192 0.00695639011 0.00138725073 -0.00351345469 0.00640734704 0.00223401841 -0.00307891192 0.00677105831 0.00138725073 -0.00351345469 0.00640734704 0.002047054 -0.00351345469 0.00623752503 0.00223401841 -0.00307891192 0.00677105831 0.00223401841 -0.00307891192 0.00677105831 0.002047054 -0.00351345469 0.00623752503 0.0029244225 -0.00307891192 0.00651816325 0.002047054 -0.00351345469 0.00623752503 0.00267967838 -0.00351345469 0.00600579474 0.0029244225 -0.00307891192 0.00651816325 0.0029244225 -0.00307891192 0.00651816325 0.00267967838 -0.00351345469 0.00600579474 0.00358137535 -0.00307891192 0.00620149495 0.00267967838 -0.00351345469 0.00600579474 0.00328165106 -0.00351345469 0.00571562862 0.00358137535 -0.00307891192 0.00620149495 0.00358137535 -0.00307891192 0.00620149495 0.00328165106 -0.00351345469 0.00571562862 0.0042010867 -0.00307891192 0.00582484435 -0.00138725073 -0.00351345469 0.00640734704 -0.00126054836 -0.00397889689 0.00588040613 -0.000703741738 -0.00351345469 0.00651178695 -0.00126054836 -0.00397889689 0.00588040613 -0.000639466569 -0.00397889689 0.00597530697 -0.000703741738 -0.00351345469 0.00651178695 -0.000703741738 -0.00351345469 0.00651178695 -0.000639466569 -0.00397889689 0.00597530697 7.2971847e-19 -0.00351345469 0.00654737186 -0.000639466569 -0.00397889689 0.00597530697 8.7955924e-19 -0.00397889689 0.00600764202 7.2971847e-19 -0.00351345469 0.00654737186 7.2971847e-19 -0.00351345469 0.00654737186 8.7955924e-19 -0.00397889689 0.00600764202 0.000703741738 -0.00351345469 0.00651178695 8.7955924e-19 -0.00397889689 0.00600764202 0.000639466569 -0.00397889689 0.00597530697 0.000703741738 -0.00351345469 0.00651178695 0.000703741738 -0.00351345469 0.00651178695 0.000639466569 -0.00397889689 0.00597530697 0.00138725073 -0.00351345469 0.00640734704 0.000639466569 -0.00397889689 0.00597530697 0.00126054836 -0.00397889689 0.00588040613 0.00138725073 -0.00351345469 0.00640734704 0.00138725073 -0.00351345469 0.00640734704 0.00126054836 -0.00397889689 0.00588040613 0.002047054 -0.00351345469 0.00623752503 0.00126054836 -0.00397889689 0.00588040613 0.00186008948 -0.00397889689 0.00572609482 0.002047054 -0.00351345469 0.00623752503 0.002047054 -0.00351345469 0.00623752503 0.00186008948 -0.00397889689 0.00572609482 0.00267967838 -0.00351345469 0.00600579474 0.00186008948 -0.00397889689 0.00572609482 0.00243493402 -0.00397889689 0.00551552884 0.00267967838 -0.00351345469 0.00600579474 0.00267967838 -0.00351345469 0.00600579474 0.00243493402 -0.00397889689 0.00551552884 0.00328165106 -0.00351345469 0.00571562862 -0.00126054836 -0.00397889689 0.00588040613 -0.000607329013 -0.00422301143 0.00571578601 -0.000639466569 -0.00397889689 0.00597530697 -0.000607329013 -0.00422301143 0.00571578601 9.70797675e-19 -0.00422301143 0.00574649591 -0.000639466569 -0.00397889689 0.00597530697 -0.000639466569 -0.00397889689 0.00597530697 9.70797675e-19 -0.00422301143 0.00574649591 8.7955924e-19 -0.00397889689 0.00600764202 9.70797675e-19 -0.00422301143 0.00574649591 0.000607329013 -0.00422301143 0.00571578601 8.7955924e-19 -0.00397889689 0.00600764202 8.7955924e-19 -0.00397889689 0.00600764202 0.000607329013 -0.00422301143 0.00571578601 0.000639466569 -0.00397889689 0.00597530697 0.000607329013 -0.00422301143 0.00571578601 0.00119719713 -0.00422301143 0.00562565448 0.000639466569 -0.00397889689 0.00597530697 0.000639466569 -0.00397889689 0.00597530697 0.00119719713 -0.00422301143 0.00562565448 0.00126054836 -0.00397889689 0.00588040613 0.00119719713 -0.00422301143 0.00562565448 0.00176660728 -0.00422301143 0.0054790983 0.00126054836 -0.00397889689 0.00588040613 0.00126054836 -0.00397889689 0.00588040613 0.00176660728 -0.00422301143 0.0054790983 0.00186008948 -0.00397889689 0.00572609482 0.00176660728 -0.00422301143 0.0054790983 0.00231256196 -0.00422301143 0.00527911494 0.00186008948 -0.00397889689 0.00572609482 0.00186008948 -0.00397889689 0.00572609482 0.00231256196 -0.00422301143 0.00527911494 0.00243493402 -0.00397889689 0.00551552884 0.00231256196 -0.00422301143 0.00527911494 0.00298192655 -0.00397889689 0.0052518649 0.00243493402 -0.00397889689 0.00551552884 0.00243493402 -0.00397889689 0.00551552884 0.00298192655 -0.00397889689 0.0052518649 0.00328165106 -0.00351345469 0.00571562862 0.00298192655 -0.00397889689 0.0052518649 0.00384949893 -0.00351345469 0.00537049957 0.00328165106 -0.00351345469 0.00571562862 0.00328165106 -0.00351345469 0.00571562862 0.00384949893 -0.00351345469 0.00537049957 0.0042010867 -0.00307891192 0.00582484435 0.00384949893 -0.00351345469 0.00537049957 0.00477976631 -0.00307891192 0.00539200101 0.0042010867 -0.00307891192 0.00582484435 0.0042010867 -0.00307891192 0.00582484435 0.00477976631 -0.00307891192 0.00539200101 0.0051797838 -0.00267588883 0.0058308458 0.00477976631 -0.00307891192 0.00539200101 0.00575831998 -0.00267588883 0.00530498987 0.0051797838 -0.00267588883 0.0058308458 0.0051797838 -0.00267588883 0.0058308458 0.00575831998 -0.00267588883 0.00530498987 0.00620301627 -0.00230500498 0.00572257256 0.00575831998 -0.00267588883 0.00530498987 0.00676948205 -0.00230500498 0.00509935804 0.00620301627 -0.00230500498 0.00572257256 0.00620301627 -0.00230500498 0.00572257256 0.00676948205 -0.00230500498 0.00509935804 0.00725478772 -0.00196688017 0.00549023179 0.00676948205 -0.00230500498 0.00509935804 0.00779630477 -0.00196688017 0.00476626353 0.00725478772 -0.00196688017 0.00549023179 0.00725478772 -0.00196688017 0.00549023179 0.00779630477 -0.00196688017 0.00476626353 0.00831783563 -0.00166213466 0.00512530003 0.00779630477 -0.00196688017 0.00476626353 0.0088205738 -0.00166213466 0.00429813471 0.00831783563 -0.00166213466 0.00512530003 0.00924324896 -0.00166213466 0.00342126098 0.0088205738 -0.00166213466 0.00429813471 0.00826752093 -0.00196688017 0.0039909617 0.0088205738 -0.00166213466 0.00429813471 0.00779630477 -0.00196688017 0.00476626353 0.00826752093 -0.00196688017 0.0039909617 0.00826752093 -0.00196688017 0.0039909617 0.00779630477 -0.00196688017 0.00476626353 0.00727477437 -0.00230500498 0.00442381902 0.00779630477 -0.00196688017 0.00476626353 0.00676948205 -0.00230500498 0.00509935804 0.00727477437 -0.00230500498 0.00442381902 0.00727477437 -0.00230500498 0.00442381902 0.00676948205 -0.00230500498 0.00509935804 0.00628417591 -0.00267588883 0.00472645368 0.00676948205 -0.00230500498 0.00509935804 0.00575831998 -0.00267588883 0.00530498987 0.00628417591 -0.00267588883 0.00472645368 0.00628417591 -0.00267588883 0.00472645368 0.00575831998 -0.00267588883 0.00530498987 0.00531362416 -0.00307891192 0.00490675494 0.00575831998 -0.00267588883 0.00530498987 0.00477976631 -0.00307891192 0.00539200101 0.00531362416 -0.00307891192 0.00490675494 0.00531362416 -0.00307891192 0.00490675494 0.00477976631 -0.00307891192 0.00539200101 0.00437974883 -0.00351345469 0.00497388095 0.00477976631 -0.00307891192 0.00539200101 0.00384949893 -0.00351345469 0.00537049957 0.00437974883 -0.00351345469 0.00497388095 0.00437974883 -0.00351345469 0.00497388095 0.00384949893 -0.00351345469 0.00537049957 0.00349791092 -0.00397889689 0.00493825739 0.00384949893 -0.00351345469 0.00537049957 0.00298192655 -0.00397889689 0.0052518649 0.00349791092 -0.00397889689 0.00493825739 0.00349791092 -0.00397889689 0.00493825739 0.00298192655 -0.00397889689 0.0052518649 0.00268220203 -0.00447461847 0.00481158076 0.00298192655 -0.00397889689 0.0052518649 0.00231256196 -0.00422301143 0.00527911494 0.00268220203 -0.00447461847 0.00481158076 0.00268220203 -0.00447461847 0.00481158076 0.00231256196 -0.00422301143 0.00527911494 0.0021901899 -0.00447461847 0.00504874345 0.00231256196 -0.00422301143 0.00527911494 0.00176660728 -0.00422301143 0.0054790983 0.0021901899 -0.00447461847 0.00504874345 0.0021901899 -0.00447461847 0.00504874345 0.00176660728 -0.00422301143 0.0054790983 0.00167312496 -0.00447461847 0.00523814419 0.00176660728 -0.00422301143 0.0054790983 0.00119719713 -0.00422301143 0.00562565448 0.00167312496 -0.00447461847 0.00523814419 0.00167312496 -0.00447461847 0.00523814419 0.00119719713 -0.00422301143 0.00562565448 0.001133846 -0.00447461847 0.00537694525 0.00119719713 -0.00422301143 0.00562565448 0.000607329013 -0.00422301143 0.00571578601 0.001133846 -0.00447461847 0.00537694525 0.001133846 -0.00447461847 0.00537694525 0.000607329013 -0.00422301143 0.00571578601 0.000575191458 -0.00447461847 0.00546230748 0.000607329013 -0.00422301143 0.00571578601 9.70797675e-19 -0.00422301143 0.00574649591 0.000575191458 -0.00447461847 0.00546230748 0.000575191458 -0.00447461847 0.00546230748 9.70797675e-19 -0.00422301143 0.00574649591 1.07194336e-18 -0.00447461847 0.00549139222 9.70797675e-19 -0.00422301143 0.00574649591 -0.000607329013 -0.00422301143 0.00571578601 1.07194336e-18 -0.00447461847 0.00549139222 -0.00298187602 -0.00166213466 0.00909866486 -0.0036586551 -0.00196688017 0.00817410741 -0.00279491162 -0.00196688017 0.00849049725 -0.0036586551 -0.00196688017 0.00817410741 -0.00341391098 -0.00230500498 0.00760369701 -0.00279491162 -0.00196688017 0.00849049725 -0.00279491162 -0.00196688017 0.00849049725 -0.00341391098 -0.00230500498 0.00760369701 -0.00260794722 -0.00230500498 0.00789892208 -0.00341391098 -0.00230500498 0.00760369701 -0.00316916662 -0.00267588883 0.00705125649 -0.00260794722 -0.00230500498 0.00789892208 -0.00260794722 -0.00230500498 0.00789892208 -0.00316916662 -0.00267588883 0.00705125649 -0.00242098281 -0.00267588883 0.00732531631 -0.00316916662 -0.00267588883 0.00705125649 -0.0029244225 -0.00307891192 0.00651816325 -0.00242098281 -0.00267588883 0.00732531631 -0.00242098281 -0.00267588883 0.00732531631 -0.0029244225 -0.00307891192 0.00651816325 -0.00223401841 -0.00307891192 0.00677105831 -0.0029244225 -0.00307891192 0.00651816325 -0.00267967838 -0.00351345469 0.00600579474 -0.00223401841 -0.00307891192 0.00677105831 -0.00223401841 -0.00307891192 0.00677105831 -0.00267967838 -0.00351345469 0.00600579474 -0.002047054 -0.00351345469 0.00623752503 -0.00267967838 -0.00351345469 0.00600579474 -0.00243493402 -0.00397889689 0.00551552884 -0.002047054 -0.00351345469 0.00623752503 -0.002047054 -0.00351345469 0.00623752503 -0.00243493402 -0.00397889689 0.00551552884 -0.00186008948 -0.00397889689 0.00572609482 -0.00243493402 -0.00397889689 0.00551552884 -0.00176660728 -0.00422301143 0.0054790983 -0.00186008948 -0.00397889689 0.00572609482 -0.00186008948 -0.00397889689 0.00572609482 -0.00176660728 -0.00422301143 0.0054790983 -0.00119719713 -0.00422301143 0.00562565448 -0.00176660728 -0.00422301143 0.0054790983 -0.001133846 -0.00447461847 0.00537694525 -0.00119719713 -0.00422301143 0.00562565448 -0.00119719713 -0.00422301143 0.00562565448 -0.001133846 -0.00447461847 0.00537694525 -0.000575191458 -0.00447461847 0.00546230748 -0.00167312496 -0.00447461847 0.00523814419 -0.00231256196 -0.00422301143 0.00527911494 -0.0021901899 -0.00447461847 0.00504874345 -0.00231256196 -0.00422301143 0.00527911494 -0.00298192655 -0.00397889689 0.0052518649 -0.0021901899 -0.00447461847 0.00504874345 -0.0021901899 -0.00447461847 0.00504874345 -0.00298192655 -0.00397889689 0.0052518649 -0.00268220203 -0.00447461847 0.00481158076 -0.00560743874 -0.00166213466 0.00783569738 -0.00597981876 -0.00196688017 0.00676520076 -0.0052558505 -0.00196688017 0.0073067178 -0.00597981876 -0.00196688017 0.00676520076 -0.00557980128 -0.00230500498 0.00628903834 -0.0052558505 -0.00196688017 0.0073067178 -0.0052558505 -0.00196688017 0.0073067178 -0.00557980128 -0.00230500498 0.00628903834 -0.00490426272 -0.00230500498 0.00679433066 -0.00557980128 -0.00230500498 0.00628903834 -0.0051797838 -0.00267588883 0.0058308458 -0.00490426272 -0.00230500498 0.00679433066 -0.00490426272 -0.00230500498 0.00679433066 -0.0051797838 -0.00267588883 0.0058308458 -0.00455267495 -0.00267588883 0.00629991386 -0.0051797838 -0.00267588883 0.0058308458 -0.00477976631 -0.00307891192 0.00539200101 -0.00455267495 -0.00267588883 0.00629991386 -0.00455267495 -0.00267588883 0.00629991386 -0.00477976631 -0.00307891192 0.00539200101 -0.0042010867 -0.00307891192 0.00582484435 -0.00477976631 -0.00307891192 0.00539200101 -0.00437974883 -0.00351345469 0.00497388095 -0.0042010867 -0.00307891192 0.00582484435 -0.0042010867 -0.00307891192 0.00582484435 -0.00437974883 -0.00351345469 0.00497388095 -0.00384949893 -0.00351345469 0.00537049957 -0.00437974883 -0.00351345469 0.00497388095 -0.00397973135 -0.00397889689 0.00457786303 -0.00384949893 -0.00351345469 0.00537049957 -0.00384949893 -0.00351345469 0.00537049957 -0.00397973135 -0.00397889689 0.00457786303 -0.00349791092 -0.00397889689 0.00493825739 -0.00397973135 -0.00397889689 0.00457786303 -0.0035797141 -0.00447461847 0.00420532562 -0.00349791092 -0.00397889689 0.00493825739 -0.00349791092 -0.00397889689 0.00493825739 -0.0035797141 -0.00447461847 0.00420532562 -0.00314632314 -0.00447461847 0.00452949526 -0.00478027295 -0.00166213466 0.00833843555 -0.0052558505 -0.00196688017 0.0073067178 -0.00448054867 -0.00196688017 0.00777793396 -0.0052558505 -0.00196688017 0.0073067178 -0.00490426272 -0.00230500498 0.00679433066 -0.00448054867 -0.00196688017 0.00777793396 -0.00448054867 -0.00196688017 0.00777793396 -0.00490426272 -0.00230500498 0.00679433066 -0.00418082438 -0.00230500498 0.00723402528 -0.00490426272 -0.00230500498 0.00679433066 -0.00455267495 -0.00267588883 0.00629991386 -0.00418082438 -0.00230500498 0.00723402528 -0.00418082438 -0.00230500498 0.00723402528 -0.00455267495 -0.00267588883 0.00629991386 -0.00388109987 -0.00267588883 0.00670808647 -0.00455267495 -0.00267588883 0.00629991386 -0.0042010867 -0.00307891192 0.00582484435 -0.00388109987 -0.00267588883 0.00670808647 -0.00388109987 -0.00267588883 0.00670808647 -0.0042010867 -0.00307891192 0.00582484435 -0.00358137535 -0.00307891192 0.00620149495 -0.0042010867 -0.00307891192 0.00582484435 -0.00384949893 -0.00351345469 0.00537049957 -0.00358137535 -0.00307891192 0.00620149495 -0.00358137535 -0.00307891192 0.00620149495 -0.00384949893 -0.00351345469 0.00537049957 -0.00328165106 -0.00351345469 0.00571562862 -0.00384949893 -0.00351345469 0.00537049957 -0.00349791092 -0.00397889689 0.00493825739 -0.00328165106 -0.00351345469 0.00571562862 -0.00328165106 -0.00351345469 0.00571562862 -0.00349791092 -0.00397889689 0.00493825739 -0.00298192655 -0.00397889689 0.0052518649 -0.00349791092 -0.00397889689 0.00493825739 -0.00314632314 -0.00447461847 0.00452949526 -0.00298192655 -0.00397889689 0.0052518649 -0.00298192655 -0.00397889689 0.0052518649 -0.00314632314 -0.00447461847 0.00452949526 -0.00268220203 -0.00447461847 0.00481158076 -0.00390339945 -0.00166213466 0.00876111072 -0.00448054867 -0.00196688017 0.00777793396 -0.0036586551 -0.00196688017 0.00817410741 -0.00448054867 -0.00196688017 0.00777793396 -0.00418082438 -0.00230500498 0.00723402528 -0.0036586551 -0.00196688017 0.00817410741 -0.0036586551 -0.00196688017 0.00817410741 -0.00418082438 -0.00230500498 0.00723402528 -0.00341391098 -0.00230500498 0.00760369701 -0.00418082438 -0.00230500498 0.00723402528 -0.00388109987 -0.00267588883 0.00670808647 -0.00341391098 -0.00230500498 0.00760369701 -0.00341391098 -0.00230500498 0.00760369701 -0.00388109987 -0.00267588883 0.00670808647 -0.00316916662 -0.00267588883 0.00705125649 -0.00388109987 -0.00267588883 0.00670808647 -0.00358137535 -0.00307891192 0.00620149495 -0.00316916662 -0.00267588883 0.00705125649 -0.00316916662 -0.00267588883 0.00705125649 -0.00358137535 -0.00307891192 0.00620149495 -0.0029244225 -0.00307891192 0.00651816325 -0.00358137535 -0.00307891192 0.00620149495 -0.00328165106 -0.00351345469 0.00571562862 -0.0029244225 -0.00307891192 0.00651816325 -0.0029244225 -0.00307891192 0.00651816325 -0.00328165106 -0.00351345469 0.00571562862 -0.00267967838 -0.00351345469 0.00600579474 -0.00328165106 -0.00351345469 0.00571562862 -0.00298192655 -0.00397889689 0.0052518649 -0.00267967838 -0.00351345469 0.00600579474 -0.00267967838 -0.00351345469 0.00600579474 -0.00298192655 -0.00397889689 0.0052518649 -0.00243493402 -0.00397889689 0.00551552884 -0.00298192655 -0.00397889689 0.0052518649 -0.00231256196 -0.00422301143 0.00527911494 -0.00243493402 -0.00397889689 0.00551552884 -0.00243493402 -0.00397889689 0.00551552884 -0.00231256196 -0.00422301143 0.00527911494 -0.00176660728 -0.00422301143 0.0054790983 -0.00231256196 -0.00422301143 0.00527911494 -0.00167312496 -0.00447461847 0.00523814419 -0.00176660728 -0.00422301143 0.0054790983 -0.00176660728 -0.00422301143 0.0054790983 -0.00167312496 -0.00447461847 0.00523814419 -0.001133846 -0.00447461847 0.00537694525 1.30104261e-18 -0.00499999989 0.00499999989 1.18226795e-18 -0.0047336407 0.00524250278 -0.000418746757 -0.00499999989 0.00498267915 1.18226795e-18 -0.0047336407 0.00524250278 -0.000543053844 -0.0047336407 0.0052150432 -0.000418746757 -0.00499999989 0.00498267915 -0.000418746757 -0.00499999989 0.00498267915 -0.000543053844 -0.0047336407 0.0052150432 -0.000510916288 -0.00499999989 0.00497416547 -0.000510916288 -0.00499999989 0.00497416547 -0.000543053844 -0.0047336407 0.0052150432 -0.000828012475 -0.00499999989 0.00493162964 -0.000543053844 -0.0047336407 0.0052150432 -0.00107049476 -0.0047336407 0.00513445027 -0.000828012475 -0.00499999989 0.00493162964 -0.000828012475 -0.00499999989 0.00493162964 -0.00107049476 -0.0047336407 0.00513445027 -0.00100714364 -0.00499999989 0.00489834184 -0.00337970536 -0.0047336407 0.00402829237 -0.00317969662 -0.00499999989 0.0038576459 -0.00305589661 -0.00499999989 0.00395659544 -0.00337970536 -0.0047336407 0.00402829237 -0.00305589661 -0.00499999989 0.00395659544 -0.00297052902 -0.0047336407 0.00433435012 -0.00305589661 -0.00499999989 0.00395659544 -0.00279473513 -0.00499999989 0.00414559105 -0.00297052902 -0.0047336407 0.00433435012 -0.00279473513 -0.00499999989 0.00414559105 -0.00271912199 -0.00499999989 0.0041957018 -0.00297052902 -0.0047336407 0.00433435012 -0.00297052902 -0.0047336407 0.00433435012 -0.00271912199 -0.00499999989 0.0041957018 -0.00253233989 -0.0047336407 0.00460067438 -0.00271912199 -0.00499999989 0.0041957018 -0.00236577704 -0.00499999989 0.0044051907 -0.00253233989 -0.0047336407 0.00460067438 -0.00236577704 -0.00499999989 0.0044051907 -0.00199824362 -0.00499999989 0.00458410662 -0.00253233989 -0.0047336407 0.00460067438 -0.00253233989 -0.0047336407 0.00460067438 -0.00199824362 -0.00499999989 0.00458410662 -0.00206781784 -0.0047336407 0.00482458621 -0.00199824362 -0.00499999989 0.00458410662 -0.00157964276 -0.0047336407 0.0050034048 -0.00206781784 -0.0047336407 0.00482458621 -0.00199824362 -0.00499999989 0.00458410662 -0.00161851058 -0.00499999989 0.0047318018 -0.00157964276 -0.0047336407 0.0050034048 -0.00161851058 -0.00499999989 0.0047318018 -0.00148616056 -0.00499999989 0.00477505149 -0.00157964276 -0.0047336407 0.0050034048 -0.00157964276 -0.0047336407 0.0050034048 -0.00148616056 -0.00499999989 0.00477505149 -0.00107049476 -0.0047336407 0.00513445027 -0.00148616056 -0.00499999989 0.00477505149 -0.00122809689 -0.00499999989 0.00484779757 -0.00107049476 -0.0047336407 0.00513445027 -0.00107049476 -0.0047336407 0.00513445027 -0.00122809689 -0.00499999989 0.00484779757 -0.00100714364 -0.00499999989 0.00489834184 -0.0070924079 -0.00166213466 0.00661026966 -0.00725478772 -0.00196688017 0.00549023179 -0.00664771209 -0.00196688017 0.00615812466 -0.00725478772 -0.00196688017 0.00549023179 -0.00676948205 -0.00230500498 0.00509935804 -0.00664771209 -0.00196688017 0.00615812466 -0.00664771209 -0.00196688017 0.00615812466 -0.00676948205 -0.00230500498 0.00509935804 -0.00620301627 -0.00230500498 0.00572257256 -0.00676948205 -0.00230500498 0.00509935804 -0.00628417591 -0.00267588883 0.00472645368 -0.00620301627 -0.00230500498 0.00572257256 -0.00620301627 -0.00230500498 0.00572257256 -0.00628417591 -0.00267588883 0.00472645368 -0.00575831998 -0.00267588883 0.00530498987 -0.00628417591 -0.00267588883 0.00472645368 -0.00579886977 -0.00307891192 0.00437289756 -0.00575831998 -0.00267588883 0.00530498987 -0.00575831998 -0.00267588883 0.00530498987 -0.00579886977 -0.00307891192 0.00437289756 -0.00531362416 -0.00307891192 0.00490675494 -0.00579886977 -0.00307891192 0.00437289756 -0.00531356409 -0.00351345469 0.00404006569 -0.00531362416 -0.00307891192 0.00490675494 -0.00531362416 -0.00307891192 0.00490675494 -0.00531356409 -0.00351345469 0.00404006569 -0.00486892834 -0.00351345469 0.0045292452 -0.00531356409 -0.00351345469 0.00404006569 -0.00482825795 -0.00397889689 0.0037293369 -0.00486892834 -0.00351345469 0.0045292452 -0.00486892834 -0.00351345469 0.0045292452 -0.00482825795 -0.00397889689 0.0037293369 -0.00442423252 -0.00397889689 0.0041738376 -0.00482825795 -0.00397889689 0.0037293369 -0.00434295181 -0.00447461847 0.00344208791 -0.00442423252 -0.00397889689 0.0041738376 -0.00442423252 -0.00397889689 0.0041738376 -0.00434295181 -0.00447461847 0.00344208791 -0.0039795367 -0.00447461847 0.00384191051 -0.00434295181 -0.00447461847 0.00344208791 -0.0038576459 -0.00499999989 0.00317969662 -0.0039795367 -0.00447461847 0.00384191051 -0.0039795367 -0.00447461847 0.00384191051 -0.0038576459 -0.00499999989 0.00317969662 -0.0036692149 -0.00499999989 0.00339519419 -0.00831783563 -0.00166213466 0.00512530003 -0.00826752093 -0.00196688017 0.0039909617 -0.00779630477 -0.00196688017 0.00476626353 -0.00826752093 -0.00196688017 0.0039909617 -0.00771446899 -0.00230500498 0.00370038068 -0.00779630477 -0.00196688017 0.00476626353 -0.00779630477 -0.00196688017 0.00476626353 -0.00771446899 -0.00230500498 0.00370038068 -0.00727477437 -0.00230500498 0.00442381902 -0.00771446899 -0.00230500498 0.00370038068 -0.00716141658 -0.00267588883 0.00342776976 -0.00727477437 -0.00230500498 0.00442381902 -0.00727477437 -0.00230500498 0.00442381902 -0.00716141658 -0.00267588883 0.00342776976 -0.00675324397 -0.00267588883 0.00409934483 -0.00716141658 -0.00267588883 0.00342776976 -0.00660836417 -0.00307891192 0.00317450636 -0.00675324397 -0.00267588883 0.00409934483 -0.00675324397 -0.00267588883 0.00409934483 -0.00660836417 -0.00307891192 0.00317450636 -0.00623171311 -0.00307891192 0.00379421772 -0.00660836417 -0.00307891192 0.00317450636 -0.00605531177 -0.00351345469 0.00294196792 -0.00623171311 -0.00307891192 0.00379421772 -0.00623171311 -0.00307891192 0.00379421772 -0.00605531177 -0.00351345469 0.00294196792 -0.00571018271 -0.00351345469 0.00350981578 -0.00605531177 -0.00351345469 0.00294196792 -0.00550225936 -0.00397889689 0.00273153186 -0.00571018271 -0.00351345469 0.00350981578 -0.00571018271 -0.00351345469 0.00350981578 -0.00550225936 -0.00397889689 0.00273153186 -0.00518865231 -0.00397889689 0.00324751623 -0.00550225936 -0.00397889689 0.00273153186 -0.00494920695 -0.00447461847 0.00254457607 -0.00518865231 -0.00397889689 0.00324751623 -0.00518865231 -0.00397889689 0.00324751623 -0.00494920695 -0.00447461847 0.00254457607 -0.00466712145 -0.00447461847 0.00300869695 -0.00494920695 -0.00447461847 0.00254457607 -0.00439777551 -0.00499999989 0.00237949309 -0.00466712145 -0.00447461847 0.00300869695 -0.00466712145 -0.00447461847 0.00300869695 -0.00439777551 -0.00499999989 0.00237949309 -0.0041835662 -0.00499999989 0.00273770862 -0.00774009386 -0.00166213466 0.00589769799 -0.00779630477 -0.00196688017 0.00476626353 -0.00725478772 -0.00196688017 0.00549023179 -0.00779630477 -0.00196688017 0.00476626353 -0.00727477437 -0.00230500498 0.00442381902 -0.00725478772 -0.00196688017 0.00549023179 -0.00725478772 -0.00196688017 0.00549023179 -0.00727477437 -0.00230500498 0.00442381902 -0.00676948205 -0.00230500498 0.00509935804 -0.00727477437 -0.00230500498 0.00442381902 -0.00675324397 -0.00267588883 0.00409934483 -0.00676948205 -0.00230500498 0.00509935804 -0.00676948205 -0.00230500498 0.00509935804 -0.00675324397 -0.00267588883 0.00409934483 -0.00628417591 -0.00267588883 0.00472645368 -0.00675324397 -0.00267588883 0.00409934483 -0.00623171311 -0.00307891192 0.00379421772 -0.00628417591 -0.00267588883 0.00472645368 -0.00628417591 -0.00267588883 0.00472645368 -0.00623171311 -0.00307891192 0.00379421772 -0.00579886977 -0.00307891192 0.00437289756 -0.00623171311 -0.00307891192 0.00379421772 -0.00571018271 -0.00351345469 0.00350981578 -0.00579886977 -0.00307891192 0.00437289756 -0.00579886977 -0.00307891192 0.00437289756 -0.00571018271 -0.00351345469 0.00350981578 -0.00531356409 -0.00351345469 0.00404006569 -0.00571018271 -0.00351345469 0.00350981578 -0.00518865231 -0.00397889689 0.00324751623 -0.00531356409 -0.00351345469 0.00404006569 -0.00531356409 -0.00351345469 0.00404006569 -0.00518865231 -0.00397889689 0.00324751623 -0.00482825795 -0.00397889689 0.0037293369 -0.00518865231 -0.00397889689 0.00324751623 -0.00466712145 -0.00447461847 0.00300869695 -0.00482825795 -0.00397889689 0.0037293369 -0.00482825795 -0.00397889689 0.0037293369 -0.00466712145 -0.00447461847 0.00300869695 -0.00434295181 -0.00447461847 0.00344208791 -0.00466712145 -0.00447461847 0.00300869695 -0.00414559105 -0.00499999989 0.00279473513 -0.00434295181 -0.00447461847 0.00344208791 -0.00434295181 -0.00447461847 0.00344208791 -0.00414559105 -0.00499999989 0.00279473513 -0.00394000392 -0.00499999989 0.00307722017 -0.00477505149 -0.00499999989 0.00148616056 -0.00518636964 -0.00447461847 0.00205256371 -0.00537577039 -0.00447461847 0.00153549889 -0.00518636964 -0.00447461847 0.00205256371 -0.00576592376 -0.00397889689 0.00218453933 -0.00537577039 -0.00447461847 0.00153549889 -0.00537577039 -0.00447461847 0.00153549889 -0.00576592376 -0.00397889689 0.00218453933 -0.00597648928 -0.00397889689 0.00160969479 -0.00576592376 -0.00397889689 0.00218453933 -0.00634547789 -0.00351345469 0.00233999523 -0.00597648928 -0.00397889689 0.00160969479 -0.00597648928 -0.00397889689 0.00160969479 -0.00634547789 -0.00351345469 0.00233999523 -0.00657720864 -0.00351345469 0.00170737074 -0.00634547789 -0.00351345469 0.00233999523 -0.00692503201 -0.00307891192 0.00251755351 -0.00657720864 -0.00351345469 0.00170737074 -0.00657720864 -0.00351345469 0.00170737074 -0.00692503201 -0.00307891192 0.00251755351 -0.00717792753 -0.00307891192 0.00182714919 -0.00692503201 -0.00307891192 0.00251755351 -0.0075045866 -0.00267588883 0.00271583674 -0.00717792753 -0.00307891192 0.00182714919 -0.00717792753 -0.00307891192 0.00182714919 -0.0075045866 -0.00267588883 0.00271583674 -0.00777864642 -0.00267588883 0.0019676527 -0.0075045866 -0.00267588883 0.00271583674 -0.00808414072 -0.00230500498 0.00293346727 -0.00777864642 -0.00267588883 0.0019676527 -0.00777864642 -0.00267588883 0.0019676527 -0.00808414072 -0.00230500498 0.00293346727 -0.00837936532 -0.00230500498 0.00212750374 -0.00808414072 -0.00230500498 0.00293346727 -0.00866369531 -0.00196688017 0.0031690679 -0.00837936532 -0.00230500498 0.00212750374 -0.00837936532 -0.00230500498 0.00212750374 -0.00866369531 -0.00196688017 0.0031690679 -0.00898008421 -0.00196688017 0.00230532466 -0.00866369531 -0.00196688017 0.0031690679 -0.00924324896 -0.00166213466 0.00342126098 -0.00898008421 -0.00196688017 0.00230532466 -0.00898008421 -0.00196688017 0.00230532466 -0.00924324896 -0.00166213466 0.00342126098 -0.0095808031 -0.00166213466 0.00249973778 -0.00982817728 -0.00166213466 0.00153862417 -0.00935454294 -0.00196688017 0.00047125516 -0.00921194721 -0.00196688017 0.00140447298 -0.00935454294 -0.00196688017 0.00047125516 -0.00872877426 -0.00230500498 0.00041612357 -0.00921194721 -0.00196688017 0.00140447298 -0.00921194721 -0.00196688017 0.00140447298 -0.00872877426 -0.00230500498 0.00041612357 -0.00859571807 -0.00230500498 0.00128691422 -0.00872877426 -0.00230500498 0.00041612357 -0.00810300652 -0.00267588883 0.000378961908 -0.00859571807 -0.00230500498 0.00128691422 -0.00859571807 -0.00230500498 0.00128691422 -0.00810300652 -0.00267588883 0.000378961908 -0.00797948893 -0.00267588883 0.00118732534 -0.00810300652 -0.00267588883 0.000378961908 -0.00747723831 -0.00307891192 0.000361147744 -0.00797948893 -0.00267588883 0.00118732534 -0.00797948893 -0.00267588883 0.00118732534 -0.00747723831 -0.00307891192 0.000361147744 -0.00736325933 -0.00307891192 0.00110708387 -0.00747723831 -0.00307891192 0.000361147744 -0.0068514701 -0.00351345469 0.000364058535 -0.00736325933 -0.00307891192 0.00110708387 -0.00736325933 -0.00307891192 0.00110708387 -0.0068514701 -0.00351345469 0.000364058535 -0.00674703019 -0.00351345469 0.00104756746 -0.0068514701 -0.00351345469 0.000364058535 -0.00622570189 -0.00397889689 0.00038907188 -0.00674703019 -0.00351345469 0.00104756746 -0.00674703019 -0.00351345469 0.00104756746 -0.00622570189 -0.00397889689 0.00038907188 -0.00613080058 -0.00397889689 0.00101015368 -0.00622570189 -0.00397889689 0.00038907188 -0.00559993368 -0.00447461847 0.000437565293 -0.00613080058 -0.00397889689 0.00101015368 -0.00613080058 -0.00397889689 0.00101015368 -0.00559993368 -0.00447461847 0.000437565293 -0.00551457144 -0.00447461847 0.000996219809 -0.00559993368 -0.00447461847 0.000437565293 -0.00497416547 -0.00499999989 0.000510916288 -0.00551457144 -0.00447461847 0.000996219809 -0.00551457144 -0.00447461847 0.000996219809 -0.00497416547 -0.00499999989 0.000510916288 -0.00493404781 -0.00499999989 0.000813393504 -0.0095808031 -0.00166213466 0.00249973778 -0.00921194721 -0.00196688017 0.00140447298 -0.00898008421 -0.00196688017 0.00230532466 -0.00921194721 -0.00196688017 0.00140447298 -0.00859571807 -0.00230500498 0.00128691422 -0.00898008421 -0.00196688017 0.00230532466 -0.00898008421 -0.00196688017 0.00230532466 -0.00859571807 -0.00230500498 0.00128691422 -0.00837936532 -0.00230500498 0.00212750374 -0.00859571807 -0.00230500498 0.00128691422 -0.00797948893 -0.00267588883 0.00118732534 -0.00837936532 -0.00230500498 0.00212750374 -0.00837936532 -0.00230500498 0.00212750374 -0.00797948893 -0.00267588883 0.00118732534 -0.00777864642 -0.00267588883 0.0019676527 -0.00797948893 -0.00267588883 0.00118732534 -0.00736325933 -0.00307891192 0.00110708387 -0.00777864642 -0.00267588883 0.0019676527 -0.00777864642 -0.00267588883 0.0019676527 -0.00736325933 -0.00307891192 0.00110708387 -0.00717792753 -0.00307891192 0.00182714919 -0.00736325933 -0.00307891192 0.00110708387 -0.00674703019 -0.00351345469 0.00104756746 -0.00717792753 -0.00307891192 0.00182714919 -0.00717792753 -0.00307891192 0.00182714919 -0.00674703019 -0.00351345469 0.00104756746 -0.00657720864 -0.00351345469 0.00170737074 -0.00674703019 -0.00351345469 0.00104756746 -0.00613080058 -0.00397889689 0.00101015368 -0.00657720864 -0.00351345469 0.00170737074 -0.00657720864 -0.00351345469 0.00170737074 -0.00613080058 -0.00397889689 0.00101015368 -0.00597648928 -0.00397889689 0.00160969479 -0.00613080058 -0.00397889689 0.00101015368 -0.00551457144 -0.00447461847 0.000996219809 -0.00597648928 -0.00397889689 0.00160969479 -0.00597648928 -0.00397889689 0.00160969479 -0.00551457144 -0.00447461847 0.000996219809 -0.00537577039 -0.00447461847 0.00153549889 -0.00551457144 -0.00447461847 0.000996219809 -0.00489834184 -0.00499999989 0.00100714364 -0.00537577039 -0.00447461847 0.00153549889 -0.00537577039 -0.00447461847 0.00153549889 -0.00489834184 -0.00499999989 0.00100714364 -0.00484977663 -0.00499999989 0.00122024526 -0.00477505149 -0.00499999989 0.00148616056 -0.00473189773 -0.00499999989 0.00161823002 -0.00518636964 -0.00447461847 0.00205256371 -0.00473189773 -0.00499999989 0.00161823002 -0.00460681506 -0.00499999989 0.00194544578 -0.00518636964 -0.00447461847 0.00205256371 -0.00518636964 -0.00447461847 0.00205256371 -0.00460681506 -0.00499999989 0.00194544578 -0.00458095782 -0.00499999989 0.0020054346 -0.0088205738 -0.00166213466 0.00429813471 -0.00866369531 -0.00196688017 0.0031690679 -0.00826752093 -0.00196688017 0.0039909617 -0.00866369531 -0.00196688017 0.0031690679 -0.00808414072 -0.00230500498 0.00293346727 -0.00826752093 -0.00196688017 0.0039909617 -0.00826752093 -0.00196688017 0.0039909617 -0.00808414072 -0.00230500498 0.00293346727 -0.00771446899 -0.00230500498 0.00370038068 -0.00808414072 -0.00230500498 0.00293346727 -0.0075045866 -0.00267588883 0.00271583674 -0.00771446899 -0.00230500498 0.00370038068 -0.00771446899 -0.00230500498 0.00370038068 -0.0075045866 -0.00267588883 0.00271583674 -0.00716141658 -0.00267588883 0.00342776976 -0.0075045866 -0.00267588883 0.00271583674 -0.00692503201 -0.00307891192 0.00251755351 -0.00716141658 -0.00267588883 0.00342776976 -0.00716141658 -0.00267588883 0.00342776976 -0.00692503201 -0.00307891192 0.00251755351 -0.00660836417 -0.00307891192 0.00317450636 -0.00692503201 -0.00307891192 0.00251755351 -0.00634547789 -0.00351345469 0.00233999523 -0.00660836417 -0.00307891192 0.00317450636 -0.00660836417 -0.00307891192 0.00317450636 -0.00634547789 -0.00351345469 0.00233999523 -0.00605531177 -0.00351345469 0.00294196792 -0.00634547789 -0.00351345469 0.00233999523 -0.00576592376 -0.00397889689 0.00218453933 -0.00605531177 -0.00351345469 0.00294196792 -0.00605531177 -0.00351345469 0.00294196792 -0.00576592376 -0.00397889689 0.00218453933 -0.00550225936 -0.00397889689 0.00273153186 -0.00576592376 -0.00397889689 0.00218453933 -0.00518636964 -0.00447461847 0.00205256371 -0.00550225936 -0.00397889689 0.00273153186 -0.00550225936 -0.00397889689 0.00273153186 -0.00518636964 -0.00447461847 0.00205256371 -0.00494920695 -0.00447461847 0.00254457607 -0.00518636964 -0.00447461847 0.00205256371 -0.00458095782 -0.00499999989 0.0020054346 -0.00494920695 -0.00447461847 0.00254457607 -0.00494920695 -0.00447461847 0.00254457607 -0.00458095782 -0.00499999989 0.0020054346 -0.00439777551 -0.00499999989 0.00237949309 -0.00637983624 -0.00166213466 0.00725795561 -0.00664771209 -0.00196688017 0.00615812466 -0.00597981876 -0.00196688017 0.00676520076 -0.00664771209 -0.00196688017 0.00615812466 -0.00620301627 -0.00230500498 0.00572257256 -0.00597981876 -0.00196688017 0.00676520076 -0.00597981876 -0.00196688017 0.00676520076 -0.00620301627 -0.00230500498 0.00572257256 -0.00557980128 -0.00230500498 0.00628903834 -0.00620301627 -0.00230500498 0.00572257256 -0.00575831998 -0.00267588883 0.00530498987 -0.00557980128 -0.00230500498 0.00628903834 -0.00557980128 -0.00230500498 0.00628903834 -0.00575831998 -0.00267588883 0.00530498987 -0.0051797838 -0.00267588883 0.0058308458 -0.00575831998 -0.00267588883 0.00530498987 -0.00531362416 -0.00307891192 0.00490675494 -0.0051797838 -0.00267588883 0.0058308458 -0.0051797838 -0.00267588883 0.0058308458 -0.00531362416 -0.00307891192 0.00490675494 -0.00477976631 -0.00307891192 0.00539200101 -0.00531362416 -0.00307891192 0.00490675494 -0.00486892834 -0.00351345469 0.0045292452 -0.00477976631 -0.00307891192 0.00539200101 -0.00477976631 -0.00307891192 0.00539200101 -0.00486892834 -0.00351345469 0.0045292452 -0.00437974883 -0.00351345469 0.00497388095 -0.00486892834 -0.00351345469 0.0045292452 -0.00442423252 -0.00397889689 0.0041738376 -0.00437974883 -0.00351345469 0.00497388095 -0.00437974883 -0.00351345469 0.00497388095 -0.00442423252 -0.00397889689 0.0041738376 -0.00397973135 -0.00397889689 0.00457786303 -0.00442423252 -0.00397889689 0.0041738376 -0.0039795367 -0.00447461847 0.00384191051 -0.00397973135 -0.00397889689 0.00457786303 -0.00397973135 -0.00397889689 0.00457786303 -0.0039795367 -0.00447461847 0.00384191051 -0.0035797141 -0.00447461847 0.00420532562 -0.0039795367 -0.00447461847 0.00384191051 -0.00353484065 -0.00499999989 0.00353484065 -0.0035797141 -0.00447461847 0.00420532562 -0.0035797141 -0.00447461847 0.00420532562 -0.00353484065 -0.00499999989 0.00353484065 -0.00337344315 -0.00499999989 0.00368923508 1.18226795e-18 -0.0047336407 0.00524250278 -0.000575191458 -0.00447461847 0.00546230748 -0.000543053844 -0.0047336407 0.0052150432 -0.000575191458 -0.00447461847 0.00546230748 -0.001133846 -0.00447461847 0.00537694525 -0.000543053844 -0.0047336407 0.0052150432 -0.000543053844 -0.0047336407 0.0052150432 -0.001133846 -0.00447461847 0.00537694525 -0.00107049476 -0.0047336407 0.00513445027 -0.001133846 -0.00447461847 0.00537694525 -0.00167312496 -0.00447461847 0.00523814419 -0.00107049476 -0.0047336407 0.00513445027 -0.00107049476 -0.0047336407 0.00513445027 -0.00167312496 -0.00447461847 0.00523814419 -0.00157964276 -0.0047336407 0.0050034048 -0.00167312496 -0.00447461847 0.00523814419 -0.0021901899 -0.00447461847 0.00504874345 -0.00157964276 -0.0047336407 0.0050034048 -0.00157964276 -0.0047336407 0.0050034048 -0.0021901899 -0.00447461847 0.00504874345 -0.00206781784 -0.0047336407 0.00482458621 -0.0021901899 -0.00447461847 0.00504874345 -0.00268220203 -0.00447461847 0.00481158076 -0.00206781784 -0.0047336407 0.00482458621 -0.00206781784 -0.0047336407 0.00482458621 -0.00268220203 -0.00447461847 0.00481158076 -0.00253233989 -0.0047336407 0.00460067438 -0.00268220203 -0.00447461847 0.00481158076 -0.00314632314 -0.00447461847 0.00452949526 -0.00253233989 -0.0047336407 0.00460067438 -0.00253233989 -0.0047336407 0.00460067438 -0.00314632314 -0.00447461847 0.00452949526 -0.00297052902 -0.0047336407 0.00433435012 -0.00314632314 -0.00447461847 0.00452949526 -0.0035797141 -0.00447461847 0.00420532562 -0.00297052902 -0.0047336407 0.00433435012 -0.00297052902 -0.0047336407 0.00433435012 -0.0035797141 -0.00447461847 0.00420532562 -0.00337970536 -0.0047336407 0.00402829237 -0.0035797141 -0.00447461847 0.00420532562 -0.00337344315 -0.00499999989 0.00368923508 -0.00337970536 -0.0047336407 0.00402829237 -0.00337970536 -0.0047336407 0.00402829237 -0.00337344315 -0.00499999989 0.00368923508 -0.00317969662 -0.00499999989 0.0038576459 -0.00736325933 -0.00307891192 -0.00192082219 -0.00613080058 -0.00397889689 -0.00151094305 -0.00622570189 -0.00397889689 -0.000889861258 -0.00998031069 -0.00166213466 -0.00150725571 -0.00982817728 -0.00166213466 -0.00250290078 -0.00935454294 -0.00196688017 -0.00145042944 -0.00982817728 -0.00166213466 -0.00250290078 -0.00921194721 -0.00196688017 -0.00238364725 -0.00935454294 -0.00196688017 -0.00145042944 -0.00935454294 -0.00196688017 -0.00145042944 -0.00921194721 -0.00196688017 -0.00238364725 -0.00872877426 -0.00230500498 -0.00137701072 -0.00921194721 -0.00196688017 -0.00238364725 -0.00859571807 -0.00230500498 -0.00224780128 -0.00872877426 -0.00230500498 -0.00137701072 -0.00872877426 -0.00230500498 -0.00137701072 -0.00859571807 -0.00230500498 -0.00224780128 -0.00810300652 -0.00267588883 -0.00128562213 -0.00859571807 -0.00230500498 -0.00224780128 -0.00797948893 -0.00267588883 -0.00209398544 -0.00810300652 -0.00267588883 -0.00128562213 -0.00810300652 -0.00267588883 -0.00128562213 -0.00797948893 -0.00267588883 -0.00209398544 -0.00747723831 -0.00307891192 -0.00117488601 -0.00797948893 -0.00267588883 -0.00209398544 -0.00736325933 -0.00307891192 -0.00192082219 -0.00747723831 -0.00307891192 -0.00117488601 -0.00747723831 -0.00307891192 -0.00117488601 -0.00736325933 -0.00307891192 -0.00192082219 -0.0068514701 -0.00351345469 -0.00104342494 -0.00736325933 -0.00307891192 -0.00192082219 -0.00622570189 -0.00397889689 -0.000889861258 -0.0068514701 -0.00351345469 -0.00104342494 -0.00579886977 -0.00307891192 -0.00518663554 -0.00482825795 -0.00397889689 -0.00423012627 -0.00623171311 -0.00307891192 -0.00460795593 -0.00482825795 -0.00397889689 -0.00423012627 -0.00518865231 -0.00397889689 -0.00374830561 -0.00623171311 -0.00307891192 -0.00460795593 -0.00623171311 -0.00307891192 -0.00460795593 -0.00518865231 -0.00397889689 -0.00374830561 -0.00660836417 -0.00307891192 -0.00398824457 -0.00518865231 -0.00397889689 -0.00374830561 -0.00550225936 -0.00397889689 -0.00323232124 -0.00660836417 -0.00307891192 -0.00398824457 -0.00660836417 -0.00307891192 -0.00398824457 -0.00550225936 -0.00397889689 -0.00323232124 -0.00692503201 -0.00307891192 -0.00333129172 -0.00550225936 -0.00397889689 -0.00323232124 -0.00576592376 -0.00397889689 -0.00268532871 -0.00692503201 -0.00307891192 -0.00333129172 -0.00692503201 -0.00307891192 -0.00333129172 -0.00576592376 -0.00397889689 -0.00268532871 -0.00717792753 -0.00307891192 -0.0026408874 -0.00576592376 -0.00397889689 -0.00268532871 -0.00597648928 -0.00397889689 -0.00211048406 -0.00717792753 -0.00307891192 -0.0026408874 -0.0100321462 -0.00166213466 -0.000482138275 -0.00998031069 -0.00166213466 -0.00150725571 -0.00940312818 -0.00196688017 -0.000489587139 -0.00998031069 -0.00166213466 -0.00150725571 -0.00935454294 -0.00196688017 -0.00145042944 -0.00940312818 -0.00196688017 -0.000489587139 -0.00940312818 -0.00196688017 -0.000489587139 -0.00935454294 -0.00196688017 -0.00145042944 -0.00877411012 -0.00230500498 -0.000480443588 -0.00935454294 -0.00196688017 -0.00145042944 -0.00872877426 -0.00230500498 -0.00137701072 -0.00877411012 -0.00230500498 -0.000480443588 -0.00877411012 -0.00230500498 -0.000480443588 -0.00872877426 -0.00230500498 -0.00137701072 -0.00814509206 -0.00267588883 -0.000453330082 -0.00872877426 -0.00230500498 -0.00137701072 -0.00810300652 -0.00267588883 -0.00128562213 -0.00814509206 -0.00267588883 -0.000453330082 -0.00814509206 -0.00267588883 -0.000453330082 -0.00810300652 -0.00267588883 -0.00128562213 -0.00751607353 -0.00307891192 -0.000406869134 -0.00810300652 -0.00267588883 -0.00128562213 -0.00747723831 -0.00307891192 -0.00117488601 -0.00751607353 -0.00307891192 -0.000406869134 -0.00751607353 -0.00307891192 -0.000406869134 -0.00747723831 -0.00307891192 -0.00117488601 -0.006887055 -0.00351345469 -0.000339683174 -0.00747723831 -0.00307891192 -0.00117488601 -0.0068514701 -0.00351345469 -0.00104342494 -0.006887055 -0.00351345469 -0.000339683174 -0.006887055 -0.00351345469 -0.000339683174 -0.0068514701 -0.00351345469 -0.00104342494 -0.00625803648 -0.00397889689 -0.000250394689 -0.0068514701 -0.00351345469 -0.00104342494 -0.00622570189 -0.00397889689 -0.000889861258 -0.00625803648 -0.00397889689 -0.000250394689 -0.00625803648 -0.00397889689 -0.000250394689 -0.00622570189 -0.00397889689 -0.000889861258 -0.00562901841 -0.00447461847 -0.000137626135 -0.00622570189 -0.00397889689 -0.000889861258 -0.00559993368 -0.00447461847 -0.000712817593 -0.00562901841 -0.00447461847 -0.000137626135 -0.00562901841 -0.00447461847 -0.000137626135 -0.00559993368 -0.00447461847 -0.000712817593 -0.00498268288 -0.00499999989 -0.000418702461 -0.00676948205 -0.00230500498 -0.00606024498 -0.00579886977 -0.00307891192 -0.00518663554 -0.00727477437 -0.00230500498 -0.00538470643 -0.00579886977 -0.00307891192 -0.00518663554 -0.00623171311 -0.00307891192 -0.00460795593 -0.00727477437 -0.00230500498 -0.00538470643 -0.00727477437 -0.00230500498 -0.00538470643 -0.00623171311 -0.00307891192 -0.00460795593 -0.00771446899 -0.00230500498 -0.00466126809 -0.00623171311 -0.00307891192 -0.00460795593 -0.00660836417 -0.00307891192 -0.00398824457 -0.00771446899 -0.00230500498 -0.00466126809 -0.00771446899 -0.00230500498 -0.00466126809 -0.00660836417 -0.00307891192 -0.00398824457 -0.00808414072 -0.00230500498 -0.00389435445 -0.00660836417 -0.00307891192 -0.00398824457 -0.00692503201 -0.00307891192 -0.00333129172 -0.00808414072 -0.00230500498 -0.00389435445 -0.00808414072 -0.00230500498 -0.00389435445 -0.00692503201 -0.00307891192 -0.00333129172 -0.00837936532 -0.00230500498 -0.00308839092 -0.00692503201 -0.00307891192 -0.00333129172 -0.00717792753 -0.00307891192 -0.0026408874 -0.00837936532 -0.00230500498 -0.00308839092 -0.00837936532 -0.00230500498 -0.00308839092 -0.00717792753 -0.00307891192 -0.0026408874 -0.00736325933 -0.00307891192 -0.00192082219 -0.00717792753 -0.00307891192 -0.0026408874 -0.00597648928 -0.00397889689 -0.00211048406 -0.00736325933 -0.00307891192 -0.00192082219 -0.00736325933 -0.00307891192 -0.00192082219 -0.00597648928 -0.00397889689 -0.00211048406 -0.00613080058 -0.00397889689 -0.00151094305 -0.00597648928 -0.00397889689 -0.00211048406 -0.00477505149 -0.00499999989 -0.00148616056 -0.00613080058 -0.00397889689 -0.00151094305 -0.00477505149 -0.00499999989 -0.00148616056 -0.00484780828 -0.00499999989 -0.00122805452 -0.00613080058 -0.00397889689 -0.00151094305 -0.00484780828 -0.00499999989 -0.00122805452 -0.00489834184 -0.00499999989 -0.00100714364 -0.00613080058 -0.00397889689 -0.00151094305 -0.00613080058 -0.00397889689 -0.00151094305 -0.00489834184 -0.00499999989 -0.00100714364 -0.00622570189 -0.00397889689 -0.000889861258 -0.00489834184 -0.00499999989 -0.00100714364 -0.00493163662 -0.00499999989 -0.00082796911 -0.00622570189 -0.00397889689 -0.000889861258 -0.00622570189 -0.00397889689 -0.000889861258 -0.00493163662 -0.00499999989 -0.00082796911 -0.00559993368 -0.00447461847 -0.000712817593 -0.00493163662 -0.00499999989 -0.00082796911 -0.00497416547 -0.00499999989 -0.000510916288 -0.00559993368 -0.00447461847 -0.000712817593 -0.00559993368 -0.00447461847 -0.000712817593 -0.00497416547 -0.00499999989 -0.000510916288 -0.00498268288 -0.00499999989 -0.000418702461 -0.00482825795 -0.00397889689 -0.00423012627 -0.00395662244 -0.00499999989 -0.00305586145 -0.00518865231 -0.00397889689 -0.00374830561 -0.00395662244 -0.00499999989 -0.00305586145 -0.00419572601 -0.00499999989 -0.00271908497 -0.00518865231 -0.00397889689 -0.00374830561 -0.00518865231 -0.00397889689 -0.00374830561 -0.00419572601 -0.00499999989 -0.00271908497 -0.00550225936 -0.00397889689 -0.00323232124 -0.00419572601 -0.00499999989 -0.00271908497 -0.00440521166 -0.00499999989 -0.00236573839 -0.00550225936 -0.00397889689 -0.00323232124 -0.00550225936 -0.00397889689 -0.00323232124 -0.00440521166 -0.00499999989 -0.00236573839 -0.00576592376 -0.00397889689 -0.00268532871 -0.00440521166 -0.00499999989 -0.00236573839 -0.00458412431 -0.00499999989 -0.00199820357 -0.00576592376 -0.00397889689 -0.00268532871 -0.00576592376 -0.00397889689 -0.00268532871 -0.00458412431 -0.00499999989 -0.00199820357 -0.00597648928 -0.00397889689 -0.00211048406 -0.00458412431 -0.00499999989 -0.00199820357 -0.00473181577 -0.00499999989 -0.00161846925 -0.00597648928 -0.00397889689 -0.00211048406 -0.00597648928 -0.00397889689 -0.00211048406 -0.00473181577 -0.00499999989 -0.00161846925 -0.00477505149 -0.00499999989 -0.00148616056 -0.00126054836 -0.00397889689 -0.0063811955 -0.000639466569 -0.00397889689 -0.00647609634 -0.000510916288 -0.00499999989 -0.00497416547 -0.000510916288 -0.00499999989 -0.00497416547 -0.000813437335 -0.00499999989 -0.00493404036 -0.00126054836 -0.00397889689 -0.0063811955 -0.000813437335 -0.00499999989 -0.00493404036 -0.00122028822 -0.00499999989 -0.00484976592 -0.00126054836 -0.00397889689 -0.0063811955 -0.00126054836 -0.00397889689 -0.0063811955 -0.00122028822 -0.00499999989 -0.00484976592 -0.00186008948 -0.00397889689 -0.0062268842 -0.00122028822 -0.00499999989 -0.00484976592 -0.00161827193 -0.00499999989 -0.00473188376 -0.00186008948 -0.00397889689 -0.0062268842 -0.00186008948 -0.00397889689 -0.0062268842 -0.00161827193 -0.00499999989 -0.00473188376 -0.00243493402 -0.00397889689 -0.00601631822 -0.00161827193 -0.00499999989 -0.00473188376 -0.00200547534 -0.00499999989 -0.00458094012 -0.00243493402 -0.00397889689 -0.00601631822 -0.00243493402 -0.00397889689 -0.00601631822 -0.00200547534 -0.00499999989 -0.00458094012 -0.00298192655 -0.00397889689 -0.00575265428 -0.00200547534 -0.00499999989 -0.00458094012 -0.0023795322 -0.00499999989 -0.00439775409 -0.00298192655 -0.00397889689 -0.00575265428 -0.00298192655 -0.00397889689 -0.00575265428 -0.0023795322 -0.00499999989 -0.00439775409 -0.00349791092 -0.00397889689 -0.00543904677 -0.0023795322 -0.00499999989 -0.00439775409 -0.00273774588 -0.00499999989 -0.00418354152 -0.00349791092 -0.00397889689 -0.00543904677 -0.00349791092 -0.00397889689 -0.00543904677 -0.00273774588 -0.00499999989 -0.00418354152 -0.00397973135 -0.00397889689 -0.00507865241 -0.00273774588 -0.00499999989 -0.00418354152 -0.00307725533 -0.00499999989 -0.00393997645 -0.00397973135 -0.00397889689 -0.00507865241 -0.00397973135 -0.00397889689 -0.00507865241 -0.00307725533 -0.00499999989 -0.00393997645 -0.00442423252 -0.00397889689 -0.00467462698 -0.00307725533 -0.00499999989 -0.00393997645 -0.00339522678 -0.00499999989 -0.00366918463 -0.00442423252 -0.00397889689 -0.00467462698 -0.00442423252 -0.00397889689 -0.00467462698 -0.00339522678 -0.00499999989 -0.00366918463 -0.00353484065 -0.00499999989 -0.00353484065 -2.8393994e-18 -0.00307891192 -0.00792294275 -1.6022962e-18 -0.00397889689 -0.0065084314 -0.000768016849 -0.00307891192 -0.00788410753 -1.6022962e-18 -0.00397889689 -0.0065084314 -0.000639466569 -0.00397889689 -0.00647609634 -0.000768016849 -0.00307891192 -0.00788410753 -0.000768016849 -0.00307891192 -0.00788410753 -0.000639466569 -0.00397889689 -0.00647609634 -0.00151395309 -0.00307891192 -0.00777012855 -0.000639466569 -0.00397889689 -0.00647609634 -0.00126054836 -0.00397889689 -0.0063811955 -0.00151395309 -0.00307891192 -0.00777012855 -0.00151395309 -0.00307891192 -0.00777012855 -0.00126054836 -0.00397889689 -0.0063811955 -0.00223401841 -0.00307891192 -0.00758479675 -0.00126054836 -0.00397889689 -0.0063811955 -0.00186008948 -0.00397889689 -0.0062268842 -0.00223401841 -0.00307891192 -0.00758479675 -0.00223401841 -0.00307891192 -0.00758479675 -0.00186008948 -0.00397889689 -0.0062268842 -0.0029244225 -0.00307891192 -0.00733190123 -0.00186008948 -0.00397889689 -0.0062268842 -0.00243493402 -0.00397889689 -0.00601631822 -0.0029244225 -0.00307891192 -0.00733190123 -0.0029244225 -0.00307891192 -0.00733190123 -0.00243493402 -0.00397889689 -0.00601631822 -0.00358137535 -0.00307891192 -0.00701523339 -0.00243493402 -0.00397889689 -0.00601631822 -0.00298192655 -0.00397889689 -0.00575265428 -0.00358137535 -0.00307891192 -0.00701523339 -0.00358137535 -0.00307891192 -0.00701523339 -0.00298192655 -0.00397889689 -0.00575265428 -0.0042010867 -0.00307891192 -0.00663858233 -0.00298192655 -0.00397889689 -0.00575265428 -0.00349791092 -0.00397889689 -0.00543904677 -0.0042010867 -0.00307891192 -0.00663858233 -0.0042010867 -0.00307891192 -0.00663858233 -0.00349791092 -0.00397889689 -0.00543904677 -0.00477976631 -0.00307891192 -0.00620573899 -0.00349791092 -0.00397889689 -0.00543904677 -0.00397973135 -0.00397889689 -0.00507865241 -0.00477976631 -0.00307891192 -0.00620573899 -0.00477976631 -0.00307891192 -0.00620573899 -0.00397973135 -0.00397889689 -0.00507865241 -0.00531362416 -0.00307891192 -0.00572049338 -0.00397973135 -0.00397889689 -0.00507865241 -0.00442423252 -0.00397889689 -0.00467462698 -0.00531362416 -0.00307891192 -0.00572049338 -0.00998031069 -0.00166213466 0.000542979164 -0.00940312818 -0.00196688017 -0.000489587139 -0.00935454294 -0.00196688017 0.00047125516 -0.00940312818 -0.00196688017 -0.000489587139 -0.00877411012 -0.00230500498 -0.000480443588 -0.00935454294 -0.00196688017 0.00047125516 -0.00935454294 -0.00196688017 0.00047125516 -0.00877411012 -0.00230500498 -0.000480443588 -0.00872877426 -0.00230500498 0.00041612357 -0.00877411012 -0.00230500498 -0.000480443588 -0.00814509206 -0.00267588883 -0.000453330082 -0.00872877426 -0.00230500498 0.00041612357 -0.00872877426 -0.00230500498 0.00041612357 -0.00814509206 -0.00267588883 -0.000453330082 -0.00810300652 -0.00267588883 0.000378961908 -0.00814509206 -0.00267588883 -0.000453330082 -0.00751607353 -0.00307891192 -0.000406869134 -0.00810300652 -0.00267588883 0.000378961908 -0.00810300652 -0.00267588883 0.000378961908 -0.00751607353 -0.00307891192 -0.000406869134 -0.00747723831 -0.00307891192 0.000361147744 -0.00751607353 -0.00307891192 -0.000406869134 -0.006887055 -0.00351345469 -0.000339683174 -0.00747723831 -0.00307891192 0.000361147744 -0.00747723831 -0.00307891192 0.000361147744 -0.006887055 -0.00351345469 -0.000339683174 -0.0068514701 -0.00351345469 0.000364058535 -0.006887055 -0.00351345469 -0.000339683174 -0.00625803648 -0.00397889689 -0.000250394689 -0.0068514701 -0.00351345469 0.000364058535 -0.0068514701 -0.00351345469 0.000364058535 -0.00625803648 -0.00397889689 -0.000250394689 -0.00622570189 -0.00397889689 0.00038907188 -0.00625803648 -0.00397889689 -0.000250394689 -0.00562901841 -0.00447461847 -0.000137626135 -0.00622570189 -0.00397889689 0.00038907188 -0.00622570189 -0.00397889689 0.00038907188 -0.00562901841 -0.00447461847 -0.000137626135 -0.00559993368 -0.00447461847 0.000437565293 -0.00562901841 -0.00447461847 -0.000137626135 -0.00499999989 -0.00499999989 2.16840434e-19 -0.00559993368 -0.00447461847 0.000437565293 -0.00559993368 -0.00447461847 0.000437565293 -0.00499999989 -0.00499999989 2.16840434e-19 -0.00498427497 -0.00499999989 0.000399066746 -0.00531362416 -0.00307891192 -0.00572049338 -0.00620301627 -0.00230500498 -0.00668345951 -0.00477976631 -0.00307891192 -0.00620573899 -0.00620301627 -0.00230500498 -0.00668345951 -0.00557980128 -0.00230500498 -0.00724992575 -0.00477976631 -0.00307891192 -0.00620573899 -0.00477976631 -0.00307891192 -0.00620573899 -0.00557980128 -0.00230500498 -0.00724992575 -0.0042010867 -0.00307891192 -0.00663858233 -0.00557980128 -0.00230500498 -0.00724992575 -0.00490426272 -0.00230500498 -0.00775521807 -0.0042010867 -0.00307891192 -0.00663858233 -0.0042010867 -0.00307891192 -0.00663858233 -0.00490426272 -0.00230500498 -0.00775521807 -0.00358137535 -0.00307891192 -0.00701523339 -0.00490426272 -0.00230500498 -0.00775521807 -0.00418082438 -0.00230500498 -0.00819491223 -0.00358137535 -0.00307891192 -0.00701523339 -0.00358137535 -0.00307891192 -0.00701523339 -0.00418082438 -0.00230500498 -0.00819491223 -0.0029244225 -0.00307891192 -0.00733190123 -0.00418082438 -0.00230500498 -0.00819491223 -0.00341391098 -0.00230500498 -0.00856458396 -0.0029244225 -0.00307891192 -0.00733190123 -0.0029244225 -0.00307891192 -0.00733190123 -0.00341391098 -0.00230500498 -0.00856458396 -0.00223401841 -0.00307891192 -0.00758479675 -0.00341391098 -0.00230500498 -0.00856458396 -0.00260794722 -0.00230500498 -0.00885980856 -0.00223401841 -0.00307891192 -0.00758479675 -0.00223401841 -0.00307891192 -0.00758479675 -0.00260794722 -0.00230500498 -0.00885980856 -0.00151395309 -0.00307891192 -0.00777012855 -0.00260794722 -0.00230500498 -0.00885980856 -0.00176735781 -0.00230500498 -0.00907616131 -0.00151395309 -0.00307891192 -0.00777012855 -0.00151395309 -0.00307891192 -0.00777012855 -0.00176735781 -0.00230500498 -0.00907616131 -0.000768016849 -0.00307891192 -0.00788410753 -0.00176735781 -0.00230500498 -0.00907616131 -0.00089656713 -0.00230500498 -0.00920921843 -0.000768016849 -0.00307891192 -0.00788410753 -0.000768016849 -0.00307891192 -0.00788410753 -0.00089656713 -0.00230500498 -0.00920921843 -2.8393994e-18 -0.00307891192 -0.00792294275 -0.0135098062 -0.000571205397 -0.00294597261 -0.0137189301 -0.000571205397 -0.00157735951 -0.0143420333 -0.000516650849 -0.00155687076 -0.0115515934 -0.000791848463 -0.00519328425 -0.0119734453 -0.000791848463 -0.00404162612 -0.0125716068 -0.000663141895 -0.00415851548 -0.0135098062 -0.000571205397 -0.00294597261 -0.0128962016 -0.000663141895 -0.00289737456 -0.0137189301 -0.000571205397 -0.00157735951 -0.0128962016 -0.000663141895 -0.00289737456 -0.0130958268 -0.000663141895 -0.00159092271 -0.0137189301 -0.000571205397 -0.00157735951 -0.0137189301 -0.000571205397 -0.00157735951 -0.0130958268 -0.000663141895 -0.00159092271 -0.0137901837 -0.000571205397 -0.000168233601 -0.0130958268 -0.000663141895 -0.00159092271 -0.0131638441 -0.000663141895 -0.000245798234 -0.0137901837 -0.000571205397 -0.000168233601 -0.0137901837 -0.000571205397 -0.000168233601 -0.0131638441 -0.000663141895 -0.000245798234 -0.0137189301 -0.000571205397 0.00124089234 -0.0131638441 -0.000663141895 -0.000245798234 -0.0130958268 -0.000663141895 0.0010993263 -0.0137189301 -0.000571205397 0.00124089234 -0.0137189301 -0.000571205397 0.00124089234 -0.0130958268 -0.000663141895 0.0010993263 -0.0135098062 -0.000571205397 0.00260950532 -0.0130958268 -0.000663141895 0.0010993263 -0.0128962016 -0.000663141895 0.00240577804 -0.0135098062 -0.000571205397 0.00260950532 -0.0135098062 -0.000571205397 0.00260950532 -0.0128962016 -0.000663141895 0.00240577804 -0.0131697673 -0.000571205397 0.00393065158 -0.0128962016 -0.000663141895 0.00240577804 -0.0125716068 -0.000663141895 0.00366691896 -0.0131697673 -0.000571205397 0.00393065158 -0.0131697673 -0.000571205397 0.00393065158 -0.0125716068 -0.000663141895 0.00366691896 -0.0127057657 -0.000571205397 0.00519737694 -0.0125716068 -0.000663141895 0.00366691896 -0.0121286791 -0.000663141895 0.0048761107 -0.0127057657 -0.000571205397 0.00519737694 -0.0127057657 -0.000571205397 0.00519737694 -0.0121286791 -0.000663141895 0.0048761107 -0.0121247554 -0.000571205397 0.00640272722 -0.0121286791 -0.000663141895 0.0048761107 -0.0115740588 -0.000663141895 0.00602671457 -0.0121247554 -0.000571205397 0.00640272722 -0.0121247554 -0.000571205397 0.00640272722 -0.0115740588 -0.000663141895 0.00602671457 -0.0114336917 -0.000571205397 0.00753974821 -0.0115740588 -0.000663141895 0.00602671457 -0.0109143825 -0.000663141895 0.00711209327 -0.0114336917 -0.000571205397 0.00753974821 -0.0114336917 -0.000571205397 0.00753974821 -0.0109143825 -0.000663141895 0.00711209327 -0.0106395287 -0.000571205397 0.00860148575 -0.0109143825 -0.000663141895 0.00711209327 -0.0101562897 -0.000663141895 0.00812560786 -0.0106395287 -0.000571205397 0.00860148575 -0.0106395287 -0.000571205397 0.00860148575 -0.0101562897 -0.000663141895 0.00812560786 -0.00974921975 -0.000571205397 0.00958098657 -0.0101562897 -0.000663141895 0.00812560786 -0.00930641778 -0.000663141895 0.0090606194 -0.00974921975 -0.000571205397 0.00958098657 -0.00974921975 -0.000571205397 0.00958098657 -0.00930641778 -0.000663141895 0.0090606194 -0.00876971986 -0.000571205397 0.0104712956 -0.00930641778 -0.000663141895 0.0090606194 -0.00837140623 -0.000663141895 0.0099104913 -0.00876971986 -0.000571205397 0.0104712956 -0.00876971986 -0.000571205397 0.0104712956 -0.00837140623 -0.000663141895 0.0099104913 -0.00770798186 -0.000571205397 0.0112654585 -0.00837140623 -0.000663141895 0.0099104913 -0.00735789118 -0.000663141895 0.0106685841 -0.00770798186 -0.000571205397 0.0112654585 -0.00770798186 -0.000571205397 0.0112654585 -0.00735789118 -0.000663141895 0.0106685841 -0.00657096086 -0.000571205397 0.0119565222 -0.00735789118 -0.000663141895 0.0106685841 -0.00627251295 -0.000663141895 0.0113282604 -0.00657096086 -0.000571205397 0.0119565222 -0.00657096086 -0.000571205397 0.0119565222 -0.00627251295 -0.000663141895 0.0113282604 -0.00536561059 -0.000571205397 0.0125375316 -0.00627251295 -0.000663141895 0.0113282604 -0.00512190862 -0.000663141895 0.0118828807 -0.00536561059 -0.000571205397 0.0125375316 -0.00536561059 -0.000571205397 0.0125375316 -0.00512190862 -0.000663141895 0.0118828807 -0.00409888523 -0.000571205397 0.0130015332 -0.00512190862 -0.000663141895 0.0118828807 -0.0039127171 -0.000663141895 0.0123258084 -0.00409888523 -0.000571205397 0.0130015332 -0.00409888523 -0.000571205397 0.0130015332 -0.0039127171 -0.000663141895 0.0123258084 -0.00277773896 -0.000571205397 0.0133415731 -0.0039127171 -0.000663141895 0.0123258084 -0.00265157619 -0.000663141895 0.0126504032 -0.00277773896 -0.000571205397 0.0133415731 -0.00277773896 -0.000571205397 0.0133415731 -0.00265157619 -0.000663141895 0.0126504032 -0.00140912586 -0.000571205397 0.0135506969 -0.00265157619 -0.000663141895 0.0126504032 -0.00134512444 -0.000663141895 0.0128500285 -0.00140912586 -0.000571205397 0.0135506969 -0.00140912586 -0.000571205397 0.0135506969 -0.00134512444 -0.000663141895 0.0128500285 3.53694489e-18 -0.000571205397 0.0136219496 -0.00134512444 -0.000663141895 0.0128500285 2.83967816e-18 -0.000663141895 0.0129180457 3.53694489e-18 -0.000571205397 0.0136219496 3.53694489e-18 -0.000571205397 0.0136219496 2.83967816e-18 -0.000663141895 0.0129180457 0.00140912586 -0.000571205397 0.0135506969 2.83967816e-18 -0.000663141895 0.0129180457 0.00134512444 -0.000663141895 0.0128500285 0.00140912586 -0.000571205397 0.0135506969 0.00140912586 -0.000571205397 0.0135506969 0.00134512444 -0.000663141895 0.0128500285 0.00277773896 -0.000571205397 0.0133415731 0.00134512444 -0.000663141895 0.0128500285 0.00265157619 -0.000663141895 0.0126504032 0.00277773896 -0.000571205397 0.0133415731 0.00277773896 -0.000571205397 0.0133415731 0.00265157619 -0.000663141895 0.0126504032 0.00409888523 -0.000571205397 0.0130015332 0.00265157619 -0.000663141895 0.0126504032 0.0039127171 -0.000663141895 0.0123258084 0.00409888523 -0.000571205397 0.0130015332 0.00409888523 -0.000571205397 0.0130015332 0.0039127171 -0.000663141895 0.0123258084 0.00536561059 -0.000571205397 0.0125375316 0.0039127171 -0.000663141895 0.0123258084 0.00512190862 -0.000663141895 0.0118828807 0.00536561059 -0.000571205397 0.0125375316 0.00536561059 -0.000571205397 0.0125375316 0.00512190862 -0.000663141895 0.0118828807 0.00657096086 -0.000571205397 0.0119565222 0.00512190862 -0.000663141895 0.0118828807 0.00627251295 -0.000663141895 0.0113282604 0.00657096086 -0.000571205397 0.0119565222 0.00657096086 -0.000571205397 0.0119565222 0.00627251295 -0.000663141895 0.0113282604 0.00770798186 -0.000571205397 0.0112654585 0.00627251295 -0.000663141895 0.0113282604 0.00735789118 -0.000663141895 0.0106685841 0.00770798186 -0.000571205397 0.0112654585 0.00770798186 -0.000571205397 0.0112654585 0.00735789118 -0.000663141895 0.0106685841 0.00876971986 -0.000571205397 0.0104712956 0.00735789118 -0.000663141895 0.0106685841 0.00837140623 -0.000663141895 0.0099104913 0.00876971986 -0.000571205397 0.0104712956 0.00876971986 -0.000571205397 0.0104712956 0.00837140623 -0.000663141895 0.0099104913 0.00974921975 -0.000571205397 0.00958098657 0.00837140623 -0.000663141895 0.0099104913 0.00930641778 -0.000663141895 0.0090606194 0.00974921975 -0.000571205397 0.00958098657 0.00974921975 -0.000571205397 0.00958098657 0.00930641778 -0.000663141895 0.0090606194 0.0106395287 -0.000571205397 0.00860148575 0.00930641778 -0.000663141895 0.0090606194 0.0101562897 -0.000663141895 0.00812560786 0.0106395287 -0.000571205397 0.00860148575 0.0106395287 -0.000571205397 0.00860148575 0.0101562897 -0.000663141895 0.00812560786 0.0114336917 -0.000571205397 0.00753974821 0.0101562897 -0.000663141895 0.00812560786 0.0109143825 -0.000663141895 0.00711209327 0.0114336917 -0.000571205397 0.00753974821 0.0114336917 -0.000571205397 0.00753974821 0.0109143825 -0.000663141895 0.00711209327 0.0121247554 -0.000571205397 0.00640272722 0.0109143825 -0.000663141895 0.00711209327 0.0115740588 -0.000663141895 0.00602671457 0.0121247554 -0.000571205397 0.00640272722 0.0121247554 -0.000571205397 0.00640272722 0.0115740588 -0.000663141895 0.00602671457 0.0127057657 -0.000571205397 0.00519737694 0.0115740588 -0.000663141895 0.00602671457 0.0121286791 -0.000663141895 0.0048761107 0.0127057657 -0.000571205397 0.00519737694 0.0127057657 -0.000571205397 0.00519737694 0.0121286791 -0.000663141895 0.0048761107 0.0131697673 -0.000571205397 0.00393065158 0.0121286791 -0.000663141895 0.0048761107 0.0125716068 -0.000663141895 0.00366691896 0.0131697673 -0.000571205397 0.00393065158 0.0131697673 -0.000571205397 0.00393065158 0.0125716068 -0.000663141895 0.00366691896 0.0135098062 -0.000571205397 0.00260950532 0.0125716068 -0.000663141895 0.00366691896 0.0128962016 -0.000663141895 0.00240577804 0.0135098062 -0.000571205397 0.00260950532 0.0135098062 -0.000571205397 0.00260950532 0.0128962016 -0.000663141895 0.00240577804 0.0137189301 -0.000571205397 0.00124089234 0.0128962016 -0.000663141895 0.00240577804 0.0130958268 -0.000663141895 0.0010993263 0.0137189301 -0.000571205397 0.00124089234 0.0137189301 -0.000571205397 0.00124089234 0.0130958268 -0.000663141895 0.0010993263 0.0137901837 -0.000571205397 -0.000168233601 0.0130958268 -0.000663141895 0.0010993263 0.0131638441 -0.000663141895 -0.000245798234 0.0137901837 -0.000571205397 -0.000168233601 0.0137901837 -0.000571205397 -0.000168233601 0.0131638441 -0.000663141895 -0.000245798234 0.0137189301 -0.000571205397 -0.00157735951 0.0131638441 -0.000663141895 -0.000245798234 0.0130958268 -0.000663141895 -0.00159092271 0.0137189301 -0.000571205397 -0.00157735951 0.0137189301 -0.000571205397 -0.00157735951 0.0130958268 -0.000663141895 -0.00159092271 0.0135098062 -0.000571205397 -0.00294597261 0.0130958268 -0.000663141895 -0.00159092271 0.0128962016 -0.000663141895 -0.00289737456 0.0135098062 -0.000571205397 -0.00294597261 0.0135098062 -0.000571205397 -0.00294597261 0.0128962016 -0.000663141895 -0.00289737456 0.0131697673 -0.000571205397 -0.00426711887 0.0128962016 -0.000663141895 -0.00289737456 0.0125716068 -0.000663141895 -0.00415851548 0.0131697673 -0.000571205397 -0.00426711887 0.0131697673 -0.000571205397 -0.00426711887 0.0125716068 -0.000663141895 -0.00415851548 0.0127057657 -0.000571205397 -0.00553384423 0.0125716068 -0.000663141895 -0.00415851548 0.0121286791 -0.000663141895 -0.005367707 0.0127057657 -0.000571205397 -0.00553384423 0.0127057657 -0.000571205397 -0.00553384423 0.0121286791 -0.000663141895 -0.005367707 0.0121247554 -0.000571205397 -0.0067391945 0.0121286791 -0.000663141895 -0.005367707 0.0115740588 -0.000663141895 -0.00651831133 0.0121247554 -0.000571205397 -0.0067391945 0.0121247554 -0.000571205397 -0.0067391945 0.0115740588 -0.000663141895 -0.00651831133 0.0114336917 -0.000571205397 -0.0078762155 0.0115740588 -0.000663141895 -0.00651831133 0.0109143825 -0.000663141895 -0.00760368956 0.0114336917 -0.000571205397 -0.0078762155 0.0114336917 -0.000571205397 -0.0078762155 0.0109143825 -0.000663141895 -0.00760368956 0.0106395287 -0.000571205397 -0.00893795304 0.0109143825 -0.000663141895 -0.00760368956 0.0101562897 -0.000663141895 -0.00861720368 0.0106395287 -0.000571205397 -0.00893795304 0.0106395287 -0.000571205397 -0.00893795304 0.0101562897 -0.000663141895 -0.00861720368 0.00974921975 -0.000571205397 -0.00991745386 0.0101562897 -0.000663141895 -0.00861720368 0.00930641778 -0.000663141895 -0.00955221616 0.00974921975 -0.000571205397 -0.00991745386 0.00974921975 -0.000571205397 -0.00991745386 0.00930641778 -0.000663141895 -0.00955221616 0.00876971986 -0.000571205397 -0.0108077629 0.00930641778 -0.000663141895 -0.00955221616 0.00837140623 -0.000663141895 -0.0104020881 0.00876971986 -0.000571205397 -0.0108077629 0.00876971986 -0.000571205397 -0.0108077629 0.00837140623 -0.000663141895 -0.0104020881 0.00770798186 -0.000571205397 -0.0116019258 0.00837140623 -0.000663141895 -0.0104020881 0.00735789118 -0.000663141895 -0.0111601809 0.00770798186 -0.000571205397 -0.0116019258 0.00770798186 -0.000571205397 -0.0116019258 0.00735789118 -0.000663141895 -0.0111601809 0.00657096086 -0.000571205397 -0.0122929895 0.00735789118 -0.000663141895 -0.0111601809 0.00627251295 -0.000663141895 -0.0118198572 0.00657096086 -0.000571205397 -0.0122929895 0.00657096086 -0.000571205397 -0.0122929895 0.00627251295 -0.000663141895 -0.0118198572 0.00536561059 -0.000571205397 -0.0128739988 0.00627251295 -0.000663141895 -0.0118198572 0.00512190862 -0.000663141895 -0.0123744775 0.00536561059 -0.000571205397 -0.0128739988 0.00536561059 -0.000571205397 -0.0128739988 0.00512190862 -0.000663141895 -0.0123744775 0.00409888523 -0.000571205397 -0.0133380005 0.00512190862 -0.000663141895 -0.0123744775 0.0039127171 -0.000663141895 -0.0128174042 0.00409888523 -0.000571205397 -0.0133380005 0.00409888523 -0.000571205397 -0.0133380005 0.0039127171 -0.000663141895 -0.0128174042 0.00277773896 -0.000571205397 -0.0136780404 0.0039127171 -0.000663141895 -0.0128174042 0.00265157619 -0.000663141895 -0.013142 0.00277773896 -0.000571205397 -0.0136780404 0.00277773896 -0.000571205397 -0.0136780404 0.00265157619 -0.000663141895 -0.013142 0.00140912586 -0.000571205397 -0.0138871633 0.00265157619 -0.000663141895 -0.013142 0.00134512444 -0.000663141895 -0.0133416252 0.00140912586 -0.000571205397 -0.0138871633 0.00140912586 -0.000571205397 -0.0138871633 0.00134512444 -0.000663141895 -0.0133416252 -5.17821598e-18 -0.000571205397 -0.0139584169 0.00134512444 -0.000663141895 -0.0133416252 -5.13614351e-18 -0.000663141895 -0.0134096425 -5.17821598e-18 -0.000571205397 -0.0139584169 -5.17821598e-18 -0.000571205397 -0.0139584169 -5.13614351e-18 -0.000663141895 -0.0134096425 -0.00140912586 -0.000571205397 -0.0138871633 -5.13614351e-18 -0.000663141895 -0.0134096425 -0.00134512444 -0.000663141895 -0.0133416252 -0.00140912586 -0.000571205397 -0.0138871633 -0.00140912586 -0.000571205397 -0.0138871633 -0.00134512444 -0.000663141895 -0.0133416252 -0.00277773896 -0.000571205397 -0.0136780404 -0.00134512444 -0.000663141895 -0.0133416252 -0.00265157619 -0.000663141895 -0.013142 -0.00277773896 -0.000571205397 -0.0136780404 -0.00277773896 -0.000571205397 -0.0136780404 -0.00265157619 -0.000663141895 -0.013142 -0.00409888523 -0.000571205397 -0.0133380005 -0.00265157619 -0.000663141895 -0.013142 -0.0039127171 -0.000663141895 -0.0128174042 -0.00409888523 -0.000571205397 -0.0133380005 -0.00409888523 -0.000571205397 -0.0133380005 -0.0039127171 -0.000663141895 -0.0128174042 -0.00536561059 -0.000571205397 -0.0128739988 -0.0039127171 -0.000663141895 -0.0128174042 -0.00512190862 -0.000663141895 -0.0123744775 -0.00536561059 -0.000571205397 -0.0128739988 -0.00536561059 -0.000571205397 -0.0128739988 -0.00512190862 -0.000663141895 -0.0123744775 -0.00657096086 -0.000571205397 -0.0122929895 -0.00512190862 -0.000663141895 -0.0123744775 -0.00627251295 -0.000663141895 -0.0118198572 -0.00657096086 -0.000571205397 -0.0122929895 -0.00657096086 -0.000571205397 -0.0122929895 -0.00627251295 -0.000663141895 -0.0118198572 -0.00770798186 -0.000571205397 -0.0116019258 -0.00627251295 -0.000663141895 -0.0118198572 -0.00735789118 -0.000663141895 -0.0111601809 -0.00770798186 -0.000571205397 -0.0116019258 -0.00770798186 -0.000571205397 -0.0116019258 -0.00735789118 -0.000663141895 -0.0111601809 -0.00876971986 -0.000571205397 -0.0108077629 -0.00735789118 -0.000663141895 -0.0111601809 -0.00837140623 -0.000663141895 -0.0104020881 -0.00876971986 -0.000571205397 -0.0108077629 -0.00876971986 -0.000571205397 -0.0108077629 -0.00837140623 -0.000663141895 -0.0104020881 -0.00974921975 -0.000571205397 -0.00991745386 -0.00837140623 -0.000663141895 -0.0104020881 -0.00930641778 -0.000663141895 -0.00955221616 -0.00974921975 -0.000571205397 -0.00991745386 -0.00974921975 -0.000571205397 -0.00991745386 -0.00930641778 -0.000663141895 -0.00955221616 -0.0106395287 -0.000571205397 -0.00893795304 -0.00930641778 -0.000663141895 -0.00955221616 -0.0101562897 -0.000663141895 -0.00861720368 -0.0106395287 -0.000571205397 -0.00893795304 -0.0106395287 -0.000571205397 -0.00893795304 -0.0101562897 -0.000663141895 -0.00861720368 -0.0114336917 -0.000571205397 -0.0078762155 -0.0101562897 -0.000663141895 -0.00861720368 -0.0109143825 -0.000663141895 -0.00760368956 -0.0114336917 -0.000571205397 -0.0078762155 -0.0114336917 -0.000571205397 -0.0078762155 -0.0109143825 -0.000663141895 -0.00760368956 -0.0121247554 -0.000571205397 -0.0067391945 -0.0109143825 -0.000663141895 -0.00760368956 -0.0115740588 -0.000663141895 -0.00651831133 -0.0121247554 -0.000571205397 -0.0067391945 -0.0121247554 -0.000571205397 -0.0067391945 -0.0115740588 -0.000663141895 -0.00651831133 -0.0127057657 -0.000571205397 -0.00553384423 -0.0115740588 -0.000663141895 -0.00651831133 -0.0121286791 -0.000663141895 -0.005367707 -0.0127057657 -0.000571205397 -0.00553384423 -0.0127057657 -0.000571205397 -0.00553384423 -0.0121286791 -0.000663141895 -0.005367707 -0.0131697673 -0.000571205397 -0.00426711887 -0.0143420333 -0.000516650849 -0.00155687076 -0.0137189301 -0.000571205397 -0.00157735951 -0.0144165223 -0.000516650849 -8.37434345e-05 -0.0137189301 -0.000571205397 -0.00157735951 -0.0137901837 -0.000571205397 -0.000168233601 -0.0144165223 -0.000516650849 -8.37434345e-05 -0.0144165223 -0.000516650849 -8.37434345e-05 -0.0137901837 -0.000571205397 -0.000168233601 -0.0143420333 -0.000516650849 0.0013893838 -0.0137901837 -0.000571205397 -0.000168233601 -0.0137189301 -0.000571205397 0.00124089234 -0.0143420333 -0.000516650849 0.0013893838 -0.0143420333 -0.000516650849 0.0013893838 -0.0137189301 -0.000571205397 0.00124089234 -0.0141234118 -0.000516650849 0.00282015838 -0.0137189301 -0.000571205397 0.00124089234 -0.0135098062 -0.000571205397 0.00260950532 -0.0141234118 -0.000516650849 0.00282015838 -0.0141234118 -0.000516650849 0.00282015838 -0.0135098062 -0.000571205397 0.00260950532 -0.0137679279 -0.000516650849 0.00420131022 -0.0135098062 -0.000571205397 0.00260950532 -0.0131697673 -0.000571205397 0.00393065158 -0.0137679279 -0.000516650849 0.00420131022 -0.0137679279 -0.000516650849 0.00420131022 -0.0131697673 -0.000571205397 0.00393065158 -0.0132828513 -0.000516650849 0.00552556897 -0.0131697673 -0.000571205397 0.00393065158 -0.0127057657 -0.000571205397 0.00519737694 -0.0132828513 -0.000516650849 0.00552556897 -0.0132828513 -0.000516650849 0.00552556897 -0.0127057657 -0.000571205397 0.00519737694 -0.012675453 -0.000516650849 0.00678566517 -0.0127057657 -0.000571205397 0.00519737694 -0.0121247554 -0.000571205397 0.00640272722 -0.012675453 -0.000516650849 0.00678566517 -0.012675453 -0.000516650849 0.00678566517 -0.0121247554 -0.000571205397 0.00640272722 -0.0119530018 -0.000516650849 0.0079743294 -0.0121247554 -0.000571205397 0.00640272722 -0.0114336917 -0.000571205397 0.00753974821 -0.0119530018 -0.000516650849 0.0079743294 -0.0119530018 -0.000516650849 0.0079743294 -0.0114336917 -0.000571205397 0.00753974821 -0.0111227678 -0.000516650849 0.00908428989 -0.0114336917 -0.000571205397 0.00753974821 -0.0106395287 -0.000571205397 0.00860148575 -0.0111227678 -0.000516650849 0.00908428989 -0.0111227678 -0.000516650849 0.00908428989 -0.0106395287 -0.000571205397 0.00860148575 -0.0101920217 -0.000516650849 0.0101082791 -0.0106395287 -0.000571205397 0.00860148575 -0.00974921975 -0.000571205397 0.00958098657 -0.0101920217 -0.000516650849 0.0101082791 -0.0101920217 -0.000516650849 0.0101082791 -0.00974921975 -0.000571205397 0.00958098657 -0.00916803349 -0.000516650849 0.0110390242 -0.00974921975 -0.000571205397 0.00958098657 -0.00876971986 -0.000571205397 0.0104712956 -0.00916803349 -0.000516650849 0.0110390242 -0.00916803349 -0.000516650849 0.0110390242 -0.00876971986 -0.000571205397 0.0104712956 -0.00805807207 -0.000516650849 0.0118692582 -0.00876971986 -0.000571205397 0.0104712956 -0.00770798186 -0.000571205397 0.0112654585 -0.00805807207 -0.000516650849 0.0118692582 -0.00805807207 -0.000516650849 0.0118692582 -0.00770798186 -0.000571205397 0.0112654585 -0.00686940877 -0.000516650849 0.0125917094 -0.00770798186 -0.000571205397 0.0112654585 -0.00657096086 -0.000571205397 0.0119565222 -0.00686940877 -0.000516650849 0.0125917094 -0.00686940877 -0.000516650849 0.0125917094 -0.00657096086 -0.000571205397 0.0119565222 -0.00560931256 -0.000516650849 0.0131991077 -0.00657096086 -0.000571205397 0.0119565222 -0.00536561059 -0.000571205397 0.0125375316 -0.00560931256 -0.000516650849 0.0131991077 -0.00560931256 -0.000516650849 0.0131991077 -0.00536561059 -0.000571205397 0.0125375316 -0.00428505335 -0.000516650849 0.0136841843 -0.00536561059 -0.000571205397 0.0125375316 -0.00409888523 -0.000571205397 0.0130015332 -0.00428505335 -0.000516650849 0.0136841843 -0.00428505335 -0.000516650849 0.0136841843 -0.00409888523 -0.000571205397 0.0130015332 -0.00290390174 -0.000516650849 0.0140396683 -0.00409888523 -0.000571205397 0.0130015332 -0.00277773896 -0.000571205397 0.0133415731 -0.00290390174 -0.000516650849 0.0140396683 -0.00290390174 -0.000516650849 0.0140396683 -0.00277773896 -0.000571205397 0.0133415731 -0.00147312728 -0.000516650849 0.0142582897 -0.00277773896 -0.000571205397 0.0133415731 -0.00140912586 -0.000571205397 0.0135506969 -0.00147312728 -0.000516650849 0.0142582897 -0.00147312728 -0.000516650849 0.0142582897 -0.00140912586 -0.000571205397 0.0135506969 4.34559252e-18 -0.000516650849 0.0143327797 -0.00140912586 -0.000571205397 0.0135506969 3.53694489e-18 -0.000571205397 0.0136219496 4.34559252e-18 -0.000516650849 0.0143327797 4.34559252e-18 -0.000516650849 0.0143327797 3.53694489e-18 -0.000571205397 0.0136219496 0.00147312728 -0.000516650849 0.0142582897 3.53694489e-18 -0.000571205397 0.0136219496 0.00140912586 -0.000571205397 0.0135506969 0.00147312728 -0.000516650849 0.0142582897 0.00147312728 -0.000516650849 0.0142582897 0.00140912586 -0.000571205397 0.0135506969 0.00290390174 -0.000516650849 0.0140396683 0.00140912586 -0.000571205397 0.0135506969 0.00277773896 -0.000571205397 0.0133415731 0.00290390174 -0.000516650849 0.0140396683 0.00290390174 -0.000516650849 0.0140396683 0.00277773896 -0.000571205397 0.0133415731 0.00428505335 -0.000516650849 0.0136841843 0.00277773896 -0.000571205397 0.0133415731 0.00409888523 -0.000571205397 0.0130015332 0.00428505335 -0.000516650849 0.0136841843 0.00428505335 -0.000516650849 0.0136841843 0.00409888523 -0.000571205397 0.0130015332 0.00560931256 -0.000516650849 0.0131991077 0.00409888523 -0.000571205397 0.0130015332 0.00536561059 -0.000571205397 0.0125375316 0.00560931256 -0.000516650849 0.0131991077 0.00560931256 -0.000516650849 0.0131991077 0.00536561059 -0.000571205397 0.0125375316 0.00686940877 -0.000516650849 0.0125917094 0.00536561059 -0.000571205397 0.0125375316 0.00657096086 -0.000571205397 0.0119565222 0.00686940877 -0.000516650849 0.0125917094 0.00686940877 -0.000516650849 0.0125917094 0.00657096086 -0.000571205397 0.0119565222 0.00805807207 -0.000516650849 0.0118692582 0.00657096086 -0.000571205397 0.0119565222 0.00770798186 -0.000571205397 0.0112654585 0.00805807207 -0.000516650849 0.0118692582 0.00805807207 -0.000516650849 0.0118692582 0.00770798186 -0.000571205397 0.0112654585 0.00916803349 -0.000516650849 0.0110390242 0.00770798186 -0.000571205397 0.0112654585 0.00876971986 -0.000571205397 0.0104712956 0.00916803349 -0.000516650849 0.0110390242 0.00916803349 -0.000516650849 0.0110390242 0.00876971986 -0.000571205397 0.0104712956 0.0101920217 -0.000516650849 0.0101082791 0.00876971986 -0.000571205397 0.0104712956 0.00974921975 -0.000571205397 0.00958098657 0.0101920217 -0.000516650849 0.0101082791 0.0101920217 -0.000516650849 0.0101082791 0.00974921975 -0.000571205397 0.00958098657 0.0111227678 -0.000516650849 0.00908428989 0.00974921975 -0.000571205397 0.00958098657 0.0106395287 -0.000571205397 0.00860148575 0.0111227678 -0.000516650849 0.00908428989 0.0111227678 -0.000516650849 0.00908428989 0.0106395287 -0.000571205397 0.00860148575 0.0119530018 -0.000516650849 0.0079743294 0.0106395287 -0.000571205397 0.00860148575 0.0114336917 -0.000571205397 0.00753974821 0.0119530018 -0.000516650849 0.0079743294 0.0119530018 -0.000516650849 0.0079743294 0.0114336917 -0.000571205397 0.00753974821 0.012675453 -0.000516650849 0.00678566517 0.0114336917 -0.000571205397 0.00753974821 0.0121247554 -0.000571205397 0.00640272722 0.012675453 -0.000516650849 0.00678566517 0.012675453 -0.000516650849 0.00678566517 0.0121247554 -0.000571205397 0.00640272722 0.0132828513 -0.000516650849 0.00552556897 0.0121247554 -0.000571205397 0.00640272722 0.0127057657 -0.000571205397 0.00519737694 0.0132828513 -0.000516650849 0.00552556897 0.0132828513 -0.000516650849 0.00552556897 0.0127057657 -0.000571205397 0.00519737694 0.0137679279 -0.000516650849 0.00420131022 0.0127057657 -0.000571205397 0.00519737694 0.0131697673 -0.000571205397 0.00393065158 0.0137679279 -0.000516650849 0.00420131022 0.0137679279 -0.000516650849 0.00420131022 0.0131697673 -0.000571205397 0.00393065158 0.0141234118 -0.000516650849 0.00282015838 0.0131697673 -0.000571205397 0.00393065158 0.0135098062 -0.000571205397 0.00260950532 0.0141234118 -0.000516650849 0.00282015838 0.0141234118 -0.000516650849 0.00282015838 0.0135098062 -0.000571205397 0.00260950532 0.0143420333 -0.000516650849 0.0013893838 0.0135098062 -0.000571205397 0.00260950532 0.0137189301 -0.000571205397 0.00124089234 0.0143420333 -0.000516650849 0.0013893838 0.0143420333 -0.000516650849 0.0013893838 0.0137189301 -0.000571205397 0.00124089234 0.0144165223 -0.000516650849 -8.37434345e-05 0.0137189301 -0.000571205397 0.00124089234 0.0137901837 -0.000571205397 -0.000168233601 0.0144165223 -0.000516650849 -8.37434345e-05 0.0144165223 -0.000516650849 -8.37434345e-05 0.0137901837 -0.000571205397 -0.000168233601 0.0143420333 -0.000516650849 -0.00155687076 0.0137901837 -0.000571205397 -0.000168233601 0.0137189301 -0.000571205397 -0.00157735951 0.0143420333 -0.000516650849 -0.00155687076 0.0143420333 -0.000516650849 -0.00155687076 0.0137189301 -0.000571205397 -0.00157735951 0.0141234118 -0.000516650849 -0.0029876451 0.0137189301 -0.000571205397 -0.00157735951 0.0135098062 -0.000571205397 -0.00294597261 0.0141234118 -0.000516650849 -0.0029876451 0.0141234118 -0.000516650849 -0.0029876451 0.0135098062 -0.000571205397 -0.00294597261 0.0137679279 -0.000516650849 -0.00436879694 0.0135098062 -0.000571205397 -0.00294597261 0.0131697673 -0.000571205397 -0.00426711887 0.0137679279 -0.000516650849 -0.00436879694 0.0137679279 -0.000516650849 -0.00436879694 0.0131697673 -0.000571205397 -0.00426711887 0.0132828513 -0.000516650849 -0.00569305615 0.0131697673 -0.000571205397 -0.00426711887 0.0127057657 -0.000571205397 -0.00553384423 0.0132828513 -0.000516650849 -0.00569305615 0.0132828513 -0.000516650849 -0.00569305615 0.0127057657 -0.000571205397 -0.00553384423 0.012675453 -0.000516650849 -0.00695315236 0.0127057657 -0.000571205397 -0.00553384423 0.0121247554 -0.000571205397 -0.0067391945 0.012675453 -0.000516650849 -0.00695315236 0.012675453 -0.000516650849 -0.00695315236 0.0121247554 -0.000571205397 -0.0067391945 0.0119530018 -0.000516650849 -0.00814181566 0.0121247554 -0.000571205397 -0.0067391945 0.0114336917 -0.000571205397 -0.0078762155 0.0119530018 -0.000516650849 -0.00814181566 0.0119530018 -0.000516650849 -0.00814181566 0.0114336917 -0.000571205397 -0.0078762155 0.0111227678 -0.000516650849 -0.00925177708 0.0114336917 -0.000571205397 -0.0078762155 0.0106395287 -0.000571205397 -0.00893795304 0.0111227678 -0.000516650849 -0.00925177708 0.0111227678 -0.000516650849 -0.00925177708 0.0106395287 -0.000571205397 -0.00893795304 0.0101920217 -0.000516650849 -0.0102757653 0.0106395287 -0.000571205397 -0.00893795304 0.00974921975 -0.000571205397 -0.00991745386 0.0101920217 -0.000516650849 -0.0102757653 0.0101920217 -0.000516650849 -0.0102757653 0.00974921975 -0.000571205397 -0.00991745386 0.00916803349 -0.000516650849 -0.0112065114 0.00974921975 -0.000571205397 -0.00991745386 0.00876971986 -0.000571205397 -0.0108077629 0.00916803349 -0.000516650849 -0.0112065114 0.00916803349 -0.000516650849 -0.0112065114 0.00876971986 -0.000571205397 -0.0108077629 0.00805807207 -0.000516650849 -0.0120367454 0.00876971986 -0.000571205397 -0.0108077629 0.00770798186 -0.000571205397 -0.0116019258 0.00805807207 -0.000516650849 -0.0120367454 0.00805807207 -0.000516650849 -0.0120367454 0.00770798186 -0.000571205397 -0.0116019258 0.00686940877 -0.000516650849 -0.0127591956 0.00770798186 -0.000571205397 -0.0116019258 0.00657096086 -0.000571205397 -0.0122929895 0.00686940877 -0.000516650849 -0.0127591956 0.00686940877 -0.000516650849 -0.0127591956 0.00657096086 -0.000571205397 -0.0122929895 0.00560931256 -0.000516650849 -0.0133665949 0.00657096086 -0.000571205397 -0.0122929895 0.00536561059 -0.000571205397 -0.0128739988 0.00560931256 -0.000516650849 -0.0133665949 0.00560931256 -0.000516650849 -0.0133665949 0.00536561059 -0.000571205397 -0.0128739988 0.00428505335 -0.000516650849 -0.0138516715 0.00536561059 -0.000571205397 -0.0128739988 0.00409888523 -0.000571205397 -0.0133380005 0.00428505335 -0.000516650849 -0.0138516715 0.00428505335 -0.000516650849 -0.0138516715 0.00409888523 -0.000571205397 -0.0133380005 0.00290390174 -0.000516650849 -0.0142071554 0.00409888523 -0.000571205397 -0.0133380005 0.00277773896 -0.000571205397 -0.0136780404 0.00290390174 -0.000516650849 -0.0142071554 0.00290390174 -0.000516650849 -0.0142071554 0.00277773896 -0.000571205397 -0.0136780404 0.00147312728 -0.000516650849 -0.0144257769 0.00277773896 -0.000571205397 -0.0136780404 0.00140912586 -0.000571205397 -0.0138871633 0.00147312728 -0.000516650849 -0.0144257769 0.00147312728 -0.000516650849 -0.0144257769 0.00140912586 -0.000571205397 -0.0138871633 -5.19896581e-18 -0.000516650849 -0.0145002659 0.00140912586 -0.000571205397 -0.0138871633 -5.17821598e-18 -0.000571205397 -0.0139584169 -5.19896581e-18 -0.000516650849 -0.0145002659 -5.19896581e-18 -0.000516650849 -0.0145002659 -5.17821598e-18 -0.000571205397 -0.0139584169 -0.00147312728 -0.000516650849 -0.0144257769 -5.17821598e-18 -0.000571205397 -0.0139584169 -0.00140912586 -0.000571205397 -0.0138871633 -0.00147312728 -0.000516650849 -0.0144257769 -0.00147312728 -0.000516650849 -0.0144257769 -0.00140912586 -0.000571205397 -0.0138871633 -0.00290390174 -0.000516650849 -0.0142071554 -0.00140912586 -0.000571205397 -0.0138871633 -0.00277773896 -0.000571205397 -0.0136780404 -0.00290390174 -0.000516650849 -0.0142071554 -0.00290390174 -0.000516650849 -0.0142071554 -0.00277773896 -0.000571205397 -0.0136780404 -0.00428505335 -0.000516650849 -0.0138516715 -0.00277773896 -0.000571205397 -0.0136780404 -0.00409888523 -0.000571205397 -0.0133380005 -0.00428505335 -0.000516650849 -0.0138516715 -0.00428505335 -0.000516650849 -0.0138516715 -0.00409888523 -0.000571205397 -0.0133380005 -0.00560931256 -0.000516650849 -0.0133665949 -0.00409888523 -0.000571205397 -0.0133380005 -0.00536561059 -0.000571205397 -0.0128739988 -0.00560931256 -0.000516650849 -0.0133665949 -0.00560931256 -0.000516650849 -0.0133665949 -0.00536561059 -0.000571205397 -0.0128739988 -0.00686940877 -0.000516650849 -0.0127591956 -0.00536561059 -0.000571205397 -0.0128739988 -0.00657096086 -0.000571205397 -0.0122929895 -0.00686940877 -0.000516650849 -0.0127591956 -0.00686940877 -0.000516650849 -0.0127591956 -0.00657096086 -0.000571205397 -0.0122929895 -0.00805807207 -0.000516650849 -0.0120367454 -0.00657096086 -0.000571205397 -0.0122929895 -0.00770798186 -0.000571205397 -0.0116019258 -0.00805807207 -0.000516650849 -0.0120367454 -0.00805807207 -0.000516650849 -0.0120367454 -0.00770798186 -0.000571205397 -0.0116019258 -0.00916803349 -0.000516650849 -0.0112065114 -0.00770798186 -0.000571205397 -0.0116019258 -0.00876971986 -0.000571205397 -0.0108077629 -0.00916803349 -0.000516650849 -0.0112065114 -0.00916803349 -0.000516650849 -0.0112065114 -0.00876971986 -0.000571205397 -0.0108077629 -0.0101920217 -0.000516650849 -0.0102757653 -0.00876971986 -0.000571205397 -0.0108077629 -0.00974921975 -0.000571205397 -0.00991745386 -0.0101920217 -0.000516650849 -0.0102757653 -0.0101920217 -0.000516650849 -0.0102757653 -0.00974921975 -0.000571205397 -0.00991745386 -0.0111227678 -0.000516650849 -0.00925177708 -0.00974921975 -0.000571205397 -0.00991745386 -0.0106395287 -0.000571205397 -0.00893795304 -0.0111227678 -0.000516650849 -0.00925177708 -0.0111227678 -0.000516650849 -0.00925177708 -0.0106395287 -0.000571205397 -0.00893795304 -0.0119530018 -0.000516650849 -0.00814181566 -0.0106395287 -0.000571205397 -0.00893795304 -0.0114336917 -0.000571205397 -0.0078762155 -0.0119530018 -0.000516650849 -0.00814181566 -0.0119530018 -0.000516650849 -0.00814181566 -0.0114336917 -0.000571205397 -0.0078762155 -0.012675453 -0.000516650849 -0.00695315236 -0.0114336917 -0.000571205397 -0.0078762155 -0.0121247554 -0.000571205397 -0.0067391945 -0.012675453 -0.000516650849 -0.00695315236 -0.012675453 -0.000516650849 -0.00695315236 -0.0121247554 -0.000571205397 -0.0067391945 -0.0132828513 -0.000516650849 -0.00569305615 -0.0121247554 -0.000571205397 -0.0067391945 -0.0127057657 -0.000571205397 -0.00553384423 -0.0132828513 -0.000516650849 -0.00569305615 -0.0132828513 -0.000516650849 -0.00569305615 -0.0127057657 -0.000571205397 -0.00553384423 -0.0137679279 -0.000516650849 -0.00436879694 -0.0127057657 -0.000571205397 -0.00553384423 -0.0131697673 -0.000571205397 -0.00426711887 -0.0137679279 -0.000516650849 -0.00436879694 -0.0137679279 -0.000516650849 -0.00436879694 -0.0131697673 -0.000571205397 -0.00426711887 -0.0141234118 -0.000516650849 -0.0029876451 -0.00935645401 -0.0011571236 -0.00673095835 -0.00992196798 -0.0011571236 -0.00580050796 -0.0104726646 -0.000956712989 -0.00605032779 -0.00935645401 -0.0011571236 -0.00673095835 -0.00883714482 -0.00139246811 -0.00641713059 -0.00992196798 -0.0011571236 -0.00580050796 -0.00883714482 -0.00139246811 -0.00641713059 -0.00937127043 -0.00139246811 -0.0055383225 -0.00992196798 -0.0011571236 -0.00580050796 -0.00992196798 -0.0011571236 -0.00580050796 -0.00937127043 -0.00139246811 -0.0055383225 -0.0103974212 -0.0011571236 -0.0048141419 -0.00937127043 -0.00139246811 -0.0055383225 -0.00982033554 -0.00139246811 -0.00460670236 -0.0103974212 -0.0011571236 -0.0048141419 -0.0103974212 -0.0011571236 -0.0048141419 -0.00982033554 -0.00139246811 -0.00460670236 -0.0107771242 -0.0011571236 -0.00377755146 -0.00982033554 -0.00139246811 -0.00460670236 -0.0101789637 -0.00139246811 -0.00362764578 -0.0107771242 -0.0011571236 -0.00377755146 -0.0107771242 -0.0011571236 -0.00377755146 -0.0101789637 -0.00139246811 -0.00362764578 -0.0110553866 -0.0011571236 -0.00269642682 -0.0101789637 -0.00139246811 -0.00362764578 -0.010441782 -0.00139246811 -0.00260652648 -0.0110553866 -0.0011571236 -0.00269642682 -0.0110553866 -0.0011571236 -0.00269642682 -0.010441782 -0.00139246811 -0.00260652648 -0.0112265171 -0.0011571236 -0.00157645915 -0.010441782 -0.00139246811 -0.00260652648 -0.0106034139 -0.00139246811 -0.00154872017 -0.0112265171 -0.0011571236 -0.00157645915 -0.0112265171 -0.0011571236 -0.00157645915 -0.0106034139 -0.00139246811 -0.00154872017 -0.0112848254 -0.0011571236 -0.000423338905 -0.0106034139 -0.00139246811 -0.00154872017 -0.0106584858 -0.00139246811 -0.000459601346 -0.0112848254 -0.0011571236 -0.000423338905 -0.0112848254 -0.0011571236 -0.000423338905 -0.0106584858 -0.00139246811 -0.000459601346 -0.0112265171 -0.0011571236 0.000729781343 -0.0106584858 -0.00139246811 -0.000459601346 -0.0106034139 -0.00139246811 0.000629517483 -0.0112265171 -0.0011571236 0.000729781343 -0.0112265171 -0.0011571236 0.000729781343 -0.0106034139 -0.00139246811 0.000629517483 -0.0110553866 -0.0011571236 0.00184974913 -0.0106034139 -0.00139246811 0.000629517483 -0.010441782 -0.00139246811 0.00168732391 -0.0110553866 -0.0011571236 0.00184974913 -0.0110553866 -0.0011571236 0.00184974913 -0.010441782 -0.00139246811 0.00168732391 -0.0107771242 -0.0011571236 0.00293087354 -0.010441782 -0.00139246811 0.00168732391 -0.0101789637 -0.00139246811 0.00270844297 -0.0107771242 -0.0011571236 0.00293087354 -0.0107771242 -0.0011571236 0.00293087354 -0.0101789637 -0.00139246811 0.00270844297 -0.0103974212 -0.0011571236 0.00396746444 -0.0101789637 -0.00139246811 0.00270844297 -0.00982033554 -0.00139246811 0.00368749979 -0.0103974212 -0.0011571236 0.00396746444 -0.0103974212 -0.0011571236 0.00396746444 -0.00982033554 -0.00139246811 0.00368749979 -0.00992196798 -0.0011571236 0.00495383004 -0.00982033554 -0.00139246811 0.00368749979 -0.00937127043 -0.00139246811 0.00461911969 -0.00992196798 -0.0011571236 0.00495383004 -0.00992196798 -0.0011571236 0.00495383004 -0.00937127043 -0.00139246811 0.00461911969 -0.00935645401 -0.0011571236 0.00588428089 -0.00937127043 -0.00139246811 0.00461911969 -0.00883714482 -0.00139246811 0.00549792778 -0.00935645401 -0.0011571236 0.00588428089 -0.00935645401 -0.0011571236 0.00588428089 -0.00883714482 -0.00139246811 0.00549792778 -0.00870657247 -0.0011571236 0.00675312523 -0.00883714482 -0.00139246811 0.00549792778 -0.0082233334 -0.00139246811 0.00631854916 -0.00870657247 -0.0011571236 0.00675312523 -0.00870657247 -0.0011571236 0.00675312523 -0.0082233334 -0.00139246811 0.00631854916 -0.00797801185 -0.0011571236 0.00755467312 -0.0082233334 -0.00139246811 0.00631854916 -0.00753520988 -0.00139246811 0.00707560871 -0.00797801185 -0.0011571236 0.00755467312 -0.00797801185 -0.0011571236 0.00755467312 -0.00753520988 -0.00139246811 0.00707560871 -0.00717646442 -0.0011571236 0.00828323327 -0.00753520988 -0.00139246811 0.00707560871 -0.00677815033 -0.00139246811 0.00776373176 -0.00717646442 -0.0011571236 0.00828323327 -0.00717646442 -0.0011571236 0.00828323327 -0.00677815033 -0.00139246811 0.00776373176 -0.00630761962 -0.0011571236 0.00893311575 -0.00677815033 -0.00139246811 0.00776373176 -0.00595752895 -0.00139246811 0.00837754365 -0.00630761962 -0.0011571236 0.00893311575 -0.00630761962 -0.0011571236 0.00893311575 -0.00595752895 -0.00139246811 0.00837754365 -0.00537716923 -0.0011571236 0.00949862879 -0.00595752895 -0.00139246811 0.00837754365 -0.00507872133 -0.00139246811 0.00891166925 -0.00537716923 -0.0011571236 0.00949862879 -0.00537716923 -0.0011571236 0.00949862879 -0.00507872133 -0.00139246811 0.00891166925 -0.00439080317 -0.0011571236 0.009974082 -0.00507872133 -0.00139246811 0.00891166925 -0.00414710119 -0.00139246811 0.00936073344 -0.00439080317 -0.0011571236 0.009974082 -0.00439080317 -0.0011571236 0.009974082 -0.00414710119 -0.00139246811 0.00936073344 -0.0033542125 -0.0011571236 0.0103537859 -0.00414710119 -0.00139246811 0.00936073344 -0.00316804438 -0.00139246811 0.00971936248 -0.0033542125 -0.0011571236 0.0103537859 -0.0033542125 -0.0011571236 0.0103537859 -0.00316804438 -0.00139246811 0.00971936248 -0.00227308809 -0.0011571236 0.0106320484 -0.00316804438 -0.00139246811 0.00971936248 -0.00214692531 -0.00139246811 0.00998218078 -0.00227308809 -0.0011571236 0.0106320484 -0.00227308809 -0.0011571236 0.0106320484 -0.00214692531 -0.00139246811 0.00998218078 -0.00115312031 -0.0011571236 0.0108031789 -0.00214692531 -0.00139246811 0.00998218078 -0.00108911889 -0.00139246811 0.0101438127 -0.00115312031 -0.0011571236 0.0108031789 -0.00115312031 -0.0011571236 0.0108031789 -0.00108911889 -0.00139246811 0.0101438127 1.35862265e-18 -0.0011571236 0.0108614862 -0.00108911889 -0.00139246811 0.0101438127 1.04933796e-18 -0.00139246811 0.0101988846 1.35862265e-18 -0.0011571236 0.0108614862 1.35862265e-18 -0.0011571236 0.0108614862 1.04933796e-18 -0.00139246811 0.0101988846 0.00115312031 -0.0011571236 0.0108031789 1.04933796e-18 -0.00139246811 0.0101988846 0.00108911889 -0.00139246811 0.0101438127 0.00115312031 -0.0011571236 0.0108031789 0.00115312031 -0.0011571236 0.0108031789 0.00108911889 -0.00139246811 0.0101438127 0.00227308809 -0.0011571236 0.0106320484 0.00108911889 -0.00139246811 0.0101438127 0.00214692531 -0.00139246811 0.00998218078 0.00227308809 -0.0011571236 0.0106320484 0.00227308809 -0.0011571236 0.0106320484 0.00214692531 -0.00139246811 0.00998218078 0.0033542125 -0.0011571236 0.0103537859 0.00214692531 -0.00139246811 0.00998218078 0.00316804438 -0.00139246811 0.00971936248 0.0033542125 -0.0011571236 0.0103537859 0.0033542125 -0.0011571236 0.0103537859 0.00316804438 -0.00139246811 0.00971936248 0.00439080317 -0.0011571236 0.009974082 0.00316804438 -0.00139246811 0.00971936248 0.00414710119 -0.00139246811 0.00936073344 0.00439080317 -0.0011571236 0.009974082 0.00439080317 -0.0011571236 0.009974082 0.00414710119 -0.00139246811 0.00936073344 0.00537716923 -0.0011571236 0.00949862879 0.00414710119 -0.00139246811 0.00936073344 0.00507872133 -0.00139246811 0.00891166925 0.00537716923 -0.0011571236 0.00949862879 0.00537716923 -0.0011571236 0.00949862879 0.00507872133 -0.00139246811 0.00891166925 0.00630761962 -0.0011571236 0.00893311575 0.00507872133 -0.00139246811 0.00891166925 0.00595752895 -0.00139246811 0.00837754365 0.00630761962 -0.0011571236 0.00893311575 0.00630761962 -0.0011571236 0.00893311575 0.00595752895 -0.00139246811 0.00837754365 0.00717646442 -0.0011571236 0.00828323327 0.00595752895 -0.00139246811 0.00837754365 0.00677815033 -0.00139246811 0.00776373176 0.00717646442 -0.0011571236 0.00828323327 0.00717646442 -0.0011571236 0.00828323327 0.00677815033 -0.00139246811 0.00776373176 0.00797801185 -0.0011571236 0.00755467312 0.00677815033 -0.00139246811 0.00776373176 0.00753520988 -0.00139246811 0.00707560871 0.00797801185 -0.0011571236 0.00755467312 0.00797801185 -0.0011571236 0.00755467312 0.00753520988 -0.00139246811 0.00707560871 0.00870657247 -0.0011571236 0.00675312523 0.00753520988 -0.00139246811 0.00707560871 0.0082233334 -0.00139246811 0.00631854916 0.00870657247 -0.0011571236 0.00675312523 0.00870657247 -0.0011571236 0.00675312523 0.0082233334 -0.00139246811 0.00631854916 0.00935645401 -0.0011571236 0.00588428089 0.0082233334 -0.00139246811 0.00631854916 0.00883714482 -0.00139246811 0.00549792778 0.00935645401 -0.0011571236 0.00588428089 0.00935645401 -0.0011571236 0.00588428089 0.00883714482 -0.00139246811 0.00549792778 0.00992196798 -0.0011571236 0.00495383004 0.00883714482 -0.00139246811 0.00549792778 0.00937127043 -0.00139246811 0.00461911969 0.00992196798 -0.0011571236 0.00495383004 0.00992196798 -0.0011571236 0.00495383004 0.00937127043 -0.00139246811 0.00461911969 0.0103974212 -0.0011571236 0.00396746444 0.00937127043 -0.00139246811 0.00461911969 0.00982033554 -0.00139246811 0.00368749979 0.0103974212 -0.0011571236 0.00396746444 0.0103974212 -0.0011571236 0.00396746444 0.00982033554 -0.00139246811 0.00368749979 0.0107771242 -0.0011571236 0.00293087354 0.00982033554 -0.00139246811 0.00368749979 0.0101789637 -0.00139246811 0.00270844297 0.0107771242 -0.0011571236 0.00293087354 0.0107771242 -0.0011571236 0.00293087354 0.0101789637 -0.00139246811 0.00270844297 0.0110553866 -0.0011571236 0.00184974913 0.0101789637 -0.00139246811 0.00270844297 0.010441782 -0.00139246811 0.00168732391 0.0110553866 -0.0011571236 0.00184974913 0.0110553866 -0.0011571236 0.00184974913 0.010441782 -0.00139246811 0.00168732391 0.0112265171 -0.0011571236 0.000729781343 0.010441782 -0.00139246811 0.00168732391 0.0106034139 -0.00139246811 0.000629517483 0.0112265171 -0.0011571236 0.000729781343 0.0112265171 -0.0011571236 0.000729781343 0.0106034139 -0.00139246811 0.000629517483 0.0112848254 -0.0011571236 -0.000423338905 0.0106034139 -0.00139246811 0.000629517483 0.0106584858 -0.00139246811 -0.000459601346 0.0112848254 -0.0011571236 -0.000423338905 0.0112848254 -0.0011571236 -0.000423338905 0.0106584858 -0.00139246811 -0.000459601346 0.0112265171 -0.0011571236 -0.00157645915 0.0106584858 -0.00139246811 -0.000459601346 0.0106034139 -0.00139246811 -0.00154872017 0.0112265171 -0.0011571236 -0.00157645915 0.0112265171 -0.0011571236 -0.00157645915 0.0106034139 -0.00139246811 -0.00154872017 0.0110553866 -0.0011571236 -0.00269642682 0.0106034139 -0.00139246811 -0.00154872017 0.010441782 -0.00139246811 -0.00260652648 0.0110553866 -0.0011571236 -0.00269642682 0.0110553866 -0.0011571236 -0.00269642682 0.010441782 -0.00139246811 -0.00260652648 0.0107771242 -0.0011571236 -0.00377755146 0.010441782 -0.00139246811 -0.00260652648 0.0101789637 -0.00139246811 -0.00362764578 0.0107771242 -0.0011571236 -0.00377755146 0.0107771242 -0.0011571236 -0.00377755146 0.0101789637 -0.00139246811 -0.00362764578 0.0103974212 -0.0011571236 -0.0048141419 0.0101789637 -0.00139246811 -0.00362764578 0.00982033554 -0.00139246811 -0.00460670236 0.0103974212 -0.0011571236 -0.0048141419 0.0103974212 -0.0011571236 -0.0048141419 0.00982033554 -0.00139246811 -0.00460670236 0.00992196798 -0.0011571236 -0.00580050796 0.00982033554 -0.00139246811 -0.00460670236 0.00937127043 -0.00139246811 -0.0055383225 0.00992196798 -0.0011571236 -0.00580050796 0.00992196798 -0.0011571236 -0.00580050796 0.00937127043 -0.00139246811 -0.0055383225 0.00935645401 -0.0011571236 -0.00673095835 0.00937127043 -0.00139246811 -0.0055383225 0.00883714482 -0.00139246811 -0.00641713059 0.00935645401 -0.0011571236 -0.00673095835 0.00935645401 -0.0011571236 -0.00673095835 0.00883714482 -0.00139246811 -0.00641713059 0.00870657247 -0.0011571236 -0.00759980315 0.00883714482 -0.00139246811 -0.00641713059 0.0082233334 -0.00139246811 -0.0072377515 0.00870657247 -0.0011571236 -0.00759980315 0.00870657247 -0.0011571236 -0.00759980315 0.0082233334 -0.00139246811 -0.0072377515 0.00797801185 -0.0011571236 -0.00840135105 -0.0115515934 -0.000791848463 -0.00519328425 -0.0109745068 -0.000956712989 -0.00500921579 -0.0119734453 -0.000791848463 -0.00404162612 -0.0109745068 -0.000956712989 -0.00500921579 -0.0113752848 -0.000956712989 -0.00391509151 -0.0119734453 -0.000791848463 -0.00404162612 -0.0119734453 -0.000791848463 -0.00404162612 -0.0113752848 -0.000956712989 -0.00391509151 -0.0122825969 -0.000791848463 -0.00284049078 -0.0113752848 -0.000956712989 -0.00391509151 -0.0116689922 -0.000956712989 -0.00277396175 -0.0122825969 -0.000791848463 -0.00284049078 -0.0122825969 -0.000791848463 -0.00284049078 -0.0116689922 -0.000956712989 -0.00277396175 -0.0124727236 -0.000791848463 -0.0015962004 -0.0116689922 -0.000956712989 -0.00277396175 -0.0118496204 -0.000956712989 -0.00159183249 -0.0124727236 -0.000791848463 -0.0015962004 -0.0124727236 -0.000791848463 -0.0015962004 -0.0118496204 -0.000956712989 -0.00159183249 -0.0125375045 -0.000791848463 -0.000315077341 -0.0118496204 -0.000956712989 -0.00159183249 -0.011911165 -0.000956712989 -0.000374710886 -0.0125375045 -0.000791848463 -0.000315077341 -0.0125375045 -0.000791848463 -0.000315077341 -0.011911165 -0.000956712989 -0.000374710886 -0.0124727236 -0.000791848463 0.000966045714 -0.011911165 -0.000956712989 -0.000374710886 -0.0118496204 -0.000956712989 0.00084241078 -0.0124727236 -0.000791848463 0.000966045714 -0.0124727236 -0.000791848463 0.000966045714 -0.0118496204 -0.000956712989 0.00084241078 -0.0122825969 -0.000791848463 0.00221033627 -0.0118496204 -0.000956712989 0.00084241078 -0.0116689922 -0.000956712989 0.00202453998 -0.0122825969 -0.000791848463 0.00221033627 -0.0122825969 -0.000791848463 0.00221033627 -0.0116689922 -0.000956712989 0.00202453998 -0.0119734453 -0.000791848463 0.00341147161 -0.0116689922 -0.000956712989 0.00202453998 -0.0113752848 -0.000956712989 0.00316566974 -0.0119734453 -0.000791848463 0.00341147161 -0.0119734453 -0.000791848463 0.00341147161 -0.0113752848 -0.000956712989 0.00316566974 -0.0115515934 -0.000791848463 0.00456312951 -0.0113752848 -0.000956712989 0.00316566974 -0.0109745068 -0.000956712989 0.00425979402 -0.0115515934 -0.000791848463 0.00456312951 -0.0115515934 -0.000791848463 0.00456312951 -0.0109745068 -0.000956712989 0.00425979402 -0.0110233612 -0.000791848463 0.00565898744 -0.0109745068 -0.000956712989 0.00425979402 -0.0104726646 -0.000956712989 0.00530090602 -0.0110233612 -0.000791848463 0.00565898744 -0.0110233612 -0.000791848463 0.00565898744 -0.0104726646 -0.000956712989 0.00530090602 -0.0103950733 -0.000791848463 0.00669272337 -0.0104726646 -0.000956712989 0.00530090602 -0.00987576414 -0.000956712989 0.00628299918 -0.0103950733 -0.000791848463 0.00669272337 -0.0103950733 -0.000791848463 0.00669272337 -0.00987576414 -0.000956712989 0.00628299918 -0.0096730506 -0.000791848463 0.00765801454 -0.00987576414 -0.000956712989 0.00628299918 -0.00918981154 -0.000956712989 0.0072000674 -0.0096730506 -0.000791848463 0.00765801454 -0.0096730506 -0.000791848463 0.00765801454 -0.00918981154 -0.000956712989 0.0072000674 -0.0088636158 -0.000791848463 0.00854853913 -0.00918981154 -0.000956712989 0.0072000674 -0.00842081383 -0.000956712989 0.00804610271 -0.0088636158 -0.000791848463 0.00854853913 -0.0088636158 -0.000791848463 0.00854853913 -0.00842081383 -0.000956712989 0.00804610271 -0.00797309168 -0.000791848463 0.009357973 -0.00842081383 -0.000956712989 0.00804610271 -0.00757477805 -0.000956712989 0.00881510042 -0.00797309168 -0.000791848463 0.009357973 -0.00797309168 -0.000791848463 0.009357973 -0.00757477805 -0.000956712989 0.00881510042 -0.00700780097 -0.000791848463 0.0100799957 -0.00757477805 -0.000956712989 0.00881510042 -0.0066577103 -0.000956712989 0.00950105302 -0.00700780097 -0.000791848463 0.0100799957 -0.00700780097 -0.000791848463 0.0100799957 -0.0066577103 -0.000956712989 0.00950105302 -0.00597406505 -0.000791848463 0.0107082846 -0.0066577103 -0.000956712989 0.00950105302 -0.00567561714 -0.000956712989 0.0100979535 -0.00597406505 -0.000791848463 0.0107082846 -0.00597406505 -0.000791848463 0.0107082846 -0.00567561714 -0.000956712989 0.0100979535 -0.00487820664 -0.000791848463 0.0112365158 -0.00567561714 -0.000956712989 0.0100979535 -0.00463450514 -0.000956712989 0.0105997967 -0.00487820664 -0.000791848463 0.0112365158 -0.00487820664 -0.000791848463 0.0112365158 -0.00463450514 -0.000956712989 0.0105997967 -0.00372654898 -0.000791848463 0.0116583686 -0.00463450514 -0.000956712989 0.0105997967 -0.00354038063 -0.000956712989 0.0110005746 -0.00372654898 -0.000791848463 0.0116583686 -0.00372654898 -0.000791848463 0.0116583686 -0.00354038063 -0.000956712989 0.0110005746 -0.00252541341 -0.000791848463 0.0119675193 -0.00354038063 -0.000956712989 0.0110005746 -0.00239925086 -0.000956712989 0.0112942811 -0.00252541341 -0.000791848463 0.0119675193 -0.00252541341 -0.000791848463 0.0119675193 -0.00239925086 -0.000956712989 0.0112942811 -0.00128112303 -0.000791848463 0.012157646 -0.00239925086 -0.000956712989 0.0112942811 -0.00121712161 -0.000956712989 0.0114749093 -0.00128112303 -0.000791848463 0.012157646 -0.00128112303 -0.000791848463 0.012157646 -0.00121712161 -0.000956712989 0.0114749093 2.24803847e-18 -0.000791848463 0.0122224269 -0.00121712161 -0.000956712989 0.0114749093 1.75627132e-18 -0.000956712989 0.0115364539 2.24803847e-18 -0.000791848463 0.0122224269 2.24803847e-18 -0.000791848463 0.0122224269 1.75627132e-18 -0.000956712989 0.0115364539 0.00128112303 -0.000791848463 0.012157646 1.75627132e-18 -0.000956712989 0.0115364539 0.00121712161 -0.000956712989 0.0114749093 0.00128112303 -0.000791848463 0.012157646 0.00128112303 -0.000791848463 0.012157646 0.00121712161 -0.000956712989 0.0114749093 0.00252541341 -0.000791848463 0.0119675193 0.00121712161 -0.000956712989 0.0114749093 0.00239925086 -0.000956712989 0.0112942811 0.00252541341 -0.000791848463 0.0119675193 0.00252541341 -0.000791848463 0.0119675193 0.00239925086 -0.000956712989 0.0112942811 0.00372654898 -0.000791848463 0.0116583686 0.00239925086 -0.000956712989 0.0112942811 0.00354038063 -0.000956712989 0.0110005746 0.00372654898 -0.000791848463 0.0116583686 0.00372654898 -0.000791848463 0.0116583686 0.00354038063 -0.000956712989 0.0110005746 0.00487820664 -0.000791848463 0.0112365158 0.00354038063 -0.000956712989 0.0110005746 0.00463450514 -0.000956712989 0.0105997967 0.00487820664 -0.000791848463 0.0112365158 0.00487820664 -0.000791848463 0.0112365158 0.00463450514 -0.000956712989 0.0105997967 0.00597406505 -0.000791848463 0.0107082846 0.00463450514 -0.000956712989 0.0105997967 0.00567561714 -0.000956712989 0.0100979535 0.00597406505 -0.000791848463 0.0107082846 0.00597406505 -0.000791848463 0.0107082846 0.00567561714 -0.000956712989 0.0100979535 0.00700780097 -0.000791848463 0.0100799957 0.00567561714 -0.000956712989 0.0100979535 0.0066577103 -0.000956712989 0.00950105302 0.00700780097 -0.000791848463 0.0100799957 0.00700780097 -0.000791848463 0.0100799957 0.0066577103 -0.000956712989 0.00950105302 0.00797309168 -0.000791848463 0.009357973 0.0066577103 -0.000956712989 0.00950105302 0.00757477805 -0.000956712989 0.00881510042 0.00797309168 -0.000791848463 0.009357973 0.00797309168 -0.000791848463 0.009357973 0.00757477805 -0.000956712989 0.00881510042 0.0088636158 -0.000791848463 0.00854853913 0.00757477805 -0.000956712989 0.00881510042 0.00842081383 -0.000956712989 0.00804610271 0.0088636158 -0.000791848463 0.00854853913 0.0088636158 -0.000791848463 0.00854853913 0.00842081383 -0.000956712989 0.00804610271 0.0096730506 -0.000791848463 0.00765801454 0.00842081383 -0.000956712989 0.00804610271 0.00918981154 -0.000956712989 0.0072000674 0.0096730506 -0.000791848463 0.00765801454 0.0096730506 -0.000791848463 0.00765801454 0.00918981154 -0.000956712989 0.0072000674 0.0103950733 -0.000791848463 0.00669272337 0.00918981154 -0.000956712989 0.0072000674 0.00987576414 -0.000956712989 0.00628299918 0.0103950733 -0.000791848463 0.00669272337 0.0103950733 -0.000791848463 0.00669272337 0.00987576414 -0.000956712989 0.00628299918 0.0110233612 -0.000791848463 0.00565898744 0.00987576414 -0.000956712989 0.00628299918 0.0104726646 -0.000956712989 0.00530090602 0.0110233612 -0.000791848463 0.00565898744 0.0110233612 -0.000791848463 0.00565898744 0.0104726646 -0.000956712989 0.00530090602 0.0115515934 -0.000791848463 0.00456312951 0.0104726646 -0.000956712989 0.00530090602 0.0109745068 -0.000956712989 0.00425979402 0.0115515934 -0.000791848463 0.00456312951 0.0115515934 -0.000791848463 0.00456312951 0.0109745068 -0.000956712989 0.00425979402 0.0119734453 -0.000791848463 0.00341147161 0.0109745068 -0.000956712989 0.00425979402 0.0113752848 -0.000956712989 0.00316566974 0.0119734453 -0.000791848463 0.00341147161 0.0119734453 -0.000791848463 0.00341147161 0.0113752848 -0.000956712989 0.00316566974 0.0122825969 -0.000791848463 0.00221033627 0.0113752848 -0.000956712989 0.00316566974 0.0116689922 -0.000956712989 0.00202453998 0.0122825969 -0.000791848463 0.00221033627 0.0122825969 -0.000791848463 0.00221033627 0.0116689922 -0.000956712989 0.00202453998 0.0124727236 -0.000791848463 0.000966045714 0.0116689922 -0.000956712989 0.00202453998 0.0118496204 -0.000956712989 0.00084241078 0.0124727236 -0.000791848463 0.000966045714 0.0124727236 -0.000791848463 0.000966045714 0.0118496204 -0.000956712989 0.00084241078 0.0125375045 -0.000791848463 -0.000315077341 0.0118496204 -0.000956712989 0.00084241078 0.011911165 -0.000956712989 -0.000374710886 0.0125375045 -0.000791848463 -0.000315077341 0.0125375045 -0.000791848463 -0.000315077341 0.011911165 -0.000956712989 -0.000374710886 0.0124727236 -0.000791848463 -0.0015962004 0.011911165 -0.000956712989 -0.000374710886 0.0118496204 -0.000956712989 -0.00159183249 0.0124727236 -0.000791848463 -0.0015962004 0.0124727236 -0.000791848463 -0.0015962004 0.0118496204 -0.000956712989 -0.00159183249 0.0122825969 -0.000791848463 -0.00284049078 0.0118496204 -0.000956712989 -0.00159183249 0.0116689922 -0.000956712989 -0.00277396175 0.0122825969 -0.000791848463 -0.00284049078 0.0122825969 -0.000791848463 -0.00284049078 0.0116689922 -0.000956712989 -0.00277396175 0.0119734453 -0.000791848463 -0.00404162612 0.0116689922 -0.000956712989 -0.00277396175 0.0113752848 -0.000956712989 -0.00391509151 0.0119734453 -0.000791848463 -0.00404162612 0.0119734453 -0.000791848463 -0.00404162612 0.0113752848 -0.000956712989 -0.00391509151 0.0115515934 -0.000791848463 -0.00519328425 0.0113752848 -0.000956712989 -0.00391509151 0.0109745068 -0.000956712989 -0.00500921579 0.0115515934 -0.000791848463 -0.00519328425 0.0115515934 -0.000791848463 -0.00519328425 0.0109745068 -0.000956712989 -0.00500921579 0.0110233612 -0.000791848463 -0.00628914218 0.0109745068 -0.000956712989 -0.00500921579 0.0104726646 -0.000956712989 -0.00605032779 0.0110233612 -0.000791848463 -0.00628914218 0.0110233612 -0.000791848463 -0.00628914218 0.0104726646 -0.000956712989 -0.00605032779 0.0103950733 -0.000791848463 -0.00732287811 0.0104726646 -0.000956712989 -0.00605032779 0.00987576414 -0.000956712989 -0.00703242095 0.0103950733 -0.000791848463 -0.00732287811 0.0103950733 -0.000791848463 -0.00732287811 0.00987576414 -0.000956712989 -0.00703242095 0.0096730506 -0.000791848463 -0.00828816928 0.00987576414 -0.000956712989 -0.00703242095 0.00918981154 -0.000956712989 -0.00794948917 0.0096730506 -0.000791848463 -0.00828816928 0.0096730506 -0.000791848463 -0.00828816928 0.00918981154 -0.000956712989 -0.00794948917 0.0088636158 -0.000791848463 -0.00917869341 0.00918981154 -0.000956712989 -0.00794948917 0.00842081383 -0.000956712989 -0.00879552495 0.0088636158 -0.000791848463 -0.00917869341 0.0088636158 -0.000791848463 -0.00917869341 0.00842081383 -0.000956712989 -0.00879552495 0.00797309168 -0.000791848463 -0.00998812821 0.00842081383 -0.000956712989 -0.00879552495 0.00757477805 -0.000956712989 -0.00956452265 0.00797309168 -0.000791848463 -0.00998812821 0.00797309168 -0.000791848463 -0.00998812821 0.00757477805 -0.000956712989 -0.00956452265 0.00700780097 -0.000791848463 -0.0107101509 0.00757477805 -0.000956712989 -0.00956452265 0.0066577103 -0.000956712989 -0.0102504743 0.00700780097 -0.000791848463 -0.0107101509 0.00700780097 -0.000791848463 -0.0107101509 0.0066577103 -0.000956712989 -0.0102504743 0.00597406505 -0.000791848463 -0.0113384388 0.0066577103 -0.000956712989 -0.0102504743 0.00567561714 -0.000956712989 -0.0108473757 0.00597406505 -0.000791848463 -0.0113384388 0.00597406505 -0.000791848463 -0.0113384388 0.00567561714 -0.000956712989 -0.0108473757 0.00487820664 -0.000791848463 -0.011866671 0.00567561714 -0.000956712989 -0.0108473757 0.00463450514 -0.000956712989 -0.011349218 0.00487820664 -0.000791848463 -0.011866671 0.00487820664 -0.000791848463 -0.011866671 0.00463450514 -0.000956712989 -0.011349218 0.00372654898 -0.000791848463 -0.0122885229 0.00463450514 -0.000956712989 -0.011349218 0.00354038063 -0.000956712989 -0.0117499959 0.00372654898 -0.000791848463 -0.0122885229 0.00372654898 -0.000791848463 -0.0122885229 0.00354038063 -0.000956712989 -0.0117499959 0.00252541341 -0.000791848463 -0.0125976745 0.00354038063 -0.000956712989 -0.0117499959 0.00239925086 -0.000956712989 -0.0120437024 0.00252541341 -0.000791848463 -0.0125976745 0.00252541341 -0.000791848463 -0.0125976745 0.00239925086 -0.000956712989 -0.0120437024 0.00128112303 -0.000791848463 -0.0127878012 0.00239925086 -0.000956712989 -0.0120437024 0.00121712161 -0.000956712989 -0.0122243315 0.00128112303 -0.000791848463 -0.0127878012 0.00128112303 -0.000791848463 -0.0127878012 0.00121712161 -0.000956712989 -0.0122243315 -5.0669941e-18 -0.000791848463 -0.0128525821 0.00121712161 -0.000956712989 -0.0122243315 -4.96501307e-18 -0.000956712989 -0.0122858761 -5.0669941e-18 -0.000791848463 -0.0128525821 -5.0669941e-18 -0.000791848463 -0.0128525821 -4.96501307e-18 -0.000956712989 -0.0122858761 -0.00128112303 -0.000791848463 -0.0127878012 -4.96501307e-18 -0.000956712989 -0.0122858761 -0.00121712161 -0.000956712989 -0.0122243315 -0.00128112303 -0.000791848463 -0.0127878012 -0.00128112303 -0.000791848463 -0.0127878012 -0.00121712161 -0.000956712989 -0.0122243315 -0.00252541341 -0.000791848463 -0.0125976745 -0.00121712161 -0.000956712989 -0.0122243315 -0.00239925086 -0.000956712989 -0.0120437024 -0.00252541341 -0.000791848463 -0.0125976745 -0.00252541341 -0.000791848463 -0.0125976745 -0.00239925086 -0.000956712989 -0.0120437024 -0.00372654898 -0.000791848463 -0.0122885229 -0.00239925086 -0.000956712989 -0.0120437024 -0.00354038063 -0.000956712989 -0.0117499959 -0.00372654898 -0.000791848463 -0.0122885229 -0.00372654898 -0.000791848463 -0.0122885229 -0.00354038063 -0.000956712989 -0.0117499959 -0.00487820664 -0.000791848463 -0.011866671 -0.00354038063 -0.000956712989 -0.0117499959 -0.00463450514 -0.000956712989 -0.011349218 -0.00487820664 -0.000791848463 -0.011866671 -0.00487820664 -0.000791848463 -0.011866671 -0.00463450514 -0.000956712989 -0.011349218 -0.00597406505 -0.000791848463 -0.0113384388 -0.00463450514 -0.000956712989 -0.011349218 -0.00567561714 -0.000956712989 -0.0108473757 -0.00597406505 -0.000791848463 -0.0113384388 -0.00597406505 -0.000791848463 -0.0113384388 -0.00567561714 -0.000956712989 -0.0108473757 -0.00700780097 -0.000791848463 -0.0107101509 -0.00567561714 -0.000956712989 -0.0108473757 -0.0066577103 -0.000956712989 -0.0102504743 -0.00700780097 -0.000791848463 -0.0107101509 -0.00700780097 -0.000791848463 -0.0107101509 -0.0066577103 -0.000956712989 -0.0102504743 -0.00797309168 -0.000791848463 -0.00998812821 -0.0066577103 -0.000956712989 -0.0102504743 -0.00757477805 -0.000956712989 -0.00956452265 -0.00797309168 -0.000791848463 -0.00998812821 -0.00797309168 -0.000791848463 -0.00998812821 -0.00757477805 -0.000956712989 -0.00956452265 -0.0088636158 -0.000791848463 -0.00917869341 -0.00757477805 -0.000956712989 -0.00956452265 -0.00842081383 -0.000956712989 -0.00879552495 -0.0088636158 -0.000791848463 -0.00917869341 -0.0088636158 -0.000791848463 -0.00917869341 -0.00842081383 -0.000956712989 -0.00879552495 -0.0096730506 -0.000791848463 -0.00828816928 -0.00842081383 -0.000956712989 -0.00879552495 -0.00918981154 -0.000956712989 -0.00794948917 -0.0096730506 -0.000791848463 -0.00828816928 -0.0096730506 -0.000791848463 -0.00828816928 -0.00918981154 -0.000956712989 -0.00794948917 -0.0103950733 -0.000791848463 -0.00732287811 -0.00918981154 -0.000956712989 -0.00794948917 -0.00987576414 -0.000956712989 -0.00703242095 -0.0103950733 -0.000791848463 -0.00732287811 -0.0103950733 -0.000791848463 -0.00732287811 -0.00987576414 -0.000956712989 -0.00703242095 -0.0110233612 -0.000791848463 -0.00628914218 0.0082233334 -0.00139246811 -0.0072377515 0.00753520988 -0.00139246811 -0.00799481105 0.00797801185 -0.0011571236 -0.00840135105 0.00753520988 -0.00139246811 -0.00799481105 0.00677815033 -0.00139246811 -0.00868293457 0.00797801185 -0.0011571236 -0.00840135105 0.00797801185 -0.0011571236 -0.00840135105 0.00677815033 -0.00139246811 -0.00868293457 0.00717646442 -0.0011571236 -0.00912991073 0.00677815033 -0.00139246811 -0.00868293457 0.00595752895 -0.00139246811 -0.00929674599 0.00717646442 -0.0011571236 -0.00912991073 0.00717646442 -0.0011571236 -0.00912991073 0.00595752895 -0.00139246811 -0.00929674599 0.00630761962 -0.0011571236 -0.00977979321 0.00595752895 -0.00139246811 -0.00929674599 0.00507872133 -0.00139246811 -0.0098308716 0.00630761962 -0.0011571236 -0.00977979321 0.00630761962 -0.0011571236 -0.00977979321 0.00507872133 -0.00139246811 -0.0098308716 0.00537716923 -0.0011571236 -0.0103453062 0.00507872133 -0.00139246811 -0.0098308716 0.00414710119 -0.00139246811 -0.0102799367 0.00537716923 -0.0011571236 -0.0103453062 0.00537716923 -0.0011571236 -0.0103453062 0.00414710119 -0.00139246811 -0.0102799367 0.00439080317 -0.0011571236 -0.0108207604 0.00414710119 -0.00139246811 -0.0102799367 0.00316804438 -0.00139246811 -0.0106385648 0.00439080317 -0.0011571236 -0.0108207604 0.00439080317 -0.0011571236 -0.0108207604 0.00316804438 -0.00139246811 -0.0106385648 0.0033542125 -0.0011571236 -0.0112004634 0.00316804438 -0.00139246811 -0.0106385648 0.00214692531 -0.00139246811 -0.0109013831 0.0033542125 -0.0011571236 -0.0112004634 0.0033542125 -0.0011571236 -0.0112004634 0.00214692531 -0.00139246811 -0.0109013831 0.00227308809 -0.0011571236 -0.0114787258 0.00214692531 -0.00139246811 -0.0109013831 0.00108911889 -0.00139246811 -0.011063016 0.00227308809 -0.0011571236 -0.0114787258 0.00227308809 -0.0011571236 -0.0114787258 0.00108911889 -0.00139246811 -0.011063016 0.00115312031 -0.0011571236 -0.0116498563 0.00108911889 -0.00139246811 -0.011063016 -4.63953901e-18 -0.00139246811 -0.011118087 0.00115312031 -0.0011571236 -0.0116498563 0.00115312031 -0.0011571236 -0.0116498563 -4.63953901e-18 -0.00139246811 -0.011118087 -4.82444614e-18 -0.0011571236 -0.0117081646 -4.63953901e-18 -0.00139246811 -0.011118087 -0.00108911889 -0.00139246811 -0.011063016 -4.82444614e-18 -0.0011571236 -0.0117081646 -4.82444614e-18 -0.0011571236 -0.0117081646 -0.00108911889 -0.00139246811 -0.011063016 -0.00115312031 -0.0011571236 -0.0116498563 -0.00108911889 -0.00139246811 -0.011063016 -0.00214692531 -0.00139246811 -0.0109013831 -0.00115312031 -0.0011571236 -0.0116498563 -0.00115312031 -0.0011571236 -0.0116498563 -0.00214692531 -0.00139246811 -0.0109013831 -0.00227308809 -0.0011571236 -0.0114787258 -0.00214692531 -0.00139246811 -0.0109013831 -0.00316804438 -0.00139246811 -0.0106385648 -0.00227308809 -0.0011571236 -0.0114787258 -0.00227308809 -0.0011571236 -0.0114787258 -0.00316804438 -0.00139246811 -0.0106385648 -0.0033542125 -0.0011571236 -0.0112004634 -0.00316804438 -0.00139246811 -0.0106385648 -0.00414710119 -0.00139246811 -0.0102799367 -0.0033542125 -0.0011571236 -0.0112004634 -0.0033542125 -0.0011571236 -0.0112004634 -0.00414710119 -0.00139246811 -0.0102799367 -0.00439080317 -0.0011571236 -0.0108207604 -0.00414710119 -0.00139246811 -0.0102799367 -0.00507872133 -0.00139246811 -0.0098308716 -0.00439080317 -0.0011571236 -0.0108207604 -0.00439080317 -0.0011571236 -0.0108207604 -0.00507872133 -0.00139246811 -0.0098308716 -0.00537716923 -0.0011571236 -0.0103453062 -0.00507872133 -0.00139246811 -0.0098308716 -0.00595752895 -0.00139246811 -0.00929674599 -0.00537716923 -0.0011571236 -0.0103453062 -0.00537716923 -0.0011571236 -0.0103453062 -0.00595752895 -0.00139246811 -0.00929674599 -0.00630761962 -0.0011571236 -0.00977979321 -0.00595752895 -0.00139246811 -0.00929674599 -0.00677815033 -0.00139246811 -0.00868293457 -0.00630761962 -0.0011571236 -0.00977979321 -0.00630761962 -0.0011571236 -0.00977979321 -0.00677815033 -0.00139246811 -0.00868293457 -0.00717646442 -0.0011571236 -0.00912991073 -0.00677815033 -0.00139246811 -0.00868293457 -0.00753520988 -0.00139246811 -0.00799481105 -0.00717646442 -0.0011571236 -0.00912991073 -0.00717646442 -0.0011571236 -0.00912991073 -0.00753520988 -0.00139246811 -0.00799481105 -0.00797801185 -0.0011571236 -0.00840135105 -0.00753520988 -0.00139246811 -0.00799481105 -0.00870657247 -0.0011571236 -0.00759980315 -0.00797801185 -0.0011571236 -0.00840135105 -0.0104726646 -0.000956712989 -0.00605032779 -0.00992196798 -0.0011571236 -0.00580050796 -0.0109745068 -0.000956712989 -0.00500921579 -0.00992196798 -0.0011571236 -0.00580050796 -0.0103974212 -0.0011571236 -0.0048141419 -0.0109745068 -0.000956712989 -0.00500921579 -0.0109745068 -0.000956712989 -0.00500921579 -0.0103974212 -0.0011571236 -0.0048141419 -0.0113752848 -0.000956712989 -0.00391509151 -0.0103974212 -0.0011571236 -0.0048141419 -0.0107771242 -0.0011571236 -0.00377755146 -0.0113752848 -0.000956712989 -0.00391509151 -0.0113752848 -0.000956712989 -0.00391509151 -0.0107771242 -0.0011571236 -0.00377755146 -0.0116689922 -0.000956712989 -0.00277396175 -0.0107771242 -0.0011571236 -0.00377755146 -0.0110553866 -0.0011571236 -0.00269642682 -0.0116689922 -0.000956712989 -0.00277396175 -0.0116689922 -0.000956712989 -0.00277396175 -0.0110553866 -0.0011571236 -0.00269642682 -0.0118496204 -0.000956712989 -0.00159183249 -0.0110553866 -0.0011571236 -0.00269642682 -0.0112265171 -0.0011571236 -0.00157645915 -0.0118496204 -0.000956712989 -0.00159183249 -0.0118496204 -0.000956712989 -0.00159183249 -0.0112265171 -0.0011571236 -0.00157645915 -0.011911165 -0.000956712989 -0.000374710886 -0.0112265171 -0.0011571236 -0.00157645915 -0.0112848254 -0.0011571236 -0.000423338905 -0.011911165 -0.000956712989 -0.000374710886 -0.011911165 -0.000956712989 -0.000374710886 -0.0112848254 -0.0011571236 -0.000423338905 -0.0118496204 -0.000956712989 0.00084241078 -0.0112848254 -0.0011571236 -0.000423338905 -0.0112265171 -0.0011571236 0.000729781343 -0.0118496204 -0.000956712989 0.00084241078 -0.0118496204 -0.000956712989 0.00084241078 -0.0112265171 -0.0011571236 0.000729781343 -0.0116689922 -0.000956712989 0.00202453998 -0.0112265171 -0.0011571236 0.000729781343 -0.0110553866 -0.0011571236 0.00184974913 -0.0116689922 -0.000956712989 0.00202453998 -0.0116689922 -0.000956712989 0.00202453998 -0.0110553866 -0.0011571236 0.00184974913 -0.0113752848 -0.000956712989 0.00316566974 -0.0110553866 -0.0011571236 0.00184974913 -0.0107771242 -0.0011571236 0.00293087354 -0.0113752848 -0.000956712989 0.00316566974 -0.0113752848 -0.000956712989 0.00316566974 -0.0107771242 -0.0011571236 0.00293087354 -0.0109745068 -0.000956712989 0.00425979402 -0.0107771242 -0.0011571236 0.00293087354 -0.0103974212 -0.0011571236 0.00396746444 -0.0109745068 -0.000956712989 0.00425979402 -0.0109745068 -0.000956712989 0.00425979402 -0.0103974212 -0.0011571236 0.00396746444 -0.0104726646 -0.000956712989 0.00530090602 -0.0103974212 -0.0011571236 0.00396746444 -0.00992196798 -0.0011571236 0.00495383004 -0.0104726646 -0.000956712989 0.00530090602 -0.0104726646 -0.000956712989 0.00530090602 -0.00992196798 -0.0011571236 0.00495383004 -0.00987576414 -0.000956712989 0.00628299918 -0.00992196798 -0.0011571236 0.00495383004 -0.00935645401 -0.0011571236 0.00588428089 -0.00987576414 -0.000956712989 0.00628299918 -0.00987576414 -0.000956712989 0.00628299918 -0.00935645401 -0.0011571236 0.00588428089 -0.00918981154 -0.000956712989 0.0072000674 -0.00935645401 -0.0011571236 0.00588428089 -0.00870657247 -0.0011571236 0.00675312523 -0.00918981154 -0.000956712989 0.0072000674 -0.00918981154 -0.000956712989 0.0072000674 -0.00870657247 -0.0011571236 0.00675312523 -0.00842081383 -0.000956712989 0.00804610271 -0.00870657247 -0.0011571236 0.00675312523 -0.00797801185 -0.0011571236 0.00755467312 -0.00842081383 -0.000956712989 0.00804610271 -0.00842081383 -0.000956712989 0.00804610271 -0.00797801185 -0.0011571236 0.00755467312 -0.00757477805 -0.000956712989 0.00881510042 -0.00797801185 -0.0011571236 0.00755467312 -0.00717646442 -0.0011571236 0.00828323327 -0.00757477805 -0.000956712989 0.00881510042 -0.00757477805 -0.000956712989 0.00881510042 -0.00717646442 -0.0011571236 0.00828323327 -0.0066577103 -0.000956712989 0.00950105302 -0.00717646442 -0.0011571236 0.00828323327 -0.00630761962 -0.0011571236 0.00893311575 -0.0066577103 -0.000956712989 0.00950105302 -0.0066577103 -0.000956712989 0.00950105302 -0.00630761962 -0.0011571236 0.00893311575 -0.00567561714 -0.000956712989 0.0100979535 -0.00630761962 -0.0011571236 0.00893311575 -0.00537716923 -0.0011571236 0.00949862879 -0.00567561714 -0.000956712989 0.0100979535 -0.00567561714 -0.000956712989 0.0100979535 -0.00537716923 -0.0011571236 0.00949862879 -0.00463450514 -0.000956712989 0.0105997967 -0.00537716923 -0.0011571236 0.00949862879 -0.00439080317 -0.0011571236 0.009974082 -0.00463450514 -0.000956712989 0.0105997967 -0.00463450514 -0.000956712989 0.0105997967 -0.00439080317 -0.0011571236 0.009974082 -0.00354038063 -0.000956712989 0.0110005746 -0.00439080317 -0.0011571236 0.009974082 -0.0033542125 -0.0011571236 0.0103537859 -0.00354038063 -0.000956712989 0.0110005746 -0.00354038063 -0.000956712989 0.0110005746 -0.0033542125 -0.0011571236 0.0103537859 -0.00239925086 -0.000956712989 0.0112942811 -0.0033542125 -0.0011571236 0.0103537859 -0.00227308809 -0.0011571236 0.0106320484 -0.00239925086 -0.000956712989 0.0112942811 -0.00239925086 -0.000956712989 0.0112942811 -0.00227308809 -0.0011571236 0.0106320484 -0.00121712161 -0.000956712989 0.0114749093 -0.00227308809 -0.0011571236 0.0106320484 -0.00115312031 -0.0011571236 0.0108031789 -0.00121712161 -0.000956712989 0.0114749093 -0.00121712161 -0.000956712989 0.0114749093 -0.00115312031 -0.0011571236 0.0108031789 1.75627132e-18 -0.000956712989 0.0115364539 -0.00115312031 -0.0011571236 0.0108031789 1.35862265e-18 -0.0011571236 0.0108614862 1.75627132e-18 -0.000956712989 0.0115364539 1.75627132e-18 -0.000956712989 0.0115364539 1.35862265e-18 -0.0011571236 0.0108614862 0.00121712161 -0.000956712989 0.0114749093 1.35862265e-18 -0.0011571236 0.0108614862 0.00115312031 -0.0011571236 0.0108031789 0.00121712161 -0.000956712989 0.0114749093 0.00121712161 -0.000956712989 0.0114749093 0.00115312031 -0.0011571236 0.0108031789 0.00239925086 -0.000956712989 0.0112942811 0.00115312031 -0.0011571236 0.0108031789 0.00227308809 -0.0011571236 0.0106320484 0.00239925086 -0.000956712989 0.0112942811 0.00239925086 -0.000956712989 0.0112942811 0.00227308809 -0.0011571236 0.0106320484 0.00354038063 -0.000956712989 0.0110005746 0.00227308809 -0.0011571236 0.0106320484 0.0033542125 -0.0011571236 0.0103537859 0.00354038063 -0.000956712989 0.0110005746 0.00354038063 -0.000956712989 0.0110005746 0.0033542125 -0.0011571236 0.0103537859 0.00463450514 -0.000956712989 0.0105997967 0.0033542125 -0.0011571236 0.0103537859 0.00439080317 -0.0011571236 0.009974082 0.00463450514 -0.000956712989 0.0105997967 0.00463450514 -0.000956712989 0.0105997967 0.00439080317 -0.0011571236 0.009974082 0.00567561714 -0.000956712989 0.0100979535 0.00439080317 -0.0011571236 0.009974082 0.00537716923 -0.0011571236 0.00949862879 0.00567561714 -0.000956712989 0.0100979535 0.00567561714 -0.000956712989 0.0100979535 0.00537716923 -0.0011571236 0.00949862879 0.0066577103 -0.000956712989 0.00950105302 0.00537716923 -0.0011571236 0.00949862879 0.00630761962 -0.0011571236 0.00893311575 0.0066577103 -0.000956712989 0.00950105302 0.0066577103 -0.000956712989 0.00950105302 0.00630761962 -0.0011571236 0.00893311575 0.00757477805 -0.000956712989 0.00881510042 0.00630761962 -0.0011571236 0.00893311575 0.00717646442 -0.0011571236 0.00828323327 0.00757477805 -0.000956712989 0.00881510042 0.00757477805 -0.000956712989 0.00881510042 0.00717646442 -0.0011571236 0.00828323327 0.00842081383 -0.000956712989 0.00804610271 0.00717646442 -0.0011571236 0.00828323327 0.00797801185 -0.0011571236 0.00755467312 0.00842081383 -0.000956712989 0.00804610271 0.00842081383 -0.000956712989 0.00804610271 0.00797801185 -0.0011571236 0.00755467312 0.00918981154 -0.000956712989 0.0072000674 0.00797801185 -0.0011571236 0.00755467312 0.00870657247 -0.0011571236 0.00675312523 0.00918981154 -0.000956712989 0.0072000674 0.00918981154 -0.000956712989 0.0072000674 0.00870657247 -0.0011571236 0.00675312523 0.00987576414 -0.000956712989 0.00628299918 0.00870657247 -0.0011571236 0.00675312523 0.00935645401 -0.0011571236 0.00588428089 0.00987576414 -0.000956712989 0.00628299918 0.00987576414 -0.000956712989 0.00628299918 0.00935645401 -0.0011571236 0.00588428089 0.0104726646 -0.000956712989 0.00530090602 0.00935645401 -0.0011571236 0.00588428089 0.00992196798 -0.0011571236 0.00495383004 0.0104726646 -0.000956712989 0.00530090602 0.0104726646 -0.000956712989 0.00530090602 0.00992196798 -0.0011571236 0.00495383004 0.0109745068 -0.000956712989 0.00425979402 0.00992196798 -0.0011571236 0.00495383004 0.0103974212 -0.0011571236 0.00396746444 0.0109745068 -0.000956712989 0.00425979402 0.0109745068 -0.000956712989 0.00425979402 0.0103974212 -0.0011571236 0.00396746444 0.0113752848 -0.000956712989 0.00316566974 0.0103974212 -0.0011571236 0.00396746444 0.0107771242 -0.0011571236 0.00293087354 0.0113752848 -0.000956712989 0.00316566974 0.0113752848 -0.000956712989 0.00316566974 0.0107771242 -0.0011571236 0.00293087354 0.0116689922 -0.000956712989 0.00202453998 0.0107771242 -0.0011571236 0.00293087354 0.0110553866 -0.0011571236 0.00184974913 0.0116689922 -0.000956712989 0.00202453998 0.0116689922 -0.000956712989 0.00202453998 0.0110553866 -0.0011571236 0.00184974913 0.0118496204 -0.000956712989 0.00084241078 0.0110553866 -0.0011571236 0.00184974913 0.0112265171 -0.0011571236 0.000729781343 0.0118496204 -0.000956712989 0.00084241078 0.0118496204 -0.000956712989 0.00084241078 0.0112265171 -0.0011571236 0.000729781343 0.011911165 -0.000956712989 -0.000374710886 0.0112265171 -0.0011571236 0.000729781343 0.0112848254 -0.0011571236 -0.000423338905 0.011911165 -0.000956712989 -0.000374710886 0.011911165 -0.000956712989 -0.000374710886 0.0112848254 -0.0011571236 -0.000423338905 0.0118496204 -0.000956712989 -0.00159183249 0.0112848254 -0.0011571236 -0.000423338905 0.0112265171 -0.0011571236 -0.00157645915 0.0118496204 -0.000956712989 -0.00159183249 0.0118496204 -0.000956712989 -0.00159183249 0.0112265171 -0.0011571236 -0.00157645915 0.0116689922 -0.000956712989 -0.00277396175 0.0112265171 -0.0011571236 -0.00157645915 0.0110553866 -0.0011571236 -0.00269642682 0.0116689922 -0.000956712989 -0.00277396175 0.0116689922 -0.000956712989 -0.00277396175 0.0110553866 -0.0011571236 -0.00269642682 0.0113752848 -0.000956712989 -0.00391509151 0.0110553866 -0.0011571236 -0.00269642682 0.0107771242 -0.0011571236 -0.00377755146 0.0113752848 -0.000956712989 -0.00391509151 0.0113752848 -0.000956712989 -0.00391509151 0.0107771242 -0.0011571236 -0.00377755146 0.0109745068 -0.000956712989 -0.00500921579 0.0107771242 -0.0011571236 -0.00377755146 0.0103974212 -0.0011571236 -0.0048141419 0.0109745068 -0.000956712989 -0.00500921579 0.0109745068 -0.000956712989 -0.00500921579 0.0103974212 -0.0011571236 -0.0048141419 0.0104726646 -0.000956712989 -0.00605032779 0.0103974212 -0.0011571236 -0.0048141419 0.00992196798 -0.0011571236 -0.00580050796 0.0104726646 -0.000956712989 -0.00605032779 0.0104726646 -0.000956712989 -0.00605032779 0.00992196798 -0.0011571236 -0.00580050796 0.00987576414 -0.000956712989 -0.00703242095 0.00992196798 -0.0011571236 -0.00580050796 0.00935645401 -0.0011571236 -0.00673095835 0.00987576414 -0.000956712989 -0.00703242095 0.00987576414 -0.000956712989 -0.00703242095 0.00935645401 -0.0011571236 -0.00673095835 0.00918981154 -0.000956712989 -0.00794948917 0.00935645401 -0.0011571236 -0.00673095835 0.00870657247 -0.0011571236 -0.00759980315 0.00918981154 -0.000956712989 -0.00794948917 0.00918981154 -0.000956712989 -0.00794948917 0.00870657247 -0.0011571236 -0.00759980315 0.00842081383 -0.000956712989 -0.00879552495 0.00870657247 -0.0011571236 -0.00759980315 0.00797801185 -0.0011571236 -0.00840135105 0.00842081383 -0.000956712989 -0.00879552495 0.00842081383 -0.000956712989 -0.00879552495 0.00797801185 -0.0011571236 -0.00840135105 0.00757477805 -0.000956712989 -0.00956452265 0.00797801185 -0.0011571236 -0.00840135105 0.00717646442 -0.0011571236 -0.00912991073 0.00757477805 -0.000956712989 -0.00956452265 0.00757477805 -0.000956712989 -0.00956452265 0.00717646442 -0.0011571236 -0.00912991073 0.0066577103 -0.000956712989 -0.0102504743 0.00717646442 -0.0011571236 -0.00912991073 0.00630761962 -0.0011571236 -0.00977979321 0.0066577103 -0.000956712989 -0.0102504743 0.0066577103 -0.000956712989 -0.0102504743 0.00630761962 -0.0011571236 -0.00977979321 0.00567561714 -0.000956712989 -0.0108473757 0.00630761962 -0.0011571236 -0.00977979321 0.00537716923 -0.0011571236 -0.0103453062 0.00567561714 -0.000956712989 -0.0108473757 0.00567561714 -0.000956712989 -0.0108473757 0.00537716923 -0.0011571236 -0.0103453062 0.00463450514 -0.000956712989 -0.011349218 0.00537716923 -0.0011571236 -0.0103453062 0.00439080317 -0.0011571236 -0.0108207604 0.00463450514 -0.000956712989 -0.011349218 0.00463450514 -0.000956712989 -0.011349218 0.00439080317 -0.0011571236 -0.0108207604 0.00354038063 -0.000956712989 -0.0117499959 0.00439080317 -0.0011571236 -0.0108207604 0.0033542125 -0.0011571236 -0.0112004634 0.00354038063 -0.000956712989 -0.0117499959 0.00354038063 -0.000956712989 -0.0117499959 0.0033542125 -0.0011571236 -0.0112004634 0.00239925086 -0.000956712989 -0.0120437024 0.0033542125 -0.0011571236 -0.0112004634 0.00227308809 -0.0011571236 -0.0114787258 0.00239925086 -0.000956712989 -0.0120437024 0.00239925086 -0.000956712989 -0.0120437024 0.00227308809 -0.0011571236 -0.0114787258 0.00121712161 -0.000956712989 -0.0122243315 0.00227308809 -0.0011571236 -0.0114787258 0.00115312031 -0.0011571236 -0.0116498563 0.00121712161 -0.000956712989 -0.0122243315 0.00121712161 -0.000956712989 -0.0122243315 0.00115312031 -0.0011571236 -0.0116498563 -4.96501307e-18 -0.000956712989 -0.0122858761 0.00115312031 -0.0011571236 -0.0116498563 -4.82444614e-18 -0.0011571236 -0.0117081646 -4.96501307e-18 -0.000956712989 -0.0122858761 -4.96501307e-18 -0.000956712989 -0.0122858761 -4.82444614e-18 -0.0011571236 -0.0117081646 -0.00121712161 -0.000956712989 -0.0122243315 -4.82444614e-18 -0.0011571236 -0.0117081646 -0.00115312031 -0.0011571236 -0.0116498563 -0.00121712161 -0.000956712989 -0.0122243315 -0.00121712161 -0.000956712989 -0.0122243315 -0.00115312031 -0.0011571236 -0.0116498563 -0.00239925086 -0.000956712989 -0.0120437024 -0.00115312031 -0.0011571236 -0.0116498563 -0.00227308809 -0.0011571236 -0.0114787258 -0.00239925086 -0.000956712989 -0.0120437024 -0.00239925086 -0.000956712989 -0.0120437024 -0.00227308809 -0.0011571236 -0.0114787258 -0.00354038063 -0.000956712989 -0.0117499959 -0.00227308809 -0.0011571236 -0.0114787258 -0.0033542125 -0.0011571236 -0.0112004634 -0.00354038063 -0.000956712989 -0.0117499959 -0.00354038063 -0.000956712989 -0.0117499959 -0.0033542125 -0.0011571236 -0.0112004634 -0.00463450514 -0.000956712989 -0.011349218 -0.0033542125 -0.0011571236 -0.0112004634 -0.00439080317 -0.0011571236 -0.0108207604 -0.00463450514 -0.000956712989 -0.011349218 -0.00463450514 -0.000956712989 -0.011349218 -0.00439080317 -0.0011571236 -0.0108207604 -0.00567561714 -0.000956712989 -0.0108473757 -0.00439080317 -0.0011571236 -0.0108207604 -0.00537716923 -0.0011571236 -0.0103453062 -0.00567561714 -0.000956712989 -0.0108473757 -0.00567561714 -0.000956712989 -0.0108473757 -0.00537716923 -0.0011571236 -0.0103453062 -0.0066577103 -0.000956712989 -0.0102504743 -0.00537716923 -0.0011571236 -0.0103453062 -0.00630761962 -0.0011571236 -0.00977979321 -0.0066577103 -0.000956712989 -0.0102504743 -0.0066577103 -0.000956712989 -0.0102504743 -0.00630761962 -0.0011571236 -0.00977979321 -0.00757477805 -0.000956712989 -0.00956452265 -0.00630761962 -0.0011571236 -0.00977979321 -0.00717646442 -0.0011571236 -0.00912991073 -0.00757477805 -0.000956712989 -0.00956452265 -0.00757477805 -0.000956712989 -0.00956452265 -0.00717646442 -0.0011571236 -0.00912991073 -0.00842081383 -0.000956712989 -0.00879552495 -0.00717646442 -0.0011571236 -0.00912991073 -0.00797801185 -0.0011571236 -0.00840135105 -0.00842081383 -0.000956712989 -0.00879552495 -0.00842081383 -0.000956712989 -0.00879552495 -0.00797801185 -0.0011571236 -0.00840135105 -0.00918981154 -0.000956712989 -0.00794948917 -0.00797801185 -0.0011571236 -0.00840135105 -0.00870657247 -0.0011571236 -0.00759980315 -0.00918981154 -0.000956712989 -0.00794948917 -0.00918981154 -0.000956712989 -0.00794948917 -0.00870657247 -0.0011571236 -0.00759980315 -0.00987576414 -0.000956712989 -0.00703242095 -0.0082233334 -0.00139246811 -0.0072377515 -0.0070924079 -0.00166213466 -0.00757454615 -0.00774009386 -0.00166213466 -0.00686197449 -0.0070924079 -0.00166213466 -0.00757454615 -0.00620301627 -0.00230500498 -0.00668345951 -0.00774009386 -0.00166213466 -0.00686197449 -0.00774009386 -0.00166213466 -0.00686197449 -0.00620301627 -0.00230500498 -0.00668345951 -0.00676948205 -0.00230500498 -0.00606024498 -0.00620301627 -0.00230500498 -0.00668345951 -0.00531362416 -0.00307891192 -0.00572049338 -0.00676948205 -0.00230500498 -0.00606024498 -0.00676948205 -0.00230500498 -0.00606024498 -0.00531362416 -0.00307891192 -0.00572049338 -0.00579886977 -0.00307891192 -0.00518663554 -0.00531362416 -0.00307891192 -0.00572049338 -0.00442423252 -0.00397889689 -0.00467462698 -0.00579886977 -0.00307891192 -0.00518663554 -0.00579886977 -0.00307891192 -0.00518663554 -0.00442423252 -0.00397889689 -0.00467462698 -0.00482825795 -0.00397889689 -0.00423012627 -0.00442423252 -0.00397889689 -0.00467462698 -0.00353484065 -0.00499999989 -0.00353484065 -0.00482825795 -0.00397889689 -0.00423012627 -0.00482825795 -0.00397889689 -0.00423012627 -0.00353484065 -0.00499999989 -0.00353484065 -0.00368926511 -0.00499999989 -0.00337341032 -0.0125716068 -0.000663141895 -0.00415851548 -0.0119734453 -0.000791848463 -0.00404162612 -0.0128962016 -0.000663141895 -0.00289737456 -0.0119734453 -0.000791848463 -0.00404162612 -0.0122825969 -0.000791848463 -0.00284049078 -0.0128962016 -0.000663141895 -0.00289737456 -0.0128962016 -0.000663141895 -0.00289737456 -0.0122825969 -0.000791848463 -0.00284049078 -0.0130958268 -0.000663141895 -0.00159092271 -0.0122825969 -0.000791848463 -0.00284049078 -0.0124727236 -0.000791848463 -0.0015962004 -0.0130958268 -0.000663141895 -0.00159092271 -0.0130958268 -0.000663141895 -0.00159092271 -0.0124727236 -0.000791848463 -0.0015962004 -0.0131638441 -0.000663141895 -0.000245798234 -0.0124727236 -0.000791848463 -0.0015962004 -0.0125375045 -0.000791848463 -0.000315077341 -0.0131638441 -0.000663141895 -0.000245798234 -0.0131638441 -0.000663141895 -0.000245798234 -0.0125375045 -0.000791848463 -0.000315077341 -0.0130958268 -0.000663141895 0.0010993263 -0.0125375045 -0.000791848463 -0.000315077341 -0.0124727236 -0.000791848463 0.000966045714 -0.0130958268 -0.000663141895 0.0010993263 -0.0130958268 -0.000663141895 0.0010993263 -0.0124727236 -0.000791848463 0.000966045714 -0.0128962016 -0.000663141895 0.00240577804 -0.0124727236 -0.000791848463 0.000966045714 -0.0122825969 -0.000791848463 0.00221033627 -0.0128962016 -0.000663141895 0.00240577804 -0.0128962016 -0.000663141895 0.00240577804 -0.0122825969 -0.000791848463 0.00221033627 -0.0125716068 -0.000663141895 0.00366691896 -0.0122825969 -0.000791848463 0.00221033627 -0.0119734453 -0.000791848463 0.00341147161 -0.0125716068 -0.000663141895 0.00366691896 -0.0125716068 -0.000663141895 0.00366691896 -0.0119734453 -0.000791848463 0.00341147161 -0.0121286791 -0.000663141895 0.0048761107 -0.0119734453 -0.000791848463 0.00341147161 -0.0115515934 -0.000791848463 0.00456312951 -0.0121286791 -0.000663141895 0.0048761107 -0.0121286791 -0.000663141895 0.0048761107 -0.0115515934 -0.000791848463 0.00456312951 -0.0115740588 -0.000663141895 0.00602671457 -0.0115515934 -0.000791848463 0.00456312951 -0.0110233612 -0.000791848463 0.00565898744 -0.0115740588 -0.000663141895 0.00602671457 -0.0115740588 -0.000663141895 0.00602671457 -0.0110233612 -0.000791848463 0.00565898744 -0.0109143825 -0.000663141895 0.00711209327 -0.0110233612 -0.000791848463 0.00565898744 -0.0103950733 -0.000791848463 0.00669272337 -0.0109143825 -0.000663141895 0.00711209327 -0.0109143825 -0.000663141895 0.00711209327 -0.0103950733 -0.000791848463 0.00669272337 -0.0101562897 -0.000663141895 0.00812560786 -0.0103950733 -0.000791848463 0.00669272337 -0.0096730506 -0.000791848463 0.00765801454 -0.0101562897 -0.000663141895 0.00812560786 -0.0101562897 -0.000663141895 0.00812560786 -0.0096730506 -0.000791848463 0.00765801454 -0.00930641778 -0.000663141895 0.0090606194 -0.0096730506 -0.000791848463 0.00765801454 -0.0088636158 -0.000791848463 0.00854853913 -0.00930641778 -0.000663141895 0.0090606194 -0.00930641778 -0.000663141895 0.0090606194 -0.0088636158 -0.000791848463 0.00854853913 -0.00837140623 -0.000663141895 0.0099104913 -0.0088636158 -0.000791848463 0.00854853913 -0.00797309168 -0.000791848463 0.009357973 -0.00837140623 -0.000663141895 0.0099104913 -0.00837140623 -0.000663141895 0.0099104913 -0.00797309168 -0.000791848463 0.009357973 -0.00735789118 -0.000663141895 0.0106685841 -0.00797309168 -0.000791848463 0.009357973 -0.00700780097 -0.000791848463 0.0100799957 -0.00735789118 -0.000663141895 0.0106685841 -0.00735789118 -0.000663141895 0.0106685841 -0.00700780097 -0.000791848463 0.0100799957 -0.00627251295 -0.000663141895 0.0113282604 -0.00700780097 -0.000791848463 0.0100799957 -0.00597406505 -0.000791848463 0.0107082846 -0.00627251295 -0.000663141895 0.0113282604 -0.00627251295 -0.000663141895 0.0113282604 -0.00597406505 -0.000791848463 0.0107082846 -0.00512190862 -0.000663141895 0.0118828807 -0.00597406505 -0.000791848463 0.0107082846 -0.00487820664 -0.000791848463 0.0112365158 -0.00512190862 -0.000663141895 0.0118828807 -0.00512190862 -0.000663141895 0.0118828807 -0.00487820664 -0.000791848463 0.0112365158 -0.0039127171 -0.000663141895 0.0123258084 -0.00487820664 -0.000791848463 0.0112365158 -0.00372654898 -0.000791848463 0.0116583686 -0.0039127171 -0.000663141895 0.0123258084 -0.0039127171 -0.000663141895 0.0123258084 -0.00372654898 -0.000791848463 0.0116583686 -0.00265157619 -0.000663141895 0.0126504032 -0.00372654898 -0.000791848463 0.0116583686 -0.00252541341 -0.000791848463 0.0119675193 -0.00265157619 -0.000663141895 0.0126504032 -0.00265157619 -0.000663141895 0.0126504032 -0.00252541341 -0.000791848463 0.0119675193 -0.00134512444 -0.000663141895 0.0128500285 -0.00252541341 -0.000791848463 0.0119675193 -0.00128112303 -0.000791848463 0.012157646 -0.00134512444 -0.000663141895 0.0128500285 -0.00134512444 -0.000663141895 0.0128500285 -0.00128112303 -0.000791848463 0.012157646 2.83967816e-18 -0.000663141895 0.0129180457 -0.00128112303 -0.000791848463 0.012157646 2.24803847e-18 -0.000791848463 0.0122224269 2.83967816e-18 -0.000663141895 0.0129180457 2.83967816e-18 -0.000663141895 0.0129180457 2.24803847e-18 -0.000791848463 0.0122224269 0.00134512444 -0.000663141895 0.0128500285 2.24803847e-18 -0.000791848463 0.0122224269 0.00128112303 -0.000791848463 0.012157646 0.00134512444 -0.000663141895 0.0128500285 0.00134512444 -0.000663141895 0.0128500285 0.00128112303 -0.000791848463 0.012157646 0.00265157619 -0.000663141895 0.0126504032 0.00128112303 -0.000791848463 0.012157646 0.00252541341 -0.000791848463 0.0119675193 0.00265157619 -0.000663141895 0.0126504032 0.00265157619 -0.000663141895 0.0126504032 0.00252541341 -0.000791848463 0.0119675193 0.0039127171 -0.000663141895 0.0123258084 0.00252541341 -0.000791848463 0.0119675193 0.00372654898 -0.000791848463 0.0116583686 0.0039127171 -0.000663141895 0.0123258084 0.0039127171 -0.000663141895 0.0123258084 0.00372654898 -0.000791848463 0.0116583686 0.00512190862 -0.000663141895 0.0118828807 0.00372654898 -0.000791848463 0.0116583686 0.00487820664 -0.000791848463 0.0112365158 0.00512190862 -0.000663141895 0.0118828807 0.00512190862 -0.000663141895 0.0118828807 0.00487820664 -0.000791848463 0.0112365158 0.00627251295 -0.000663141895 0.0113282604 0.00487820664 -0.000791848463 0.0112365158 0.00597406505 -0.000791848463 0.0107082846 0.00627251295 -0.000663141895 0.0113282604 0.00627251295 -0.000663141895 0.0113282604 0.00597406505 -0.000791848463 0.0107082846 0.00735789118 -0.000663141895 0.0106685841 0.00597406505 -0.000791848463 0.0107082846 0.00700780097 -0.000791848463 0.0100799957 0.00735789118 -0.000663141895 0.0106685841 0.00735789118 -0.000663141895 0.0106685841 0.00700780097 -0.000791848463 0.0100799957 0.00837140623 -0.000663141895 0.0099104913 0.00700780097 -0.000791848463 0.0100799957 0.00797309168 -0.000791848463 0.009357973 0.00837140623 -0.000663141895 0.0099104913 0.00837140623 -0.000663141895 0.0099104913 0.00797309168 -0.000791848463 0.009357973 0.00930641778 -0.000663141895 0.0090606194 0.00797309168 -0.000791848463 0.009357973 0.0088636158 -0.000791848463 0.00854853913 0.00930641778 -0.000663141895 0.0090606194 0.00930641778 -0.000663141895 0.0090606194 0.0088636158 -0.000791848463 0.00854853913 0.0101562897 -0.000663141895 0.00812560786 0.0088636158 -0.000791848463 0.00854853913 0.0096730506 -0.000791848463 0.00765801454 0.0101562897 -0.000663141895 0.00812560786 0.0101562897 -0.000663141895 0.00812560786 0.0096730506 -0.000791848463 0.00765801454 0.0109143825 -0.000663141895 0.00711209327 0.0096730506 -0.000791848463 0.00765801454 0.0103950733 -0.000791848463 0.00669272337 0.0109143825 -0.000663141895 0.00711209327 0.0109143825 -0.000663141895 0.00711209327 0.0103950733 -0.000791848463 0.00669272337 0.0115740588 -0.000663141895 0.00602671457 0.0103950733 -0.000791848463 0.00669272337 0.0110233612 -0.000791848463 0.00565898744 0.0115740588 -0.000663141895 0.00602671457 0.0115740588 -0.000663141895 0.00602671457 0.0110233612 -0.000791848463 0.00565898744 0.0121286791 -0.000663141895 0.0048761107 0.0110233612 -0.000791848463 0.00565898744 0.0115515934 -0.000791848463 0.00456312951 0.0121286791 -0.000663141895 0.0048761107 0.0121286791 -0.000663141895 0.0048761107 0.0115515934 -0.000791848463 0.00456312951 0.0125716068 -0.000663141895 0.00366691896 0.0115515934 -0.000791848463 0.00456312951 0.0119734453 -0.000791848463 0.00341147161 0.0125716068 -0.000663141895 0.00366691896 0.0125716068 -0.000663141895 0.00366691896 0.0119734453 -0.000791848463 0.00341147161 0.0128962016 -0.000663141895 0.00240577804 0.0119734453 -0.000791848463 0.00341147161 0.0122825969 -0.000791848463 0.00221033627 0.0128962016 -0.000663141895 0.00240577804 0.0128962016 -0.000663141895 0.00240577804 0.0122825969 -0.000791848463 0.00221033627 0.0130958268 -0.000663141895 0.0010993263 0.0122825969 -0.000791848463 0.00221033627 0.0124727236 -0.000791848463 0.000966045714 0.0130958268 -0.000663141895 0.0010993263 0.0130958268 -0.000663141895 0.0010993263 0.0124727236 -0.000791848463 0.000966045714 0.0131638441 -0.000663141895 -0.000245798234 0.0124727236 -0.000791848463 0.000966045714 0.0125375045 -0.000791848463 -0.000315077341 0.0131638441 -0.000663141895 -0.000245798234 0.0131638441 -0.000663141895 -0.000245798234 0.0125375045 -0.000791848463 -0.000315077341 0.0130958268 -0.000663141895 -0.00159092271 0.0125375045 -0.000791848463 -0.000315077341 0.0124727236 -0.000791848463 -0.0015962004 0.0130958268 -0.000663141895 -0.00159092271 0.0130958268 -0.000663141895 -0.00159092271 0.0124727236 -0.000791848463 -0.0015962004 0.0128962016 -0.000663141895 -0.00289737456 0.0124727236 -0.000791848463 -0.0015962004 0.0122825969 -0.000791848463 -0.00284049078 0.0128962016 -0.000663141895 -0.00289737456 0.0128962016 -0.000663141895 -0.00289737456 0.0122825969 -0.000791848463 -0.00284049078 0.0125716068 -0.000663141895 -0.00415851548 0.0122825969 -0.000791848463 -0.00284049078 0.0119734453 -0.000791848463 -0.00404162612 0.0125716068 -0.000663141895 -0.00415851548 0.0125716068 -0.000663141895 -0.00415851548 0.0119734453 -0.000791848463 -0.00404162612 0.0121286791 -0.000663141895 -0.005367707 0.0119734453 -0.000791848463 -0.00404162612 0.0115515934 -0.000791848463 -0.00519328425 0.0121286791 -0.000663141895 -0.005367707 0.0121286791 -0.000663141895 -0.005367707 0.0115515934 -0.000791848463 -0.00519328425 0.0115740588 -0.000663141895 -0.00651831133 0.0115515934 -0.000791848463 -0.00519328425 0.0110233612 -0.000791848463 -0.00628914218 0.0115740588 -0.000663141895 -0.00651831133 0.0115740588 -0.000663141895 -0.00651831133 0.0110233612 -0.000791848463 -0.00628914218 0.0109143825 -0.000663141895 -0.00760368956 0.0110233612 -0.000791848463 -0.00628914218 0.0103950733 -0.000791848463 -0.00732287811 0.0109143825 -0.000663141895 -0.00760368956 0.0109143825 -0.000663141895 -0.00760368956 0.0103950733 -0.000791848463 -0.00732287811 0.0101562897 -0.000663141895 -0.00861720368 0.0103950733 -0.000791848463 -0.00732287811 0.0096730506 -0.000791848463 -0.00828816928 0.0101562897 -0.000663141895 -0.00861720368 0.0101562897 -0.000663141895 -0.00861720368 0.0096730506 -0.000791848463 -0.00828816928 0.00930641778 -0.000663141895 -0.00955221616 0.0096730506 -0.000791848463 -0.00828816928 0.0088636158 -0.000791848463 -0.00917869341 0.00930641778 -0.000663141895 -0.00955221616 0.00930641778 -0.000663141895 -0.00955221616 0.0088636158 -0.000791848463 -0.00917869341 0.00837140623 -0.000663141895 -0.0104020881 0.0088636158 -0.000791848463 -0.00917869341 0.00797309168 -0.000791848463 -0.00998812821 0.00837140623 -0.000663141895 -0.0104020881 0.00837140623 -0.000663141895 -0.0104020881 0.00797309168 -0.000791848463 -0.00998812821 0.00735789118 -0.000663141895 -0.0111601809 0.00797309168 -0.000791848463 -0.00998812821 0.00700780097 -0.000791848463 -0.0107101509 0.00735789118 -0.000663141895 -0.0111601809 0.00735789118 -0.000663141895 -0.0111601809 0.00700780097 -0.000791848463 -0.0107101509 0.00627251295 -0.000663141895 -0.0118198572 0.00700780097 -0.000791848463 -0.0107101509 0.00597406505 -0.000791848463 -0.0113384388 0.00627251295 -0.000663141895 -0.0118198572 0.00627251295 -0.000663141895 -0.0118198572 0.00597406505 -0.000791848463 -0.0113384388 0.00512190862 -0.000663141895 -0.0123744775 0.00597406505 -0.000791848463 -0.0113384388 0.00487820664 -0.000791848463 -0.011866671 0.00512190862 -0.000663141895 -0.0123744775 0.00512190862 -0.000663141895 -0.0123744775 0.00487820664 -0.000791848463 -0.011866671 0.0039127171 -0.000663141895 -0.0128174042 0.00487820664 -0.000791848463 -0.011866671 0.00372654898 -0.000791848463 -0.0122885229 0.0039127171 -0.000663141895 -0.0128174042 0.0039127171 -0.000663141895 -0.0128174042 0.00372654898 -0.000791848463 -0.0122885229 0.00265157619 -0.000663141895 -0.013142 0.00372654898 -0.000791848463 -0.0122885229 0.00252541341 -0.000791848463 -0.0125976745 0.00265157619 -0.000663141895 -0.013142 0.00265157619 -0.000663141895 -0.013142 0.00252541341 -0.000791848463 -0.0125976745 0.00134512444 -0.000663141895 -0.0133416252 0.00252541341 -0.000791848463 -0.0125976745 0.00128112303 -0.000791848463 -0.0127878012 0.00134512444 -0.000663141895 -0.0133416252 0.00134512444 -0.000663141895 -0.0133416252 0.00128112303 -0.000791848463 -0.0127878012 -5.13614351e-18 -0.000663141895 -0.0134096425 0.00128112303 -0.000791848463 -0.0127878012 -5.0669941e-18 -0.000791848463 -0.0128525821 -5.13614351e-18 -0.000663141895 -0.0134096425 -5.13614351e-18 -0.000663141895 -0.0134096425 -5.0669941e-18 -0.000791848463 -0.0128525821 -0.00134512444 -0.000663141895 -0.0133416252 -5.0669941e-18 -0.000791848463 -0.0128525821 -0.00128112303 -0.000791848463 -0.0127878012 -0.00134512444 -0.000663141895 -0.0133416252 -0.00134512444 -0.000663141895 -0.0133416252 -0.00128112303 -0.000791848463 -0.0127878012 -0.00265157619 -0.000663141895 -0.013142 -0.00128112303 -0.000791848463 -0.0127878012 -0.00252541341 -0.000791848463 -0.0125976745 -0.00265157619 -0.000663141895 -0.013142 -0.00265157619 -0.000663141895 -0.013142 -0.00252541341 -0.000791848463 -0.0125976745 -0.0039127171 -0.000663141895 -0.0128174042 -0.00252541341 -0.000791848463 -0.0125976745 -0.00372654898 -0.000791848463 -0.0122885229 -0.0039127171 -0.000663141895 -0.0128174042 -0.0039127171 -0.000663141895 -0.0128174042 -0.00372654898 -0.000791848463 -0.0122885229 -0.00512190862 -0.000663141895 -0.0123744775 -0.00372654898 -0.000791848463 -0.0122885229 -0.00487820664 -0.000791848463 -0.011866671 -0.00512190862 -0.000663141895 -0.0123744775 -0.00512190862 -0.000663141895 -0.0123744775 -0.00487820664 -0.000791848463 -0.011866671 -0.00627251295 -0.000663141895 -0.0118198572 -0.00487820664 -0.000791848463 -0.011866671 -0.00597406505 -0.000791848463 -0.0113384388 -0.00627251295 -0.000663141895 -0.0118198572 -0.00627251295 -0.000663141895 -0.0118198572 -0.00597406505 -0.000791848463 -0.0113384388 -0.00735789118 -0.000663141895 -0.0111601809 -0.00597406505 -0.000791848463 -0.0113384388 -0.00700780097 -0.000791848463 -0.0107101509 -0.00735789118 -0.000663141895 -0.0111601809 -0.00735789118 -0.000663141895 -0.0111601809 -0.00700780097 -0.000791848463 -0.0107101509 -0.00837140623 -0.000663141895 -0.0104020881 -0.00700780097 -0.000791848463 -0.0107101509 -0.00797309168 -0.000791848463 -0.00998812821 -0.00837140623 -0.000663141895 -0.0104020881 -0.00837140623 -0.000663141895 -0.0104020881 -0.00797309168 -0.000791848463 -0.00998812821 -0.00930641778 -0.000663141895 -0.00955221616 -0.00797309168 -0.000791848463 -0.00998812821 -0.0088636158 -0.000791848463 -0.00917869341 -0.00930641778 -0.000663141895 -0.00955221616 -0.00930641778 -0.000663141895 -0.00955221616 -0.0088636158 -0.000791848463 -0.00917869341 -0.0101562897 -0.000663141895 -0.00861720368 -0.0088636158 -0.000791848463 -0.00917869341 -0.0096730506 -0.000791848463 -0.00828816928 -0.0101562897 -0.000663141895 -0.00861720368 -0.0101562897 -0.000663141895 -0.00861720368 -0.0096730506 -0.000791848463 -0.00828816928 -0.0109143825 -0.000663141895 -0.00760368956 -0.0096730506 -0.000791848463 -0.00828816928 -0.0103950733 -0.000791848463 -0.00732287811 -0.0109143825 -0.000663141895 -0.00760368956 -0.0109143825 -0.000663141895 -0.00760368956 -0.0103950733 -0.000791848463 -0.00732287811 -0.0115740588 -0.000663141895 -0.00651831133 -0.0103950733 -0.000791848463 -0.00732287811 -0.0110233612 -0.000791848463 -0.00628914218 -0.0115740588 -0.000663141895 -0.00651831133 -0.0115740588 -0.000663141895 -0.00651831133 -0.0110233612 -0.000791848463 -0.00628914218 -0.0121286791 -0.000663141895 -0.005367707 -0.00202076253 -0.00166213466 0.00934603903 -0.00279491162 -0.00196688017 0.00849049725 -0.00189406017 -0.00196688017 0.00872236025 -0.00279491162 -0.00196688017 0.00849049725 -0.00260794722 -0.00230500498 0.00789892208 -0.00189406017 -0.00196688017 0.00872236025 -0.00189406017 -0.00196688017 0.00872236025 -0.00260794722 -0.00230500498 0.00789892208 -0.00176735781 -0.00230500498 0.00811527483 -0.00260794722 -0.00230500498 0.00789892208 -0.00242098281 -0.00267588883 0.00732531631 -0.00176735781 -0.00230500498 0.00811527483 -0.00176735781 -0.00230500498 0.00811527483 -0.00242098281 -0.00267588883 0.00732531631 -0.00164065545 -0.00267588883 0.00752615882 -0.00242098281 -0.00267588883 0.00732531631 -0.00223401841 -0.00307891192 0.00677105831 -0.00164065545 -0.00267588883 0.00752615882 -0.00164065545 -0.00267588883 0.00752615882 -0.00223401841 -0.00307891192 0.00677105831 -0.00151395309 -0.00307891192 0.00695639011 -0.00223401841 -0.00307891192 0.00677105831 -0.002047054 -0.00351345469 0.00623752503 -0.00151395309 -0.00307891192 0.00695639011 -0.00151395309 -0.00307891192 0.00695639011 -0.002047054 -0.00351345469 0.00623752503 -0.00138725073 -0.00351345469 0.00640734704 -0.002047054 -0.00351345469 0.00623752503 -0.00186008948 -0.00397889689 0.00572609482 -0.00138725073 -0.00351345469 0.00640734704 -0.00138725073 -0.00351345469 0.00640734704 -0.00186008948 -0.00397889689 0.00572609482 -0.00126054836 -0.00397889689 0.00588040613 -0.00186008948 -0.00397889689 0.00572609482 -0.00119719713 -0.00422301143 0.00562565448 -0.00126054836 -0.00397889689 0.00588040613 -0.00126054836 -0.00397889689 0.00588040613 -0.00119719713 -0.00422301143 0.00562565448 -0.000607329013 -0.00422301143 0.00571578601 -0.00119719713 -0.00422301143 0.00562565448 -0.000575191458 -0.00447461847 0.00546230748 -0.000607329013 -0.00422301143 0.00571578601 -0.000607329013 -0.00422301143 0.00571578601 -0.000575191458 -0.00447461847 0.00546230748 1.07194336e-18 -0.00447461847 0.00549139222 -0.000575191458 -0.00447461847 0.00546230748 1.18226795e-18 -0.0047336407 0.00524250278 1.07194336e-18 -0.00447461847 0.00549139222 1.07194336e-18 -0.00447461847 0.00549139222 1.18226795e-18 -0.0047336407 0.00524250278 0.000543053844 -0.0047336407 0.0052150432 1.18226795e-18 -0.0047336407 0.00524250278 1.30104261e-18 -0.00499999989 0.00499999989 0.000543053844 -0.0047336407 0.0052150432 0.000543053844 -0.0047336407 0.0052150432 1.30104261e-18 -0.00499999989 0.00499999989 0.000410670153 -0.00499999989 0.00498334318 -0.00202076253 -0.00166213466 -0.0103103155 -0.00102511747 -0.00166213466 -0.0104624489 -0.00089656713 -0.00230500498 -0.00920921843 -0.00102511747 -0.00166213466 -0.0104624489 -3.75793736e-18 -0.00230500498 -0.00925455336 -0.00089656713 -0.00230500498 -0.00920921843 -0.00089656713 -0.00230500498 -0.00920921843 -3.75793736e-18 -0.00230500498 -0.00925455336 -2.8393994e-18 -0.00307891192 -0.00792294275 -3.75793736e-18 -0.00230500498 -0.00925455336 0.000768016849 -0.00307891192 -0.00788410753 -2.8393994e-18 -0.00307891192 -0.00792294275 -2.8393994e-18 -0.00307891192 -0.00792294275 0.000768016849 -0.00307891192 -0.00788410753 -1.6022962e-18 -0.00397889689 -0.0065084314 0.000768016849 -0.00307891192 -0.00788410753 0 -0.00499999989 -0.00499999989 -1.6022962e-18 -0.00397889689 -0.0065084314 -1.6022962e-18 -0.00397889689 -0.0065084314 0 -0.00499999989 -0.00499999989 -0.000639466569 -0.00397889689 -0.00647609634 0 -0.00499999989 -0.00499999989 -0.000399111334 -0.00499999989 -0.00498427171 -0.000639466569 -0.00397889689 -0.00647609634 -0.000639466569 -0.00397889689 -0.00647609634 -0.000399111334 -0.00499999989 -0.00498427171 -0.000510916288 -0.00499999989 -0.00497416547 -0.0082233334 -0.00139246811 -0.0072377515 -0.00774009386 -0.00166213466 -0.00686197449 -0.00883714482 -0.00139246811 -0.00641713059 -0.00774009386 -0.00166213466 -0.00686197449 -0.00831783563 -0.00166213466 -0.00608957699 -0.00883714482 -0.00139246811 -0.00641713059 -0.00883714482 -0.00139246811 -0.00641713059 -0.00831783563 -0.00166213466 -0.00608957699 -0.00937127043 -0.00139246811 -0.0055383225 -0.00831783563 -0.00166213466 -0.00608957699 -0.0088205738 -0.00166213466 -0.0052624112 -0.00937127043 -0.00139246811 -0.0055383225 -0.00937127043 -0.00139246811 -0.0055383225 -0.0088205738 -0.00166213466 -0.0052624112 -0.00982033554 -0.00139246811 -0.00460670236 -0.0088205738 -0.00166213466 -0.0052624112 -0.00924324896 -0.00166213466 -0.00438553747 -0.00982033554 -0.00139246811 -0.00460670236 -0.00982033554 -0.00139246811 -0.00460670236 -0.00924324896 -0.00166213466 -0.00438553747 -0.0101789637 -0.00139246811 -0.00362764578 -0.00924324896 -0.00166213466 -0.00438553747 -0.0095808031 -0.00166213466 -0.0034640145 -0.0101789637 -0.00139246811 -0.00362764578 -0.0101789637 -0.00139246811 -0.00362764578 -0.0095808031 -0.00166213466 -0.0034640145 -0.010441782 -0.00139246811 -0.00260652648 -0.0095808031 -0.00166213466 -0.0034640145 -0.00982817728 -0.00166213466 -0.00250290078 -0.010441782 -0.00139246811 -0.00260652648 -0.010441782 -0.00139246811 -0.00260652648 -0.00982817728 -0.00166213466 -0.00250290078 -0.0106034139 -0.00139246811 -0.00154872017 -0.00982817728 -0.00166213466 -0.00250290078 -0.00998031069 -0.00166213466 -0.00150725571 -0.0106034139 -0.00139246811 -0.00154872017 -0.0106034139 -0.00139246811 -0.00154872017 -0.00998031069 -0.00166213466 -0.00150725571 -0.0106584858 -0.00139246811 -0.000459601346 -0.00998031069 -0.00166213466 -0.00150725571 -0.0100321462 -0.00166213466 -0.000482138275 -0.0106584858 -0.00139246811 -0.000459601346 -0.0106584858 -0.00139246811 -0.000459601346 -0.0100321462 -0.00166213466 -0.000482138275 -0.0106034139 -0.00139246811 0.000629517483 -0.0100321462 -0.00166213466 -0.000482138275 -0.00998031069 -0.00166213466 0.000542979164 -0.0106034139 -0.00139246811 0.000629517483 -0.0106034139 -0.00139246811 0.000629517483 -0.00998031069 -0.00166213466 0.000542979164 -0.010441782 -0.00139246811 0.00168732391 -0.00998031069 -0.00166213466 0.000542979164 -0.00982817728 -0.00166213466 0.00153862417 -0.010441782 -0.00139246811 0.00168732391 -0.010441782 -0.00139246811 0.00168732391 -0.00982817728 -0.00166213466 0.00153862417 -0.0101789637 -0.00139246811 0.00270844297 -0.00982817728 -0.00166213466 0.00153862417 -0.0095808031 -0.00166213466 0.00249973778 -0.0101789637 -0.00139246811 0.00270844297 -0.0101789637 -0.00139246811 0.00270844297 -0.0095808031 -0.00166213466 0.00249973778 -0.00982033554 -0.00139246811 0.00368749979 -0.0095808031 -0.00166213466 0.00249973778 -0.00924324896 -0.00166213466 0.00342126098 -0.00982033554 -0.00139246811 0.00368749979 -0.00982033554 -0.00139246811 0.00368749979 -0.00924324896 -0.00166213466 0.00342126098 -0.00937127043 -0.00139246811 0.00461911969 -0.00924324896 -0.00166213466 0.00342126098 -0.0088205738 -0.00166213466 0.00429813471 -0.00937127043 -0.00139246811 0.00461911969 -0.00937127043 -0.00139246811 0.00461911969 -0.0088205738 -0.00166213466 0.00429813471 -0.00883714482 -0.00139246811 0.00549792778 -0.0088205738 -0.00166213466 0.00429813471 -0.00831783563 -0.00166213466 0.00512530003 -0.00883714482 -0.00139246811 0.00549792778 -0.00883714482 -0.00139246811 0.00549792778 -0.00831783563 -0.00166213466 0.00512530003 -0.0082233334 -0.00139246811 0.00631854916 -0.00831783563 -0.00166213466 0.00512530003 -0.00774009386 -0.00166213466 0.00589769799 -0.0082233334 -0.00139246811 0.00631854916 -0.0082233334 -0.00139246811 0.00631854916 -0.00774009386 -0.00166213466 0.00589769799 -0.00753520988 -0.00139246811 0.00707560871 -0.00774009386 -0.00166213466 0.00589769799 -0.0070924079 -0.00166213466 0.00661026966 -0.00753520988 -0.00139246811 0.00707560871 -0.00753520988 -0.00139246811 0.00707560871 -0.0070924079 -0.00166213466 0.00661026966 -0.00677815033 -0.00139246811 0.00776373176 -0.0070924079 -0.00166213466 0.00661026966 -0.00637983624 -0.00166213466 0.00725795561 -0.00677815033 -0.00139246811 0.00776373176 -0.00677815033 -0.00139246811 0.00776373176 -0.00637983624 -0.00166213466 0.00725795561 -0.00595752895 -0.00139246811 0.00837754365 -0.00637983624 -0.00166213466 0.00725795561 -0.00560743874 -0.00166213466 0.00783569738 -0.00595752895 -0.00139246811 0.00837754365 -0.00595752895 -0.00139246811 0.00837754365 -0.00560743874 -0.00166213466 0.00783569738 -0.00507872133 -0.00139246811 0.00891166925 -0.00560743874 -0.00166213466 0.00783569738 -0.00478027295 -0.00166213466 0.00833843555 -0.00507872133 -0.00139246811 0.00891166925 -0.00507872133 -0.00139246811 0.00891166925 -0.00478027295 -0.00166213466 0.00833843555 -0.00414710119 -0.00139246811 0.00936073344 -0.00478027295 -0.00166213466 0.00833843555 -0.00390339945 -0.00166213466 0.00876111072 -0.00414710119 -0.00139246811 0.00936073344 -0.00414710119 -0.00139246811 0.00936073344 -0.00390339945 -0.00166213466 0.00876111072 -0.00316804438 -0.00139246811 0.00971936248 -0.00390339945 -0.00166213466 0.00876111072 -0.00298187602 -0.00166213466 0.00909866486 -0.00316804438 -0.00139246811 0.00971936248 -0.00316804438 -0.00139246811 0.00971936248 -0.00298187602 -0.00166213466 0.00909866486 -0.00214692531 -0.00139246811 0.00998218078 -0.00298187602 -0.00166213466 0.00909866486 -0.00202076253 -0.00166213466 0.00934603903 -0.00214692531 -0.00139246811 0.00998218078 -0.00214692531 -0.00139246811 0.00998218078 -0.00202076253 -0.00166213466 0.00934603903 -0.00108911889 -0.00139246811 0.0101438127 -0.00202076253 -0.00166213466 0.00934603903 -0.00102511747 -0.00166213466 0.00949817244 -0.00108911889 -0.00139246811 0.0101438127 -0.00108911889 -0.00139246811 0.0101438127 -0.00102511747 -0.00166213466 0.00949817244 1.04933796e-18 -0.00139246811 0.0101988846 -0.00102511747 -0.00166213466 0.00949817244 8.22663017e-19 -0.00166213466 0.00955000799 1.04933796e-18 -0.00139246811 0.0101988846 1.04933796e-18 -0.00139246811 0.0101988846 8.22663017e-19 -0.00166213466 0.00955000799 0.00108911889 -0.00139246811 0.0101438127 8.22663017e-19 -0.00166213466 0.00955000799 0.00102511747 -0.00166213466 0.00949817244 0.00108911889 -0.00139246811 0.0101438127 0.00108911889 -0.00139246811 0.0101438127 0.00102511747 -0.00166213466 0.00949817244 0.00214692531 -0.00139246811 0.00998218078 0.00102511747 -0.00166213466 0.00949817244 0.00202076253 -0.00166213466 0.00934603903 0.00214692531 -0.00139246811 0.00998218078 0.00214692531 -0.00139246811 0.00998218078 0.00202076253 -0.00166213466 0.00934603903 0.00316804438 -0.00139246811 0.00971936248 0.00202076253 -0.00166213466 0.00934603903 0.00298187602 -0.00166213466 0.00909866486 0.00316804438 -0.00139246811 0.00971936248 0.00316804438 -0.00139246811 0.00971936248 0.00298187602 -0.00166213466 0.00909866486 0.00414710119 -0.00139246811 0.00936073344 0.00298187602 -0.00166213466 0.00909866486 0.00390339945 -0.00166213466 0.00876111072 0.00414710119 -0.00139246811 0.00936073344 0.00414710119 -0.00139246811 0.00936073344 0.00390339945 -0.00166213466 0.00876111072 0.00507872133 -0.00139246811 0.00891166925 0.00390339945 -0.00166213466 0.00876111072 0.00478027295 -0.00166213466 0.00833843555 0.00507872133 -0.00139246811 0.00891166925 0.00507872133 -0.00139246811 0.00891166925 0.00478027295 -0.00166213466 0.00833843555 0.00595752895 -0.00139246811 0.00837754365 0.00478027295 -0.00166213466 0.00833843555 0.00560743874 -0.00166213466 0.00783569738 0.00595752895 -0.00139246811 0.00837754365 0.00595752895 -0.00139246811 0.00837754365 0.00560743874 -0.00166213466 0.00783569738 0.00677815033 -0.00139246811 0.00776373176 0.00560743874 -0.00166213466 0.00783569738 0.00637983624 -0.00166213466 0.00725795561 0.00677815033 -0.00139246811 0.00776373176 0.00677815033 -0.00139246811 0.00776373176 0.00637983624 -0.00166213466 0.00725795561 0.00753520988 -0.00139246811 0.00707560871 0.00637983624 -0.00166213466 0.00725795561 0.0070924079 -0.00166213466 0.00661026966 0.00753520988 -0.00139246811 0.00707560871 0.00753520988 -0.00139246811 0.00707560871 0.0070924079 -0.00166213466 0.00661026966 0.0082233334 -0.00139246811 0.00631854916 0.0070924079 -0.00166213466 0.00661026966 0.00774009386 -0.00166213466 0.00589769799 0.0082233334 -0.00139246811 0.00631854916 0.0082233334 -0.00139246811 0.00631854916 0.00774009386 -0.00166213466 0.00589769799 0.00883714482 -0.00139246811 0.00549792778 0.00774009386 -0.00166213466 0.00589769799 0.00831783563 -0.00166213466 0.00512530003 0.00883714482 -0.00139246811 0.00549792778 0.00883714482 -0.00139246811 0.00549792778 0.00831783563 -0.00166213466 0.00512530003 0.00937127043 -0.00139246811 0.00461911969 0.00831783563 -0.00166213466 0.00512530003 0.0088205738 -0.00166213466 0.00429813471 0.00937127043 -0.00139246811 0.00461911969 0.00937127043 -0.00139246811 0.00461911969 0.0088205738 -0.00166213466 0.00429813471 0.00982033554 -0.00139246811 0.00368749979 0.0088205738 -0.00166213466 0.00429813471 0.00924324896 -0.00166213466 0.00342126098 0.00982033554 -0.00139246811 0.00368749979 0.00982033554 -0.00139246811 0.00368749979 0.00924324896 -0.00166213466 0.00342126098 0.0101789637 -0.00139246811 0.00270844297 0.00924324896 -0.00166213466 0.00342126098 0.0095808031 -0.00166213466 0.00249973778 0.0101789637 -0.00139246811 0.00270844297 0.0101789637 -0.00139246811 0.00270844297 0.0095808031 -0.00166213466 0.00249973778 0.010441782 -0.00139246811 0.00168732391 0.0095808031 -0.00166213466 0.00249973778 0.00982817728 -0.00166213466 0.00153862417 0.010441782 -0.00139246811 0.00168732391 0.010441782 -0.00139246811 0.00168732391 0.00982817728 -0.00166213466 0.00153862417 0.0106034139 -0.00139246811 0.000629517483 0.00982817728 -0.00166213466 0.00153862417 0.00998031069 -0.00166213466 0.000542979164 0.0106034139 -0.00139246811 0.000629517483 0.0106034139 -0.00139246811 0.000629517483 0.00998031069 -0.00166213466 0.000542979164 0.0106584858 -0.00139246811 -0.000459601346 0.00998031069 -0.00166213466 0.000542979164 0.0100321462 -0.00166213466 -0.000482138275 0.0106584858 -0.00139246811 -0.000459601346 0.0106584858 -0.00139246811 -0.000459601346 0.0100321462 -0.00166213466 -0.000482138275 0.0106034139 -0.00139246811 -0.00154872017 0.0100321462 -0.00166213466 -0.000482138275 0.00998031069 -0.00166213466 -0.00150725571 0.0106034139 -0.00139246811 -0.00154872017 0.0106034139 -0.00139246811 -0.00154872017 0.00998031069 -0.00166213466 -0.00150725571 0.010441782 -0.00139246811 -0.00260652648 0.00998031069 -0.00166213466 -0.00150725571 0.00982817728 -0.00166213466 -0.00250290078 0.010441782 -0.00139246811 -0.00260652648 0.010441782 -0.00139246811 -0.00260652648 0.00982817728 -0.00166213466 -0.00250290078 0.0101789637 -0.00139246811 -0.00362764578 0.00982817728 -0.00166213466 -0.00250290078 0.0095808031 -0.00166213466 -0.0034640145 0.0101789637 -0.00139246811 -0.00362764578 0.0101789637 -0.00139246811 -0.00362764578 0.0095808031 -0.00166213466 -0.0034640145 0.00982033554 -0.00139246811 -0.00460670236 0.0095808031 -0.00166213466 -0.0034640145 0.00924324896 -0.00166213466 -0.00438553747 0.00982033554 -0.00139246811 -0.00460670236 0.00982033554 -0.00139246811 -0.00460670236 0.00924324896 -0.00166213466 -0.00438553747 0.00937127043 -0.00139246811 -0.0055383225 0.00924324896 -0.00166213466 -0.00438553747 0.0088205738 -0.00166213466 -0.0052624112 0.00937127043 -0.00139246811 -0.0055383225 0.00937127043 -0.00139246811 -0.0055383225 0.0088205738 -0.00166213466 -0.0052624112 0.00883714482 -0.00139246811 -0.00641713059 0.0088205738 -0.00166213466 -0.0052624112 0.00831783563 -0.00166213466 -0.00608957699 0.00883714482 -0.00139246811 -0.00641713059 0.00883714482 -0.00139246811 -0.00641713059 0.00831783563 -0.00166213466 -0.00608957699 0.0082233334 -0.00139246811 -0.0072377515 0.00831783563 -0.00166213466 -0.00608957699 0.00774009386 -0.00166213466 -0.00686197449 0.0082233334 -0.00139246811 -0.0072377515 0.0082233334 -0.00139246811 -0.0072377515 0.00774009386 -0.00166213466 -0.00686197449 0.00753520988 -0.00139246811 -0.00799481105 -0.0147721162 -0.000500000024 0.00260472274 -0.0149429208 -0.000500000024 0.00130733615 -0.0143420333 -0.000516650849 0.0013893838 -0.0149429208 -0.000500000024 0.00130733615 -0.0149999997 -0.000500000024 -1.60781313e-17 -0.0143420333 -0.000516650849 0.0013893838 -0.0143420333 -0.000516650849 0.0013893838 -0.0149999997 -0.000500000024 -1.60781313e-17 -0.0144165223 -0.000516650849 -8.37434345e-05 -0.0149999997 -0.000500000024 -1.60781313e-17 -0.0149429208 -0.000500000024 -0.00130733615 -0.0144165223 -0.000516650849 -8.37434345e-05 -0.0144165223 -0.000516650849 -8.37434345e-05 -0.0149429208 -0.000500000024 -0.00130733615 -0.0143420333 -0.000516650849 -0.00155687076 -0.0149429208 -0.000500000024 -0.00130733615 -0.0141234118 -0.000516650849 -0.0029876451 -0.0143420333 -0.000516650849 -0.00155687076 -0.0143420333 -0.000516650849 -0.00155687076 -0.0141234118 -0.000516650849 -0.0029876451 -0.0135098062 -0.000571205397 -0.00294597261 -0.0141234118 -0.000516650849 -0.0029876451 -0.0131697673 -0.000571205397 -0.00426711887 -0.0135098062 -0.000571205397 -0.00294597261 -0.0135098062 -0.000571205397 -0.00294597261 -0.0131697673 -0.000571205397 -0.00426711887 -0.0125716068 -0.000663141895 -0.00415851548 -0.0131697673 -0.000571205397 -0.00426711887 -0.0121286791 -0.000663141895 -0.005367707 -0.0125716068 -0.000663141895 -0.00415851548 -0.0125716068 -0.000663141895 -0.00415851548 -0.0121286791 -0.000663141895 -0.005367707 -0.0115515934 -0.000791848463 -0.00519328425 -0.0121286791 -0.000663141895 -0.005367707 -0.0110233612 -0.000791848463 -0.00628914218 -0.0115515934 -0.000791848463 -0.00519328425 -0.0115515934 -0.000791848463 -0.00519328425 -0.0110233612 -0.000791848463 -0.00628914218 -0.0104726646 -0.000956712989 -0.00605032779 -0.0110233612 -0.000791848463 -0.00628914218 -0.00987576414 -0.000956712989 -0.00703242095 -0.0104726646 -0.000956712989 -0.00605032779 -0.0104726646 -0.000956712989 -0.00605032779 -0.00987576414 -0.000956712989 -0.00703242095 -0.00935645401 -0.0011571236 -0.00673095835 -0.00987576414 -0.000956712989 -0.00703242095 -0.00870657247 -0.0011571236 -0.00759980315 -0.00935645401 -0.0011571236 -0.00673095835 -0.00935645401 -0.0011571236 -0.00673095835 -0.00870657247 -0.0011571236 -0.00759980315 -0.0082233334 -0.00139246811 -0.0072377515 -0.00870657247 -0.0011571236 -0.00759980315 -0.00753520988 -0.00139246811 -0.00799481105 -0.0082233334 -0.00139246811 -0.0072377515 -0.0082233334 -0.00139246811 -0.0072377515 -0.00753520988 -0.00139246811 -0.00799481105 -0.0070924079 -0.00166213466 -0.00757454615 -0.00753520988 -0.00139246811 -0.00799481105 -0.00677815033 -0.00139246811 -0.00868293457 -0.0070924079 -0.00166213466 -0.00757454615 -0.0070924079 -0.00166213466 -0.00757454615 -0.00677815033 -0.00139246811 -0.00868293457 -0.00637983624 -0.00166213466 -0.00822223257 -0.00677815033 -0.00139246811 -0.00868293457 -0.00595752895 -0.00139246811 -0.00929674599 -0.00637983624 -0.00166213466 -0.00822223257 -0.00637983624 -0.00166213466 -0.00822223257 -0.00595752895 -0.00139246811 -0.00929674599 -0.00560743874 -0.00166213466 -0.00879997388 -0.00595752895 -0.00139246811 -0.00929674599 -0.00507872133 -0.00139246811 -0.0098308716 -0.00560743874 -0.00166213466 -0.00879997388 -0.00560743874 -0.00166213466 -0.00879997388 -0.00507872133 -0.00139246811 -0.0098308716 -0.00478027295 -0.00166213466 -0.00930271205 -0.00507872133 -0.00139246811 -0.0098308716 -0.00414710119 -0.00139246811 -0.0102799367 -0.00478027295 -0.00166213466 -0.00930271205 -0.00478027295 -0.00166213466 -0.00930271205 -0.00414710119 -0.00139246811 -0.0102799367 -0.00390339945 -0.00166213466 -0.00972538721 -0.00414710119 -0.00139246811 -0.0102799367 -0.00316804438 -0.00139246811 -0.0106385648 -0.00390339945 -0.00166213466 -0.00972538721 -0.00390339945 -0.00166213466 -0.00972538721 -0.00316804438 -0.00139246811 -0.0106385648 -0.00298187602 -0.00166213466 -0.0100629414 -0.00316804438 -0.00139246811 -0.0106385648 -0.00214692531 -0.00139246811 -0.0109013831 -0.00298187602 -0.00166213466 -0.0100629414 -0.00298187602 -0.00166213466 -0.0100629414 -0.00214692531 -0.00139246811 -0.0109013831 -0.00202076253 -0.00166213466 -0.0103103155 -0.00214692531 -0.00139246811 -0.0109013831 -0.00108911889 -0.00139246811 -0.011063016 -0.00202076253 -0.00166213466 -0.0103103155 -0.00202076253 -0.00166213466 -0.0103103155 -0.00108911889 -0.00139246811 -0.011063016 -0.00102511747 -0.00166213466 -0.0104624489 -0.00108911889 -0.00139246811 -0.011063016 -4.63953901e-18 -0.00139246811 -0.011118087 -0.00102511747 -0.00166213466 -0.0104624489 -0.00102511747 -0.00166213466 -0.0104624489 -4.63953901e-18 -0.00139246811 -0.011118087 -4.40453782e-18 -0.00166213466 -0.0105142845 -4.63953901e-18 -0.00139246811 -0.011118087 0.00108911889 -0.00139246811 -0.011063016 -4.40453782e-18 -0.00166213466 -0.0105142845 -4.40453782e-18 -0.00166213466 -0.0105142845 0.00108911889 -0.00139246811 -0.011063016 0.00102511747 -0.00166213466 -0.0104624489 0.00108911889 -0.00139246811 -0.011063016 0.00214692531 -0.00139246811 -0.0109013831 0.00102511747 -0.00166213466 -0.0104624489 0.00102511747 -0.00166213466 -0.0104624489 0.00214692531 -0.00139246811 -0.0109013831 0.00202076253 -0.00166213466 -0.0103103155 0.00214692531 -0.00139246811 -0.0109013831 0.00316804438 -0.00139246811 -0.0106385648 0.00202076253 -0.00166213466 -0.0103103155 0.00202076253 -0.00166213466 -0.0103103155 0.00316804438 -0.00139246811 -0.0106385648 0.00298187602 -0.00166213466 -0.0100629414 0.00316804438 -0.00139246811 -0.0106385648 0.00414710119 -0.00139246811 -0.0102799367 0.00298187602 -0.00166213466 -0.0100629414 0.00298187602 -0.00166213466 -0.0100629414 0.00414710119 -0.00139246811 -0.0102799367 0.00390339945 -0.00166213466 -0.00972538721 0.00414710119 -0.00139246811 -0.0102799367 0.00507872133 -0.00139246811 -0.0098308716 0.00390339945 -0.00166213466 -0.00972538721 0.00390339945 -0.00166213466 -0.00972538721 0.00507872133 -0.00139246811 -0.0098308716 0.00478027295 -0.00166213466 -0.00930271205 0.00507872133 -0.00139246811 -0.0098308716 0.00595752895 -0.00139246811 -0.00929674599 0.00478027295 -0.00166213466 -0.00930271205 0.00478027295 -0.00166213466 -0.00930271205 0.00595752895 -0.00139246811 -0.00929674599 0.00560743874 -0.00166213466 -0.00879997388 0.00595752895 -0.00139246811 -0.00929674599 0.00677815033 -0.00139246811 -0.00868293457 0.00560743874 -0.00166213466 -0.00879997388 0.00560743874 -0.00166213466 -0.00879997388 0.00677815033 -0.00139246811 -0.00868293457 0.00637983624 -0.00166213466 -0.00822223257 0.00677815033 -0.00139246811 -0.00868293457 0.00753520988 -0.00139246811 -0.00799481105 0.00637983624 -0.00166213466 -0.00822223257 0.00637983624 -0.00166213466 -0.00822223257 0.00753520988 -0.00139246811 -0.00799481105 0.0070924079 -0.00166213466 -0.00757454615 0.00753520988 -0.00139246811 -0.00799481105 0.00774009386 -0.00166213466 -0.00686197449 0.0070924079 -0.00166213466 -0.00757454615 0.0070924079 -0.00166213466 -0.00757454615 0.00774009386 -0.00166213466 -0.00686197449 0.00676948205 -0.00230500498 -0.00606024498 0.00774009386 -0.00166213466 -0.00686197449 0.00727477437 -0.00230500498 -0.00538470643 0.00676948205 -0.00230500498 -0.00606024498 0.00676948205 -0.00230500498 -0.00606024498 0.00727477437 -0.00230500498 -0.00538470643 0.00623171311 -0.00307891192 -0.00460795593 0.00727477437 -0.00230500498 -0.00538470643 0.00660836417 -0.00307891192 -0.00398824457 0.00623171311 -0.00307891192 -0.00460795593 0.00623171311 -0.00307891192 -0.00460795593 0.00660836417 -0.00307891192 -0.00398824457 0.00550225936 -0.00397889689 -0.00323232124 0.00660836417 -0.00307891192 -0.00398824457 0.00576592376 -0.00397889689 -0.00268532871 0.00550225936 -0.00397889689 -0.00323232124 0.00550225936 -0.00397889689 -0.00323232124 0.00576592376 -0.00397889689 -0.00268532871 0.00456661079 -0.00499999989 -0.00203781342 0.00576592376 -0.00397889689 -0.00268532871 0.00460681506 -0.00499999989 -0.00194544578 0.00456661079 -0.00499999989 -0.00203781342 </float_array>
          <technique_common>
            <accessor count="9030" offset="0" source="#mesh_0-positions-array" stride="3">
              <param name="X" type="float" />
              <param name="Y" type="float" />
              <param name="Z" type="float" />
            </accessor>
          </technique_common>
        </source>
        <source id="mesh_0-normals" name="mesh_0-normals">
          <float_array id="mesh_0-normals-array" count="27090"> -0.0923400968 0.706770003 -0.701391101 -0.0923400968 0.706770003 -0.701391101 -0.0923400968 0.706770003 -0.701391101 -0.0923397765 0.706770062 -0.701391101 -0.0923397765 0.706770062 -0.701391101 -0.0923397765 0.706770062 -0.701391101 -0.153118297 0.706770062 -0.690674186 -0.153118297 0.706770062 -0.690674186 -0.153118297 0.706770062 -0.690674186 -0.153118744 0.706770003 -0.690674186 -0.153118744 0.706770003 -0.690674186 -0.153118744 0.706770003 -0.690674186 -0.212732747 0.706770003 -0.674700618 -0.212732747 0.706770003 -0.674700618 -0.212732747 0.706770003 -0.674700618 -0.2127323 0.706770062 -0.674700737 -0.2127323 0.706770062 -0.674700737 -0.2127323 0.706770062 -0.674700737 -0.270726651 0.706770062 -0.653592527 -0.270726651 0.706770062 -0.653592527 -0.270726651 0.706770062 -0.653592527 -0.27072686 0.706770062 -0.653592467 -0.27072686 0.706770062 -0.653592467 -0.27072686 0.706770062 -0.653592467 -0.326661229 0.706770003 -0.627509832 -0.326661229 0.706770003 -0.627509832 -0.326661229 0.706770003 -0.627509832 -0.326660872 0.706770062 -0.627509952 -0.326660872 0.706770062 -0.627509952 -0.326660872 0.706770062 -0.627509952 -0.380108774 0.706770122 -0.596651793 -0.380108774 0.706770122 -0.596651793 -0.380108774 0.706770122 -0.596651793 -0.380109102 0.706770062 -0.596651614 -0.380109102 0.706770062 -0.596651614 -0.380109102 0.706770062 -0.596651614 -0.43066445 0.706770062 -0.561252415 -0.43066445 0.706770062 -0.561252415 -0.43066445 0.706770062 -0.561252415 -0.430664301 0.706770062 -0.561252475 -0.430664301 0.706770062 -0.561252475 -0.430664301 0.706770062 -0.561252475 -0.47794202 0.706770062 -0.521581769 -0.47794202 0.706770062 -0.521581769 -0.47794202 0.706770062 -0.521581769 -0.477941662 0.706770122 -0.521582007 -0.477941662 0.706770122 -0.521582007 -0.477941662 0.706770122 -0.521582007 -0.521581709 0.706770122 -0.47794199 -0.521581709 0.706770122 -0.47794199 -0.521581709 0.706770122 -0.47794199 -0.521582007 0.706770062 -0.477941692 -0.521582007 0.706770062 -0.477941692 -0.521582007 0.706770062 -0.477941692 -0.561252356 0.706770062 -0.43066442 -0.561252356 0.706770062 -0.43066442 -0.561252356 0.706770062 -0.43066442 -0.561252475 0.706770062 -0.430664331 -0.561252475 0.706770062 -0.430664331 -0.561252475 0.706770062 -0.430664331 -0.596651852 0.706770062 -0.380108804 -0.596651852 0.706770062 -0.380108804 -0.596651852 0.706770062 -0.380108804 -0.596651614 0.706770062 -0.380109072 -0.596651614 0.706770062 -0.380109072 -0.596651614 0.706770062 -0.380109072 -0.627509773 0.706770122 -0.326661199 -0.627509773 0.706770122 -0.326661199 -0.627509773 0.706770122 -0.326661199 -0.627509952 0.706770062 -0.326660901 -0.627509952 0.706770062 -0.326660901 -0.627509952 0.706770062 -0.326660901 -0.653592527 0.706770003 -0.270726651 -0.653592527 0.706770003 -0.270726651 -0.653592527 0.706770003 -0.270726651 -0.653592408 0.706770062 -0.27072683 -0.653592408 0.706770062 -0.27072683 -0.653592408 0.706770062 -0.27072683 -0.674700558 0.706770062 -0.212732717 -0.674700558 0.706770062 -0.212732717 -0.674700558 0.706770062 -0.212732717 -0.674700797 0.706770003 -0.212732315 -0.674700797 0.706770003 -0.212732315 -0.674700797 0.706770003 -0.212732315 -0.690674305 0.706770003 -0.153118312 -0.690674305 0.706770003 -0.153118312 -0.690674305 0.706770003 -0.153118312 -0.690674126 0.706770062 -0.153118744 -0.690674126 0.706770062 -0.153118744 -0.690674126 0.706770062 -0.153118744 -0.701391041 0.706770062 -0.0923400894 -0.701391041 0.706770062 -0.0923400894 -0.701391041 0.706770062 -0.0923400894 -0.701391101 0.706770003 -0.0923397839 -0.701391101 0.706770003 -0.0923397839 -0.701391101 0.706770003 -0.0923397839 -0.706770062 0.706770003 -0.030858282 -0.706770062 0.706770003 -0.030858282 -0.706770062 0.706770003 -0.030858282 -0.706769943 0.706770122 -0.0308589078 -0.706769943 0.706770122 -0.0308589078 -0.706769943 0.706770122 -0.0308589078 -0.706769943 0.706770122 0.0308582783 -0.706769943 0.706770122 0.0308582783 -0.706769943 0.706770122 0.0308582783 -0.706770003 0.706770003 0.0308589116 -0.706770003 0.706770003 0.0308589116 -0.706770003 0.706770003 0.0308589116 -0.701391101 0.706770003 0.0923400968 -0.701391101 0.706770003 0.0923400968 -0.701391101 0.706770003 0.0923400968 -0.701391101 0.706770062 0.0923397765 -0.701391101 0.706770062 0.0923397765 -0.701391101 0.706770062 0.0923397765 -0.690674186 0.706770062 0.153118297 -0.690674186 0.706770062 0.153118297 -0.690674186 0.706770062 0.153118297 -0.690674186 0.706770003 0.153118744 -0.690674186 0.706770003 0.153118744 -0.690674186 0.706770003 0.153118744 -0.674700618 0.706770003 0.212732747 -0.674700618 0.706770003 0.212732747 -0.674700618 0.706770003 0.212732747 -0.674700737 0.706770062 0.2127323 -0.674700737 0.706770062 0.2127323 -0.674700737 0.706770062 0.2127323 -0.653592527 0.706770062 0.270726651 -0.653592527 0.706770062 0.270726651 -0.653592527 0.706770062 0.270726651 -0.653592467 0.706770062 0.27072686 -0.653592467 0.706770062 0.27072686 -0.653592467 0.706770062 0.27072686 -0.627509832 0.706770003 0.326661229 -0.627509832 0.706770003 0.326661229 -0.627509832 0.706770003 0.326661229 -0.627509952 0.706770062 0.326660872 -0.627509952 0.706770062 0.326660872 -0.627509952 0.706770062 0.326660872 -0.596651793 0.706770122 0.380108774 -0.596651793 0.706770122 0.380108774 -0.596651793 0.706770122 0.380108774 -0.596651614 0.706770062 0.380109102 -0.596651614 0.706770062 0.380109102 -0.596651614 0.706770062 0.380109102 -0.561252415 0.706770062 0.43066445 -0.561252415 0.706770062 0.43066445 -0.561252415 0.706770062 0.43066445 -0.561252475 0.706770062 0.430664301 -0.561252475 0.706770062 0.430664301 -0.561252475 0.706770062 0.430664301 -0.521581769 0.706770062 0.47794202 -0.521581769 0.706770062 0.47794202 -0.521581769 0.706770062 0.47794202 -0.521582007 0.706770122 0.477941662 -0.521582007 0.706770122 0.477941662 -0.521582007 0.706770122 0.477941662 -0.47794199 0.706770122 0.521581709 -0.47794199 0.706770122 0.521581709 -0.47794199 0.706770122 0.521581709 -0.477941692 0.706770062 0.521582007 -0.477941692 0.706770062 0.521582007 -0.477941692 0.706770062 0.521582007 -0.43066442 0.706770062 0.561252356 -0.43066442 0.706770062 0.561252356 -0.43066442 0.706770062 0.561252356 -0.430664331 0.706770062 0.561252475 -0.430664331 0.706770062 0.561252475 -0.430664331 0.706770062 0.561252475 -0.380108804 0.706770062 0.596651852 -0.380108804 0.706770062 0.596651852 -0.380108804 0.706770062 0.596651852 -0.380109072 0.706770062 0.596651614 -0.380109072 0.706770062 0.596651614 -0.380109072 0.706770062 0.596651614 -0.326661199 0.706770122 0.627509773 -0.326661199 0.706770122 0.627509773 -0.326661199 0.706770122 0.627509773 -0.326660901 0.706770062 0.627509952 -0.326660901 0.706770062 0.627509952 -0.326660901 0.706770062 0.627509952 -0.270726651 0.706770003 0.653592527 -0.270726651 0.706770003 0.653592527 -0.270726651 0.706770003 0.653592527 -0.27072683 0.706770062 0.653592408 -0.27072683 0.706770062 0.653592408 -0.27072683 0.706770062 0.653592408 -0.212732717 0.706770062 0.674700558 -0.212732717 0.706770062 0.674700558 -0.212732717 0.706770062 0.674700558 -0.212732315 0.706770003 0.674700797 -0.212732315 0.706770003 0.674700797 -0.212732315 0.706770003 0.674700797 -0.153118312 0.706770003 0.690674305 -0.153118312 0.706770003 0.690674305 -0.153118312 0.706770003 0.690674305 -0.153118744 0.706770062 0.690674126 -0.153118744 0.706770062 0.690674126 -0.153118744 0.706770062 0.690674126 -0.0923400894 0.706770062 0.701391041 -0.0923400894 0.706770062 0.701391041 -0.0923400894 0.706770062 0.701391041 -0.0923397839 0.706770003 0.701391101 -0.0923397839 0.706770003 0.701391101 -0.0923397839 0.706770003 0.701391101 -0.030858282 0.706770003 0.706770062 -0.030858282 0.706770003 0.706770062 -0.030858282 0.706770003 0.706770062 -0.0308589078 0.706770122 0.706769943 -0.0308589078 0.706770122 0.706769943 -0.0308589078 0.706770122 0.706769943 0.0308582783 0.706770122 0.706769943 0.0308582783 0.706770122 0.706769943 0.0308582783 0.706770122 0.706769943 0.0308589116 0.706770003 0.706770003 0.0308589116 0.706770003 0.706770003 0.0308589116 0.706770003 0.706770003 0.0923400968 0.706770003 0.701391101 0.0923400968 0.706770003 0.701391101 0.0923400968 0.706770003 0.701391101 0.0923397765 0.706770062 0.701391101 0.0923397765 0.706770062 0.701391101 0.0923397765 0.706770062 0.701391101 0.153118297 0.706770062 0.690674186 0.153118297 0.706770062 0.690674186 0.153118297 0.706770062 0.690674186 0.153118744 0.706770003 0.690674186 0.153118744 0.706770003 0.690674186 0.153118744 0.706770003 0.690674186 0.212732747 0.706770003 0.674700618 0.212732747 0.706770003 0.674700618 0.212732747 0.706770003 0.674700618 0.2127323 0.706770062 0.674700737 0.2127323 0.706770062 0.674700737 0.2127323 0.706770062 0.674700737 0.270726651 0.706770062 0.653592527 0.270726651 0.706770062 0.653592527 0.270726651 0.706770062 0.653592527 0.27072686 0.706770062 0.653592467 0.27072686 0.706770062 0.653592467 0.27072686 0.706770062 0.653592467 0.326661229 0.706770003 0.627509832 0.326661229 0.706770003 0.627509832 0.326661229 0.706770003 0.627509832 0.326660872 0.706770062 0.627509952 0.326660872 0.706770062 0.627509952 0.326660872 0.706770062 0.627509952 0.380108774 0.706770122 0.596651793 0.380108774 0.706770122 0.596651793 0.380108774 0.706770122 0.596651793 0.380109102 0.706770062 0.596651614 0.380109102 0.706770062 0.596651614 0.380109102 0.706770062 0.596651614 0.43066445 0.706770062 0.561252415 0.43066445 0.706770062 0.561252415 0.43066445 0.706770062 0.561252415 0.430664301 0.706770062 0.561252475 0.430664301 0.706770062 0.561252475 0.430664301 0.706770062 0.561252475 0.47794202 0.706770062 0.521581769 0.47794202 0.706770062 0.521581769 0.47794202 0.706770062 0.521581769 0.477941662 0.706770122 0.521582007 0.477941662 0.706770122 0.521582007 0.477941662 0.706770122 0.521582007 0.521581709 0.706770122 0.47794199 0.521581709 0.706770122 0.47794199 0.521581709 0.706770122 0.47794199 0.521582007 0.706770062 0.477941692 0.521582007 0.706770062 0.477941692 0.521582007 0.706770062 0.477941692 0.561252356 0.706770062 0.43066442 0.561252356 0.706770062 0.43066442 0.561252356 0.706770062 0.43066442 0.561252475 0.706770062 0.430664331 0.561252475 0.706770062 0.430664331 0.561252475 0.706770062 0.430664331 0.596651852 0.706770062 0.380108804 0.596651852 0.706770062 0.380108804 0.596651852 0.706770062 0.380108804 0.596651614 0.706770062 0.380109072 0.596651614 0.706770062 0.380109072 0.596651614 0.706770062 0.380109072 0.627509773 0.706770122 0.326661199 0.627509773 0.706770122 0.326661199 0.627509773 0.706770122 0.326661199 0.627509952 0.706770062 0.326660901 0.627509952 0.706770062 0.326660901 0.627509952 0.706770062 0.326660901 0.653592527 0.706770003 0.270726651 0.653592527 0.706770003 0.270726651 0.653592527 0.706770003 0.270726651 0.653592408 0.706770062 0.27072683 0.653592408 0.706770062 0.27072683 0.653592408 0.706770062 0.27072683 0.674700558 0.706770062 0.212732717 0.674700558 0.706770062 0.212732717 0.674700558 0.706770062 0.212732717 0.674700797 0.706770003 0.212732315 0.674700797 0.706770003 0.212732315 0.674700797 0.706770003 0.212732315 0.690674305 0.706770003 0.153118312 0.690674305 0.706770003 0.153118312 0.690674305 0.706770003 0.153118312 0.690674126 0.706770062 0.153118744 0.690674126 0.706770062 0.153118744 0.690674126 0.706770062 0.153118744 0.701391041 0.706770062 0.0923400894 0.701391041 0.706770062 0.0923400894 0.701391041 0.706770062 0.0923400894 0.701391101 0.706770003 0.0923397839 0.701391101 0.706770003 0.0923397839 0.701391101 0.706770003 0.0923397839 0.706770062 0.706770003 0.030858282 0.706770062 0.706770003 0.030858282 0.706770062 0.706770003 0.030858282 0.706769943 0.706770122 0.0308589078 0.706769943 0.706770122 0.0308589078 0.706769943 0.706770122 0.0308589078 0.706769943 0.706770122 -0.0308582783 0.706769943 0.706770122 -0.0308582783 0.706769943 0.706770122 -0.0308582783 0.706770003 0.706770003 -0.0308589116 0.706770003 0.706770003 -0.0308589116 0.706770003 0.706770003 -0.0308589116 0.701391101 0.706770003 -0.0923400968 0.701391101 0.706770003 -0.0923400968 0.701391101 0.706770003 -0.0923400968 0.701391101 0.706770062 -0.0923397765 0.701391101 0.706770062 -0.0923397765 0.701391101 0.706770062 -0.0923397765 0.690674186 0.706770062 -0.153118297 0.690674186 0.706770062 -0.153118297 0.690674186 0.706770062 -0.153118297 0.690674186 0.706770003 -0.153118744 0.690674186 0.706770003 -0.153118744 0.690674186 0.706770003 -0.153118744 0.674700618 0.706770003 -0.212732747 0.674700618 0.706770003 -0.212732747 0.674700618 0.706770003 -0.212732747 0.674700737 0.706770062 -0.2127323 0.674700737 0.706770062 -0.2127323 0.674700737 0.706770062 -0.2127323 0.653592527 0.706770062 -0.270726651 0.653592527 0.706770062 -0.270726651 0.653592527 0.706770062 -0.270726651 0.653592467 0.706770062 -0.27072686 0.653592467 0.706770062 -0.27072686 0.653592467 0.706770062 -0.27072686 0.627509832 0.706770003 -0.326661229 0.627509832 0.706770003 -0.326661229 0.627509832 0.706770003 -0.326661229 0.627509952 0.706770062 -0.326660872 0.627509952 0.706770062 -0.326660872 0.627509952 0.706770062 -0.326660872 0.596651793 0.706770122 -0.380108774 0.596651793 0.706770122 -0.380108774 0.596651793 0.706770122 -0.380108774 0.596651614 0.706770062 -0.380109102 0.596651614 0.706770062 -0.380109102 0.596651614 0.706770062 -0.380109102 0.561252415 0.706770062 -0.43066445 0.561252415 0.706770062 -0.43066445 0.561252415 0.706770062 -0.43066445 0.561252475 0.706770062 -0.430664301 0.561252475 0.706770062 -0.430664301 0.561252475 0.706770062 -0.430664301 0.521581769 0.706770062 -0.47794202 0.521581769 0.706770062 -0.47794202 0.521581769 0.706770062 -0.47794202 0.521582007 0.706770122 -0.477941662 0.521582007 0.706770122 -0.477941662 0.521582007 0.706770122 -0.477941662 0.47794199 0.706770122 -0.521581709 0.47794199 0.706770122 -0.521581709 0.47794199 0.706770122 -0.521581709 0.477941692 0.706770062 -0.521582007 0.477941692 0.706770062 -0.521582007 0.477941692 0.706770062 -0.521582007 0.43066442 0.706770062 -0.561252356 0.43066442 0.706770062 -0.561252356 0.43066442 0.706770062 -0.561252356 0.430664331 0.706770062 -0.561252475 0.430664331 0.706770062 -0.561252475 0.430664331 0.706770062 -0.561252475 0.380108804 0.706770062 -0.596651852 0.380108804 0.706770062 -0.596651852 0.380108804 0.706770062 -0.596651852 0.380109072 0.706770062 -0.596651614 0.380109072 0.706770062 -0.596651614 0.380109072 0.706770062 -0.596651614 0.326661199 0.706770122 -0.627509773 0.326661199 0.706770122 -0.627509773 0.326661199 0.706770122 -0.627509773 0.326660901 0.706770062 -0.627509952 0.326660901 0.706770062 -0.627509952 0.326660901 0.706770062 -0.627509952 0.270726651 0.706770003 -0.653592527 0.270726651 0.706770003 -0.653592527 0.270726651 0.706770003 -0.653592527 0.27072683 0.706770062 -0.653592408 0.27072683 0.706770062 -0.653592408 0.27072683 0.706770062 -0.653592408 0.212732717 0.706770062 -0.674700558 0.212732717 0.706770062 -0.674700558 0.212732717 0.706770062 -0.674700558 0.212732315 0.706770003 -0.674700797 0.212732315 0.706770003 -0.674700797 0.212732315 0.706770003 -0.674700797 0.153118312 0.706770003 -0.690674305 0.153118312 0.706770003 -0.690674305 0.153118312 0.706770003 -0.690674305 0.153118744 0.706770062 -0.690674126 0.153118744 0.706770062 -0.690674126 0.153118744 0.706770062 -0.690674126 0.0923400894 0.706770062 -0.701391041 0.0923400894 0.706770062 -0.701391041 0.0923400894 0.706770062 -0.701391041 0.0923397839 0.706770003 -0.701391101 0.0923397839 0.706770003 -0.701391101 0.0923397839 0.706770003 -0.701391101 0.030858282 0.706770003 -0.706770062 0.030858282 0.706770003 -0.706770062 0.030858282 0.706770003 -0.706770062 0.0308589078 0.706770122 -0.706769943 0.0308589078 0.706770122 -0.706769943 0.0308589078 0.706770122 -0.706769943 -0.0308582783 0.706770122 -0.706769943 -0.0308582783 0.706770122 -0.706769943 -0.0308582783 0.706770122 -0.706769943 -0.0308589116 0.706770003 -0.706770003 -0.0308589116 0.706770003 -0.706770003 -0.0308589116 0.706770003 -0.706770003 -0.0436194353 5.20985217e-17 0.999048233 -0.0436194353 5.20985217e-17 0.999048233 -0.0436194353 5.20985217e-17 0.999048233 -0.0436194353 -0 0.999048233 -0.0436194353 -0 0.999048233 -0.0436194353 -0 0.999048233 -0.130526483 0 0.991444826 -0.130526483 0 0.991444826 -0.130526483 0 0.991444826 -0.130526483 -0 0.991444826 -0.130526483 -0 0.991444826 -0.130526483 -0 0.991444826 -0.216438964 0 0.976296127 -0.216438964 0 0.976296127 -0.216438964 0 0.976296127 -0.216438964 -0 0.976296127 -0.216438964 -0 0.976296127 -0.216438964 -0 0.976296127 -0.300706387 0 0.953716755 -0.300706387 0 0.953716755 -0.300706387 0 0.953716755 -0.300706387 -0 0.953716755 -0.300706387 -0 0.953716755 -0.300706387 -0 0.953716755 -0.382683158 0 0.923879623 -0.382683158 0 0.923879623 -0.382683158 0 0.923879623 -0.382683158 -0 0.923879623 -0.382683158 -0 0.923879623 -0.382683158 -0 0.923879623 -0.461748958 0 0.887010634 -0.461748958 0 0.887010634 -0.461748958 0 0.887010634 -0.461748958 -0 0.887010634 -0.461748958 -0 0.887010634 -0.461748958 -0 0.887010634 -0.537299275 0 0.843391657 -0.537299275 0 0.843391657 -0.537299275 0 0.843391657 -0.537299275 -0 0.843391657 -0.537299275 -0 0.843391657 -0.537299275 -0 0.843391657 -0.608761728 0 0.79335314 -0.608761728 0 0.79335314 -0.608761728 0 0.79335314 -0.608761728 -0 0.79335314 -0.608761728 -0 0.79335314 -0.608761728 -0 0.79335314 -0.675590515 0 0.737277031 -0.675590515 0 0.737277031 -0.675590515 0 0.737277031 -0.675590515 -0 0.737277031 -0.675590515 -0 0.737277031 -0.675590515 -0 0.737277031 -0.737277031 0 0.675590515 -0.737277031 0 0.675590515 -0.737277031 0 0.675590515 -0.737277031 -0 0.675590515 -0.737277031 -0 0.675590515 -0.737277031 -0 0.675590515 -0.79335314 0 0.608761728 -0.79335314 0 0.608761728 -0.79335314 0 0.608761728 -0.79335314 -0 0.608761728 -0.79335314 -0 0.608761728 -0.79335314 -0 0.608761728 -0.843391657 0 0.537299275 -0.843391657 0 0.537299275 -0.843391657 0 0.537299275 -0.843391657 -0 0.537299275 -0.843391657 -0 0.537299275 -0.843391657 -0 0.537299275 -0.887010634 0 0.461748958 -0.887010634 0 0.461748958 -0.887010634 0 0.461748958 -0.887010634 -0 0.461748958 -0.887010634 -0 0.461748958 -0.887010634 -0 0.461748958 -0.923879623 0 0.382683158 -0.923879623 0 0.382683158 -0.923879623 0 0.382683158 -0.923879623 -0 0.382683158 -0.923879623 -0 0.382683158 -0.923879623 -0 0.382683158 -0.953716755 0 0.300706387 -0.953716755 0 0.300706387 -0.953716755 0 0.300706387 -0.953716755 -0 0.300706387 -0.953716755 -0 0.300706387 -0.953716755 -0 0.300706387 -0.976296127 0 0.216438964 -0.976296127 0 0.216438964 -0.976296127 0 0.216438964 -0.976296127 -0 0.216438964 -0.976296127 -0 0.216438964 -0.976296127 -0 0.216438964 -0.991444826 0 0.130526483 -0.991444826 0 0.130526483 -0.991444826 0 0.130526483 -0.991444826 -0 0.130526483 -0.991444826 -0 0.130526483 -0.991444826 -0 0.130526483 -0.999048233 0 0.0436194353 -0.999048233 0 0.0436194353 -0.999048233 0 0.0436194353 -0.999048233 -2.04223382e-17 0.0436194353 -0.999048233 -2.04223382e-17 0.0436194353 -0.999048233 -2.04223382e-17 0.0436194353 -0.999048233 2.03463154e-17 -0.0436194353 -0.999048233 2.03463154e-17 -0.0436194353 -0.999048233 2.03463154e-17 -0.0436194353 -0.999048233 -0 -0.0436194353 -0.999048233 -0 -0.0436194353 -0.999048233 -0 -0.0436194353 -0.991444826 -0 -0.130526483 -0.991444826 -0 -0.130526483 -0.991444826 -0 -0.130526483 -0.991444826 -0 -0.130526483 -0.991444826 -0 -0.130526483 -0.991444826 -0 -0.130526483 -0.976296127 -0 -0.216438964 -0.976296127 -0 -0.216438964 -0.976296127 -0 -0.216438964 -0.976296127 -0 -0.216438964 -0.976296127 -0 -0.216438964 -0.976296127 -0 -0.216438964 -0.953716755 -0 -0.300706387 -0.953716755 -0 -0.300706387 -0.953716755 -0 -0.300706387 -0.953716755 -0 -0.300706387 -0.953716755 -0 -0.300706387 -0.953716755 -0 -0.300706387 -0.923879623 -0 -0.382683158 -0.923879623 -0 -0.382683158 -0.923879623 -0 -0.382683158 -0.923879623 -0 -0.382683158 -0.923879623 -0 -0.382683158 -0.923879623 -0 -0.382683158 -0.887010634 -0 -0.461748958 -0.887010634 -0 -0.461748958 -0.887010634 -0 -0.461748958 -0.887010634 -0 -0.461748958 -0.887010634 -0 -0.461748958 -0.887010634 -0 -0.461748958 -0.843391657 -0 -0.537299275 -0.843391657 -0 -0.537299275 -0.843391657 -0 -0.537299275 -0.843391657 -0 -0.537299275 -0.843391657 -0 -0.537299275 -0.843391657 -0 -0.537299275 -0.79335314 -0 -0.608761728 -0.79335314 -0 -0.608761728 -0.79335314 -0 -0.608761728 -0.79335314 -0 -0.608761728 -0.79335314 -0 -0.608761728 -0.79335314 -0 -0.608761728 -0.737277031 -0 -0.675590515 -0.737277031 -0 -0.675590515 -0.737277031 -0 -0.675590515 -0.737277031 -0 -0.675590515 -0.737277031 -0 -0.675590515 -0.737277031 -0 -0.675590515 -0.675590515 -0 -0.737277031 -0.675590515 -0 -0.737277031 -0.675590515 -0 -0.737277031 -0.675590515 -0 -0.737277031 -0.675590515 -0 -0.737277031 -0.675590515 -0 -0.737277031 -0.608761728 -0 -0.79335314 -0.608761728 -0 -0.79335314 -0.608761728 -0 -0.79335314 -0.608761728 -0 -0.79335314 -0.608761728 -0 -0.79335314 -0.608761728 -0 -0.79335314 -0.537299275 -0 -0.843391657 -0.537299275 -0 -0.843391657 -0.537299275 -0 -0.843391657 -0.537299275 -0 -0.843391657 -0.537299275 -0 -0.843391657 -0.537299275 -0 -0.843391657 -0.461748958 -0 -0.887010634 -0.461748958 -0 -0.887010634 -0.461748958 -0 -0.887010634 -0.461748958 -0 -0.887010634 -0.461748958 -0 -0.887010634 -0.461748958 -0 -0.887010634 -0.382683158 -0 -0.923879623 -0.382683158 -0 -0.923879623 -0.382683158 -0 -0.923879623 -0.382683158 -0 -0.923879623 -0.382683158 -0 -0.923879623 -0.382683158 -0 -0.923879623 -0.300706387 -0 -0.953716755 -0.300706387 -0 -0.953716755 -0.300706387 -0 -0.953716755 -0.300706387 -0 -0.953716755 -0.300706387 -0 -0.953716755 -0.300706387 -0 -0.953716755 -0.216438964 -0 -0.976296127 -0.216438964 -0 -0.976296127 -0.216438964 -0 -0.976296127 -0.216438964 -0 -0.976296127 -0.216438964 -0 -0.976296127 -0.216438964 -0 -0.976296127 -0.130526483 -0 -0.991444826 -0.130526483 -0 -0.991444826 -0.130526483 -0 -0.991444826 -0.130526483 -0 -0.991444826 -0.130526483 -0 -0.991444826 -0.130526483 -0 -0.991444826 -0.0436194353 -0 -0.999048233 -0.0436194353 -0 -0.999048233 -0.0436194353 -0 -0.999048233 -0.0436194353 -1.11836614e-17 -0.999048233 -0.0436194353 -1.11836614e-17 -0.999048233 -0.0436194353 -1.11836614e-17 -0.999048233 0.0436194353 1.14058901e-17 -0.999048233 0.0436194353 1.14058901e-17 -0.999048233 0.0436194353 1.14058901e-17 -0.999048233 0.0436194353 -0 -0.999048233 0.0436194353 -0 -0.999048233 0.0436194353 -0 -0.999048233 0.130526483 0 -0.991444826 0.130526483 0 -0.991444826 0.130526483 0 -0.991444826 0.130526483 -0 -0.991444826 0.130526483 -0 -0.991444826 0.130526483 -0 -0.991444826 0.216438964 0 -0.976296127 0.216438964 0 -0.976296127 0.216438964 0 -0.976296127 0.216438964 -0 -0.976296127 0.216438964 -0 -0.976296127 0.216438964 -0 -0.976296127 0.300706387 0 -0.953716755 0.300706387 0 -0.953716755 0.300706387 0 -0.953716755 0.300706387 -0 -0.953716755 0.300706387 -0 -0.953716755 0.300706387 -0 -0.953716755 0.382683158 0 -0.923879623 0.382683158 0 -0.923879623 0.382683158 0 -0.923879623 0.382683158 -0 -0.923879623 0.382683158 -0 -0.923879623 0.382683158 -0 -0.923879623 0.461748958 0 -0.887010634 0.461748958 0 -0.887010634 0.461748958 0 -0.887010634 0.461748958 -0 -0.887010634 0.461748958 -0 -0.887010634 0.461748958 -0 -0.887010634 0.537299275 0 -0.843391657 0.537299275 0 -0.843391657 0.537299275 0 -0.843391657 0.537299275 -0 -0.843391657 0.537299275 -0 -0.843391657 0.537299275 -0 -0.843391657 0.608761728 0 -0.79335314 0.608761728 0 -0.79335314 0.608761728 0 -0.79335314 0.608761728 -0 -0.79335314 0.608761728 -0 -0.79335314 0.608761728 -0 -0.79335314 0.675590515 0 -0.737277031 0.675590515 0 -0.737277031 0.675590515 0 -0.737277031 0.675590515 -0 -0.737277031 0.675590515 -0 -0.737277031 0.675590515 -0 -0.737277031 0.737277031 0 -0.675590515 0.737277031 0 -0.675590515 0.737277031 0 -0.675590515 0.737277031 -0 -0.675590515 0.737277031 -0 -0.675590515 0.737277031 -0 -0.675590515 0.79335314 0 -0.608761728 0.79335314 0 -0.608761728 0.79335314 0 -0.608761728 0.79335314 -0 -0.608761728 0.79335314 -0 -0.608761728 0.79335314 -0 -0.608761728 0.843391657 0 -0.537299275 0.843391657 0 -0.537299275 0.843391657 0 -0.537299275 0.843391657 -0 -0.537299275 0.843391657 -0 -0.537299275 0.843391657 -0 -0.537299275 0.887010634 0 -0.461748958 0.887010634 0 -0.461748958 0.887010634 0 -0.461748958 0.887010634 -0 -0.461748958 0.887010634 -0 -0.461748958 0.887010634 -0 -0.461748958 0.923879623 0 -0.382683158 0.923879623 0 -0.382683158 0.923879623 0 -0.382683158 0.923879623 -0 -0.382683158 0.923879623 -0 -0.382683158 0.923879623 -0 -0.382683158 0.953716755 0 -0.300706387 0.953716755 0 -0.300706387 0.953716755 0 -0.300706387 0.953716755 -0 -0.300706387 0.953716755 -0 -0.300706387 0.953716755 -0 -0.300706387 0.976296127 0 -0.216438964 0.976296127 0 -0.216438964 0.976296127 0 -0.216438964 0.976296127 -0 -0.216438964 0.976296127 -0 -0.216438964 0.976296127 -0 -0.216438964 0.991444826 0 -0.130526483 0.991444826 0 -0.130526483 0.991444826 0 -0.130526483 0.991444826 -0 -0.130526483 0.991444826 -0 -0.130526483 0.991444826 -0 -0.130526483 0.999048233 0 -0.0436194353 0.999048233 0 -0.0436194353 0.999048233 0 -0.0436194353 0.999048233 -9.67629793e-17 -0.0436194353 0.999048233 -9.67629793e-17 -0.0436194353 0.999048233 -9.67629793e-17 -0.0436194353 0.999048233 9.68006457e-17 0.0436194353 0.999048233 9.68006457e-17 0.0436194353 0.999048233 9.68006457e-17 0.0436194353 0.999048233 -0 0.0436194353 0.999048233 -0 0.0436194353 0.999048233 -0 0.0436194353 0.991444826 0 0.130526483 0.991444826 0 0.130526483 0.991444826 0 0.130526483 0.991444826 -0 0.130526483 0.991444826 -0 0.130526483 0.991444826 -0 0.130526483 0.976296127 0 0.216438964 0.976296127 0 0.216438964 0.976296127 0 0.216438964 0.976296127 -0 0.216438964 0.976296127 -0 0.216438964 0.976296127 -0 0.216438964 0.953716755 0 0.300706387 0.953716755 0 0.300706387 0.953716755 0 0.300706387 0.953716755 -0 0.300706387 0.953716755 -0 0.300706387 0.953716755 -0 0.300706387 0.923879623 0 0.382683158 0.923879623 0 0.382683158 0.923879623 0 0.382683158 0.923879623 -0 0.382683158 0.923879623 -0 0.382683158 0.923879623 -0 0.382683158 0.887010634 0 0.461748958 0.887010634 0 0.461748958 0.887010634 0 0.461748958 0.887010634 -0 0.461748958 0.887010634 -0 0.461748958 0.887010634 -0 0.461748958 0.843391657 0 0.537299275 0.843391657 0 0.537299275 0.843391657 0 0.537299275 0.843391657 -0 0.537299275 0.843391657 -0 0.537299275 0.843391657 -0 0.537299275 0.79335314 0 0.608761728 0.79335314 0 0.608761728 0.79335314 0 0.608761728 0.79335314 -0 0.608761728 0.79335314 -0 0.608761728 0.79335314 -0 0.608761728 0.737277031 0 0.675590515 0.737277031 0 0.675590515 0.737277031 0 0.675590515 0.737277031 -0 0.675590515 0.737277031 -0 0.675590515 0.737277031 -0 0.675590515 0.675590515 0 0.737277031 0.675590515 0 0.737277031 0.675590515 0 0.737277031 0.675590515 -0 0.737277031 0.675590515 -0 0.737277031 0.675590515 -0 0.737277031 0.608761728 0 0.79335314 0.608761728 0 0.79335314 0.608761728 0 0.79335314 0.608761728 -0 0.79335314 0.608761728 -0 0.79335314 0.608761728 -0 0.79335314 0.537299275 0 0.843391657 0.537299275 0 0.843391657 0.537299275 0 0.843391657 0.537299275 -0 0.843391657 0.537299275 -0 0.843391657 0.537299275 -0 0.843391657 0.461748958 0 0.887010634 0.461748958 0 0.887010634 0.461748958 0 0.887010634 0.461748958 -0 0.887010634 0.461748958 -0 0.887010634 0.461748958 -0 0.887010634 0.382683158 0 0.923879623 0.382683158 0 0.923879623 0.382683158 0 0.923879623 0.382683158 -0 0.923879623 0.382683158 -0 0.923879623 0.382683158 -0 0.923879623 0.300706387 0 0.953716755 0.300706387 0 0.953716755 0.300706387 0 0.953716755 0.300706387 -0 0.953716755 0.300706387 -0 0.953716755 0.300706387 -0 0.953716755 0.216438964 0 0.976296127 0.216438964 0 0.976296127 0.216438964 0 0.976296127 0.216438964 -0 0.976296127 0.216438964 -0 0.976296127 0.216438964 -0 0.976296127 0.130526483 0 0.991444826 0.130526483 0 0.991444826 0.130526483 0 0.991444826 0.130526483 -0 0.991444826 0.130526483 -0 0.991444826 0.130526483 -0 0.991444826 0.0436194353 0 0.999048233 0.0436194353 0 0.999048233 0.0436194353 0 0.999048233 0.0436194353 -5.25145836e-17 0.999048233 0.0436194353 -5.25145836e-17 0.999048233 0.0436194353 -5.25145836e-17 0.999048233 -0 1 0 -0 1 0 -0 1 0 -0 1 0 -0 1 0 -0 1 0 -0 1 0 -0 1 0 -0 1 0 -0 1 0 -0 1 0 -0 1 0 -0 1 0 -0 1 0 -0 1 0 -0 1 0 -0 1 0 -0 1 0 -0 1 0 -0 1 0 -0 1 0 -0 1 0 -0 1 0 -0 1 0 -0 1 0 -0 1 0 -0 1 0 -0 1 0 -0 1 0 -0 1 0 -0 1 0 -0 1 0 -0 1 0 -0 1 0 -0 1 0 -0 1 0 -0 1 0 -0 1 0 -0 1 0 -0 1 0 -0 1 0 -0 1 0 -0 1 0 -0 1 0 -0 1 0 -0 1 0 -0 1 0 -0 1 0 -0 1 0 -0 1 0 -0 1 0 -0 1 0 -0 1 0 -0 1 0 -0 1 0 -0 1 0 -0 1 0 -0 1 0 -0 1 0 -0 1 0 0 1 0 0 1 0 0 1 0 -0 1 -0 -0 1 -0 -0 1 -0 0 1 0 0 1 0 0 1 0 0 1 -0 0 1 -0 0 1 -0 0 1 0 0 1 0 0 1 0 0 1 -0 0 1 -0 0 1 -0 0 1 0 0 1 0 0 1 0 0 1 -0 0 1 -0 0 1 -0 0 1 0 0 1 0 0 1 0 0 1 -0 0 1 -0 0 1 -0 0 1 0 0 1 0 0 1 0 0 1 -0 0 1 -0 0 1 -0 0 1 0 0 1 0 0 1 0 0 1 -0 0 1 -0 0 1 -0 0 1 0 0 1 0 0 1 0 0 1 -0 0 1 -0 0 1 -0 0 1 0 0 1 0 0 1 0 0 1 -0 0 1 -0 0 1 -0 0 1 0 0 1 0 0 1 0 0 1 -0 0 1 -0 0 1 -0 0 1 0 0 1 0 0 1 0 0 1 -0 0 1 -0 0 1 -0 0 1 0 0 1 0 0 1 0 0 1 -0 0 1 -0 0 1 -0 0 1 0 0 1 0 0 1 0 0 1 -0 0 1 -0 0 1 -0 0 1 0 0 1 0 0 1 0 0 1 -0 0 1 -0 0 1 -0 0 1 0 0 1 0 0 1 0 0 1 -0 0 1 -0 0 1 -0 0 1 0 0 1 0 0 1 0 0 1 -0 0 1 -0 0 1 -0 0 1 0 0 1 0 0 1 0 0 1 -0 0 1 -0 0 1 -0 0 1 0 0 1 0 0 1 0 0 1 -0 0 1 -0 0 1 -0 0 1 0 0 1 0 0 1 0 -0 1 -0 -0 1 -0 -0 1 -0 0 1 0 0 1 0 0 1 0 -0 1 -0 -0 1 -0 -0 1 -0 0 1 0 0 1 0 0 1 0 -0 1 -0 -0 1 -0 -0 1 -0 0 1 0 0 1 0 0 1 0 -0 1 -0 -0 1 -0 -0 1 -0 0 1 0 0 1 0 0 1 0 -0 1 -0 -0 1 -0 -0 1 -0 0 1 0 0 1 0 0 1 0 -0 1 -0 -0 1 -0 -0 1 -0 0 1 0 0 1 0 0 1 0 -0 1 -0 -0 1 -0 -0 1 -0 0 1 0 0 1 0 0 1 0 -0 1 -0 -0 1 -0 -0 1 -0 0 1 0 0 1 0 0 1 0 -0 1 -0 -0 1 -0 -0 1 -0 0 1 0 0 1 0 0 1 0 -0 1 -0 -0 1 -0 -0 1 -0 0 1 0 0 1 0 0 1 0 -0 1 -0 -0 1 -0 -0 1 -0 0 1 0 0 1 0 0 1 0 -0 1 -0 -0 1 -0 -0 1 -0 0 1 0 0 1 0 0 1 0 -0 1 -0 -0 1 -0 -0 1 -0 0 1 0 0 1 0 0 1 0 -0 1 -0 -0 1 -0 -0 1 -0 0 1 0 0 1 0 0 1 0 -0 1 -0 -0 1 -0 -0 1 -0 0 1 0 0 1 0 0 1 0 -0 1 -0 -0 1 -0 -0 1 -0 0 1 0 0 1 0 0 1 0 -0 1 -0 -0 1 -0 -0 1 -0 0 1 0 0 1 0 0 1 0 -0 1 -0 -0 1 -0 -0 1 -0 0 1 -0 0 1 -0 0 1 -0 -0 1 -0 -0 1 -0 -0 1 -0 0 1 -0 0 1 -0 0 1 -0 -0 1 -0 -0 1 -0 -0 1 -0 0 1 -0 0 1 -0 0 1 -0 -0 1 -0 -0 1 -0 -0 1 -0 0 1 -0 0 1 -0 0 1 -0 -0 1 -0 -0 1 -0 -0 1 -0 0 1 -0 0 1 -0 0 1 -0 -0 1 -0 -0 1 -0 -0 1 -0 0 1 -0 0 1 -0 0 1 -0 -0 1 -0 -0 1 -0 -0 1 -0 0 1 -0 0 1 -0 0 1 -0 -0 1 -0 -0 1 -0 -0 1 -0 0 1 -0 0 1 -0 0 1 -0 -0 1 -0 -0 1 -0 -0 1 -0 0 1 -0 0 1 -0 0 1 -0 -0 1 -0 -0 1 -0 -0 1 -0 0 1 -0 0 1 -0 0 1 -0 -0 1 -0 -0 1 -0 -0 1 -0 0 1 -0 0 1 -0 0 1 -0 -0 1 -0 -0 1 -0 -0 1 -0 0 1 -0 0 1 -0 0 1 -0 -0 1 -0 -0 1 -0 -0 1 -0 0 1 -0 0 1 -0 0 1 -0 -0 1 -0 -0 1 -0 -0 1 -0 0 1 -0 0 1 -0 0 1 -0 -0 1 -0 -0 1 -0 -0 1 -0 0 1 -0 0 1 -0 0 1 -0 -0 1 -0 -0 1 -0 -0 1 -0 0 1 -0 0 1 -0 0 1 -0 -0 1 -0 -0 1 -0 -0 1 -0 0 1 -0 0 1 -0 0 1 -0 -0 1 -0 -0 1 -0 -0 1 -0 0 1 -0 0 1 -0 0 1 -0 -0 1 -0 -0 1 -0 -0 1 -0 -0 1 0 -0 1 0 -0 1 0 -0 1 -0 -0 1 -0 -0 1 -0 -0 1 0 -0 1 0 -0 1 0 -0 1 0 -0 1 0 -0 1 0 -0 1 0 -0 1 0 -0 1 0 -0 1 0 -0 1 0 -0 1 0 -0 1 0 -0 1 0 -0 1 0 -0 1 0 -0 1 0 -0 1 0 -0 1 0 -0 1 0 -0 1 0 -0 1 0 -0 1 0 -0 1 0 -0 1 0 -0 1 0 -0 1 0 -0 1 0 -0 1 0 -0 1 0 -0 1 0 -0 1 0 -0 1 0 -0 1 0 -0 1 0 -0 1 0 -0 1 0 -0 1 0 -0 1 0 -0 1 0 -0 1 0 -0 1 0 0.0436196811 0 -0.999048233 0.0436196811 0 -0.999048233 0.0436196811 0 -0.999048233 0.130525202 -0 -0.991445005 0.130525202 -0 -0.991445005 0.130525202 -0 -0.991445005 0.130525202 0 -0.991445005 0.130525202 0 -0.991445005 0.130525202 0 -0.991445005 0.216440707 -0 -0.976295769 0.216440707 -0 -0.976295769 0.216440707 -0 -0.976295769 0.216440707 0 -0.976295769 0.216440707 0 -0.976295769 0.216440707 0 -0.976295769 0.300705314 -0 -0.953717113 0.300705314 -0 -0.953717113 0.300705314 -0 -0.953717113 0.300705314 0 -0.953717113 0.300705314 0 -0.953717113 0.300705314 0 -0.953717113 0.382683188 -0 -0.923879623 0.382683188 -0 -0.923879623 0.382683188 -0 -0.923879623 0.382683188 0 -0.923879623 0.382683188 0 -0.923879623 0.382683188 0 -0.923879623 0.461748898 -0 -0.887010694 0.461748898 -0 -0.887010694 0.461748898 -0 -0.887010694 0.461748898 0 -0.887010694 0.461748898 0 -0.887010694 0.461748898 0 -0.887010694 0.537299454 -0 -0.843391538 0.537299454 -0 -0.843391538 0.537299454 -0 -0.843391538 0.537299454 0 -0.843391538 0.537299454 0 -0.843391538 0.537299454 0 -0.843391538 0.608761728 -0 -0.79335314 0.608761728 -0 -0.79335314 0.608761728 -0 -0.79335314 0.608761728 0 -0.79335314 0.608761728 0 -0.79335314 0.608761728 0 -0.79335314 0.675590158 -0 -0.737277389 0.675590158 -0 -0.737277389 0.675590158 -0 -0.737277389 0.675590158 0 -0.737277389 0.675590158 0 -0.737277389 0.675590158 0 -0.737277389 0.737277389 -0 -0.675590158 0.737277389 -0 -0.675590158 0.737277389 -0 -0.675590158 0.737277389 0 -0.675590158 0.737277389 0 -0.675590158 0.737277389 0 -0.675590158 0.79335314 -0 -0.608761728 0.79335314 -0 -0.608761728 0.79335314 -0 -0.608761728 0.79335314 0 -0.608761728 0.79335314 0 -0.608761728 0.79335314 0 -0.608761728 0.843391538 -0 -0.537299454 0.843391538 -0 -0.537299454 0.843391538 -0 -0.537299454 0.843391538 0 -0.537299454 0.843391538 0 -0.537299454 0.843391538 0 -0.537299454 0.887010694 -0 -0.461748898 0.887010694 -0 -0.461748898 0.887010694 -0 -0.461748898 0.887010694 0 -0.461748898 0.887010694 0 -0.461748898 0.887010694 0 -0.461748898 0.923879623 -0 -0.382683188 0.923879623 -0 -0.382683188 0.923879623 -0 -0.382683188 0.923879623 0 -0.382683188 0.923879623 0 -0.382683188 0.923879623 0 -0.382683188 0.953717113 -0 -0.300705314 0.953717113 -0 -0.300705314 0.953717113 -0 -0.300705314 0.953717113 0 -0.300705314 0.953717113 0 -0.300705314 0.953717113 0 -0.300705314 0.976295769 -0 -0.216440707 0.976295769 -0 -0.216440707 0.976295769 -0 -0.216440707 0.976295769 0 -0.216440707 0.976295769 0 -0.216440707 0.976295769 0 -0.216440707 0.991445005 -0 -0.130525202 0.991445005 -0 -0.130525202 0.991445005 -0 -0.130525202 0.991445005 0 -0.130525202 0.991445005 0 -0.130525202 0.991445005 0 -0.130525202 0.999048233 -0 -0.0436196811 0.999048233 -0 -0.0436196811 0.999048233 -0 -0.0436196811 0.999048233 0 -0.0436196811 0.999048233 0 -0.0436196811 0.999048233 0 -0.0436196811 0.999048233 0 0.0436196811 0.999048233 0 0.0436196811 0.999048233 0 0.0436196811 0.999048233 0 0.0436196811 0.999048233 0 0.0436196811 0.999048233 0 0.0436196811 0.991445005 0 0.130525202 0.991445005 0 0.130525202 0.991445005 0 0.130525202 0.991445005 0 0.130525202 0.991445005 0 0.130525202 0.991445005 0 0.130525202 0.976295769 0 0.216440707 0.976295769 0 0.216440707 0.976295769 0 0.216440707 0.976295769 0 0.216440707 0.976295769 0 0.216440707 0.976295769 0 0.216440707 0.953717113 0 0.300705314 0.953717113 0 0.300705314 0.953717113 0 0.300705314 0.953717113 0 0.300705314 0.953717113 0 0.300705314 0.953717113 0 0.300705314 0.923879623 0 0.382683188 0.923879623 0 0.382683188 0.923879623 0 0.382683188 0.923879623 0 0.382683188 0.923879623 0 0.382683188 0.923879623 0 0.382683188 0.887010694 0 0.461748898 0.887010694 0 0.461748898 0.887010694 0 0.461748898 0.887010694 0 0.461748898 0.887010694 0 0.461748898 0.887010694 0 0.461748898 0.843391538 0 0.537299454 0.843391538 0 0.537299454 0.843391538 0 0.537299454 0.843391538 0 0.537299454 0.843391538 0 0.537299454 0.843391538 0 0.537299454 0.79335314 0 0.608761728 0.79335314 0 0.608761728 0.79335314 0 0.608761728 0.79335314 0 0.608761728 0.79335314 0 0.608761728 0.79335314 0 0.608761728 0.737277389 0 0.675590158 0.737277389 0 0.675590158 0.737277389 0 0.675590158 0.737277389 0 0.675590158 0.737277389 0 0.675590158 0.737277389 0 0.675590158 0.675590158 0 0.737277389 0.675590158 0 0.737277389 0.675590158 0 0.737277389 0.675590158 0 0.737277389 0.675590158 0 0.737277389 0.675590158 0 0.737277389 0.608761728 0 0.79335314 0.608761728 0 0.79335314 0.608761728 0 0.79335314 0.608761728 0 0.79335314 0.608761728 0 0.79335314 0.608761728 0 0.79335314 0.537299454 0 0.843391538 0.537299454 0 0.843391538 0.537299454 0 0.843391538 0.537299454 0 0.843391538 0.537299454 0 0.843391538 0.537299454 0 0.843391538 0.461748898 0 0.887010694 0.461748898 0 0.887010694 0.461748898 0 0.887010694 0.461748898 0 0.887010694 0.461748898 0 0.887010694 0.461748898 0 0.887010694 0.382683188 0 0.923879623 0.382683188 0 0.923879623 0.382683188 0 0.923879623 0.382683188 0 0.923879623 0.382683188 0 0.923879623 0.382683188 0 0.923879623 0.300705314 0 0.953717113 0.300705314 0 0.953717113 0.300705314 0 0.953717113 0.300705314 0 0.953717113 0.300705314 0 0.953717113 0.300705314 0 0.953717113 0.216440707 0 0.976295769 0.216440707 0 0.976295769 0.216440707 0 0.976295769 0.216440707 0 0.976295769 0.216440707 0 0.976295769 0.216440707 0 0.976295769 0.130525202 0 0.991445005 0.130525202 0 0.991445005 0.130525202 0 0.991445005 0.130525202 0 0.991445005 0.130525202 0 0.991445005 0.130525202 0 0.991445005 0.0436196811 0 0.999048233 0.0436196811 0 0.999048233 0.0436196811 0 0.999048233 0.0436196811 -7.35557853e-17 0.999048233 0.0436196811 -7.35557853e-17 0.999048233 0.0436196811 -7.35557853e-17 0.999048233 -0.0436196811 7.05126937e-17 0.999048233 -0.0436196811 7.05126937e-17 0.999048233 -0.0436196811 7.05126937e-17 0.999048233 -0.0436196811 0 0.999048233 -0.0436196811 0 0.999048233 -0.0436196811 0 0.999048233 -0.130525202 -0 0.991445005 -0.130525202 -0 0.991445005 -0.130525202 -0 0.991445005 -0.130525202 0 0.991445005 -0.130525202 0 0.991445005 -0.130525202 0 0.991445005 -0.216440707 -0 0.976295769 -0.216440707 -0 0.976295769 -0.216440707 -0 0.976295769 -0.216440707 0 0.976295769 -0.216440707 0 0.976295769 -0.216440707 0 0.976295769 -0.300705314 -0 0.953717113 -0.300705314 -0 0.953717113 -0.300705314 -0 0.953717113 -0.300705314 0 0.953717113 -0.300705314 0 0.953717113 -0.300705314 0 0.953717113 -0.382683188 -0 0.923879623 -0.382683188 -0 0.923879623 -0.382683188 -0 0.923879623 -0.382683188 0 0.923879623 -0.382683188 0 0.923879623 -0.382683188 0 0.923879623 -0.461748898 -0 0.887010694 -0.461748898 -0 0.887010694 -0.461748898 -0 0.887010694 -0.461748898 0 0.887010694 -0.461748898 0 0.887010694 -0.461748898 0 0.887010694 -0.537299454 -0 0.843391538 -0.537299454 -0 0.843391538 -0.537299454 -0 0.843391538 -0.537299454 0 0.843391538 -0.537299454 0 0.843391538 -0.537299454 0 0.843391538 -0.608761728 -0 0.79335314 -0.608761728 -0 0.79335314 -0.608761728 -0 0.79335314 -0.608761728 0 0.79335314 -0.608761728 0 0.79335314 -0.608761728 0 0.79335314 -0.675590158 -0 0.737277389 -0.675590158 -0 0.737277389 -0.675590158 -0 0.737277389 -0.675590158 0 0.737277389 -0.675590158 0 0.737277389 -0.675590158 0 0.737277389 -0.737277389 -0 0.675590158 -0.737277389 -0 0.675590158 -0.737277389 -0 0.675590158 -0.737277389 0 0.675590158 -0.737277389 0 0.675590158 -0.737277389 0 0.675590158 -0.79335314 -0 0.608761728 -0.79335314 -0 0.608761728 -0.79335314 -0 0.608761728 -0.79335314 0 0.608761728 -0.79335314 0 0.608761728 -0.79335314 0 0.608761728 -0.843391538 -0 0.537299454 -0.843391538 -0 0.537299454 -0.843391538 -0 0.537299454 -0.843391538 0 0.537299454 -0.843391538 0 0.537299454 -0.843391538 0 0.537299454 -0.887010694 -0 0.461748898 -0.887010694 -0 0.461748898 -0.887010694 -0 0.461748898 -0.887010694 0 0.461748898 -0.887010694 0 0.461748898 -0.887010694 0 0.461748898 -0.923879623 -0 0.382683188 -0.923879623 -0 0.382683188 -0.923879623 -0 0.382683188 -0.923879623 0 0.382683188 -0.923879623 0 0.382683188 -0.923879623 0 0.382683188 -0.953717113 -0 0.300705314 -0.953717113 -0 0.300705314 -0.953717113 -0 0.300705314 -0.953717113 0 0.300705314 -0.953717113 0 0.300705314 -0.953717113 0 0.300705314 -0.976295769 -0 0.216440707 -0.976295769 -0 0.216440707 -0.976295769 -0 0.216440707 -0.976295769 0 0.216440707 -0.976295769 0 0.216440707 -0.976295769 0 0.216440707 -0.991445005 -0 0.130525202 -0.991445005 -0 0.130525202 -0.991445005 -0 0.130525202 -0.991445005 0 0.130525202 -0.991445005 0 0.130525202 -0.991445005 0 0.130525202 -0.999048233 -0 0.0436196811 -0.999048233 -0 0.0436196811 -0.999048233 -0 0.0436196811 -0.999048233 0 0.0436196811 -0.999048233 0 0.0436196811 -0.999048233 0 0.0436196811 -0.999048233 -0 -0.0436196811 -0.999048233 -0 -0.0436196811 -0.999048233 -0 -0.0436196811 -0.999048233 0 -0.0436196811 -0.999048233 0 -0.0436196811 -0.999048233 0 -0.0436196811 -0.991445005 -0 -0.130525202 -0.991445005 -0 -0.130525202 -0.991445005 -0 -0.130525202 -0.991445005 0 -0.130525202 -0.991445005 0 -0.130525202 -0.991445005 0 -0.130525202 -0.976295769 -0 -0.216440707 -0.976295769 -0 -0.216440707 -0.976295769 -0 -0.216440707 -0.976295769 0 -0.216440707 -0.976295769 0 -0.216440707 -0.976295769 0 -0.216440707 -0.953717113 -0 -0.300705314 -0.953717113 -0 -0.300705314 -0.953717113 -0 -0.300705314 -0.953717113 0 -0.300705314 -0.953717113 0 -0.300705314 -0.953717113 0 -0.300705314 -0.923879623 -0 -0.382683188 -0.923879623 -0 -0.382683188 -0.923879623 -0 -0.382683188 -0.923879623 0 -0.382683188 -0.923879623 0 -0.382683188 -0.923879623 0 -0.382683188 -0.887010694 -0 -0.461748898 -0.887010694 -0 -0.461748898 -0.887010694 -0 -0.461748898 -0.887010694 0 -0.461748898 -0.887010694 0 -0.461748898 -0.887010694 0 -0.461748898 -0.843391538 -0 -0.537299454 -0.843391538 -0 -0.537299454 -0.843391538 -0 -0.537299454 -0.843391538 0 -0.537299454 -0.843391538 0 -0.537299454 -0.843391538 0 -0.537299454 -0.79335314 -0 -0.608761728 -0.79335314 -0 -0.608761728 -0.79335314 -0 -0.608761728 -0.79335314 0 -0.608761728 -0.79335314 0 -0.608761728 -0.79335314 0 -0.608761728 -0.737277389 -0 -0.675590158 -0.737277389 -0 -0.675590158 -0.737277389 -0 -0.675590158 -0.737277389 0 -0.675590158 -0.737277389 0 -0.675590158 -0.737277389 0 -0.675590158 -0.675590158 -0 -0.737277389 -0.675590158 -0 -0.737277389 -0.675590158 -0 -0.737277389 -0.675590158 0 -0.737277389 -0.675590158 0 -0.737277389 -0.675590158 0 -0.737277389 -0.608761728 -0 -0.79335314 -0.608761728 -0 -0.79335314 -0.608761728 -0 -0.79335314 -0.608761728 0 -0.79335314 -0.608761728 0 -0.79335314 -0.608761728 0 -0.79335314 -0.537299454 -0 -0.843391538 -0.537299454 -0 -0.843391538 -0.537299454 -0 -0.843391538 -0.537299454 0 -0.843391538 -0.537299454 0 -0.843391538 -0.537299454 0 -0.843391538 -0.461748898 -0 -0.887010694 -0.461748898 -0 -0.887010694 -0.461748898 -0 -0.887010694 -0.461748898 0 -0.887010694 -0.461748898 0 -0.887010694 -0.461748898 0 -0.887010694 -0.382683188 -0 -0.923879623 -0.382683188 -0 -0.923879623 -0.382683188 -0 -0.923879623 -0.382683188 0 -0.923879623 -0.382683188 0 -0.923879623 -0.382683188 0 -0.923879623 -0.300705314 -0 -0.953717113 -0.300705314 -0 -0.953717113 -0.300705314 -0 -0.953717113 -0.300705314 0 -0.953717113 -0.300705314 0 -0.953717113 -0.300705314 0 -0.953717113 -0.216440707 -0 -0.976295769 -0.216440707 -0 -0.976295769 -0.216440707 -0 -0.976295769 -0.216440707 0 -0.976295769 -0.216440707 0 -0.976295769 -0.216440707 0 -0.976295769 -0.130525202 -0 -0.991445005 -0.130525202 -0 -0.991445005 -0.130525202 -0 -0.991445005 -0.130525202 0 -0.991445005 -0.130525202 0 -0.991445005 -0.130525202 0 -0.991445005 -0.0436196811 -0 -0.999048233 -0.0436196811 -0 -0.999048233 -0.0436196811 -0 -0.999048233 -0.0436196811 0 -0.999048233 -0.0436196811 0 -0.999048233 -0.0436196811 0 -0.999048233 0.0436196811 -0 -0.999048233 0.0436196811 -0 -0.999048233 0.0436196811 -0 -0.999048233 0 -1 0 0 -1 0 0 -1 0 -0 -1 -0 -0 -1 -0 -0 -1 -0 0 -1 0 0 -1 0 0 -1 0 -0 -1 -0 -0 -1 -0 -0 -1 -0 0 -1 0 0 -1 0 0 -1 0 -0 -1 -0 -0 -1 -0 -0 -1 -0 0 -1 0 0 -1 0 0 -1 0 -0 -1 -0 -0 -1 -0 -0 -1 -0 0 -1 0 0 -1 0 0 -1 0 -0 -1 -0 -0 -1 -0 -0 -1 -0 0 -1 0 0 -1 0 0 -1 0 -0 -1 -0 -0 -1 -0 -0 -1 -0 0 -1 0 0 -1 0 0 -1 0 -0 -1 -0 -0 -1 -0 -0 -1 -0 0 -1 0 0 -1 0 0 -1 0 -0 -1 -0 -0 -1 -0 -0 -1 -0 0 -1 0 0 -1 0 0 -1 0 -0 -1 -0 -0 -1 -0 -0 -1 -0 0 -1 0 0 -1 0 0 -1 0 -0 -1 -0 -0 -1 -0 -0 -1 -0 0 -1 0 0 -1 0 0 -1 0 -0 -1 -0 -0 -1 -0 -0 -1 -0 0 -1 0 0 -1 0 0 -1 0 -0 -1 -0 -0 -1 -0 -0 -1 -0 0 -1 0 0 -1 0 0 -1 0 -0 -1 -0 -0 -1 -0 -0 -1 -0 0 -1 0 0 -1 0 0 -1 0 -0 -1 -0 -0 -1 -0 -0 -1 -0 0 -1 0 0 -1 0 0 -1 0 -0 -1 -0 -0 -1 -0 -0 -1 -0 0 -1 0 0 -1 0 0 -1 0 -0 -1 -0 -0 -1 -0 -0 -1 -0 -0 -1 0 -0 -1 0 -0 -1 0 -0 -1 -0 -0 -1 -0 -0 -1 -0 -0 -1 0 -0 -1 0 -0 -1 0 -0 -1 -0 -0 -1 -0 -0 -1 -0 -0 -1 0 -0 -1 0 -0 -1 0 -0 -1 -0 -0 -1 -0 -0 -1 -0 -0 -1 0 -0 -1 0 -0 -1 0 -0 -1 -0 -0 -1 -0 -0 -1 -0 -0 -1 0 -0 -1 0 -0 -1 0 -0 -1 -0 -0 -1 -0 -0 -1 -0 -0 -1 0 -0 -1 0 -0 -1 0 -0 -1 -0 -0 -1 -0 -0 -1 -0 -0 -1 0 -0 -1 0 -0 -1 0 -0 -1 -0 -0 -1 -0 -0 -1 -0 -0 -1 0 -0 -1 0 -0 -1 0 -0 -1 -0 -0 -1 -0 -0 -1 -0 -0 -1 0 -0 -1 0 -0 -1 0 -0 -1 -0 -0 -1 -0 -0 -1 -0 -0 -1 0 -0 -1 0 -0 -1 0 -0 -1 -0 -0 -1 -0 -0 -1 -0 -0 -1 0 -0 -1 0 -0 -1 0 -0 -1 -0 -0 -1 -0 -0 -1 -0 -0 -1 0 -0 -1 0 -0 -1 0 -0 -1 -0 -0 -1 -0 -0 -1 -0 -0 -1 0 -0 -1 0 -0 -1 0 -0 -1 -0 -0 -1 -0 -0 -1 -0 -0 -1 0 -0 -1 0 -0 -1 0 -0 -1 -0 -0 -1 -0 -0 -1 -0 -0 -1 0 -0 -1 0 -0 -1 0 -0 -1 -0 -0 -1 -0 -0 -1 -0 -0 -1 0 -0 -1 0 -0 -1 0 -0 -1 -0 -0 -1 -0 -0 -1 -0 -0 -1 0 -0 -1 0 -0 -1 0 -0 -1 -0 -0 -1 -0 -0 -1 -0 -0 -1 0 -0 -1 0 -0 -1 0 -0 -1 -0 -0 -1 -0 -0 -1 -0 -0 -1 -0 -0 -1 -0 -0 -1 -0 -0 -1 -0 -0 -1 -0 -0 -1 -0 0 -1 -0 0 -1 -0 0 -1 -0 -0 -1 -0 -0 -1 -0 -0 -1 -0 0 -1 -0 0 -1 -0 0 -1 -0 -0 -1 -0 -0 -1 -0 -0 -1 -0 0 -1 -0 0 -1 -0 0 -1 -0 -0 -1 -0 -0 -1 -0 -0 -1 -0 0 -1 -0 0 -1 -0 0 -1 -0 -0 -1 -0 -0 -1 -0 -0 -1 -0 0 -1 -0 0 -1 -0 0 -1 -0 -0 -1 -0 -0 -1 -0 -0 -1 -0 0 -1 -0 0 -1 -0 0 -1 -0 -0 -1 -0 -0 -1 -0 -0 -1 -0 0 -1 -0 0 -1 -0 0 -1 -0 -0 -1 -0 -0 -1 -0 -0 -1 -0 0 -1 -0 0 -1 -0 0 -1 -0 -0 -1 -0 -0 -1 -0 -0 -1 -0 0 -1 -0 0 -1 -0 0 -1 -0 0 -1 -0 0 -1 -0 0 -1 -0 0 -1 -0 0 -1 -0 0 -1 -0 0 -1 -0 0 -1 -0 0 -1 -0 0 -1 -0 0 -1 -0 0 -1 -0 0 -1 -0 0 -1 -0 0 -1 -0 0 -1 -0 0 -1 -0 0 -1 -0 0 -1 -0 0 -1 -0 0 -1 -0 0 -1 -0 0 -1 -0 0 -1 -0 0 -1 -0 0 -1 -0 0 -1 -0 0 -1 -0 0 -1 -0 0 -1 -0 0 -1 -0 0 -1 -0 0 -1 -0 0 -1 -0 0 -1 -0 0 -1 -0 0 -1 -0 0 -1 -0 0 -1 -0 0 -1 -0 0 -1 -0 0 -1 -0 0 -1 -0 0 -1 -0 0 -1 -0 0 -1 -0 0 -1 -0 0 -1 -0 0 -1 -0 0 -1 -0 0 -1 -0 0 -1 -0 0 -1 -0 0 -1 -0 -0 -1 -0 -0 -1 -0 -0 -1 -0 0 -1 0 0 -1 0 0 -1 0 -0 -1 -0 -0 -1 -0 -0 -1 -0 0 -1 0 0 -1 0 0 -1 0 -0 -1 -0 -0 -1 -0 -0 -1 -0 0 -1 0 0 -1 0 0 -1 0 -0 -1 -0 -0 -1 -0 -0 -1 -0 0 -1 0 0 -1 0 0 -1 0 -0 -1 -0 -0 -1 -0 -0 -1 -0 0 -1 0 0 -1 0 0 -1 0 -0 -1 -0 -0 -1 -0 -0 -1 -0 0 -1 0 0 -1 0 0 -1 0 -0 -1 -0 -0 -1 -0 -0 -1 -0 0 -1 0 0 -1 0 0 -1 0 -0 -1 -0 -0 -1 -0 -0 -1 -0 0 -1 0 0 -1 0 0 -1 0 -0 -1 -0 -0 -1 -0 -0 -1 -0 0 -1 0 0 -1 0 0 -1 0 -0 -1 0 -0 -1 0 -0 -1 0 0 -1 0 0 -1 0 0 -1 0 -0 -1 0 -0 -1 0 -0 -1 0 0 -1 0 0 -1 0 0 -1 0 -0 -1 0 -0 -1 0 -0 -1 0 0 -1 0 0 -1 0 0 -1 0 -0 -1 0 -0 -1 0 -0 -1 0 0 -1 0 0 -1 0 0 -1 0 -0 -1 0 -0 -1 0 -0 -1 0 0 -1 0 0 -1 0 0 -1 0 -0 -1 0 -0 -1 0 -0 -1 0 0 -1 0 0 -1 0 0 -1 0 -0 -1 0 -0 -1 0 -0 -1 0 0 -1 0 0 -1 0 0 -1 0 -0 -1 0 -0 -1 0 -0 -1 0 0 -1 0 0 -1 0 0 -1 0 -0 -1 0 -0 -1 0 -0 -1 0 0 -1 0 0 -1 0 0 -1 0 -0 -1 -0 -0 -1 -0 -0 -1 -0 0 -1 0 0 -1 0 0 -1 0 -0 -1 -0 -0 -1 -0 -0 -1 -0 -0.960562408 0 -0.278064489 -0.960562408 0 -0.278064489 -0.960562408 0 -0.278064489 -0.216439813 0 0.976295948 -0.216439813 0 0.976295948 -0.216439813 0 0.976295948 -0.230052903 0.0369466916 0.972476542 -0.230052903 0.0369466916 0.972476542 -0.230052903 0.0369466916 0.972476542 -0.913924575 0 0.405884027 -0.913924575 0 0.405884027 -0.913924575 0 0.405884027 -0.887010574 -0 0.461749107 -0.887010574 -0 0.461749107 -0.887010574 -0 0.461749107 -0.887010574 0 0.461749107 -0.887010574 0 0.461749107 -0.887010574 0 0.461749107 -0.843391538 -0 0.537299454 -0.843391538 -0 0.537299454 -0.843391538 -0 0.537299454 -0.843391538 0 0.537299454 -0.843391538 0 0.537299454 -0.843391538 0 0.537299454 -0.79335326 -0 0.608761489 -0.79335326 -0 0.608761489 -0.79335326 -0 0.608761489 -0.79335326 0 0.608761489 -0.79335326 0 0.608761489 -0.79335326 0 0.608761489 -0.737277567 -0 0.675589919 -0.737277567 -0 0.675589919 -0.737277567 -0 0.675589919 -0.737277567 0 0.675589919 -0.737277567 0 0.675589919 -0.737277567 0 0.675589919 -0.675589919 -0 0.737277567 -0.675589919 -0 0.737277567 -0.675589919 -0 0.737277567 -0.675589919 0 0.737277567 -0.675589919 0 0.737277567 -0.675589919 0 0.737277567 -0.608761489 -0 0.79335326 -0.608761489 -0 0.79335326 -0.608761489 -0 0.79335326 -0.608761489 0 0.79335326 -0.608761489 0 0.79335326 -0.608761489 0 0.79335326 -0.537299454 -0 0.843391538 -0.537299454 -0 0.843391538 -0.537299454 -0 0.843391538 -0.537299454 0 0.843391538 -0.537299454 0 0.843391538 -0.537299454 0 0.843391538 -0.461749107 -0 0.887010574 -0.461749107 -0 0.887010574 -0.461749107 -0 0.887010574 -0.461749107 0 0.887010574 -0.461749107 0 0.887010574 -0.461749107 0 0.887010574 -0.405896217 -0 0.913919151 -0.405896217 -0 0.913919151 -0.405896217 -0 0.913919151 -0.382534981 0.0278310962 0.923521757 -0.382534981 0.0278310962 0.923521757 -0.382534981 0.0278310962 0.923521757 -0.3656452 -0 0.930754304 -0.3656452 -0 0.930754304 -0.3656452 -0 0.930754304 -0.300705582 0 0.953716993 -0.300705582 0 0.953716993 -0.300705582 0 0.953716993 -0.319253922 0.0521886721 0.946231067 -0.319253922 0.0521886721 0.946231067 -0.319253922 0.0521886721 0.946231067 -0.27805531 0 0.96056509 -0.27805531 0 0.96056509 -0.27805531 0 0.96056509 -0.929683387 0.0480594411 0.36521104 -0.929683387 0.0480594411 0.36521104 -0.929683387 0.0480594411 0.36521104 -0.923879623 -0 0.382683218 -0.923879623 -0 0.382683218 -0.923879623 -0 0.382683218 -0.94752723 0 0.319675028 -0.94752723 0 0.319675028 -0.94752723 0 0.319675028 -0.953334093 0.0283346754 0.300584823 -0.953334093 0.0283346754 0.300584823 -0.953334093 0.0283346754 0.300584823 -0.960569859 0 0.27803874 -0.960569859 0 0.27803874 -0.960569859 0 0.27803874 -0.973143876 0 0.230197728 -0.973143876 0 0.230197728 -0.973143876 0 0.230197728 -0.97599113 0.0249865875 0.216372237 -0.97599113 0.0249865875 0.216372237 -0.97599113 0.0249865875 0.216372237 -0.982258976 0 0.187529534 -0.982258976 0 0.187529534 -0.982258976 0 0.187529534 -0.991444826 -0 0.130526468 -0.991444826 -0 0.130526468 -0.991444826 -0 0.130526468 -0.991444826 0 0.130526468 -0.991444826 0 0.130526468 -0.991444826 0 0.130526468 -0.999048233 -0 0.0436189063 -0.999048233 -0 0.0436189063 -0.999048233 -0 0.0436189063 -0.999048233 0 0.0436189063 -0.999048233 0 0.0436189063 -0.999048233 0 0.0436189063 -0.999048233 -0 -0.0436189063 -0.999048233 -0 -0.0436189063 -0.999048233 -0 -0.0436189063 -0.999048233 0 -0.0436189063 -0.999048233 0 -0.0436189063 -0.999048233 0 -0.0436189063 -0.991444826 -0 -0.130526468 -0.991444826 -0 -0.130526468 -0.991444826 -0 -0.130526468 -0.991444826 0 -0.130526468 -0.991444826 0 -0.130526468 -0.991444826 0 -0.130526468 -0.976295948 -0 -0.216439813 -0.976295948 -0 -0.216439813 -0.976295948 -0 -0.216439813 -0.972473443 0.0369717926 -0.230062038 -0.972473443 0.0369717926 -0.230062038 -0.972473443 0.0369717926 -0.230062038 -0.982254684 -0 -0.187551975 -0.982254684 -0 -0.187551975 -0.982254684 -0 -0.187551975 -0.946226299 0.0522165596 -0.319263577 -0.946226299 0.0522165596 -0.319263577 -0.946226299 0.0522165596 -0.319263577 -0.953716993 -0 -0.300705582 -0.953716993 -0 -0.300705582 -0.953716993 -0 -0.300705582 -0.930751979 0 -0.36565116 -0.930751979 0 -0.36565116 -0.930751979 0 -0.36565116 -0.923521817 0.0278287511 -0.382535011 -0.923521817 0.0278287511 -0.382535011 -0.923521817 0.0278287511 -0.382535011 -0.91391629 0 -0.405902714 -0.91391629 0 -0.405902714 -0.91391629 0 -0.405902714 -0.887010574 -0 -0.461749107 -0.887010574 -0 -0.461749107 -0.887010574 -0 -0.461749107 -0.887010574 0 -0.461749107 -0.887010574 0 -0.461749107 -0.887010574 0 -0.461749107 -0.843391538 -0 -0.537299454 -0.843391538 -0 -0.537299454 -0.843391538 -0 -0.537299454 -0.843391538 0 -0.537299454 -0.843391538 0 -0.537299454 -0.843391538 0 -0.537299454 -0.79335326 -0 -0.608761489 -0.79335326 -0 -0.608761489 -0.79335326 -0 -0.608761489 -0.79335326 0 -0.608761489 -0.79335326 0 -0.608761489 -0.79335326 0 -0.608761489 -0.737277567 -0 -0.675589919 -0.737277567 -0 -0.675589919 -0.737277567 -0 -0.675589919 -0.737277567 0 -0.675589919 -0.737277567 0 -0.675589919 -0.737277567 0 -0.675589919 -0.675589919 -0 -0.737277567 -0.675589919 -0 -0.737277567 -0.675589919 -0 -0.737277567 -0.675589919 0 -0.737277567 -0.675589919 0 -0.737277567 -0.675589919 0 -0.737277567 -0.608761489 -0 -0.79335326 -0.608761489 -0 -0.79335326 -0.608761489 -0 -0.79335326 -0.608761489 0 -0.79335326 -0.608761489 0 -0.79335326 -0.608761489 0 -0.79335326 -0.537299454 -0 -0.843391538 -0.537299454 -0 -0.843391538 -0.537299454 -0 -0.843391538 -0.537299454 0 -0.843391538 -0.537299454 0 -0.843391538 -0.537299454 0 -0.843391538 -0.461749107 -0 -0.887010574 -0.461749107 -0 -0.887010574 -0.461749107 -0 -0.887010574 -0.461749107 0 -0.887010574 -0.461749107 0 -0.887010574 -0.461749107 0 -0.887010574 -0.300584823 0.0283349324 -0.953334093 -0.300584823 0.0283349324 -0.953334093 -0.300584823 0.0283349324 -0.953334093 -0.319681466 -0 -0.947525084 -0.319681466 -0 -0.947525084 -0.319681466 -0 -0.947525084 -0.382683218 -0 -0.923879623 -0.382683218 -0 -0.923879623 -0.382683218 -0 -0.923879623 -0.365215451 0.0480476543 -0.929682255 -0.365215451 0.0480476543 -0.929682255 -0.365215451 0.0480476543 -0.929682255 -0.405888021 -0 -0.913922787 -0.405888021 -0 -0.913922787 -0.405888021 -0 -0.913922787 0.382683218 0 -0.923879623 0.382683218 0 -0.923879623 0.382683218 0 -0.923879623 0.300705582 -0 -0.953716993 0.300705582 -0 -0.953716993 0.300705582 -0 -0.953716993 0.300705582 0 -0.953716993 0.300705582 0 -0.953716993 0.300705582 0 -0.953716993 0.216439813 -0 -0.976295948 0.216439813 -0 -0.976295948 0.216439813 -0 -0.976295948 0.216439813 0 -0.976295948 0.216439813 0 -0.976295948 0.216439813 0 -0.976295948 0.130526468 -0 -0.991444826 0.130526468 -0 -0.991444826 0.130526468 -0 -0.991444826 0.130526468 0 -0.991444826 0.130526468 0 -0.991444826 0.130526468 0 -0.991444826 0.0436189063 -0 -0.999048233 0.0436189063 -0 -0.999048233 0.0436189063 -0 -0.999048233 0.0436189063 3.23645439e-16 -0.999048233 0.0436189063 3.23645439e-16 -0.999048233 0.0436189063 3.23645439e-16 -0.999048233 -0.0436189063 -3.20506494e-16 -0.999048233 -0.0436189063 -3.20506494e-16 -0.999048233 -0.0436189063 -3.20506494e-16 -0.999048233 -0.0436189063 0 -0.999048233 -0.0436189063 0 -0.999048233 -0.0436189063 0 -0.999048233 -0.130526468 0 -0.991444826 -0.130526468 0 -0.991444826 -0.130526468 0 -0.991444826 -0.130526468 0 -0.991444826 -0.130526468 0 -0.991444826 -0.130526468 0 -0.991444826 -0.187537163 0 -0.982257485 -0.187537163 0 -0.982257485 -0.187537163 0 -0.982257485 -0.216372207 0.0249945149 -0.975990951 -0.216372207 0.0249945149 -0.975990951 -0.216372207 0.0249945149 -0.975990951 -0.230205908 -0 -0.973141968 -0.230205908 -0 -0.973141968 -0.230205908 -0 -0.973141968 -0.278047472 -0 -0.960567355 -0.278047472 -0 -0.960567355 -0.278047472 -0 -0.960567355 0.953716993 0 -0.300705582 0.953716993 0 -0.300705582 0.953716993 0 -0.300705582 0.923879623 -0 -0.382683218 0.923879623 -0 -0.382683218 0.923879623 -0 -0.382683218 0.923879623 0 -0.382683218 0.923879623 0 -0.382683218 0.923879623 0 -0.382683218 0.887010574 -0 -0.461749107 0.887010574 -0 -0.461749107 0.887010574 -0 -0.461749107 0.887010574 0 -0.461749107 0.887010574 0 -0.461749107 0.887010574 0 -0.461749107 0.843391538 -0 -0.537299454 0.843391538 -0 -0.537299454 0.843391538 -0 -0.537299454 0.843391538 0 -0.537299454 0.843391538 0 -0.537299454 0.843391538 0 -0.537299454 0.79335326 -0 -0.608761489 0.79335326 -0 -0.608761489 0.79335326 -0 -0.608761489 0.79335326 0 -0.608761489 0.79335326 0 -0.608761489 0.79335326 0 -0.608761489 0.737277567 -0 -0.675589919 0.737277567 -0 -0.675589919 0.737277567 -0 -0.675589919 0.737277567 0 -0.675589919 0.737277567 0 -0.675589919 0.737277567 0 -0.675589919 0.675589919 -0 -0.737277567 0.675589919 -0 -0.737277567 0.675589919 -0 -0.737277567 0.675589919 0 -0.737277567 0.675589919 0 -0.737277567 0.675589919 0 -0.737277567 0.608761489 -0 -0.79335326 0.608761489 -0 -0.79335326 0.608761489 -0 -0.79335326 0.608761489 0 -0.79335326 0.608761489 0 -0.79335326 0.608761489 0 -0.79335326 0.537299454 -0 -0.843391538 0.537299454 -0 -0.843391538 0.537299454 -0 -0.843391538 0.537299454 0 -0.843391538 0.537299454 0 -0.843391538 0.537299454 0 -0.843391538 0.488280922 -0 -0.872686505 0.488280922 -0 -0.872686505 0.488280922 -0 -0.872686505 0.461611867 0.0243793335 -0.886746943 0.461611867 0.0243793335 -0.886746943 0.461611867 0.0243793335 -0.886746943 0.449748307 -0 -0.893155336 0.449748307 -0 -0.893155336 0.449748307 -0 -0.893155336 0.382683218 0 -0.923879623 0.382683218 0 -0.923879623 0.382683218 0 -0.923879623 0.923879623 0 0.382683218 0.923879623 0 0.382683218 0.923879623 0 0.382683218 0.953716993 -0 0.300705582 0.953716993 -0 0.300705582 0.953716993 -0 0.300705582 0.953716993 0 0.300705582 0.953716993 0 0.300705582 0.953716993 0 0.300705582 0.976295948 -0 0.216439813 0.976295948 -0 0.216439813 0.976295948 -0 0.216439813 0.976295948 0 0.216439813 0.976295948 0 0.216439813 0.976295948 0 0.216439813 0.991444826 -0 0.130526468 0.991444826 -0 0.130526468 0.991444826 -0 0.130526468 0.991444826 0 0.130526468 0.991444826 0 0.130526468 0.991444826 0 0.130526468 0.999048233 -0 0.0436189063 0.999048233 -0 0.0436189063 0.999048233 -0 0.0436189063 0.999048233 0 0.0436189063 0.999048233 0 0.0436189063 0.999048233 0 0.0436189063 0.999048233 -0 -0.0436189063 0.999048233 -0 -0.0436189063 0.999048233 -0 -0.0436189063 0.999048233 0 -0.0436189063 0.999048233 0 -0.0436189063 0.999048233 0 -0.0436189063 0.991444826 -0 -0.130526468 0.991444826 -0 -0.130526468 0.991444826 -0 -0.130526468 0.991444826 0 -0.130526468 0.991444826 0 -0.130526468 0.991444826 0 -0.130526468 0.982254684 -0 -0.187551975 0.982254684 -0 -0.187551975 0.982254684 -0 -0.187551975 0.975990653 0.0250070021 -0.216372132 0.975990653 0.0250070021 -0.216372132 0.975990653 0.0250070021 -0.216372132 0.97313875 -0 -0.230219439 0.97313875 -0 -0.230219439 0.97313875 -0 -0.230219439 0.953716993 0 -0.300705582 0.953716993 0 -0.300705582 0.953716993 0 -0.300705582 0.300705582 0 0.953716993 0.300705582 0 0.953716993 0.300705582 0 0.953716993 0.382683218 -0 0.923879623 0.382683218 -0 0.923879623 0.382683218 -0 0.923879623 0.382683218 0 0.923879623 0.382683218 0 0.923879623 0.382683218 0 0.923879623 0.461749107 -0 0.887010574 0.461749107 -0 0.887010574 0.461749107 -0 0.887010574 0.461749107 0 0.887010574 0.461749107 0 0.887010574 0.461749107 0 0.887010574 0.537299454 -0 0.843391538 0.537299454 -0 0.843391538 0.537299454 -0 0.843391538 0.537299454 0 0.843391538 0.537299454 0 0.843391538 0.537299454 0 0.843391538 0.608761489 -0 0.79335326 0.608761489 -0 0.79335326 0.608761489 -0 0.79335326 0.608761489 0 0.79335326 0.608761489 0 0.79335326 0.608761489 0 0.79335326 0.675589919 -0 0.737277567 0.675589919 -0 0.737277567 0.675589919 -0 0.737277567 0.675589919 0 0.737277567 0.675589919 0 0.737277567 0.675589919 0 0.737277567 0.737277567 -0 0.675589919 0.737277567 -0 0.675589919 0.737277567 -0 0.675589919 0.737277567 0 0.675589919 0.737277567 0 0.675589919 0.737277567 0 0.675589919 0.79335326 -0 0.608761489 0.79335326 -0 0.608761489 0.79335326 -0 0.608761489 0.79335326 0 0.608761489 0.79335326 0 0.608761489 0.79335326 0 0.608761489 0.843391538 -0 0.537299454 0.843391538 -0 0.537299454 0.843391538 -0 0.537299454 0.843391538 0 0.537299454 0.843391538 0 0.537299454 0.843391538 0 0.537299454 0.87268734 -0 0.488279492 0.87268734 -0 0.488279492 0.87268734 -0 0.488279492 0.886746943 0.0243796706 0.461611867 0.886746943 0.0243796706 0.461611867 0.886746943 0.0243796706 0.461611867 0.893155634 -0 0.449747771 0.893155634 -0 0.449747771 0.893155634 -0 0.449747771 0.923879623 0 0.382683218 0.923879623 0 0.382683218 0.923879623 0 0.382683218 -0.187542677 0 0.982256472 -0.187542677 0 0.982256472 -0.187542677 0 0.982256472 -0.130526468 -0 0.991444826 -0.130526468 -0 0.991444826 -0.130526468 -0 0.991444826 -0.130526468 0 0.991444826 -0.130526468 0 0.991444826 -0.130526468 0 0.991444826 -0.0436189063 -0 0.999048233 -0.0436189063 -0 0.999048233 -0.0436189063 -0 0.999048233 -0.0436189063 0 0.999048233 -0.0436189063 0 0.999048233 -0.0436189063 0 0.999048233 0.0436189063 -0 0.999048233 0.0436189063 -0 0.999048233 0.0436189063 -0 0.999048233 0.0436189063 0 0.999048233 0.0436189063 0 0.999048233 0.0436189063 0 0.999048233 0.130526468 -0 0.991444826 0.130526468 -0 0.991444826 0.130526468 -0 0.991444826 0.130526468 0 0.991444826 0.130526468 0 0.991444826 0.130526468 0 0.991444826 0.187542677 -0 0.982256472 0.187542677 -0 0.982256472 0.187542677 -0 0.982256472 0.216372177 0.0249981061 0.975990891 0.216372177 0.0249981061 0.975990891 0.216372177 0.0249981061 0.975990891 0.230210081 -0 0.973140955 0.230210081 -0 0.973140955 0.230210081 -0 0.973140955 0.300705582 0 0.953716993 0.300705582 0 0.953716993 0.300705582 0 0.953716993 0 -1 0 0 -1 0 0 -1 0 0 -1 -0 0 -1 -0 0 -1 -0 0 -1 -0 0 -1 -0 0 -1 -0 0 -1 -0 0 -1 -0 0 -1 -0 0 -1 0 0 -1 0 0 -1 0 0 -1 0 0 -1 0 0 -1 0 0 -1 0 0 -1 0 0 -1 0 -0 -1 0 -0 -1 0 -0 -1 0 0 -1 0 0 -1 0 0 -1 0 0 -1 0 0 -1 0 0 -1 0 -0 -1 0 -0 -1 0 -0 -1 0 0 -1 0 0 -1 0 0 -1 0 0 -1 0 0 -1 0 0 -1 0 -0 -1 0 -0 -1 0 -0 -1 0 0 -1 0 0 -1 0 0 -1 0 0 -1 0 0 -1 0 0 -1 0 0 -1 0 0 -1 0 0 -1 0 -0 -1 -0 -0 -1 -0 -0 -1 -0 0 -1 0 0 -1 0 0 -1 0 -0 -1 -0 -0 -1 -0 -0 -1 -0 0 -1 0 0 -1 0 0 -1 0 -0 -1 0 -0 -1 0 -0 -1 0 0 -1 -0 0 -1 -0 0 -1 -0 -0 -1 -0 -0 -1 -0 -0 -1 -0 0 -1 0 0 -1 0 0 -1 0 0 -1 0 0 -1 0 0 -1 0 -0 -1 -0 -0 -1 -0 -0 -1 -0 -0 -1 0 -0 -1 0 -0 -1 0 -0 -1 -0 -0 -1 -0 -0 -1 -0 0 -1 -0 0 -1 -0 0 -1 -0 -0 -1 -0 -0 -1 -0 -0 -1 -0 0 -1 0 0 -1 0 0 -1 0 -0 -1 0 -0 -1 0 -0 -1 0 -0 -1 -0 -0 -1 -0 -0 -1 -0 -0 -1 0 -0 -1 0 -0 -1 0 -0 -1 0 -0 -1 0 -0 -1 0 -0 -1 -0 -0 -1 -0 -0 -1 -0 0 -1 0 0 -1 0 0 -1 0 -0 -1 0 -0 -1 0 -0 -1 0 -0 -1 -0 -0 -1 -0 -0 -1 -0 0 -1 0 0 -1 0 0 -1 0 0 -1 0 0 -1 0 0 -1 0 -0 -1 -0 -0 -1 -0 -0 -1 -0 0 -1 0 0 -1 0 0 -1 0 -0 -1 -0 -0 -1 -0 -0 -1 -0 0 -1 0 0 -1 0 0 -1 0 -0 -1 -0 -0 -1 -0 -0 -1 -0 0 -1 0 0 -1 0 0 -1 0 0 -1 0 0 -1 0 0 -1 0 -0 -1 -0 -0 -1 -0 -0 -1 -0 0 -1 0 0 -1 0 0 -1 0 0 -1 0 0 -1 0 0 -1 0 -0 -1 -0 -0 -1 -0 -0 -1 -0 0 -1 0 0 -1 0 0 -1 0 -0 -1 0 -0 -1 0 -0 -1 0 -0 -1 -0 -0 -1 -0 -0 -1 -0 0 -1 0 0 -1 0 0 -1 0 -0 -1 -0 -0 -1 -0 -0 -1 -0 0 -1 0 0 -1 0 0 -1 0 0 -1 0 0 -1 0 0 -1 0 -0 -1 -0 -0 -1 -0 -0 -1 -0 0 -1 0 0 -1 0 0 -1 0 0 -1 0 0 -1 0 0 -1 0 -0 -1 -0 -0 -1 -0 -0 -1 -0 0 -1 0 0 -1 0 0 -1 0 0 -1 0 0 -1 0 0 -1 0 -0 -1 0 -0 -1 0 -0 -1 0 0 -1 0 0 -1 0 0 -1 0 0 -1 0 0 -1 0 0 -1 0 0 -1 0 0 -1 0 0 -1 0 0 -1 -0 0 -1 -0 0 -1 -0 0 -1 -0 0 -1 -0 0 -1 -0 0 -1 -0 0 -1 -0 0 -1 -0 0 -1 -0 0 -1 -0 0 -1 -0 0 -1 -0 0 -1 -0 0 -1 -0 0 -1 -0 0 -1 -0 0 -1 -0 0 -1 -0 0 -1 -0 0 -1 -0 0 -1 -0 0 -1 -0 0 -1 -0 0 -1 -0 0 -1 -0 0 -1 -0 0 -1 -0 0 -1 -0 0 -1 -0 0 -1 -0 0 -1 -0 0 -1 -0 0 -1 0 0 -1 0 0 -1 0 0 -1 0 0 -1 0 0 -1 0 0 -1 0 0 -1 0 0 -1 0 -0 -1 0 -0 -1 0 -0 -1 0 0 -1 0 0 -1 0 0 -1 0 -0 -1 0 -0 -1 0 -0 -1 0 0 -1 0 0 -1 0 0 -1 0 -0 -1 0 -0 -1 0 -0 -1 0 0 -1 0 0 -1 0 0 -1 0 -0 -1 0 -0 -1 0 -0 -1 0 0 -1 0 0 -1 0 0 -1 0 0 -1 0 0 -1 0 0 -1 0 0 -1 0 0 -1 0 0 -1 0 0 -1 -0 0 -1 -0 0 -1 -0 0 -1 -0 0 -1 -0 0 -1 -0 0 -1 -0 0 -1 -0 0 -1 -0 0 -1 -0 0 -1 -0 0 -1 -0 0 -1 -0 0 -1 -0 0 -1 -0 0 -1 -0 0 -1 -0 0 -1 -0 0 -1 -0 0 -1 -0 0 -1 -0 0 -1 -0 0 -1 -0 0 -1 -0 0 -1 -0 0 -1 -0 0 -1 -0 0 -1 -0 0 -1 -0 0 -1 -0 0 -1 -0 0 -1 -0 0 -1 -0 0 -1 -0 0 -1 -0 0 -1 -0 0 -1 -0 0 -1 -0 0 -1 -0 0 -1 -0 0 -1 -0 0 -1 -0 0 -1 -0 0 -1 -0 0 -1 -0 0 -1 -0 0 -1 -0 0 -1 -0 0 -1 -0 0 -1 -0 0 -1 -0 -0 -1 -0 -0 -1 -0 -0 -1 -0 -0 -1 0 -0 -1 0 -0 -1 0 -0 -1 -0 -0 -1 -0 -0 -1 -0 -0 -1 0 -0 -1 0 -0 -1 0 -0 -1 -0 -0 -1 -0 -0 -1 -0 0 -1 0 0 -1 0 0 -1 0 -0 -1 0 -0 -1 0 -0 -1 0 -0 -1 -0 -0 -1 -0 -0 -1 -0 0 -1 0 0 -1 0 0 -1 0 -0 -1 0 -0 -1 0 -0 -1 0 -0 -1 -0 -0 -1 -0 -0 -1 -0 0 -1 0 0 -1 0 0 -1 0 -0 -1 0 -0 -1 0 -0 -1 0 -0 -1 -0 -0 -1 -0 -0 -1 -0 0 -1 0 0 -1 0 0 -1 0 -0 -1 0 -0 -1 0 -0 -1 0 -0 -1 -0 -0 -1 -0 -0 -1 -0 0 -1 0 0 -1 0 0 -1 0 0 -1 0 0 -1 0 0 -1 0 -0 -1 -0 -0 -1 -0 -0 -1 -0 0 -1 0 0 -1 0 0 -1 0 -0 -1 -0 -0 -1 -0 -0 -1 -0 -0 -1 0 -0 -1 0 -0 -1 0 0 -1 0 0 -1 0 0 -1 0 -0 -1 -0 -0 -1 -0 -0 -1 -0 0 -1 0 0 -1 0 0 -1 0 -0 -1 0 -0 -1 0 -0 -1 0 -0 -1 -0 -0 -1 -0 -0 -1 -0 0 -1 0 0 -1 0 0 -1 0 -0 -1 -0 -0 -1 -0 -0 -1 -0 0 -1 0 0 -1 0 0 -1 0 0 -1 0 0 -1 0 0 -1 0 -0 -1 -0 -0 -1 -0 -0 -1 -0 0 -1 0 0 -1 0 0 -1 0 -0 -1 -0 -0 -1 -0 -0 -1 -0 0 -1 0 0 -1 0 0 -1 0 -0 -1 -0 -0 -1 -0 -0 -1 -0 0 -1 0 0 -1 0 0 -1 0 0 -1 0 0 -1 0 0 -1 0 -0 -1 0 -0 -1 0 -0 -1 0 0 -1 0 0 -1 0 0 -1 0 -0 -1 0 -0 -1 0 -0 -1 0 0 -1 0 0 -1 0 0 -1 0 0 -1 0 0 -1 0 0 -1 0 -0 -1 -0 -0 -1 -0 -0 -1 -0 -0 -1 0 -0 -1 0 -0 -1 0 0 -1 0 0 -1 0 0 -1 0 -0 -1 0 -0 -1 0 -0 -1 0 0 -1 0 0 -1 0 0 -1 0 -0 -1 0 -0 -1 0 -0 -1 0 0 -1 0 0 -1 0 0 -1 0 -0 -1 0 -0 -1 0 -0 -1 0 0 -1 0 0 -1 0 0 -1 0 -0 -1 0 -0 -1 0 -0 -1 0 0 -1 0 0 -1 0 0 -1 0 0 -1 0 0 -1 0 0 -1 0 -0 -1 0 -0 -1 0 -0 -1 0 0 -1 0 0 -1 0 0 -1 0 0 -1 0 0 -1 0 0 -1 0 -0 -1 0 -0 -1 0 -0 -1 0 0 -1 0 0 -1 0 0 -1 0 -0 -1 -0 -0 -1 -0 -0 -1 -0 0 -1 0 0 -1 0 0 -1 0 -0 -1 0 -0 -1 0 -0 -1 0 -0 -1 -0 -0 -1 -0 -0 -1 -0 -0 -1 0 -0 -1 0 -0 -1 0 -0 -1 -0 -0 -1 -0 -0 -1 -0 -0 -1 0 -0 -1 0 -0 -1 0 -0 -1 -0 -0 -1 -0 -0 -1 -0 0 -1 0 0 -1 0 0 -1 0 0 -1 0 0 -1 0 0 -1 0 -0 -1 -0 -0 -1 -0 -0 -1 -0 -0 -1 0 -0 -1 0 -0 -1 0 -0 -1 -0 -0 -1 -0 -0 -1 -0 0 -1 0 0 -1 0 0 -1 0 0.0673776045 -0.673674524 0.735950351 0.0673776045 -0.673674524 0.735950351 0.0673776045 -0.673674524 0.735950351 -0.290800989 -0.931730747 -0.21751453 -0.290800989 -0.931730747 -0.21751453 -0.290800989 -0.931730747 -0.21751453 -0.238758251 -0.964235127 -0.115087502 -0.238758251 -0.964235127 -0.115087502 -0.238758251 -0.964235127 -0.115087502 -0.145177633 -0.988699794 -0.0373660885 -0.145177633 -0.988699794 -0.0373660885 -0.145177633 -0.988699794 -0.0373660885 -0.645911038 -0.761177123 0.0583805852 -0.645911038 -0.761177123 0.0583805852 -0.645911038 -0.761177123 0.0583805852 -0.445966482 -0.812484264 -0.375477374 -0.445966482 -0.812484264 -0.375477374 -0.445966482 -0.812484264 -0.375477374 -0.637420774 -0.770064771 -0.0263629295 -0.637420774 -0.770064771 -0.0263629295 -0.637420774 -0.770064771 -0.0263629295 -0.639220417 -0.7477507 0.179627985 -0.639220417 -0.7477507 0.179627985 -0.639220417 -0.7477507 0.179627985 -0.64539957 -0.754528105 0.118939899 -0.64539957 -0.754528105 0.118939899 -0.64539957 -0.754528105 0.118939899 -0.54218322 -0.718448043 0.435740501 -0.54218322 -0.718448043 0.435740501 -0.54218322 -0.718448043 0.435740501 -0.573463023 -0.724780738 0.381880969 -0.573463023 -0.724780738 0.381880969 -0.573463023 -0.724780738 0.381880969 -0.505675316 -0.712410271 0.486584067 -0.505675316 -0.712410271 0.486584067 -0.505675316 -0.712410271 0.486584067 -0.0229787044 -0.890483618 -0.454434663 -0.0229787044 -0.890483618 -0.454434663 -0.0229787044 -0.890483618 -0.454434663 -0.435686529 -0.899828792 0.0220306963 -0.435686529 -0.899828792 0.0220306963 -0.435686529 -0.899828792 0.0220306963 -0.391468048 -0.900636494 0.188697428 -0.391468048 -0.900636494 0.188697428 -0.391468048 -0.900636494 0.188697428 -0.421590358 -0.900270581 0.108510137 -0.421590358 -0.900270581 0.108510137 -0.421590358 -0.900270581 0.108510137 -0.347501367 -0.900933683 0.259925663 -0.347501367 -0.900933683 0.259925663 -0.347501367 -0.900933683 0.259925663 -0.291505516 -0.901204944 0.320708781 -0.291505516 -0.901204944 0.320708781 -0.291505516 -0.901204944 0.320708781 -0.14874652 -0.901651204 0.406078279 -0.14874652 -0.901651204 0.406078279 -0.14874652 -0.901651204 0.406078279 -0.224821001 -0.901458502 0.36990276 -0.224821001 -0.901458502 0.36990276 -0.224821001 -0.901458502 0.36990276 0.0364369303 -0.692401946 0.720591366 0.0364369303 -0.692401946 0.720591366 0.0364369303 -0.692401946 0.720591366 0.488842785 -0.710015535 0.506863534 0.488842785 -0.710015535 0.506863534 0.488842785 -0.710015535 0.506863534 0.530416846 -0.749167979 0.396743447 0.530416846 -0.749167979 0.396743447 0.530416846 -0.749167979 0.396743447 0.641241193 -0.767337322 0.00178505364 0.641241193 -0.767337322 0.00178505364 0.641241193 -0.767337322 0.00178505364 0.528863668 -0.809515953 0.254925728 0.528863668 -0.809515953 0.254925728 0.528863668 -0.809515953 0.254925728 0.547618151 -0.812328041 0.200592861 0.547618151 -0.812328041 0.200592861 0.547618151 -0.812328041 0.200592861 0.415033102 -0.85520488 0.310438573 0.415033102 -0.85520488 0.310438573 0.415033102 -0.85520488 0.310438573 0.482583314 -0.857826054 0.176770359 0.482583314 -0.857826054 0.176770359 0.482583314 -0.857826054 0.176770359 0.391467869 -0.900636435 0.188697785 0.391467869 -0.900636435 0.188697785 0.391467869 -0.900636435 0.188697785 0.61522758 -0.787735522 -0.0311089456 0.61522758 -0.787735522 -0.0311089456 0.61522758 -0.787735522 -0.0311089456 0.563277364 -0.797094047 -0.217622891 0.563277364 -0.797094047 -0.217622891 0.563277364 -0.797094047 -0.217622891 0.470098108 -0.809547305 -0.351626068 0.470098108 -0.809547305 -0.351626068 0.470098108 -0.809547305 -0.351626068 0.476984292 -0.829724073 -0.289903402 0.476984292 -0.829724073 -0.289903402 0.476984292 -0.829724073 -0.289903402 0.330410451 -0.817123055 -0.47237578 0.330410451 -0.817123055 -0.47237578 0.330410451 -0.817123055 -0.47237578 0.463785172 -0.857278228 -0.223556161 0.463785172 -0.857278228 -0.223556161 0.463785172 -0.857278228 -0.223556161 0.506921411 -0.861611068 -0.0256330092 0.506921411 -0.861611068 -0.0256330092 0.506921411 -0.861611068 -0.0256330092 0.336841136 -0.890392363 -0.306169033 0.336841136 -0.890392363 -0.306169033 0.336841136 -0.890392363 -0.306169033 0.0687217712 -0.890505075 -0.449753255 0.0687217712 -0.890505075 -0.449753255 0.0687217712 -0.890505075 -0.449753255 -0.00489728618 -0.999474227 -0.0320504308 -0.00489728618 -0.999474227 -0.0320504308 -0.00489728618 -0.999474227 -0.0320504308 -0.00802811701 -0.999481201 -0.0311914105 -0.00802811701 -0.999481201 -0.0311914105 -0.00802811701 -0.999481201 -0.0311914105 -0.00767126726 -0.999444604 -0.0324284993 -0.00767126726 -0.999444604 -0.0324284993 -0.00767126726 -0.999444604 -0.0324284993 -0.00625646394 -0.999443352 -0.0327692851 -0.00625646394 -0.999443352 -0.0327692851 -0.00625646394 -0.999443352 -0.0327692851 -0.0110170115 -0.999486864 -0.030076446 -0.0110170115 -0.999486864 -0.030076446 -0.0110170115 -0.999486864 -0.030076446 -0.0106158638 -0.999448478 -0.031465061 -0.0106158638 -0.999448478 -0.031465061 -0.0106158638 -0.999448478 -0.031465061 -0.00925246347 -0.999446154 -0.0319643728 -0.00925246347 -0.999446154 -0.0319643728 -0.00925246347 -0.999446154 -0.0319643728 -0.0142492084 -0.999523759 -0.0273724385 -0.0142492084 -0.999523759 -0.0273724385 -0.0142492084 -0.999523759 -0.0273724385 -0.0133841876 -0.999456167 -0.0301366709 -0.0133841876 -0.999456167 -0.0301366709 -0.0133841876 -0.999456167 -0.0301366709 -0.0120926164 -0.999452949 -0.0307826269 -0.0120926164 -0.999452949 -0.0307826269 -0.0120926164 -0.999452949 -0.0307826269 -0.0149890753 -0.999404013 -0.0310959816 -0.0149890753 -0.999404013 -0.0310959816 -0.0149890753 -0.999404013 -0.0310959816 -0.0164619572 -0.999497592 -0.0270852204 -0.0164619572 -0.999497592 -0.0270852204 -0.0164619572 -0.999497592 -0.0270852204 -0.0177259538 -0.999455631 -0.0278241877 -0.0177259538 -0.999455631 -0.0278241877 -0.0177259538 -0.999455631 -0.0278241877 -0.0189007744 -0.999502003 -0.0252689365 -0.0189007744 -0.999502003 -0.0252689365 -0.0189007744 -0.999502003 -0.0252689365 -0.0197158195 -0.99947542 -0.0256941505 -0.0197158195 -0.99947542 -0.0256941505 -0.0197158195 -0.99947542 -0.0256941505 -0.0211629421 -0.999504864 -0.0232830457 -0.0211629421 -0.999504864 -0.0232830457 -0.0211629421 -0.999504864 -0.0232830457 -0.0214567911 -0.999495506 -0.0234159958 -0.0214567911 -0.999495506 -0.0234159958 -0.0214567911 -0.999495506 -0.0234159958 -0.0232668724 -0.999505579 -0.0211482421 -0.0232668724 -0.999505579 -0.0211482421 -0.0232668724 -0.999505579 -0.0211482421 -0.0229459945 -0.999515593 -0.0210261159 -0.0229459945 -0.999515593 -0.0210261159 -0.0229459945 -0.999515593 -0.0210261159 -0.0252297558 -0.999503553 -0.0188714676 -0.0252297558 -0.999503553 -0.0188714676 -0.0252297558 -0.999503553 -0.0188714676 -0.0241675768 -0.999535918 -0.0185444374 -0.0241675768 -0.999535918 -0.0185444374 -0.0241675768 -0.999535918 -0.0185444374 -0.0270621534 -0.999498427 -0.0164479576 -0.0270621534 -0.999498427 -0.0164479576 -0.0270621534 -0.999498427 -0.0164479576 -0.0250916015 -0.999557316 -0.015985107 -0.0250916015 -0.999557316 -0.015985107 -0.0250916015 -0.999557316 -0.015985107 -0.0277563445 -0.999510288 -0.0144490581 -0.0277563445 -0.999510288 -0.0144490581 -0.0277563445 -0.999510288 -0.0144490581 -0.026703991 -0.999560535 -0.0128720012 -0.026703991 -0.999560535 -0.0128720012 -0.026703991 -0.999560535 -0.0128720012 -0.0277953278 -0.999537408 -0.012344894 -0.0277953278 -0.999537408 -0.012344894 -0.0277953278 -0.999537408 -0.012344894 -0.0281393528 -0.999542892 -0.011054704 -0.0281393528 -0.999542892 -0.011054704 -0.0281393528 -0.999542892 -0.011054704 -0.0274467077 -0.999572694 -0.0100537371 -0.0274467077 -0.999572694 -0.0100537371 -0.0274467077 -0.999572694 -0.0100537371 -0.02847936 -0.999548197 -0.00960914139 -0.02847936 -0.999548197 -0.00960914139 -0.02847936 -0.999548197 -0.00960914139 -0.0278196614 -0.999606252 -0.00366253592 -0.0278196614 -0.999606252 -0.00366253592 -0.0278196614 -0.999606252 -0.00366253592 -0.0289157834 -0.999566615 -0.00552118756 -0.0289157834 -0.999566615 -0.00552118756 -0.0289157834 -0.999566615 -0.00552118756 -0.0288036875 -0.999557614 -0.00741355773 -0.0288036875 -0.999557614 -0.00741355773 -0.0288036875 -0.999557614 -0.00741355773 -0.0274718609 -0.999601424 -0.00649913121 -0.0274718609 -0.999601424 -0.00649913121 -0.0274718609 -0.999601424 -0.00649913121 -0.0286894068 -0.999553859 -0.00830503553 -0.0286894068 -0.999553859 -0.00830503553 -0.0286894068 -0.999553859 -0.00830503553 -0.0270298477 -0.9996261 0.00413014367 -0.0270298477 -0.9996261 0.00413014367 -0.0270298477 -0.9996261 0.00413014367 -0.0260543991 -0.999638021 0.00670593977 -0.0260543991 -0.999638021 0.00670593977 -0.0260543991 -0.999638021 0.00670593977 -0.0269885305 -0.999615371 0.00638415199 -0.0269885305 -0.999615371 0.00638415199 -0.0269885305 -0.999615371 0.00638415199 -0.0273947623 -0.99961102 0.00523011433 -0.0273947623 -0.99961102 0.00523011433 -0.0273947623 -0.99961102 0.00523011433 -0.0249268711 -0.999647558 0.00913072377 -0.0249268711 -0.999647558 0.00913072377 -0.0249268711 -0.999647558 0.00913072377 -0.0259713065 -0.999624312 0.00876215193 -0.0259713065 -0.999624312 0.00876215193 -0.0259713065 -0.999624312 0.00876215193 -0.0264779683 -0.99962002 0.00766409701 -0.0264779683 -0.99962002 0.00766409701 -0.0264779683 -0.99962002 0.00766409701 -0.0226358939 -0.99967432 0.011783516 -0.0226358939 -0.99967432 0.011783516 -0.0226358939 -0.99967432 0.011783516 -0.0247269534 -0.999633908 0.0109815132 -0.0247269534 -0.999633908 0.0109815132 -0.0247269534 -0.999633908 0.0109815132 -0.0253241714 -0.999629796 0.0099481903 -0.0253241714 -0.999629796 0.0099481903 -0.0253241714 -0.999629796 0.0099481903 -0.0252471082 -0.999607146 0.0121697467 -0.0252471082 -0.999607146 0.0121697467 -0.0252471082 -0.999607146 0.0121697467 -0.0222205892 -0.999661863 0.0135053191 -0.0222205892 -0.999661863 0.0135053191 -0.0222205892 -0.999661863 0.0135053191 -0.0226399321 -0.99963963 0.0144232213 -0.0226399321 -0.99963963 0.0144232213 -0.0226399321 -0.99963963 0.0144232213 -0.020677397 -0.999666572 0.0154663865 -0.020677397 -0.999666572 0.0154663865 -0.020677397 -0.999666572 0.0154663865 -0.0209186822 -0.999652326 0.0160514731 -0.0209186822 -0.999652326 0.0160514731 -0.0209186822 -0.999652326 0.0160514731 -0.0190307181 -0.999669254 0.0172978062 -0.0190307181 -0.999669254 0.0172978062 -0.0190307181 -0.999669254 0.0172978062 -0.0191059131 -0.999664187 0.0175073314 -0.0191059131 -0.999664187 0.0175073314 -0.0191059131 -0.999664187 0.0175073314 -0.0172879994 -0.999669611 0.0190199297 -0.0172879994 -0.999669611 0.0190199297 -0.0172879994 -0.999669611 0.0190199297 -0.017219482 -0.999675155 0.0187917817 -0.017219482 -0.999675155 0.0187917817 -0.017219482 -0.999675155 0.0187917817 -0.0154467355 -0.999667406 0.0206511412 -0.0154467355 -0.999667406 0.0206511412 -0.0154467355 -0.999667406 0.0206511412 -0.0152662601 -0.999685526 0.0198953729 -0.0152662601 -0.999685526 0.0198953729 -0.0152662601 -0.999685526 0.0198953729 -0.0134958765 -0.99966234 0.0222050343 -0.0134958765 -0.99966234 0.0222050343 -0.0134958765 -0.99966234 0.0222050343 -0.0132489884 -0.999695957 0.0207967553 -0.0132489884 -0.999695957 0.0207967553 -0.0132489884 -0.999695957 0.0207967553 -0.0119198756 -0.99966675 0.0228978377 -0.0119198756 -0.99966675 0.0228978377 -0.0119198756 -0.99966675 0.0228978377 -0.0107358797 -0.999694288 0.0222724359 -0.0107358797 -0.999694288 0.0222724359 -0.0107358797 -0.999694288 0.0222724359 -0.0102718668 -0.999679744 0.0231282171 -0.0102718668 -0.999679744 0.0231282171 -0.0102718668 -0.999679744 0.0231282171 -0.00923475716 -0.999680996 0.0235071871 -0.00923475716 -0.999680996 0.0235071871 -0.00923475716 -0.999680996 0.0235071871 -0.00845891982 -0.999697566 0.0230928548 -0.00845891982 -0.999697566 0.0230928548 -0.00845891982 -0.999697566 0.0230928548 -0.00806464534 -0.999681771 0.0239026621 -0.00806464534 -0.999681771 0.0239026621 -0.00806464534 -0.999681771 0.0239026621 0.00126150425 -0.99968797 0.0249477383 0.00126150425 -0.99968797 0.0249477383 0.00126150425 -0.99968797 0.0249477383 -0.00108922995 -0.999688148 0.0249477439 -0.00108922995 -0.999688148 0.0249477439 -0.00108922995 -0.999688148 0.0249477439 -0.00124467385 -0.999696255 0.0246148966 -0.00124467385 -0.999696255 0.0246148966 -0.00124467385 -0.999696255 0.0246148966 -0.003306292 -0.999679148 0.025113726 -0.003306292 -0.999679148 0.025113726 -0.003306292 -0.999679148 0.025113726 -0.00370372273 -0.999699354 0.024239121 -0.00370372273 -0.999699354 0.024239121 -0.00370372273 -0.999699354 0.024239121 -0.0047060987 -0.999685109 0.0246482324 -0.0047060987 -0.999685109 0.0246482324 -0.0047060987 -0.999685109 0.0246482324 -0.00627174228 -0.99968338 0.02436742 -0.00627174228 -0.99968338 0.02436742 -0.00627174228 -0.99968338 0.02436742 -0.00555076916 -0.999709249 0.0234641358 -0.00555076916 -0.999709249 0.0234641358 -0.00555076916 -0.999709249 0.0234641358 -0.00700232806 -0.999682844 0.0241901204 -0.00700232806 -0.999682844 0.0241901204 -0.00700232806 -0.999682844 0.0241901204 0.00370372273 -0.999699354 0.024239121 0.00370372273 -0.999699354 0.024239121 0.00370372273 -0.999699354 0.024239121 0.003306292 -0.999679148 0.025113726 0.003306292 -0.999679148 0.025113726 0.003306292 -0.999679148 0.025113726 0.00107288267 -0.999697447 0.0245733261 0.00107288267 -0.999697447 0.0245733261 0.00107288267 -0.999697447 0.0245733261 0.0212060101 -0.999649286 0.0158617813 0.0212060101 -0.999649286 0.0158617813 0.0212060101 -0.999649286 0.0158617813 0.0189415179 -0.999669909 0.01735669 0.0189415179 -0.999669909 0.01735669 0.0189415179 -0.999669909 0.01735669 0.0191870015 -0.99966377 0.017439859 0.0191870015 -0.99966377 0.017439859 0.0191870015 -0.99966377 0.017439859 0.0173677448 -0.999669492 0.0189535804 0.0173677448 -0.999669492 0.0189535804 0.0173677448 -0.999669492 0.0189535804 0.0171483979 -0.999674916 0.0188663434 0.0171483979 -0.999674916 0.0188663434 0.0171483979 -0.999674916 0.0188663434 0.0156680625 -0.999668717 0.0204190128 0.0156680625 -0.999668717 0.0204190128 0.0156680625 -0.999668717 0.0204190128 0.0150714982 -0.99968338 0.0201494768 0.0150714982 -0.99968338 0.0201494768 0.0150714982 -0.99968338 0.0201494768 0.013851014 -0.999667645 0.021741746 0.013851014 -0.999667645 0.021741746 0.013851014 -0.999667645 0.021741746 0.0129383858 -0.999689639 0.021287784 0.0129383858 -0.999689639 0.021287784 0.0129383858 -0.999689639 0.021287784 0.0119198756 -0.99966675 0.0228978377 0.0119198756 -0.99966675 0.0228978377 0.0119198756 -0.99966675 0.0228978377 0.0107358797 -0.999694288 0.0222724359 0.0107358797 -0.999694288 0.0222724359 0.0107358797 -0.999694288 0.0222724359 0.00987963844 -0.999666691 0.0238515735 0.00987963844 -0.999666691 0.0238515735 0.00987963844 -0.999666691 0.0238515735 0.00845891982 -0.999697566 0.0230928548 0.00845891982 -0.999697566 0.0230928548 0.00845891982 -0.999697566 0.0230928548 0.00774407061 -0.99966836 0.0245610736 0.00774407061 -0.99966836 0.0245610736 0.00774407061 -0.99966836 0.0245610736 0.00611142674 -0.999699354 0.0237445496 0.00611142674 -0.999699354 0.0237445496 0.00611142674 -0.999699354 0.0237445496 0.00578510296 -0.999684215 0.0244547091 0.00578510296 -0.999684215 0.0244547091 0.00578510296 -0.999684215 0.0244547091 0.0047060987 -0.999685109 0.0246482324 0.0047060987 -0.999685109 0.0246482324 0.0047060987 -0.999685109 0.0246482324 0.0222205892 -0.999661863 0.0135053191 0.0222205892 -0.999661863 0.0135053191 0.0222205892 -0.999661863 0.0135053191 0.0226399321 -0.99963963 0.0144232213 0.0226399321 -0.99963963 0.0144232213 0.0226399321 -0.99963963 0.0144232213 0.020369472 -0.999670327 0.0156300496 0.020369472 -0.999670327 0.0156300496 0.020369472 -0.999670327 0.0156300496 0.0287339482 -0.999586046 -0.001452939 0.0287339482 -0.999586046 -0.001452939 0.0287339482 -0.999586046 -0.001452939 0.0283480976 -0.999597371 0.00123769103 0.0283480976 -0.999597371 0.00123769103 0.0283480976 -0.999597371 0.00123769103 0.0278921593 -0.999609947 0.00141037384 0.0278921593 -0.999609947 0.00141037384 0.0278921593 -0.999609947 0.00141037384 0.0282062199 -0.999595225 0.00371342734 0.0282062199 -0.999595225 0.00371342734 0.0282062199 -0.999595225 0.00371342734 0.0270298477 -0.9996261 0.00413014367 0.0270298477 -0.9996261 0.00413014367 0.0270298477 -0.9996261 0.00413014367 0.0276966579 -0.99959749 0.00614020741 0.0276966579 -0.99959749 0.00614020741 0.0276966579 -0.99959749 0.00614020741 0.0260543991 -0.999638021 0.00670593977 0.0260543991 -0.999638021 0.00670593977 0.0260543991 -0.999638021 0.00670593977 0.0268294793 -0.999604225 0.00845929515 0.0268294793 -0.999604225 0.00845929515 0.0268294793 -0.999604225 0.00845929515 0.0249268711 -0.999647558 0.00913072377 0.0249268711 -0.999647558 0.00913072377 0.0249268711 -0.999647558 0.00913072377 0.0256536156 -0.999614418 0.0106260683 0.0256536156 -0.999614418 0.0106260683 0.0256536156 -0.999614418 0.0106260683 0.0236438531 -0.999655485 0.0113969371 0.0236438531 -0.999655485 0.0113969371 0.0236438531 -0.999655485 0.0113969371 0.0239706319 -0.999639809 0.0120703923 0.0239706319 -0.999639809 0.0120703923 0.0239706319 -0.999639809 0.0120703923 0.0232923795 -0.999643743 0.0130323777 0.0232923795 -0.999643743 0.0130323777 0.0232923795 -0.999643743 0.0130323777 0.0282009766 -0.99959296 -0.00430909218 0.0282009766 -0.99959296 -0.00430909218 0.0282009766 -0.99959296 -0.00430909218 0.0293001961 -0.999563217 -0.00385745242 0.0293001961 -0.999563217 -0.00385745242 0.0293001961 -0.999563217 -0.00385745242 0.0282108355 -0.999601245 -0.00123169797 0.0282108355 -0.999601245 -0.00123169797 0.0282108355 -0.999601245 -0.00123169797 0.0194945522 -0.999470234 -0.0260627717 0.0194945522 -0.999470234 -0.0260627717 0.0194945522 -0.999470234 -0.0260627717 0.021231018 -0.999506056 -0.0231696069 0.021231018 -0.999506056 -0.0231696069 0.021231018 -0.999506056 -0.0231696069 0.0213758964 -0.999494851 -0.0235173348 0.0213758964 -0.999494851 -0.0235173348 0.0213758964 -0.999494851 -0.0235173348 0.023187628 -0.999505341 -0.0212475304 0.023187628 -0.999505341 -0.0212475304 0.023187628 -0.999505341 -0.0212475304 0.0230375193 -0.999515295 -0.0209397729 0.0230375193 -0.999515295 -0.0209397729 0.0230375193 -0.999515295 -0.0209397729 0.0249445159 -0.999505579 -0.0191406049 0.0249445159 -0.999505579 -0.0191406049 0.0249445159 -0.999505579 -0.0191406049 0.0244851056 -0.999532402 -0.0183144808 0.0244851056 -0.999532402 -0.0183144808 0.0244851056 -0.999532402 -0.0183144808 0.0264800172 -0.99950701 -0.0168696232 0.0264800172 -0.99950701 -0.0168696232 0.0264800172 -0.99950701 -0.0168696232 0.0257121343 -0.999547243 -0.0156274363 0.0257121343 -0.999547243 -0.0156274363 0.0257121343 -0.999547243 -0.0156274363 0.0277563445 -0.999510288 -0.0144490581 0.0277563445 -0.999510288 -0.0144490581 0.0277563445 -0.999510288 -0.0144490581 0.026703991 -0.999560535 -0.0128720012 0.026703991 -0.999560535 -0.0128720012 0.026703991 -0.999560535 -0.0128720012 0.0287222844 -0.999516606 -0.0118971514 0.0287222844 -0.999516606 -0.0118971514 0.0287222844 -0.999516606 -0.0118971514 0.0274467077 -0.999572694 -0.0100537371 0.0274467077 -0.999572694 -0.0100537371 0.0274467077 -0.999572694 -0.0100537371 0.0293235406 -0.999527216 -0.00924566947 0.0293235406 -0.999527216 -0.00924566947 0.0293235406 -0.999527216 -0.00924566947 0.0279381964 -0.999583781 -0.00719079562 0.0279381964 -0.999583781 -0.00719079562 0.0279381964 -0.999583781 -0.00719079562 0.0288387109 -0.999560773 -0.00682249246 0.0288387109 -0.999560773 -0.00682249246 0.0288387109 -0.999560773 -0.00682249246 0.0289157834 -0.999566615 -0.00552118756 0.0289157834 -0.999566615 -0.00552118756 0.0289157834 -0.999566615 -0.00552118756 0.0164619572 -0.999497592 -0.0270852204 0.0164619572 -0.999497592 -0.0270852204 0.0164619572 -0.999497592 -0.0270852204 0.0177259538 -0.999455631 -0.0278241877 0.0177259538 -0.999455631 -0.0278241877 0.0177259538 -0.999455631 -0.0278241877 0.0190838911 -0.9995085 -0.0248706061 0.0190838911 -0.9995085 -0.0248706061 0.0190838911 -0.9995085 -0.0248706061 -0.0044231643 -0.99942565 -0.0335971937 -0.0044231643 -0.99942565 -0.0335971937 -0.0044231643 -0.99942565 -0.0335971937 -0.00142495986 -0.99946624 -0.0326373093 -0.00142495986 -0.99946624 -0.0326373093 -0.00142495986 -0.99946624 -0.0326373093 -0.00168386649 -0.999443948 -0.0333008692 -0.00168386649 -0.999443948 -0.0333008692 -0.00168386649 -0.999443948 -0.0333008692 0.00145393179 -0.999444306 -0.0333008803 0.00145393179 -0.999444306 -0.0333008803 0.00145393179 -0.999444306 -0.0333008803 0.00165402226 -0.999463499 -0.0327106528 0.00165402226 -0.999463499 -0.0327106528 0.00165402226 -0.999463499 -0.0327106528 0.0044231643 -0.99942565 -0.0335971937 0.0044231643 -0.99942565 -0.0335971937 0.0044231643 -0.99942565 -0.0335971937 0.00489728618 -0.999474227 -0.0320504308 0.00489728618 -0.999474227 -0.0320504308 0.00489728618 -0.999474227 -0.0320504308 0.00739869941 -0.999415576 -0.0333733447 0.00739869941 -0.999415576 -0.0333733447 0.00739869941 -0.999415576 -0.0333733447 0.00802811701 -0.999481201 -0.0311914105 0.00802811701 -0.999481201 -0.0311914105 0.00802811701 -0.999481201 -0.0311914105 0.0102835521 -0.9994151 -0.0326152854 0.0102835521 -0.9994151 -0.0326152854 0.0102835521 -0.9994151 -0.0326152854 0.0110170115 -0.999486864 -0.030076446 0.0110170115 -0.999486864 -0.030076446 0.0110170115 -0.999486864 -0.030076446 0.0129963234 -0.999423146 -0.0313759223 0.0129963234 -0.999423146 -0.0313759223 0.0129963234 -0.999423146 -0.0313759223 0.0138339335 -0.999492347 -0.0286995526 0.0138339335 -0.999492347 -0.0286995526 0.0138339335 -0.999492347 -0.0286995526 0.0147412987 -0.999462724 -0.0292747505 0.0147412987 -0.999462724 -0.0292747505 0.0147412987 -0.999462724 -0.0292747505 0.0159439296 -0.999466717 -0.0284959972 0.0159439296 -0.999466717 -0.0284959972 0.0159439296 -0.999466717 -0.0284959972 0.113399237 -0.890518844 -0.440586925 0.113399237 -0.890518844 -0.440586925 0.113399237 -0.890518844 -0.440586925 0.113399565 -0.890518725 -0.440587014 0.113399565 -0.890518725 -0.440587014 0.113399565 -0.890518725 -0.440587014 0.156481728 -0.890515327 -0.42719543 0.156481728 -0.890515327 -0.42719543 0.156481728 -0.890515327 -0.42719543 0.0253998023 -0.864308774 -0.502319753 0.0253998023 -0.864308774 -0.502319753 0.0253998023 -0.864308774 -0.502319753 0.0229784902 -0.890483618 -0.454434663 0.0229784902 -0.890483618 -0.454434663 0.0229784902 -0.890483618 -0.454434663 0.0229787119 -0.890483558 -0.454434782 0.0229787119 -0.890483558 -0.454434782 0.0229787119 -0.890483558 -0.454434782 0.125503898 -0.863989592 -0.487617373 0.125503898 -0.863989592 -0.487617373 0.125503898 -0.863989592 -0.487617373 0.125504047 -0.863989592 -0.487617403 0.125504047 -0.863989592 -0.487617403 0.125504047 -0.863989592 -0.487617403 0.173391581 -0.863635957 -0.473358542 0.173391581 -0.863635957 -0.473358542 0.173391581 -0.863635957 -0.473358542 0.173391268 -0.863636017 -0.473358512 0.173391268 -0.863636017 -0.473358512 0.173391268 -0.863636017 -0.473358512 0.219248697 -0.863158345 -0.454849035 0.219248697 -0.863158345 -0.454849035 0.219248697 -0.863158345 -0.454849035 0.306147039 -0.890409112 -0.336816847 0.306147039 -0.890409112 -0.336816847 0.306147039 -0.890409112 -0.336816847 0.306146979 -0.890409112 -0.336816847 0.306146979 -0.890409112 -0.336816847 0.306146979 -0.890409112 -0.336816847 0.272595853 -0.89043504 -0.36444056 0.272595853 -0.89043504 -0.36444056 0.272595853 -0.89043504 -0.36444056 0.272595853 -0.89043504 -0.36444056 0.272595853 -0.89043504 -0.36444056 0.272595853 -0.89043504 -0.36444056 0.236342847 -0.890466154 -0.388859928 0.236342847 -0.890466154 -0.388859928 0.236342847 -0.890466154 -0.388859928 0.236342788 -0.890466213 -0.388859928 0.236342788 -0.890466213 -0.388859928 0.236342788 -0.890466213 -0.388859928 0.197563425 -0.890495658 -0.409861147 0.197563425 -0.890495658 -0.409861147 0.197563425 -0.890495658 -0.409861147 0.409503877 -0.859351695 -0.306302518 0.409503877 -0.859351695 -0.306302518 0.409503877 -0.859351695 -0.306302518 0.507489741 -0.85402298 -0.11445047 0.507489741 -0.85402298 -0.11445047 0.507489741 -0.85402298 -0.11445047 0.48835808 -0.863543451 -0.125694647 0.48835808 -0.863543451 -0.125694647 0.48835808 -0.863543451 -0.125694647 0.50008899 -0.862596095 -0.076413244 0.50008899 -0.862596095 -0.076413244 0.50008899 -0.862596095 -0.076413244 0.377276689 -0.860271096 -0.342922568 0.377276689 -0.860271096 -0.342922568 0.377276689 -0.860271096 -0.342922568 0.377276778 -0.860271096 -0.342922539 0.377276778 -0.860271096 -0.342922539 0.377276778 -0.860271096 -0.342922539 0.341961354 -0.861116469 -0.376219153 0.341961354 -0.861116469 -0.376219153 0.341961354 -0.861116469 -0.376219153 0.341961265 -0.861116529 -0.376219183 0.341961265 -0.861116529 -0.376219183 0.341961265 -0.861116529 -0.376219183 0.303737819 -0.861885369 -0.40607506 0.303737819 -0.861885369 -0.40607506 0.303737819 -0.861885369 -0.40607506 0.303737819 -0.861885369 -0.40607506 0.303737819 -0.861885369 -0.40607506 0.303737819 -0.861885369 -0.40607506 0.262773067 -0.862570047 -0.432346225 0.262773067 -0.862570047 -0.432346225 0.262773067 -0.862570047 -0.432346225 0.0486051962 -0.835522771 -0.547301769 0.0486051962 -0.835522771 -0.547301769 0.0486051962 -0.835522771 -0.547301769 0.0208302084 -0.834639847 -0.550402045 0.0208302084 -0.834639847 -0.550402045 0.0208302084 -0.834639847 -0.550402045 0.147708714 -0.834317625 -0.531127334 0.147708714 -0.834317625 -0.531127334 0.147708714 -0.834317625 -0.531127334 0.137602299 -0.833812833 -0.534623027 0.137602299 -0.833812833 -0.534623027 0.137602299 -0.833812833 -0.534623027 0.120883204 -0.834804714 -0.537111104 0.120883204 -0.834804714 -0.537111104 0.120883204 -0.834804714 -0.537111104 0.0986025929 -0.83507663 -0.541225076 0.0986025929 -0.83507663 -0.541225076 0.0986025929 -0.83507663 -0.541225076 0.0687225014 -0.890504897 -0.449753553 0.0687225014 -0.890504897 -0.449753553 0.0687225014 -0.890504897 -0.449753553 0.0759960264 -0.864212096 -0.497355044 0.0759960264 -0.864212096 -0.497355044 0.0759960264 -0.864212096 -0.497355044 0.075995788 -0.864212155 -0.497354984 0.075995788 -0.864212155 -0.497354984 0.075995788 -0.864212155 -0.497354984 0.0832339749 -0.834473729 -0.544725299 0.0832339749 -0.834473729 -0.544725299 0.0832339749 -0.834473729 -0.544725299 0.0711801052 -0.835303247 -0.545162261 0.0711801052 -0.835303247 -0.545162261 0.0711801052 -0.835303247 -0.545162261 0.368892759 -0.83618474 -0.405848682 0.368892759 -0.83618474 -0.405848682 0.368892759 -0.83618474 -0.405848682 0.32690385 -0.837928772 -0.437046081 0.32690385 -0.837928772 -0.437046081 0.32690385 -0.837928772 -0.437046081 0.32690376 -0.837928712 -0.4370462 0.32690376 -0.837928712 -0.4370462 0.32690376 -0.837928712 -0.4370462 0.282241195 -0.839460492 -0.464376956 0.282241195 -0.839460492 -0.464376956 0.282241195 -0.839460492 -0.464376956 0.262773365 -0.862569988 -0.432346165 0.262773365 -0.862569988 -0.432346165 0.262773365 -0.862569988 -0.432346165 0.219248772 -0.863158345 -0.454849035 0.219248772 -0.863158345 -0.454849035 0.219248772 -0.863158345 -0.454849035 0.197563484 -0.890495658 -0.409861177 0.197563484 -0.890495658 -0.409861177 0.197563484 -0.890495658 -0.409861177 0.156481743 -0.890515327 -0.42719543 0.156481743 -0.890515327 -0.42719543 0.156481743 -0.890515327 -0.42719543 0.34256503 -0.820304751 -0.457983941 0.34256503 -0.820304751 -0.457983941 0.34256503 -0.820304751 -0.457983941 0.290784121 -0.820430458 -0.492278844 0.290784121 -0.820430458 -0.492278844 0.290784121 -0.820430458 -0.492278844 0.331861794 -0.826653063 -0.454436451 0.331861794 -0.826653063 -0.454436451 0.331861794 -0.826653063 -0.454436451 0.262689829 -0.831432521 -0.489606023 0.262689829 -0.831432521 -0.489606023 0.262689829 -0.831432521 -0.489606023 0.241095468 -0.831685662 -0.5001719 0.241095468 -0.831685662 -0.5001719 0.241095468 -0.831685662 -0.5001719 0.239389822 -0.83188951 -0.500651956 0.239389822 -0.83188951 -0.500651956 0.239389822 -0.83188951 -0.500651956 0.190101042 -0.833382368 -0.518975317 0.190101042 -0.833382368 -0.518975317 0.190101042 -0.833382368 -0.518975317 0.197210193 -0.832485259 -0.517760992 0.197210193 -0.832485259 -0.517760992 0.197210193 -0.832485259 -0.517760992 0.16955173 -0.833987474 -0.525087714 0.16955173 -0.833987474 -0.525087714 0.16955173 -0.833987474 -0.525087714 0.531549931 -0.824344516 -0.194707051 0.531549931 -0.824344516 -0.194707051 0.531549931 -0.824344516 -0.194707051 0.485258251 -0.856112838 -0.177750394 0.485258251 -0.856112838 -0.177750394 0.485258251 -0.856112838 -0.177750394 0.4852584 -0.856112778 -0.177750245 0.4852584 -0.856112778 -0.177750245 0.4852584 -0.856112778 -0.177750245 0.507101059 -0.80491662 -0.308152169 0.507101059 -0.80491662 -0.308152169 0.507101059 -0.80491662 -0.308152169 0.507062495 -0.804928541 -0.308184475 0.507062495 -0.804928541 -0.308184475 0.507062495 -0.804928541 -0.308184475 0.534735024 -0.801861286 -0.266602606 0.534735024 -0.801861286 -0.266602606 0.534735024 -0.801861286 -0.266602606 0.576346457 -0.794668317 -0.190596402 0.576346457 -0.794668317 -0.190596402 0.576346457 -0.794668317 -0.190596402 0.569835484 -0.794807553 -0.208730653 0.569835484 -0.794807553 -0.208730653 0.569835484 -0.794807553 -0.208730653 0.531550169 -0.824344397 -0.194706753 0.531550169 -0.824344397 -0.194706753 0.531550169 -0.824344397 -0.194706753 0.506242931 -0.82714653 -0.244021863 0.506242931 -0.82714653 -0.244021863 0.506242931 -0.82714653 -0.244021863 0.463785172 -0.857278228 -0.223556146 0.463785172 -0.857278228 -0.223556146 0.463785172 -0.857278228 -0.223556146 0.438427925 -0.85835588 -0.266469687 0.438427925 -0.85835588 -0.266469687 0.438427925 -0.85835588 -0.266469687 0.388999075 -0.890382886 -0.23642762 0.388999075 -0.890382886 -0.23642762 0.388999075 -0.890382886 -0.23642762 0.36451903 -0.890384912 -0.272654772 0.36451903 -0.890384912 -0.272654772 0.36451903 -0.890384912 -0.272654772 0.605823278 -0.7874071 -0.113877781 0.605823278 -0.7874071 -0.113877781 0.605823278 -0.7874071 -0.113877781 0.597674489 -0.789694428 -0.138448372 0.597674489 -0.789694428 -0.138448372 0.597674489 -0.789694428 -0.138448372 0.500089109 -0.862596035 -0.0764134079 0.500089109 -0.862596035 -0.0764134079 0.500089109 -0.862596035 -0.0764134079 0.529529095 -0.844424188 -0.0809118301 0.529529095 -0.844424188 -0.0809118301 0.529529095 -0.844424188 -0.0809118301 0.51608479 -0.846175194 -0.132830903 0.51608479 -0.846175194 -0.132830903 0.51608479 -0.846175194 -0.132830903 0.552465439 -0.821317613 -0.142194644 0.552465439 -0.821317613 -0.142194644 0.552465439 -0.821317613 -0.142194644 0.55246532 -0.821317673 -0.142194837 0.55246532 -0.821317673 -0.142194837 0.55246532 -0.821317673 -0.142194837 0.59452796 -0.789380193 -0.153021038 0.59452796 -0.789380193 -0.153021038 0.59452796 -0.789380193 -0.153021038 0.586639881 -0.792419136 -0.167109266 0.586639881 -0.792419136 -0.167109266 0.586639881 -0.792419136 -0.167109266 0.591802299 -0.805527508 -0.0299244467 0.591802299 -0.805527508 -0.0299244467 0.591802299 -0.805527508 -0.0299244467 0.591802359 -0.805527449 -0.0299246572 0.591802359 -0.805527449 -0.0299246572 0.591802359 -0.805527449 -0.0299246572 0.566081643 -0.823852062 -0.0286240801 0.566081643 -0.823852062 -0.0286240801 0.566081643 -0.823852062 -0.0286240801 0.566081762 -0.823852003 -0.0286242515 0.566081762 -0.823852003 -0.0286242515 0.566081762 -0.823852003 -0.0286242515 0.537857592 -0.842596889 -0.0271970835 0.537857592 -0.842596889 -0.0271970835 0.537857592 -0.842596889 -0.0271970835 0.476793379 -0.807544947 -0.347187668 0.476793379 -0.807544947 -0.347187668 0.476793379 -0.807544947 -0.347187668 0.440925121 -0.812711596 -0.380900115 0.440925121 -0.812711596 -0.380900115 0.440925121 -0.812711596 -0.380900115 0.432076544 -0.811831892 -0.392732561 0.432076544 -0.811831892 -0.392732561 0.432076544 -0.811831892 -0.392732561 0.416951418 -0.814183235 -0.404050946 0.416951418 -0.814183235 -0.404050946 0.416951418 -0.814183235 -0.404050946 0.398566544 -0.815525174 -0.419599116 0.398566544 -0.815525174 -0.419599116 0.398566544 -0.815525174 -0.419599116 0.444148451 -0.832084477 -0.332216114 0.444148451 -0.832084477 -0.332216114 0.444148451 -0.832084477 -0.332216114 0.444148451 -0.832084477 -0.332216144 0.444148451 -0.832084477 -0.332216144 0.444148451 -0.832084477 -0.332216144 0.408038497 -0.834236324 -0.370883167 0.408038497 -0.834236324 -0.370883167 0.408038497 -0.834236324 -0.370883167 0.408038348 -0.834236383 -0.370883226 0.408038348 -0.834236383 -0.370883226 0.408038348 -0.834236383 -0.370883226 0.368892699 -0.83618474 -0.405848801 0.368892699 -0.83618474 -0.405848801 0.368892699 -0.83618474 -0.405848801 0.389787465 -0.814962983 -0.428836823 0.389787465 -0.814962983 -0.428836823 0.389787465 -0.814962983 -0.428836823 0.366915762 -0.818499148 -0.442076802 0.366915762 -0.818499148 -0.442076802 0.366915762 -0.818499148 -0.442076802 0.506921291 -0.861611128 -0.0256328955 0.506921291 -0.861611128 -0.0256328955 0.506921291 -0.861611128 -0.0256328955 0.537857711 -0.842596829 -0.0271972194 0.537857711 -0.842596829 -0.0271972194 0.537857711 -0.842596829 -0.0271972194 0.529529214 -0.844424129 -0.0809120163 0.529529214 -0.844424129 -0.0809120163 0.529529214 -0.844424129 -0.0809120163 0.556208432 -0.826685607 -0.0849886015 0.556208432 -0.826685607 -0.0849886015 0.556208432 -0.826685607 -0.0849886015 0.572942555 -0.816581607 -0.0702233836 0.572942555 -0.816581607 -0.0702233836 0.572942555 -0.816581607 -0.0702233836 0.58035475 -0.809521198 -0.088678211 0.58035475 -0.809521198 -0.088678211 0.58035475 -0.809521198 -0.088678211 0.613850713 -0.783830047 -0.0937963948 0.613850713 -0.783830047 -0.0937963948 0.613850713 -0.783830047 -0.0937963948 0.618028402 -0.785986483 -0.016312059 0.618028402 -0.785986483 -0.016312059 0.618028402 -0.785986483 -0.016312059 0.624428749 -0.776434779 -0.0850748792 0.624428749 -0.776434779 -0.0850748792 0.624428749 -0.776434779 -0.0850748792 0.630590022 -0.773850799 -0.0592548512 0.630590022 -0.773850799 -0.0592548512 0.630590022 -0.773850799 -0.0592548512 0.408393294 -0.900464535 0.149594545 0.408393294 -0.900464535 0.149594545 0.408393294 -0.900464535 0.149594545 0.408393145 -0.900464654 0.149594292 0.408393145 -0.900464654 0.149594292 0.408393145 -0.900464654 0.149594292 0.421590775 -0.900270402 0.108510241 0.421590775 -0.900270402 0.108510241 0.421590775 -0.900270402 0.108510241 0.421590447 -0.900270581 0.108509786 0.421590447 -0.900270581 0.108509786 0.421590447 -0.900270581 0.108509786 0.430776715 -0.900054932 0.0658221841 0.430776715 -0.900054932 0.0658221841 0.430776715 -0.900054932 0.0658221841 0.407358885 -0.87906754 0.247586414 0.407358885 -0.87906754 0.247586414 0.407358885 -0.87906754 0.247586414 0.42896691 -0.879336238 0.206773311 0.42896691 -0.879336238 0.206773311 0.42896691 -0.879336238 0.206773311 0.428966731 -0.879336417 0.206772864 0.428966731 -0.879336417 0.206772864 0.428966731 -0.879336417 0.206772864 0.446671069 -0.879610658 0.163615495 0.446671069 -0.879610658 0.163615495 0.446671069 -0.879610658 0.163615495 0.446671218 -0.879610538 0.163615763 0.446671218 -0.879610538 0.163615763 0.446671218 -0.879610538 0.163615763 0.460194647 -0.879881501 0.118445814 0.460194647 -0.879881501 0.118445814 0.460194647 -0.879881501 0.118445814 0.435686648 -0.899828792 0.0220307019 0.435686648 -0.899828792 0.0220307019 0.435686648 -0.899828792 0.0220307019 0.430777282 -0.900054634 0.0658227876 0.430777282 -0.900054634 0.0658227876 0.430777282 -0.900054634 0.0658227876 0.469257057 -0.880145788 0.0717025027 0.469257057 -0.880145788 0.0717025027 0.469257057 -0.880145788 0.0717025027 0.460194707 -0.879881442 0.118445918 0.460194707 -0.879881442 0.118445918 0.460194707 -0.879881442 0.118445918 0.49621132 -0.858756661 0.127715945 0.49621132 -0.858756661 0.127715945 0.49621132 -0.858756661 0.127715945 0.496211201 -0.858756721 0.12771602 0.496211201 -0.858756721 0.12771602 0.496211201 -0.858756721 0.12771602 0.529740393 -0.837128997 0.136345834 0.529740393 -0.837128997 0.136345834 0.529740393 -0.837128997 0.136345834 0.394744396 -0.898872435 -0.190276712 0.394744396 -0.898872435 -0.190276712 0.394744396 -0.898872435 -0.190276712 0.411098301 -0.899067402 -0.150585428 0.411098301 -0.899067402 -0.150585428 0.411098301 -0.899067402 -0.150585428 0.411098123 -0.899067521 -0.15058513 0.411098123 -0.899067521 -0.15058513 0.411098123 -0.899067521 -0.15058513 0.423612595 -0.899257839 -0.109030612 0.423612595 -0.899257839 -0.109030612 0.423612595 -0.899257839 -0.109030612 0.423612267 -0.899258077 -0.109030187 0.423612267 -0.899258077 -0.109030187 0.423612267 -0.899258077 -0.109030187 0.432027519 -0.899441183 -0.0660132989 0.432027519 -0.899441183 -0.0660132989 0.432027519 -0.899441183 -0.0660132989 0.432028085 -0.899440885 -0.0660139173 0.432028085 -0.899440885 -0.0660139173 0.432028085 -0.899440885 -0.0660139173 0.436109215 -0.899623513 -0.0220520701 0.436109215 -0.899623513 -0.0220520701 0.436109215 -0.899623513 -0.0220520701 0.436109096 -0.899623573 -0.0220519677 0.436109096 -0.899623573 -0.0220519677 0.436109096 -0.899623573 -0.0220519677 0.435686529 -0.899828851 0.0220305994 0.435686529 -0.899828851 0.0220305994 0.435686529 -0.899828851 0.0220305994 0.473606944 -0.880410671 0.0239480566 0.473606944 -0.880410671 0.0239480566 0.473606944 -0.880410671 0.0239480566 0.469256699 -0.880145967 0.0717020929 0.469256699 -0.880145967 0.0717020929 0.469256699 -0.880145967 0.0717020929 0.504947245 -0.859694898 0.0771555826 0.504947245 -0.859694898 0.0771555826 0.504947245 -0.859694898 0.0771555826 0.504947126 -0.859694958 0.0771557018 0.504947126 -0.859694958 0.0771557018 0.504947126 -0.859694958 0.0771557018 0.537976623 -0.838942111 0.0822025985 0.537976623 -0.838942111 0.0822025985 0.537976623 -0.838942111 0.0822025985 0.537976444 -0.83894223 0.0822027624 0.537976444 -0.83894223 0.0822027624 0.537976444 -0.83894223 0.0822027624 0.568495989 -0.818087161 0.0868661404 0.568495989 -0.818087161 0.0868661404 0.568495989 -0.818087161 0.0868661404 0.388999224 -0.890382826 -0.236427531 0.388999224 -0.890382826 -0.236427531 0.388999224 -0.890382826 -0.236427531 0.416869074 -0.889996409 -0.184733734 0.416869074 -0.889996409 -0.184733734 0.416869074 -0.889996409 -0.184733734 0.424783647 -0.881835401 -0.204756439 0.424783647 -0.881835401 -0.204756439 0.424783647 -0.881835401 -0.204756439 0.443217367 -0.88158989 -0.162350401 0.443217367 -0.88158989 -0.162350401 0.443217367 -0.88158989 -0.162350401 0.443217486 -0.88158977 -0.162350655 0.443217486 -0.88158977 -0.162350655 0.443217486 -0.88158977 -0.162350655 0.4576132 -0.881315887 -0.117781416 0.4576132 -0.881315887 -0.117781416 0.4576132 -0.881315887 -0.117781416 0.45761326 -0.881315827 -0.117781475 0.45761326 -0.881315827 -0.117781475 0.45761326 -0.881315827 -0.117781475 0.46766004 -0.881015182 -0.0714584813 0.46766004 -0.881015182 -0.0714584813 0.46766004 -0.881015182 -0.0714584813 0.467659712 -0.88101542 -0.0714580789 0.467659712 -0.88101542 -0.0714580789 0.467659712 -0.88101542 -0.0714580789 0.473067433 -0.880701423 -0.0239207745 0.473067433 -0.880701423 -0.0239207745 0.473067433 -0.880701423 -0.0239207745 0.47306782 -0.880701184 -0.0239211675 0.47306782 -0.880701184 -0.0239211675 0.47306782 -0.880701184 -0.0239211675 0.473607361 -0.880410433 0.0239484496 0.473607361 -0.880410433 0.0239484496 0.473607361 -0.880410433 0.0239484496 0.508562624 -0.860640883 0.0257159974 0.508562624 -0.860640883 0.0257159974 0.508562624 -0.860640883 0.0257159974 0.508562684 -0.860640824 0.0257158969 0.508562684 -0.860640824 0.0257158969 0.508562684 -0.860640824 0.0257158969 0.540711403 -0.840763688 0.0273415223 0.540711403 -0.840763688 0.0273415223 0.540711403 -0.840763688 0.0273415223 0.540711522 -0.840763628 0.0273413938 0.540711522 -0.840763628 0.0273413938 0.540711522 -0.840763628 0.0273413938 0.57023263 -0.820977032 0.0288341455 0.57023263 -0.820977032 0.0288341455 0.57023263 -0.820977032 0.0288341455 0.570232749 -0.820976973 0.0288339853 0.570232749 -0.820976973 0.0288339853 0.570232749 -0.820976973 0.0288339853 0.59731251 -0.801439643 0.030203281 0.59731251 -0.801439643 0.030203281 0.59731251 -0.801439643 0.030203281 0.533773124 -0.780921698 0.324418753 0.533773124 -0.780921698 0.324418753 0.533773124 -0.780921698 0.324418753 0.560904026 -0.815196276 0.144366652 0.560904026 -0.815196276 0.144366652 0.560904026 -0.815196276 0.144366652 0.589835227 -0.793124974 0.15181303 0.589835227 -0.793124974 0.15181303 0.589835227 -0.793124974 0.15181303 0.596665919 -0.797293961 0.0911705643 0.596665919 -0.797293961 0.0911705643 0.596665919 -0.797293961 0.0911705643 0.622653544 -0.776692152 0.0951414704 0.622653544 -0.776692152 0.0951414704 0.622653544 -0.776692152 0.0951414704 0.62214005 -0.78227365 0.0314587131 0.62214005 -0.78227365 0.0314587131 0.62214005 -0.78227365 0.0314587131 0.646328211 -0.762359321 0.032681793 0.646328211 -0.762359321 0.032681793 0.646328211 -0.762359321 0.032681793 0.646005034 -0.762659311 0.0320661254 0.646005034 -0.762659311 0.0320661254 0.646005034 -0.762659311 0.0320661254 0.558176458 -0.784887493 0.269055218 0.558176458 -0.784887493 0.269055218 0.558176458 -0.784887493 0.269055218 0.558176458 -0.784887433 0.269055367 0.558176458 -0.784887433 0.269055367 0.558176458 -0.784887433 0.269055367 0.576940417 -0.788972735 0.211333245 0.576940417 -0.788972735 0.211333245 0.576940417 -0.788972735 0.211333245 0.604283929 -0.765405416 0.221349165 0.604283929 -0.765405416 0.221349165 0.604283929 -0.765405416 0.221349165 0.616676688 -0.77104944 0.158721849 0.616676688 -0.77104944 0.158721849 0.616676688 -0.77104944 0.158721849 0.638679922 -0.747434258 0.182838812 0.638679922 -0.747434258 0.182838812 0.638679922 -0.747434258 0.182838812 0.645300329 -0.745655358 0.166089088 0.645300329 -0.745655358 0.166089088 0.645300329 -0.745655358 0.166089088 0.642997622 -0.751068473 0.149834111 0.642997622 -0.751068473 0.149834111 0.642997622 -0.751068473 0.149834111 0.645148039 -0.754156888 0.122602709 0.645148039 -0.754156888 0.122602709 0.645148039 -0.754156888 0.122602709 0.547618151 -0.812328041 0.200592875 0.547618151 -0.812328041 0.200592875 0.547618151 -0.812328041 0.200592875 0.576940119 -0.788972914 0.211333528 0.576940119 -0.788972914 0.211333528 0.576940119 -0.788972914 0.211333528 0.589835107 -0.793125033 0.151813149 0.589835107 -0.793125033 0.151813149 0.589835107 -0.793125033 0.151813149 0.616676807 -0.77104938 0.15872173 0.616676807 -0.77104938 0.15872173 0.616676807 -0.77104938 0.15872173 0.622653663 -0.776692033 0.0951412842 0.622653663 -0.776692033 0.0951412842 0.622653663 -0.776692033 0.0951412842 0.649754882 -0.753632307 0.0992823392 0.649754882 -0.753632307 0.0992823392 0.649754882 -0.753632307 0.0992823392 0.645383 -0.759019971 0.0858457536 0.645383 -0.759019971 0.0858457536 0.645383 -0.759019971 0.0858457536 0.525472343 -0.715393841 0.460532844 0.525472343 -0.715393841 0.460532844 0.525472343 -0.715393841 0.460532844 0.541652441 -0.718359709 0.436545432 0.541652441 -0.718359709 0.436545432 0.541652441 -0.718359709 0.436545432 0.557596743 -0.71772933 0.417073637 0.557596743 -0.71772933 0.417073637 0.557596743 -0.71772933 0.417073637 0.55931139 -0.721466243 0.408236682 0.55931139 -0.721466243 0.408236682 0.55931139 -0.721466243 0.408236682 0.57287097 -0.724653006 0.383010268 0.57287097 -0.724653006 0.383010268 0.57287097 -0.724653006 0.383010268 0.587670803 -0.72599411 0.357177228 0.587670803 -0.72599411 0.357177228 0.587670803 -0.72599411 0.357177228 0.587761998 -0.727016807 0.354939997 0.587761998 -0.727016807 0.354939997 0.587761998 -0.727016807 0.354939997 0.610707641 -0.735104382 0.29437688 0.610707641 -0.735104382 0.29437688 0.610707641 -0.735104382 0.29437688 0.611745179 -0.730329275 0.303952307 0.611745179 -0.730329275 0.303952307 0.611745179 -0.730329275 0.303952307 0.619045138 -0.737767458 0.269225419 0.619045138 -0.737767458 0.269225419 0.619045138 -0.737767458 0.269225419 0.626609981 -0.740655959 0.242463782 0.626609981 -0.740655959 0.242463782 0.626609981 -0.740655959 0.242463782 0.560941637 -0.754393995 0.340931356 0.560941637 -0.754393995 0.340931356 0.560941637 -0.754393995 0.340931356 0.560941696 -0.754393816 0.340931684 0.560941696 -0.754393816 0.340931684 0.560941696 -0.754393816 0.340931684 0.585636735 -0.759829521 0.282291889 0.585636735 -0.759829521 0.282291889 0.585636735 -0.759829521 0.282291889 0.585636735 -0.759829462 0.282292068 0.585636735 -0.759829462 0.282292068 0.585636735 -0.759829462 0.282292068 0.604283988 -0.765405416 0.22134912 0.604283988 -0.765405416 0.22134912 0.604283988 -0.765405416 0.22134912 0.633119702 -0.738496065 0.231911629 0.633119702 -0.738496065 0.231911629 0.633119702 -0.738496065 0.231911629 0.633825719 -0.744431615 0.209967956 0.633825719 -0.744431615 0.209967956 0.633825719 -0.744431615 0.209967956 0.44630608 -0.830282032 0.333830297 0.44630608 -0.830282032 0.333830297 0.44630608 -0.830282032 0.333830297 0.414074123 -0.828787446 0.376369536 0.414074123 -0.828787446 0.376369536 0.414074123 -0.828787446 0.376369536 0.442236304 -0.801778853 0.401967317 0.442236304 -0.801778853 0.401967317 0.442236304 -0.801778853 0.401967317 0.40398106 -0.799538434 0.444452018 0.40398106 -0.799538434 0.444452018 0.40398106 -0.799538434 0.444452018 0.428972363 -0.770226479 0.471946955 0.428972363 -0.770226479 0.471946955 0.428972363 -0.770226479 0.471946955 0.38418451 -0.767196536 0.513626099 0.38418451 -0.767196536 0.513626099 0.38418451 -0.767196536 0.513626099 0.405906439 -0.735359013 0.542666674 0.405906439 -0.735359013 0.542666674 0.405906439 -0.735359013 0.542666674 0.354102641 -0.731555939 0.582612455 0.354102641 -0.731555939 0.582612455 0.354102641 -0.731555939 0.582612455 0.367936134 -0.70579499 0.605372965 0.367936134 -0.70579499 0.605372965 0.367936134 -0.70579499 0.605372965 0.474226058 -0.831886292 0.288227022 0.474226058 -0.831886292 0.288227022 0.474226058 -0.831886292 0.288227022 0.44630605 -0.830282211 0.33382982 0.44630605 -0.830282211 0.33382982 0.44630605 -0.830282211 0.33382982 0.475939214 -0.804207325 0.355994999 0.475939214 -0.804207325 0.355994999 0.475939214 -0.804207325 0.355994999 0.442236304 -0.801778972 0.401967108 0.442236304 -0.801778972 0.401967108 0.442236304 -0.801778972 0.401967108 0.468962818 -0.773547888 0.426259935 0.468962818 -0.773547888 0.426259935 0.468962818 -0.773547888 0.426259935 0.428972304 -0.7702263 0.471947253 0.428972304 -0.7702263 0.471947253 0.428972304 -0.7702263 0.471947253 0.452702999 -0.739595115 0.498055309 0.452702999 -0.739595115 0.498055309 0.452702999 -0.739595115 0.498055309 0.405906349 -0.735358894 0.542666912 0.405906349 -0.735358894 0.542666912 0.405906349 -0.735358894 0.542666912 0.421461821 -0.710548282 0.563463449 0.421461821 -0.710548282 0.563463449 0.421461821 -0.710548282 0.563463449 0.421462208 -0.710548043 0.563463449 0.421462208 -0.710548043 0.563463449 0.421462208 -0.710548043 0.563463449 0.497608483 -0.833578408 0.239860088 0.497608483 -0.833578408 0.239860088 0.497608483 -0.833578408 0.239860088 0.474226117 -0.831886172 0.28822735 0.474226117 -0.831886172 0.28822735 0.474226117 -0.831886172 0.28822735 0.50488925 -0.806796968 0.306863964 0.50488925 -0.806796968 0.306863964 0.50488925 -0.806796968 0.306863964 0.475939214 -0.804207265 0.355995089 0.475939214 -0.804207265 0.355995089 0.475939214 -0.804207265 0.355995089 0.503962815 -0.777126431 0.376956284 0.503962815 -0.777126431 0.376956284 0.503962815 -0.777126431 0.376956284 0.468962789 -0.773547828 0.426260054 0.468962789 -0.773547828 0.426260054 0.468962789 -0.773547828 0.426260054 0.494271845 -0.744215488 0.449264526 0.494271845 -0.744215488 0.449264526 0.494271845 -0.744215488 0.449264526 0.452702969 -0.739594996 0.498055458 0.452702969 -0.739594996 0.498055458 0.452702969 -0.739594996 0.498055458 0.477619171 -0.704104722 0.525467813 0.477619171 -0.704104722 0.525467813 0.477619171 -0.704104722 0.525467813 0.439779371 -0.712907612 0.546220541 0.439779371 -0.712907612 0.546220541 0.439779371 -0.712907612 0.546220541 0.471512794 -0.698735356 0.538000584 0.471512794 -0.698735356 0.538000584 0.471512794 -0.698735356 0.538000584 0.246257409 -0.698134422 0.672283888 0.246257409 -0.698134422 0.672283888 0.246257409 -0.698134422 0.672283888 0.309393674 -0.701634169 0.641860604 0.309393674 -0.701634169 0.641860604 0.309393674 -0.701634169 0.641860604 0.309393555 -0.701634288 0.641860545 0.309393555 -0.701634288 0.641860545 0.309393555 -0.701634288 0.641860545 0.367935836 -0.705795228 0.605372846 0.367935836 -0.705795228 0.605372846 0.367935836 -0.705795228 0.605372846 0.378567994 -0.684634209 0.622866213 0.378567994 -0.684634209 0.622866213 0.378567994 -0.684634209 0.622866213 0.429025501 -0.697817147 0.573575079 0.429025501 -0.697817147 0.573575079 0.429025501 -0.697817147 0.573575079 0.427209675 -0.682867348 0.592607856 0.427209675 -0.682867348 0.592607856 0.427209675 -0.682867348 0.592607856 0.450304538 -0.696251452 0.558981001 0.450304538 -0.696251452 0.558981001 0.450304538 -0.696251452 0.558981001 0.108832754 -0.693429351 0.712257743 0.108832754 -0.693429351 0.712257743 0.108832754 -0.693429351 0.712257743 0.179129452 -0.695371687 0.695967615 0.179129452 -0.695371687 0.695967615 0.179129452 -0.695371687 0.695967615 0.254839987 -0.671594501 0.69571358 0.254839987 -0.671594501 0.69571358 0.254839987 -0.671594501 0.69571358 0.246257722 -0.698134124 0.672284067 0.246257722 -0.698134124 0.672284067 0.246257722 -0.698134124 0.672284067 0.179130092 -0.695371091 0.695967972 0.179130092 -0.695371091 0.695967972 0.179130092 -0.695371091 0.695967972 0.108832955 -0.693429172 0.712257922 0.108832955 -0.693429172 0.712257922 0.108832955 -0.693429172 0.712257922 0.111593664 -0.673922598 0.730325401 0.111593664 -0.673922598 0.730325401 0.111593664 -0.673922598 0.730325401 0.0998089984 -0.658537149 0.745900095 0.0998089984 -0.658537149 0.745900095 0.0998089984 -0.658537149 0.745900095 0.134557366 -0.675031722 0.725414753 0.134557366 -0.675031722 0.725414753 0.134557366 -0.675031722 0.725414753 0.164590746 -0.675921082 0.718359649 0.164590746 -0.675921082 0.718359649 0.164590746 -0.675921082 0.718359649 0.185762003 -0.666774571 0.721736908 0.185762003 -0.666774571 0.721736908 0.185762003 -0.666774571 0.721736908 0.199875578 -0.677221656 0.708110571 0.199875578 -0.677221656 0.708110571 0.199875578 -0.677221656 0.708110571 0.228929982 -0.678645074 0.697876751 0.228929982 -0.678645074 0.697876751 0.228929982 -0.678645074 0.697876751 0.262539327 -0.680183768 0.684414446 0.262539327 -0.680183768 0.684414446 0.262539327 -0.680183768 0.684414446 0.29023391 -0.682100058 0.671195805 0.29023391 -0.682100058 0.671195805 0.29023391 -0.682100058 0.671195805 0.318893552 -0.678699911 0.66156882 0.318893552 -0.678699911 0.66156882 0.318893552 -0.678699911 0.66156882 0.322188646 -0.684399903 0.654057503 0.322188646 -0.684399903 0.654057503 0.322188646 -0.684399903 0.654057503 0.374157012 -0.687468946 0.622409046 0.374157012 -0.687468946 0.622409046 0.374157012 -0.687468946 0.622409046 0.505167603 -0.712344646 0.487207115 0.505167603 -0.712344646 0.487207115 0.505167603 -0.712344646 0.487207115 0.520850658 -0.71034199 0.473422468 0.520850658 -0.71034199 0.473422468 0.520850658 -0.71034199 0.473422468 0.494271934 -0.744215786 0.44926396 0.494271934 -0.744215786 0.44926396 0.494271934 -0.744215786 0.44926396 0.530416787 -0.749167919 0.396743536 0.530416787 -0.749167919 0.396743536 0.530416787 -0.749167919 0.396743536 0.503962815 -0.777126372 0.376956344 0.503962815 -0.777126372 0.376956344 0.503962815 -0.777126372 0.376956344 0.533773124 -0.780921638 0.324418962 0.533773124 -0.780921638 0.324418962 0.533773124 -0.780921638 0.324418962 0.50488925 -0.806797028 0.306863785 0.50488925 -0.806797028 0.306863785 0.50488925 -0.806797028 0.306863785 0.528863668 -0.809516013 0.254925609 0.528863668 -0.809516013 0.254925609 0.528863668 -0.809516013 0.254925609 0.497608393 -0.833578527 0.23985979 0.497608393 -0.833578527 0.23985979 0.497608393 -0.833578527 0.23985979 0.516201019 -0.835334301 0.189084753 0.516201019 -0.835334301 0.189084753 0.516201019 -0.835334301 0.189084753 0.441729963 -0.856034398 0.268476635 0.441729963 -0.856034398 0.268476635 0.441729963 -0.856034398 0.268476635 0.441729903 -0.856034517 0.268476397 0.441729903 -0.856034517 0.268476397 0.441729903 -0.856034517 0.268476397 0.464331627 -0.856913567 0.223819643 0.464331627 -0.856913567 0.223819643 0.464331627 -0.856913567 0.223819643 0.464331716 -0.856913507 0.223819822 0.464331716 -0.856913507 0.223819822 0.464331716 -0.856913507 0.223819822 0.482583404 -0.857826054 0.176770315 0.482583404 -0.857826054 0.176770315 0.482583404 -0.857826054 0.176770315 0.516201377 -0.835334182 0.189084575 0.516201377 -0.835334182 0.189084575 0.516201377 -0.835334182 0.189084575 0.529740632 -0.837128878 0.13634567 0.529740632 -0.837128878 0.13634567 0.529740632 -0.837128878 0.13634567 0.560904086 -0.815196216 0.144366577 0.560904086 -0.815196216 0.144366577 0.560904086 -0.815196216 0.144366577 0.568496108 -0.818087101 0.0868659988 0.568496108 -0.818087101 0.0868659988 0.568496108 -0.818087101 0.0868659988 0.596666098 -0.797293901 0.0911703631 0.596666098 -0.797293901 0.0911703631 0.596666098 -0.797293901 0.0911703631 0.597312629 -0.801439583 0.0302030779 0.597312629 -0.801439583 0.0302030779 0.597312629 -0.801439583 0.0302030779 0.622140229 -0.782273591 0.0314584821 0.622140229 -0.782273591 0.0314584821 0.622140229 -0.782273591 0.0314584821 0.615227699 -0.787735462 -0.0311091822 0.615227699 -0.787735462 -0.0311091822 0.615227699 -0.787735462 -0.0311091822 0.636972427 -0.770213425 -0.0322087109 0.636972427 -0.770213425 -0.0322087109 0.636972427 -0.770213425 -0.0322087109 0.639641643 -0.768149734 -0.0283646137 0.639641643 -0.768149734 -0.0283646137 0.639641643 -0.768149734 -0.0283646137 -0.107767224 -0.901705742 0.418703884 -0.107767224 -0.901705742 0.418703884 -0.107767224 -0.901705742 0.418703884 -0.0652974322 -0.90172869 0.427342474 -0.0652974322 -0.90172869 0.427342474 -0.0652974322 -0.90172869 0.427342474 -0.0652980357 -0.901728392 0.427343011 -0.0652980357 -0.901728392 0.427343011 -0.0652980357 -0.901728392 0.427343011 -0.0218318664 -0.901726961 0.43175441 -0.0218318664 -0.901726961 0.43175441 -0.0218318664 -0.901726961 0.43175441 -0.0218317658 -0.901727021 0.431754291 -0.0218317658 -0.901727021 0.431754291 -0.0218317658 -0.901727021 0.431754291 0.0218318608 -0.901727021 0.431754291 0.0218318608 -0.901727021 0.431754291 0.0218318608 -0.901727021 0.431754291 0.0218317714 -0.901726961 0.43175441 0.0218317714 -0.901726961 0.43175441 0.0218317714 -0.901726961 0.43175441 0.0652975217 -0.901728392 0.427343071 0.0652975217 -0.901728392 0.427343071 0.0652975217 -0.901728392 0.427343071 0.0652979314 -0.90172869 0.427342385 0.0652979314 -0.90172869 0.427342385 0.0652979314 -0.90172869 0.427342385 0.10776712 -0.90170598 0.418703496 0.10776712 -0.90170598 0.418703496 0.10776712 -0.90170598 0.418703496 0.107766896 -0.901705742 0.418704003 0.107766896 -0.901705742 0.418704003 0.107766896 -0.901705742 0.418704003 0.14874661 -0.901651084 0.406078517 0.14874661 -0.901651084 0.406078517 0.14874661 -0.901651084 0.406078517 0.148746729 -0.901651204 0.40607819 0.148746729 -0.901651204 0.40607819 0.148746729 -0.901651204 0.40607819 0.187858284 -0.901566446 0.389727056 0.187858284 -0.901566446 0.389727056 0.187858284 -0.901566446 0.389727056 0.187858284 -0.901566446 0.389727056 0.187858284 -0.901566446 0.389727056 0.187858284 -0.901566446 0.389727056 0.224821016 -0.901458502 0.36990279 0.224821016 -0.901458502 0.36990279 0.224821016 -0.901458502 0.36990279 0.224821031 -0.901458502 0.36990276 0.224821031 -0.901458502 0.36990276 0.224821031 -0.901458502 0.36990276 0.259425253 -0.901335657 0.346832156 0.259425253 -0.901335657 0.346832156 0.259425253 -0.901335657 0.346832156 0.259425253 -0.901335597 0.346832365 0.259425253 -0.901335597 0.346832365 0.259425253 -0.901335597 0.346832365 0.291505575 -0.901204944 0.320708841 0.291505575 -0.901204944 0.320708841 0.291505575 -0.901204944 0.320708841 0.291505575 -0.901204944 0.320708752 0.291505575 -0.901204944 0.320708752 0.291505575 -0.901204944 0.320708752 0.320915222 -0.901070774 0.291693181 0.320915222 -0.901070774 0.291693181 0.320915222 -0.901070774 0.291693181 0.320915222 -0.901070714 0.291693211 0.320915222 -0.901070714 0.291693211 0.320915222 -0.901070714 0.291693211 0.347501397 -0.900933623 0.259925663 0.347501397 -0.900933623 0.259925663 0.347501397 -0.900933623 0.259925663 -0.187858284 -0.901566446 0.389727056 -0.187858284 -0.901566446 0.389727056 -0.187858284 -0.901566446 0.389727056 -0.259425372 -0.901335597 0.346832275 -0.259425372 -0.901335597 0.346832275 -0.259425372 -0.901335597 0.346832275 -0.0723864883 -0.877688348 0.473733455 -0.0723864883 -0.877688348 0.473733455 -0.0723864883 -0.877688348 0.473733455 -0.0723860785 -0.877688587 0.473733097 -0.0723860785 -0.877688587 0.473733097 -0.0723860785 -0.877688587 0.473733097 -0.0242068004 -0.877631664 0.478723973 -0.0242068004 -0.877631664 0.478723973 -0.0242068004 -0.877631664 0.478723973 -0.0242066737 -0.877631783 0.478723854 -0.0242066737 -0.877631783 0.478723854 -0.0242066737 -0.877631783 0.478723854 0.0242067929 -0.877631783 0.478723854 0.0242067929 -0.877631783 0.478723854 0.0242067929 -0.877631783 0.478723854 0.0242066812 -0.877631664 0.478724003 0.0242066812 -0.877631664 0.478724003 0.0242066812 -0.877631664 0.478724003 0.0723864287 -0.877688527 0.473733068 0.0723864287 -0.877688527 0.473733068 0.0723864287 -0.877688527 0.473733068 0.0723861381 -0.877688348 0.473733515 0.0723861381 -0.877688348 0.473733515 0.0723861381 -0.877688348 0.473733515 0.119415753 -0.877768874 0.463963002 0.119415753 -0.877768874 0.463963002 0.119415753 -0.877768874 0.463963002 0.119415797 -0.877768934 0.463962913 0.119415797 -0.877768934 0.463962913 0.119415797 -0.877768934 0.463962913 0.164723963 -0.877860785 0.449696004 0.164723963 -0.877860785 0.449696004 0.164723963 -0.877860785 0.449696004 0.164723948 -0.877860785 0.449696004 0.164723948 -0.877860785 0.449696004 0.164723948 -0.877860785 0.449696004 0.207870394 -0.877962828 0.431243807 0.207870394 -0.877962828 0.431243807 0.207870394 -0.877962828 0.431243807 0.207870424 -0.877962828 0.431243718 0.207870424 -0.877962828 0.431243718 0.207870424 -0.877962828 0.431243718 0.248529688 -0.87808013 0.408911109 0.248529688 -0.87808013 0.408911109 0.248529688 -0.87808013 0.408911109 0.248529717 -0.878080189 0.4089109 0.248529717 -0.878080189 0.4089109 0.248529717 -0.878080189 0.4089109 0.286460161 -0.878219724 0.382976055 0.286460161 -0.878219724 0.382976055 0.286460161 -0.878219724 0.382976055 0.286460131 -0.878219724 0.382976085 0.286460131 -0.878219724 0.382976085 0.286460131 -0.878219724 0.382976085 0.321474552 -0.878387451 0.353680044 0.321474552 -0.878387451 0.353680044 0.321474552 -0.878387451 0.353680044 0.321474552 -0.878387392 0.353680253 0.321474552 -0.878387392 0.353680253 0.321474552 -0.878387392 0.353680253 0.353409797 -0.878586113 0.321228862 0.353409797 -0.878586113 0.321228862 0.353409797 -0.878586113 0.321228862 -0.320915252 -0.901070714 0.291693181 -0.320915252 -0.901070714 0.291693181 -0.320915252 -0.901070714 0.291693181 -0.371088564 -0.90079087 0.225541845 -0.371088564 -0.90079087 0.225541845 -0.371088564 -0.90079087 0.225541845 -0.430777341 -0.900054634 0.0658222809 -0.430777341 -0.900054634 0.0658222809 -0.430777341 -0.900054634 0.0658222809 -0.0792765543 -0.851194859 0.518828034 -0.0792765543 -0.851194859 0.518828034 -0.0792765543 -0.851194859 0.518828034 -0.0792767182 -0.851194799 0.518828154 -0.0792767182 -0.851194799 0.518828154 -0.0792767182 -0.851194799 0.518828154 -0.026516607 -0.851055145 0.524406314 -0.026516607 -0.851055145 0.524406314 -0.026516607 -0.851055145 0.524406314 -0.0265167523 -0.851055086 0.524406433 -0.0265167523 -0.851055086 0.524406433 -0.0265167523 -0.851055086 0.524406433 0.0265166145 -0.851055086 0.524406433 0.0265166145 -0.851055086 0.524406433 0.0265166145 -0.851055086 0.524406433 0.0265167449 -0.851055145 0.524406314 0.0265167449 -0.851055145 0.524406314 0.0265167449 -0.851055145 0.524406314 0.0792765766 -0.851194799 0.518828154 0.0792765766 -0.851194799 0.518828154 0.0792765766 -0.851194799 0.518828154 0.0792766958 -0.851194859 0.518828034 0.0792766958 -0.851194859 0.518828034 0.0792766958 -0.851194859 0.518828034 0.130727395 -0.851431847 0.507911563 0.130727395 -0.851431847 0.507911563 0.130727395 -0.851431847 0.507911563 0.130727455 -0.851431906 0.507911503 0.130727455 -0.851431906 0.507911503 0.130727455 -0.851431906 0.507911503 0.180214524 -0.851747155 0.491985232 0.180214524 -0.851747155 0.491985232 0.180214524 -0.851747155 0.491985232 0.180214375 -0.851747036 0.491985559 0.180214375 -0.851747036 0.491985559 0.180214375 -0.851747036 0.491985559 0.227233902 -0.852134287 0.471414775 0.227233902 -0.852134287 0.471414775 0.227233902 -0.852134287 0.471414775 0.227233931 -0.852134347 0.471414685 0.227233931 -0.852134347 0.471414685 0.227233931 -0.852134347 0.471414685 0.271413416 -0.852594435 0.446561903 0.271413416 -0.852594435 0.446561903 0.271413416 -0.852594435 0.446561903 0.271413356 -0.852594316 0.446562171 0.271413356 -0.852594316 0.446562171 0.271413356 -0.852594316 0.446562171 0.312479317 -0.853130579 0.417761773 0.312479317 -0.853130579 0.417761773 0.312479317 -0.853130579 0.417761773 0.312479347 -0.853130698 0.417761475 0.312479347 -0.853130698 0.417761475 0.312479347 -0.853130698 0.417761475 0.350222528 -0.853745699 0.385308236 0.350222528 -0.853745699 0.385308236 0.350222528 -0.853745699 0.385308236 -0.085954681 -0.822295129 0.562532246 -0.085954681 -0.822295129 0.562532246 -0.085954681 -0.822295129 0.562532246 -0.0859548897 -0.82229501 0.562532365 -0.0859548897 -0.82229501 0.562532365 -0.0859548897 -0.82229501 0.562532365 -0.0287565626 -0.822040915 0.568701863 -0.0287565626 -0.822040915 0.568701863 -0.0287565626 -0.822040915 0.568701863 -0.0287567489 -0.822040796 0.568701982 -0.0287567489 -0.822040796 0.568701982 -0.0287567489 -0.822040796 0.568701982 0.0287565701 -0.822040796 0.568701982 0.0287565701 -0.822040796 0.568701982 0.0287565701 -0.822040796 0.568701982 0.0287567396 -0.822040915 0.568701804 0.0287567396 -0.822040915 0.568701804 0.0287567396 -0.822040915 0.568701804 0.0859547108 -0.82229501 0.562532365 0.0859547108 -0.82229501 0.562532365 0.0859547108 -0.82229501 0.562532365 0.0859548599 -0.822295129 0.562532187 0.0859548599 -0.822295129 0.562532187 0.0859548599 -0.822295129 0.562532187 0.141679332 -0.82275033 0.550462425 0.141679332 -0.82275033 0.550462425 0.141679332 -0.82275033 0.550462425 0.141679153 -0.822750151 0.550462723 0.141679153 -0.822750151 0.550462723 0.141679153 -0.822750151 0.550462723 0.195189938 -0.823378205 0.532868922 0.195189938 -0.823378205 0.532868922 0.195189938 -0.823378205 0.532868922 0.195189923 -0.823378146 0.532868922 0.195189923 -0.823378146 0.532868922 0.195189923 -0.823378146 0.532868922 0.245917082 -0.824164331 0.510174394 0.245917082 -0.824164331 0.510174394 0.245917082 -0.824164331 0.510174394 0.245917171 -0.82416445 0.510174155 0.245917171 -0.82416445 0.510174155 0.245917171 -0.82416445 0.510174155 0.293440163 -0.825102329 0.482803345 0.293440163 -0.825102329 0.482803345 0.293440163 -0.825102329 0.482803345 0.293440133 -0.82510227 0.482803404 0.293440133 -0.82510227 0.482803404 0.293440133 -0.82510227 0.482803404 0.33745423 -0.826188505 0.451151013 0.33745423 -0.826188505 0.451151013 0.33745423 -0.826188505 0.451151013 -0.394744396 -0.898872435 -0.190276712 -0.394744396 -0.898872435 -0.190276712 -0.394744396 -0.898872435 -0.190276712 -0.411098391 -0.899067402 -0.150585219 -0.411098391 -0.899067402 -0.150585219 -0.411098391 -0.899067402 -0.150585219 -0.411098063 -0.899067521 -0.150585338 -0.411098063 -0.899067521 -0.150585338 -0.411098063 -0.899067521 -0.150585338 -0.364519119 -0.890384853 -0.272654831 -0.364519119 -0.890384853 -0.272654831 -0.364519119 -0.890384853 -0.272654831 -0.364519149 -0.890384912 -0.272654653 -0.364519149 -0.890384912 -0.272654653 -0.364519149 -0.890384912 -0.272654653 -0.388999164 -0.890382886 -0.236427486 -0.388999164 -0.890382886 -0.236427486 -0.388999164 -0.890382886 -0.236427486 -0.388999164 -0.890382826 -0.236427665 -0.388999164 -0.890382826 -0.236427665 -0.388999164 -0.890382826 -0.236427665 -0.410065591 -0.890379667 -0.197661966 -0.410065591 -0.890379667 -0.197661966 -0.410065591 -0.890379667 -0.197661966 -0.435735613 -0.881919444 -0.179868072 -0.435735613 -0.881919444 -0.179868072 -0.435735613 -0.881919444 -0.179868072 -0.443217278 -0.88158989 -0.16235058 -0.443217278 -0.88158989 -0.16235058 -0.443217278 -0.88158989 -0.16235058 -0.443217576 -0.88158977 -0.162350461 -0.443217576 -0.88158977 -0.162350461 -0.443217576 -0.88158977 -0.162350461 -0.306146979 -0.890409112 -0.336816877 -0.306146979 -0.890409112 -0.336816877 -0.306146979 -0.890409112 -0.336816877 -0.306147009 -0.890409112 -0.336816818 -0.306147009 -0.890409112 -0.336816818 -0.306147009 -0.890409112 -0.336816818 -0.272595853 -0.89043504 -0.36444056 -0.272595853 -0.89043504 -0.36444056 -0.272595853 -0.89043504 -0.36444056 -0.272595853 -0.89043504 -0.36444056 -0.272595853 -0.89043504 -0.36444056 -0.272595853 -0.89043504 -0.36444056 -0.236342803 -0.890466154 -0.388859957 -0.236342803 -0.890466154 -0.388859957 -0.236342803 -0.890466154 -0.388859957 -0.236342832 -0.890466213 -0.388859898 -0.236342832 -0.890466213 -0.388859898 -0.236342832 -0.890466213 -0.388859898 -0.197563469 -0.890495658 -0.409861147 -0.197563469 -0.890495658 -0.409861147 -0.197563469 -0.890495658 -0.409861147 -0.19756344 -0.890495658 -0.409861177 -0.19756344 -0.890495658 -0.409861177 -0.19756344 -0.890495658 -0.409861177 -0.156481728 -0.890515327 -0.42719543 -0.156481728 -0.890515327 -0.42719543 -0.156481728 -0.890515327 -0.42719543 -0.156481743 -0.890515327 -0.42719543 -0.156481743 -0.890515327 -0.42719543 -0.156481743 -0.890515327 -0.42719543 -0.113399282 -0.890518725 -0.440587103 -0.113399282 -0.890518725 -0.440587103 -0.113399282 -0.890518725 -0.440587103 -0.113399528 -0.890518844 -0.440586865 -0.113399528 -0.890518844 -0.440586865 -0.113399528 -0.890518844 -0.440586865 -0.0687224343 -0.890505135 -0.449753135 -0.0687224343 -0.890505135 -0.449753135 -0.0687224343 -0.890505135 -0.449753135 -0.423612207 -0.899258077 -0.109030515 -0.423612207 -0.899258077 -0.109030515 -0.423612207 -0.899258077 -0.109030515 -0.423612684 -0.899257839 -0.109030291 -0.423612684 -0.899257839 -0.109030291 -0.423612684 -0.899257839 -0.109030291 -0.45761326 -0.881315887 -0.11778143 -0.45761326 -0.881315887 -0.11778143 -0.45761326 -0.881315887 -0.11778143 -0.4576132 -0.881315887 -0.11778146 -0.4576132 -0.881315887 -0.11778146 -0.4576132 -0.881315887 -0.11778146 -0.48835808 -0.863543451 -0.125694647 -0.48835808 -0.863543451 -0.125694647 -0.48835808 -0.863543451 -0.125694647 -0.523531795 -0.845532119 -0.104832686 -0.523531795 -0.845532119 -0.104832686 -0.523531795 -0.845532119 -0.104832686 -0.0924052894 -0.791038692 0.604747057 -0.0924052894 -0.791038692 0.604747057 -0.0924052894 -0.791038692 0.604747057 -0.0924051031 -0.791038811 0.604746938 -0.0924051031 -0.791038811 0.604746938 -0.0924051031 -0.791038811 0.604746938 -0.0309212189 -0.790634453 0.611507237 -0.0309212189 -0.790634453 0.611507237 -0.0309212189 -0.790634453 0.611507237 -0.0309210327 -0.790634513 0.611507058 -0.0309210327 -0.790634513 0.611507058 -0.0309210327 -0.790634513 0.611507058 0.0309212133 -0.790634513 0.611507058 0.0309212133 -0.790634513 0.611507058 0.0309212133 -0.790634513 0.611507058 0.0309210401 -0.790634394 0.611507237 0.0309210401 -0.790634394 0.611507237 0.0309210401 -0.790634394 0.611507237 0.0924052745 -0.791038811 0.604746938 0.0924052745 -0.791038811 0.604746938 0.0924052745 -0.791038811 0.604746938 0.0924051255 -0.791038692 0.604747117 0.0924051255 -0.791038692 0.604747117 0.0924051255 -0.791038692 0.604747117 0.152247921 -0.791781783 0.591525316 0.152247921 -0.791781783 0.591525316 0.152247921 -0.791781783 0.591525316 0.152248308 -0.791782081 0.59152478 0.152248308 -0.791782081 0.59152478 0.152248308 -0.791782081 0.59152478 0.209621638 -0.792823195 0.572267592 0.209621638 -0.792823195 0.572267592 0.209621638 -0.792823195 0.572267592 0.209621608 -0.792823136 0.572267652 0.209621608 -0.792823136 0.572267652 0.209621608 -0.792823136 0.572267652 0.263889253 -0.79413569 0.547458649 0.263889253 -0.79413569 0.547458649 0.263889253 -0.79413569 0.547458649 0.263889104 -0.794135511 0.547458947 0.263889104 -0.794135511 0.547458947 0.263889104 -0.794135511 0.547458947 0.314581692 -0.795701563 0.517588019 0.314581692 -0.795701563 0.517588019 0.314581692 -0.795701563 0.517588019 -0.0986116529 -0.757481813 0.645365834 -0.0986116529 -0.757481813 0.645365834 -0.0986116529 -0.757481813 0.645365834 -0.098611407 -0.757481933 0.645365715 -0.098611407 -0.757481933 0.645365715 -0.098611407 -0.757481933 0.645365715 -0.0330045074 -0.756887972 0.652710736 -0.0330045074 -0.756887972 0.652710736 -0.0330045074 -0.756887972 0.652710736 -0.0330047607 -0.756887853 0.652710855 -0.0330047607 -0.756887853 0.652710855 -0.0330047607 -0.756887853 0.652710855 0.0330045149 -0.756887853 0.652710855 0.0330045149 -0.756887853 0.652710855 0.0330045149 -0.756887853 0.652710855 0.0330047533 -0.756887972 0.652710676 0.0330047533 -0.756887972 0.652710676 0.0330047533 -0.756887972 0.652710676 0.0986116305 -0.757481933 0.645365655 0.0986116305 -0.757481933 0.645365655 0.0986116305 -0.757481933 0.645365655 0.0986114293 -0.757481813 0.645365894 0.0986114293 -0.757481813 0.645365894 0.0986114293 -0.757481813 0.645365894 0.162409514 -0.758589089 0.631003737 0.162409514 -0.758589089 0.631003737 0.162409514 -0.758589089 0.631003737 0.162409306 -0.75858891 0.631004035 0.162409306 -0.75858891 0.631004035 0.162409306 -0.75858891 0.631004035 0.22348021 -0.760152996 0.61010164 0.22348021 -0.760152996 0.61010164 0.22348021 -0.760152996 0.61010164 0.223480523 -0.760153294 0.610101163 0.223480523 -0.760153294 0.610101163 0.223480523 -0.760153294 0.610101163 0.281119615 -0.762131035 0.583204985 0.281119615 -0.762131035 0.583204985 0.281119615 -0.762131035 0.583204985 -0.103093907 -0.730855227 0.674701631 -0.103093907 -0.730855227 0.674701631 -0.103093907 -0.730855227 0.674701631 -0.0345097817 -0.730092108 0.682476819 -0.0345097817 -0.730092108 0.682476819 -0.0345097817 -0.730092108 0.682476819 -0.0345098898 -0.730092227 0.682476699 -0.0345098898 -0.730092227 0.682476699 -0.0345098898 -0.730092227 0.682476699 0.0345097743 -0.730092227 0.682476699 0.0345097743 -0.730092227 0.682476699 0.0345097743 -0.730092227 0.682476699 0.0345098972 -0.730092108 0.682476819 0.0345098972 -0.730092108 0.682476819 0.0345098972 -0.730092108 0.682476819 0.103094049 -0.730855227 0.674701631 0.103094049 -0.730855227 0.674701631 0.103094049 -0.730855227 0.674701631 0.103093885 -0.730855405 0.674701452 0.103093885 -0.730855405 0.674701452 0.103093885 -0.730855405 0.674701452 0.169743806 -0.73228848 0.659500301 0.169743806 -0.73228848 0.659500301 0.169743806 -0.73228848 0.659500301 0.169743717 -0.732288539 0.659500241 0.169743717 -0.732288539 0.659500241 0.169743717 -0.732288539 0.659500241 0.233475253 -0.734320402 0.637387514 0.233475253 -0.734320402 0.637387514 0.233475253 -0.734320402 0.637387514 0.233475611 -0.734320104 0.637387753 0.233475611 -0.734320104 0.637387753 0.233475611 -0.734320104 0.637387753 0.293532401 -0.736892104 0.608957112 0.293532401 -0.736892104 0.608957112 0.293532401 -0.736892104 0.608957112 0.281119406 -0.762130857 0.583205342 0.281119406 -0.762130857 0.583205342 0.281119406 -0.762130857 0.583205342 0.334810942 -0.764488399 0.550871253 0.334810942 -0.764488399 0.550871253 0.334810942 -0.764488399 0.550871253 0.314581782 -0.795701683 0.517587781 0.314581782 -0.795701683 0.517587781 0.314581782 -0.795701683 0.517587781 0.3613621 -0.797507286 0.483114451 0.3613621 -0.797507286 0.483114451 0.3613621 -0.797507286 0.483114451 0.33745417 -0.826188326 0.451151341 0.33745417 -0.826188326 0.451151341 0.33745417 -0.826188326 0.451151341 0.377729118 -0.827419043 0.415570021 0.377729118 -0.827419043 0.415570021 0.377729118 -0.827419043 0.415570021 0.350222558 -0.853745878 0.385307848 0.350222558 -0.853745878 0.385307848 0.350222558 -0.853745878 0.385307848 0.384465665 -0.85443902 0.349456936 0.384465665 -0.85443902 0.349456936 0.384465665 -0.85443902 0.349456936 0.353409797 -0.878586054 0.321228951 0.353409797 -0.878586054 0.321228951 0.353409797 -0.878586054 0.321228951 0.382100105 -0.878814578 0.285804957 0.382100105 -0.878814578 0.285804957 0.382100105 -0.878814578 0.285804957 0.347501367 -0.900933683 0.259925634 0.347501367 -0.900933683 0.259925634 0.347501367 -0.900933683 0.259925634 0.371088654 -0.900790811 0.22554189 0.371088654 -0.900790811 0.22554189 0.371088654 -0.900790811 0.22554189 0.391467631 -0.900636673 0.188697234 0.391467631 -0.900636673 0.188697234 0.391467631 -0.900636673 0.188697234 0.371088624 -0.90079087 0.22554177 0.371088624 -0.90079087 0.22554177 0.371088624 -0.90079087 0.22554177 0.407358825 -0.8790676 0.247586235 0.407358825 -0.8790676 0.247586235 0.407358825 -0.8790676 0.247586235 0.382100046 -0.878814697 0.285804689 0.382100046 -0.878814697 0.285804689 0.382100046 -0.878814697 0.285804689 0.415033042 -0.855205119 0.310438037 0.415033042 -0.855205119 0.310438037 0.415033042 -0.855205119 0.310438037 0.384465665 -0.854438961 0.349457055 0.384465665 -0.854438961 0.349457055 0.384465665 -0.854438961 0.349457055 0.414074123 -0.828787446 0.376369417 0.414074123 -0.828787446 0.376369417 0.414074123 -0.828787446 0.376369417 0.377729118 -0.827419102 0.415569901 0.377729118 -0.827419102 0.415569901 0.377729118 -0.827419102 0.415569901 0.40398109 -0.799538553 0.444451779 0.40398109 -0.799538553 0.444451779 0.40398109 -0.799538553 0.444451779 0.36136207 -0.797507286 0.483114511 0.36136207 -0.797507286 0.483114511 0.36136207 -0.797507286 0.483114511 0.38418442 -0.767196417 0.513626277 0.38418442 -0.767196417 0.513626277 0.38418442 -0.767196417 0.513626277 0.334811062 -0.764488518 0.550870955 0.334811062 -0.764488518 0.550870955 0.334811062 -0.764488518 0.550870955 0.35410282 -0.731556118 0.582612097 0.35410282 -0.731556118 0.582612097 0.35410282 -0.731556118 0.582612097 0.290654153 -0.727614641 0.621367157 0.290654153 -0.727614641 0.621367157 0.290654153 -0.727614641 0.621367157 0.301564515 -0.719486058 0.625618637 0.301564515 -0.719486058 0.625618637 0.301564515 -0.719486058 0.625618637 0.239946827 -0.716469526 0.655054927 0.239946827 -0.716469526 0.655054927 0.239946827 -0.716469526 0.655054927 0.23994635 -0.716469884 0.655054688 0.23994635 -0.716469884 0.655054688 0.23994635 -0.716469884 0.655054688 0.174495071 -0.714087784 0.677960277 0.174495071 -0.714087784 0.677960277 0.174495071 -0.714087784 0.677960277 0.17449525 -0.714087605 0.677960396 0.17449525 -0.714087605 0.677960396 0.17449525 -0.714087605 0.677960396 0.105998717 -0.712410629 0.693711281 0.105998717 -0.712410629 0.693711281 0.105998717 -0.712410629 0.693711281 0.105998881 -0.71241051 0.6937114 0.105998881 -0.71241051 0.6937114 0.105998881 -0.71241051 0.6937114 0.0354852714 -0.711520791 0.701768458 0.0354852714 -0.711520791 0.701768458 0.0354852714 -0.711520791 0.701768458 0.0354851373 -0.71152097 0.701768279 0.0354851373 -0.71152097 0.701768279 0.0354851373 -0.71152097 0.701768279 -0.0354852639 -0.71152097 0.701768279 -0.0354852639 -0.71152097 0.701768279 -0.0354852639 -0.71152097 0.701768279 -0.148746818 -0.901651084 0.406078458 -0.148746818 -0.901651084 0.406078458 -0.148746818 -0.901651084 0.406078458 -0.164723963 -0.877860785 0.449696004 -0.164723963 -0.877860785 0.449696004 -0.164723963 -0.877860785 0.449696004 -0.164723948 -0.877860785 0.449696004 -0.164723948 -0.877860785 0.449696004 -0.164723948 -0.877860785 0.449696004 -0.180214599 -0.851747036 0.49198547 -0.180214599 -0.851747036 0.49198547 -0.180214599 -0.851747036 0.49198547 -0.180214286 -0.851747155 0.491985321 -0.180214286 -0.851747155 0.491985321 -0.180214286 -0.851747155 0.491985321 -0.195189953 -0.823378146 0.532868922 -0.195189953 -0.823378146 0.532868922 -0.195189953 -0.823378146 0.532868922 -0.195189908 -0.823378205 0.532868922 -0.195189908 -0.823378205 0.532868922 -0.195189908 -0.823378205 0.532868922 -0.209621653 -0.792823136 0.572267592 -0.209621653 -0.792823136 0.572267592 -0.209621653 -0.792823136 0.572267592 -0.209621593 -0.792823195 0.572267592 -0.209621593 -0.792823195 0.572267592 -0.209621593 -0.792823195 0.572267592 -0.223480105 -0.760153234 0.610101402 -0.223480105 -0.760153234 0.610101402 -0.223480105 -0.760153234 0.610101402 -0.223480627 -0.760152996 0.610101521 -0.223480627 -0.760152996 0.610101521 -0.223480627 -0.760152996 0.610101521 -0.233475491 -0.734320402 0.637387455 -0.233475491 -0.734320402 0.637387455 -0.233475491 -0.734320402 0.637387455 -0.169743776 -0.732288539 0.659500241 -0.169743776 -0.732288539 0.659500241 -0.169743776 -0.732288539 0.659500241 -0.174495116 -0.714087605 0.677960396 -0.174495116 -0.714087605 0.677960396 -0.174495116 -0.714087605 0.677960396 -0.105998851 -0.712410629 0.693711221 -0.105998851 -0.712410629 0.693711221 -0.105998851 -0.712410629 0.693711221 -0.239946499 -0.716469467 0.655055106 -0.239946499 -0.716469467 0.655055106 -0.239946499 -0.716469467 0.655055106 -0.288000822 -0.719106555 0.632409096 -0.288000822 -0.719106555 0.632409096 -0.288000822 -0.719106555 0.632409096 -0.29757908 -0.728234172 0.617350519 -0.29757908 -0.728234172 0.617350519 -0.29757908 -0.728234172 0.617350519 -0.259425133 -0.901335657 0.346832246 -0.259425133 -0.901335657 0.346832246 -0.259425133 -0.901335657 0.346832246 -0.286460161 -0.878219724 0.382976055 -0.286460161 -0.878219724 0.382976055 -0.286460161 -0.878219724 0.382976055 -0.286460131 -0.878219724 0.382976055 -0.286460131 -0.878219724 0.382976055 -0.286460131 -0.878219724 0.382976055 -0.312479198 -0.853130698 0.417761624 -0.312479198 -0.853130698 0.417761624 -0.312479198 -0.853130698 0.417761624 -0.312479496 -0.853130579 0.417761654 -0.312479496 -0.853130579 0.417761654 -0.312479496 -0.853130579 0.417761654 -0.337454349 -0.826188326 0.451151162 -0.337454349 -0.826188326 0.451151162 -0.337454349 -0.826188326 0.451151162 -0.337454051 -0.826188505 0.451151162 -0.337454051 -0.826188505 0.451151162 -0.337454051 -0.826188505 0.451151162 -0.3613621 -0.797507286 0.483114481 -0.3613621 -0.797507286 0.483114481 -0.3613621 -0.797507286 0.483114481 -0.36136207 -0.797507286 0.483114481 -0.36136207 -0.797507286 0.483114481 -0.36136207 -0.797507286 0.483114481 -0.384184361 -0.767196536 0.513626218 -0.384184361 -0.767196536 0.513626218 -0.384184361 -0.767196536 0.513626218 -0.384184569 -0.767196417 0.513626158 -0.384184569 -0.767196417 0.513626158 -0.384184569 -0.767196417 0.513626158 -0.405906498 -0.735358894 0.542666793 -0.405906498 -0.735358894 0.542666793 -0.405906498 -0.735358894 0.542666793 -0.40590626 -0.735359013 0.542666793 -0.40590626 -0.735359013 0.542666793 -0.40590626 -0.735359013 0.542666793 -0.224821046 -0.901458502 0.36990279 -0.224821046 -0.901458502 0.36990279 -0.224821046 -0.901458502 0.36990279 -0.248529613 -0.878080189 0.40891099 -0.248529613 -0.878080189 0.40891099 -0.248529613 -0.878080189 0.40891099 -0.248529792 -0.87808013 0.40891102 -0.248529792 -0.87808013 0.40891102 -0.248529792 -0.87808013 0.40891102 -0.271413505 -0.852594316 0.446562052 -0.271413505 -0.852594316 0.446562052 -0.271413505 -0.852594316 0.446562052 -0.271413267 -0.852594435 0.446561992 -0.271413267 -0.852594435 0.446561992 -0.271413267 -0.852594435 0.446561992 -0.293440163 -0.82510227 0.482803375 -0.293440163 -0.82510227 0.482803375 -0.293440163 -0.82510227 0.482803375 -0.293440104 -0.825102329 0.482803345 -0.293440104 -0.825102329 0.482803345 -0.293440104 -0.825102329 0.482803345 -0.314581603 -0.795701683 0.5175879 -0.314581603 -0.795701683 0.5175879 -0.314581603 -0.795701683 0.5175879 -0.314581841 -0.795701563 0.5175879 -0.314581841 -0.795701563 0.5175879 -0.314581841 -0.795701563 0.5175879 -0.334810853 -0.764488518 0.550871134 -0.334810853 -0.764488518 0.550871134 -0.334810853 -0.764488518 0.550871134 -0.334811151 -0.764488399 0.550871134 -0.334811151 -0.764488399 0.550871134 -0.334811151 -0.764488399 0.550871134 -0.35410291 -0.731555939 0.582612216 -0.35410291 -0.731555939 0.582612216 -0.35410291 -0.731555939 0.582612216 -0.354102552 -0.731556118 0.582612276 -0.354102552 -0.731556118 0.582612276 -0.354102552 -0.731556118 0.582612276 -0.187858284 -0.901566446 0.389727056 -0.187858284 -0.901566446 0.389727056 -0.187858284 -0.901566446 0.389727056 -0.207870379 -0.877962828 0.431243747 -0.207870379 -0.877962828 0.431243747 -0.207870379 -0.877962828 0.431243747 -0.207870454 -0.877962828 0.431243777 -0.207870454 -0.877962828 0.431243777 -0.207870454 -0.877962828 0.431243777 -0.227233872 -0.852134347 0.471414715 -0.227233872 -0.852134347 0.471414715 -0.227233872 -0.852134347 0.471414715 -0.227233961 -0.852134287 0.471414745 -0.227233961 -0.852134287 0.471414745 -0.227233961 -0.852134287 0.471414745 -0.245917022 -0.82416445 0.510174274 -0.245917022 -0.82416445 0.510174274 -0.245917022 -0.82416445 0.510174274 -0.245917246 -0.824164331 0.510174334 -0.245917246 -0.824164331 0.510174334 -0.245917246 -0.824164331 0.510174334 -0.263889343 -0.794135511 0.547458827 -0.263889343 -0.794135511 0.547458827 -0.263889343 -0.794135511 0.547458827 -0.263889015 -0.79413569 0.547458768 -0.263889015 -0.79413569 0.547458768 -0.263889015 -0.79413569 0.547458768 -0.281119704 -0.762130857 0.583205163 -0.281119704 -0.762130857 0.583205163 -0.281119704 -0.762130857 0.583205163 -0.281119317 -0.762131035 0.583205104 -0.281119317 -0.762131035 0.583205104 -0.281119317 -0.762131035 0.583205104 -0.293532401 -0.736892104 0.608957112 -0.293532401 -0.736892104 0.608957112 -0.293532401 -0.736892104 0.608957112 -0.233475357 -0.734320104 0.637387872 -0.233475357 -0.734320104 0.637387872 -0.233475357 -0.734320104 0.637387872 -0.239946693 -0.716469884 0.655054569 -0.239946693 -0.716469884 0.655054569 -0.239946693 -0.716469884 0.655054569 -0.174495205 -0.714087784 0.677960217 -0.174495205 -0.714087784 0.677960217 -0.174495205 -0.714087784 0.677960217 -0.0305715688 -0.672902346 0.739099324 -0.0305715688 -0.672902346 0.739099324 -0.0305715688 -0.672902346 0.739099324 -0.0376334637 -0.666831791 0.74425739 -0.0376334637 -0.666831791 0.74425739 -0.0376334637 -0.666831791 0.74425739 -0.0679735243 -0.673686743 0.735884309 -0.0679735243 -0.673686743 0.735884309 -0.0679735243 -0.673686743 0.735884309 -0.0982163474 -0.673988819 0.732183456 -0.0982163474 -0.673988819 0.732183456 -0.0982163474 -0.673988819 0.732183456 -0.11281886 -0.664921403 0.738343716 -0.11281886 -0.664921403 0.738343716 -0.11281886 -0.664921403 0.738343716 -0.134793431 -0.675041199 0.725362062 -0.134793431 -0.675041199 0.725362062 -0.134793431 -0.675041199 0.725362062 -0.448313773 -0.695989013 0.560904622 -0.448313773 -0.695989013 0.560904622 -0.448313773 -0.695989013 0.560904622 -0.435618132 -0.686338127 0.582388878 -0.435618132 -0.686338127 0.582388878 -0.435618132 -0.686338127 0.582388878 -0.422705144 -0.692918062 0.58411032 -0.422705144 -0.692918062 0.58411032 -0.422705144 -0.692918062 0.58411032 -0.399446279 -0.690764606 0.602732837 -0.399446279 -0.690764606 0.602732837 -0.399446279 -0.690764606 0.602732837 -0.379371107 -0.682984233 0.624187589 -0.379371107 -0.682984233 0.624187589 -0.379371107 -0.682984233 0.624187589 -0.369698077 -0.688828051 0.623569787 -0.369698077 -0.688828051 0.623569787 -0.369698077 -0.688828051 0.623569787 -0.319939762 -0.682414711 0.657228053 -0.319939762 -0.682414711 0.657228053 -0.319939762 -0.682414711 0.657228053 -0.318485379 -0.679715753 0.660722017 -0.318485379 -0.679715753 0.660722017 -0.318485379 -0.679715753 0.660722017 -0.250913113 -0.683978617 0.684993267 -0.250913113 -0.683978617 0.684993267 -0.250913113 -0.683978617 0.684993267 -0.269781053 -0.667911172 0.693623006 -0.269781053 -0.667911172 0.693623006 -0.269781053 -0.667911172 0.693623006 -0.228147283 -0.678615034 0.698162198 -0.228147283 -0.678615034 0.698162198 -0.228147283 -0.678615034 0.698162198 -0.183643967 -0.67615205 0.713507771 -0.183643967 -0.67615205 0.713507771 -0.183643967 -0.67615205 0.713507771 -0.204158947 -0.658625722 0.724245369 -0.204158947 -0.658625722 0.724245369 -0.204158947 -0.658625722 0.724245369 -0.164342731 -0.675916314 0.718420863 -0.164342731 -0.675916314 0.718420863 -0.164342731 -0.675916314 0.718420863 -0.320915192 -0.901070774 0.291693181 -0.320915192 -0.901070774 0.291693181 -0.320915192 -0.901070774 0.291693181 -0.353409827 -0.878586054 0.321228921 -0.353409827 -0.878586054 0.321228921 -0.353409827 -0.878586054 0.321228921 -0.353409737 -0.878586113 0.321228921 -0.353409737 -0.878586113 0.321228921 -0.353409737 -0.878586113 0.321228921 -0.384465724 -0.854438961 0.349456996 -0.384465724 -0.854438961 0.349456996 -0.384465724 -0.854438961 0.349456996 -0.384465605 -0.85443902 0.349456996 -0.384465605 -0.85443902 0.349456996 -0.384465605 -0.85443902 0.349456996 -0.414074183 -0.828787446 0.376369476 -0.414074183 -0.828787446 0.376369476 -0.414074183 -0.828787446 0.376369476 -0.414074093 -0.828787446 0.376369476 -0.414074093 -0.828787446 0.376369476 -0.414074093 -0.828787446 0.376369476 -0.442236215 -0.801778972 0.401967227 -0.442236215 -0.801778972 0.401967227 -0.442236215 -0.801778972 0.401967227 -0.442236394 -0.801778853 0.401967198 -0.442236394 -0.801778853 0.401967198 -0.442236394 -0.801778853 0.401967198 -0.468962848 -0.773547828 0.426259995 -0.468962848 -0.773547828 0.426259995 -0.468962848 -0.773547828 0.426259995 -0.468962759 -0.773547888 0.426260024 -0.468962759 -0.773547888 0.426260024 -0.468962759 -0.773547888 0.426260024 -0.494271666 -0.744215727 0.449264348 -0.494271666 -0.744215727 0.449264348 -0.494271666 -0.744215727 0.449264348 -0.494272143 -0.744215548 0.449264169 -0.494272143 -0.744215548 0.449264169 -0.494272143 -0.744215548 0.449264169 -0.518186331 -0.713891625 0.471000731 -0.518186331 -0.713891625 0.471000731 -0.518186331 -0.713891625 0.471000731 -0.531156898 -0.708635747 0.464443445 -0.531156898 -0.708635747 0.464443445 -0.531156898 -0.708635747 0.464443445 -0.371088684 -0.900790811 0.22554183 -0.371088684 -0.900790811 0.22554183 -0.371088684 -0.900790811 0.22554183 -0.407358944 -0.87906754 0.24758631 -0.407358944 -0.87906754 0.24758631 -0.407358944 -0.87906754 0.24758631 -0.407358766 -0.8790676 0.24758634 -0.407358766 -0.8790676 0.24758634 -0.407358766 -0.8790676 0.24758634 -0.441729814 -0.856034517 0.268476546 -0.441729814 -0.856034517 0.268476546 -0.441729814 -0.856034517 0.268476546 -0.441730052 -0.856034398 0.268476486 -0.441730052 -0.856034398 0.268476486 -0.441730052 -0.856034398 0.268476486 -0.474226236 -0.831886172 0.288227141 -0.474226236 -0.831886172 0.288227141 -0.474226236 -0.831886172 0.288227141 -0.474225909 -0.831886292 0.28822723 -0.474225909 -0.831886292 0.28822723 -0.474225909 -0.831886292 0.28822723 -0.50488919 -0.806797028 0.306863904 -0.50488919 -0.806797028 0.306863904 -0.50488919 -0.806797028 0.306863904 -0.504889309 -0.806796968 0.306863844 -0.504889309 -0.806796968 0.306863844 -0.504889309 -0.806796968 0.306863844 -0.533773065 -0.780921698 0.324418902 -0.533773065 -0.780921698 0.324418902 -0.533773065 -0.780921698 0.324418902 -0.533773243 -0.780921638 0.324418813 -0.533773243 -0.780921638 0.324418813 -0.533773243 -0.780921638 0.324418813 -0.560941756 -0.754393816 0.340931445 -0.560941756 -0.754393816 0.340931445 -0.560941756 -0.754393816 0.340931445 -0.560941517 -0.754393935 0.340931594 -0.560941517 -0.754393935 0.340931594 -0.560941517 -0.754393935 0.340931594 -0.586372912 -0.727429807 0.35638839 -0.586372912 -0.727429807 0.35638839 -0.586372912 -0.727429807 0.35638839 -0.590527177 -0.725656509 0.353129357 -0.590527177 -0.725656509 0.353129357 -0.590527177 -0.725656509 0.353129357 -0.347501397 -0.900933623 0.259925663 -0.347501397 -0.900933623 0.259925663 -0.347501397 -0.900933623 0.259925663 -0.382099956 -0.878814638 0.285804838 -0.382099956 -0.878814638 0.285804838 -0.382099956 -0.878814638 0.285804838 -0.382100224 -0.878814578 0.285804808 -0.382100224 -0.878814578 0.285804808 -0.382100224 -0.878814578 0.285804808 -0.415033311 -0.85520494 0.310438246 -0.415033311 -0.85520494 0.310438246 -0.415033311 -0.85520494 0.310438246 -0.415032804 -0.855205119 0.310438335 -0.415032804 -0.855205119 0.310438335 -0.415032804 -0.855205119 0.310438335 -0.446305841 -0.830282211 0.333830118 -0.446305841 -0.830282211 0.333830118 -0.446305841 -0.830282211 0.333830118 -0.446306288 -0.830282032 0.333830029 -0.446306288 -0.830282032 0.333830029 -0.446306288 -0.830282032 0.333830029 -0.475939274 -0.804207265 0.355995029 -0.475939274 -0.804207265 0.355995029 -0.475939274 -0.804207265 0.355995029 -0.475939184 -0.804207325 0.355995059 -0.475939184 -0.804207325 0.355995059 -0.475939184 -0.804207325 0.355995059 -0.503962815 -0.777126372 0.376956314 -0.503962815 -0.777126372 0.376956314 -0.503962815 -0.777126372 0.376956314 -0.503962755 -0.777126372 0.376956314 -0.503962755 -0.777126372 0.376956314 -0.503962755 -0.777126372 0.376956314 -0.530416787 -0.749167979 0.396743506 -0.530416787 -0.749167979 0.396743506 -0.530416787 -0.749167979 0.396743506 -0.530416846 -0.749167919 0.396743476 -0.530416846 -0.749167919 0.396743476 -0.530416846 -0.749167919 0.396743476 -0.555346966 -0.720444441 0.415390849 -0.555346966 -0.720444441 0.415390849 -0.555346966 -0.720444441 0.415390849 -0.563557088 -0.71706605 0.410145938 -0.563557088 -0.71706605 0.410145938 -0.563557088 -0.71706605 0.410145938 -0.629768848 -0.741738498 0.230684206 -0.629768848 -0.741738498 0.230684206 -0.629768848 -0.741738498 0.230684206 -0.604283988 -0.765405416 0.22134912 -0.604283988 -0.765405416 0.22134912 -0.604283988 -0.765405416 0.22134912 -0.604283929 -0.765405416 0.221349165 -0.604283929 -0.765405416 0.221349165 -0.604283929 -0.765405416 0.221349165 -0.576940417 -0.788972735 0.211333245 -0.576940417 -0.788972735 0.211333245 -0.576940417 -0.788972735 0.211333245 -0.576940119 -0.788972914 0.211333528 -0.576940119 -0.788972914 0.211333528 -0.576940119 -0.788972914 0.211333528 -0.547618151 -0.812328041 0.200592875 -0.547618151 -0.812328041 0.200592875 -0.547618151 -0.812328041 0.200592875 -0.547618151 -0.812328041 0.200592861 -0.547618151 -0.812328041 0.200592861 -0.547618151 -0.812328041 0.200592861 -0.516201019 -0.835334301 0.189084753 -0.516201019 -0.835334301 0.189084753 -0.516201019 -0.835334301 0.189084753 -0.516201377 -0.835334182 0.189084575 -0.516201377 -0.835334182 0.189084575 -0.516201377 -0.835334182 0.189084575 -0.482583404 -0.857826054 0.176770315 -0.482583404 -0.857826054 0.176770315 -0.482583404 -0.857826054 0.176770315 -0.482583314 -0.857826054 0.176770359 -0.482583314 -0.857826054 0.176770359 -0.482583314 -0.857826054 0.176770359 -0.446671009 -0.879610658 0.163615674 -0.446671009 -0.879610658 0.163615674 -0.446671009 -0.879610658 0.163615674 -0.446671277 -0.879610538 0.163615569 -0.446671277 -0.879610538 0.163615569 -0.446671277 -0.879610538 0.163615569 -0.408393353 -0.900464535 0.149594367 -0.408393353 -0.900464535 0.149594367 -0.408393353 -0.900464535 0.149594367 -0.408393085 -0.900464654 0.149594471 -0.408393085 -0.900464654 0.149594471 -0.408393085 -0.900464654 0.149594471 -0.430776626 -0.900054932 0.0658226907 -0.430776626 -0.900054932 0.0658226907 -0.430776626 -0.900054932 0.0658226907 -0.469256669 -0.880145967 0.0717024431 -0.469256669 -0.880145967 0.0717024431 -0.469256669 -0.880145967 0.0717024431 -0.469257116 -0.880145788 0.0717021525 -0.469257116 -0.880145788 0.0717021525 -0.469257116 -0.880145788 0.0717021525 -0.504947245 -0.859694898 0.0771555826 -0.504947245 -0.859694898 0.0771555826 -0.504947245 -0.859694898 0.0771555826 -0.504947126 -0.859694958 0.0771557018 -0.504947126 -0.859694958 0.0771557018 -0.504947126 -0.859694958 0.0771557018 -0.537976623 -0.838942111 0.0822025985 -0.537976623 -0.838942111 0.0822025985 -0.537976623 -0.838942111 0.0822025985 -0.537976444 -0.83894223 0.0822027624 -0.537976444 -0.83894223 0.0822027624 -0.537976444 -0.83894223 0.0822027624 -0.568495989 -0.818087161 0.0868661404 -0.568495989 -0.818087161 0.0868661404 -0.568495989 -0.818087161 0.0868661404 -0.568496108 -0.818087101 0.0868659988 -0.568496108 -0.818087101 0.0868659988 -0.568496108 -0.818087101 0.0868659988 -0.596666098 -0.797293901 0.0911703631 -0.596666098 -0.797293901 0.0911703631 -0.596666098 -0.797293901 0.0911703631 -0.596665919 -0.797293961 0.0911705643 -0.596665919 -0.797293961 0.0911705643 -0.596665919 -0.797293961 0.0911705643 -0.622653544 -0.776692152 0.0951414704 -0.622653544 -0.776692152 0.0951414704 -0.622653544 -0.776692152 0.0951414704 -0.622653663 -0.776692033 0.0951412842 -0.622653663 -0.776692033 0.0951412842 -0.622653663 -0.776692033 0.0951412842 -0.646624148 -0.756382823 0.0988039672 -0.646624148 -0.756382823 0.0988039672 -0.646624148 -0.756382823 0.0988039672 -0.653351188 -0.752079308 0.0866541862 -0.653351188 -0.752079308 0.0866541862 -0.653351188 -0.752079308 0.0866541862 -0.421590865 -0.900270343 0.108509898 -0.421590865 -0.900270343 0.108509898 -0.421590865 -0.900270343 0.108509898 -0.460194737 -0.879881442 0.118445836 -0.460194737 -0.879881442 0.118445836 -0.460194737 -0.879881442 0.118445836 -0.460194647 -0.879881501 0.118445896 -0.460194647 -0.879881501 0.118445896 -0.460194647 -0.879881501 0.118445896 -0.49621132 -0.858756661 0.127715945 -0.49621132 -0.858756661 0.127715945 -0.49621132 -0.858756661 0.127715945 -0.496211201 -0.858756721 0.12771602 -0.496211201 -0.858756721 0.12771602 -0.496211201 -0.858756721 0.12771602 -0.529740393 -0.837128997 0.136345834 -0.529740393 -0.837128997 0.136345834 -0.529740393 -0.837128997 0.136345834 -0.529740632 -0.837128878 0.13634567 -0.529740632 -0.837128878 0.13634567 -0.529740632 -0.837128878 0.13634567 -0.560904086 -0.815196216 0.144366577 -0.560904086 -0.815196216 0.144366577 -0.560904086 -0.815196216 0.144366577 -0.560904026 -0.815196276 0.144366652 -0.560904026 -0.815196276 0.144366652 -0.560904026 -0.815196276 0.144366652 -0.589835227 -0.793124974 0.15181303 -0.589835227 -0.793124974 0.15181303 -0.589835227 -0.793124974 0.15181303 -0.589835107 -0.793125033 0.151813149 -0.589835107 -0.793125033 0.151813149 -0.589835107 -0.793125033 0.151813149 -0.616676807 -0.77104938 0.15872173 -0.616676807 -0.77104938 0.15872173 -0.616676807 -0.77104938 0.15872173 -0.616676688 -0.77104944 0.158721849 -0.616676688 -0.77104944 0.158721849 -0.616676688 -0.77104944 0.158721849 -0.64157176 -0.749078035 0.165129423 -0.64157176 -0.749078035 0.165129423 -0.64157176 -0.749078035 0.165129423 -0.652774572 -0.742801607 0.14876534 -0.652774572 -0.742801607 0.14876534 -0.652774572 -0.742801607 0.14876534 -0.646123648 -0.733452141 0.211121231 -0.646123648 -0.733452141 0.211121231 -0.646123648 -0.733452141 0.211121231 -0.627331674 -0.740910232 0.239806071 -0.627331674 -0.740910232 0.239806071 -0.627331674 -0.740910232 0.239806071 -0.619666576 -0.738019109 0.267097563 -0.619666576 -0.738019109 0.267097563 -0.619666576 -0.738019109 0.267097563 -0.391467422 -0.900636733 0.188697577 -0.391467422 -0.900636733 0.188697577 -0.391467422 -0.900636733 0.188697577 -0.428966612 -0.879336417 0.206773162 -0.428966612 -0.879336417 0.206773162 -0.428966612 -0.879336417 0.206773162 -0.428967059 -0.879336238 0.206773013 -0.428967059 -0.879336238 0.206773013 -0.428967059 -0.879336238 0.206773013 -0.464331746 -0.856913507 0.223819688 -0.464331746 -0.856913507 0.223819688 -0.464331746 -0.856913507 0.223819688 -0.464331567 -0.856913567 0.223819762 -0.464331567 -0.856913567 0.223819762 -0.464331567 -0.856913567 0.223819762 -0.497608304 -0.833578527 0.239859998 -0.497608304 -0.833578527 0.239859998 -0.497608304 -0.833578527 0.239859998 -0.497608572 -0.833578408 0.239859879 -0.497608572 -0.833578408 0.239859879 -0.497608572 -0.833578408 0.239859879 -0.528863728 -0.809515953 0.254925638 -0.528863728 -0.809515953 0.254925638 -0.528863728 -0.809515953 0.254925638 -0.528863609 -0.809516013 0.254925698 -0.528863609 -0.809516013 0.254925698 -0.528863609 -0.809516013 0.254925698 -0.558176517 -0.784887433 0.269055247 -0.558176517 -0.784887433 0.269055247 -0.558176517 -0.784887433 0.269055247 -0.558176398 -0.784887493 0.269055337 -0.558176398 -0.784887493 0.269055337 -0.558176398 -0.784887493 0.269055337 -0.585636795 -0.759829462 0.282291919 -0.585636795 -0.759829462 0.282291919 -0.585636795 -0.759829462 0.282291919 -0.585636675 -0.759829521 0.282292038 -0.585636675 -0.759829521 0.282292038 -0.585636675 -0.759829521 0.282292038 -0.612939835 -0.732811332 0.295452863 -0.612939835 -0.732811332 0.295452863 -0.612939835 -0.732811332 0.295452863 -0.609922171 -0.734016478 0.298688412 -0.609922171 -0.734016478 0.298688412 -0.609922171 -0.734016478 0.298688412 -0.291505605 -0.901204944 0.320708811 -0.291505605 -0.901204944 0.320708811 -0.291505605 -0.901204944 0.320708811 -0.321474642 -0.878387392 0.353680164 -0.321474642 -0.878387392 0.353680164 -0.321474642 -0.878387392 0.353680164 -0.321474463 -0.878387451 0.353680134 -0.321474463 -0.878387451 0.353680134 -0.321474463 -0.878387451 0.353680134 -0.350222349 -0.853745878 0.385308057 -0.350222349 -0.853745878 0.385308057 -0.350222349 -0.853745878 0.385308057 -0.350222737 -0.853745699 0.385308057 -0.350222737 -0.853745699 0.385308057 -0.350222737 -0.853745699 0.385308057 -0.377729058 -0.827419102 0.415569961 -0.377729058 -0.827419102 0.415569961 -0.377729058 -0.827419102 0.415569961 -0.377729177 -0.827419043 0.415569961 -0.377729177 -0.827419043 0.415569961 -0.377729177 -0.827419043 0.415569961 -0.403981179 -0.799538434 0.444451869 -0.403981179 -0.799538434 0.444451869 -0.403981179 -0.799538434 0.444451869 -0.403980941 -0.799538553 0.444451898 -0.403980941 -0.799538553 0.444451898 -0.403980941 -0.799538553 0.444451898 -0.428972453 -0.7702263 0.471947074 -0.428972453 -0.7702263 0.471947074 -0.428972453 -0.7702263 0.471947074 -0.428972185 -0.770226419 0.471947134 -0.428972185 -0.770226419 0.471947134 -0.428972185 -0.770226419 0.471947134 -0.452703029 -0.739595056 0.498055369 -0.452703029 -0.739595056 0.498055369 -0.452703029 -0.739595056 0.498055369 -0.45270291 -0.739595056 0.498055398 -0.45270291 -0.739595056 0.498055398 -0.45270291 -0.739595056 0.498055398 -0.475175649 -0.707749724 0.522779465 -0.475175649 -0.707749724 0.522779465 -0.475175649 -0.707749724 0.522779465 -0.49340117 -0.70037508 0.515781045 -0.49340117 -0.70037508 0.515781045 -0.49340117 -0.70037508 0.515781045 -0.036436785 -0.692401946 0.720591366 -0.036436785 -0.692401946 0.720591366 -0.036436785 -0.692401946 0.720591366 -0.108832784 -0.693429172 0.712257922 -0.108832784 -0.693429172 0.712257922 -0.108832784 -0.693429172 0.712257922 -0.108832926 -0.69342941 0.712257743 -0.108832926 -0.69342941 0.712257743 -0.108832926 -0.69342941 0.712257743 -0.179129958 -0.695371687 0.695967436 -0.179129958 -0.695371687 0.695967436 -0.179129958 -0.695371687 0.695967436 -0.179129586 -0.695371091 0.695968151 -0.179129586 -0.695371091 0.695968151 -0.179129586 -0.695371091 0.695968151 -0.246257499 -0.698134124 0.672284126 -0.246257499 -0.698134124 0.672284126 -0.246257499 -0.698134124 0.672284126 -0.246257633 -0.698134422 0.672283828 -0.246257633 -0.698134422 0.672283828 -0.246257633 -0.698134422 0.672283828 -0.309393585 -0.701634169 0.641860664 -0.309393585 -0.701634169 0.641860664 -0.309393585 -0.701634169 0.641860664 -0.309393644 -0.701634288 0.641860545 -0.309393644 -0.701634288 0.641860545 -0.309393644 -0.701634288 0.641860545 -0.367936015 -0.705795228 0.605372727 -0.367936015 -0.705795228 0.605372727 -0.367936015 -0.705795228 0.605372727 -0.367935956 -0.70579499 0.605373085 -0.367935956 -0.70579499 0.605373085 -0.367935956 -0.70579499 0.605373085 -0.42146197 -0.710548043 0.563463688 -0.42146197 -0.710548043 0.563463688 -0.42146197 -0.710548043 0.563463688 -0.421462029 -0.710548341 0.563463211 -0.421462029 -0.710548341 0.563463211 -0.421462029 -0.710548341 0.563463211 -0.43423447 -0.712237775 0.551505029 -0.43423447 -0.712237775 0.551505029 -0.43423447 -0.712237775 0.551505029 -0.469453275 -0.698519588 0.540077746 -0.469453275 -0.698519588 0.540077746 -0.469453275 -0.698519588 0.540077746 -0.568503022 -0.818082154 -0.0868672729 -0.568503022 -0.818082154 -0.0868672729 -0.568503022 -0.818082154 -0.0868672729 -0.432028145 -0.899440885 -0.0660133958 -0.432028145 -0.899440885 -0.0660133958 -0.432028145 -0.899440885 -0.0660133958 -0.432027429 -0.899441183 -0.066013813 -0.432027429 -0.899441183 -0.066013813 -0.432027429 -0.899441183 -0.066013813 -0.467659682 -0.88101542 -0.0714584216 -0.467659682 -0.88101542 -0.0714584216 -0.467659682 -0.88101542 -0.0714584216 -0.467660129 -0.881015182 -0.0714581385 -0.467660129 -0.881015182 -0.0714581385 -0.467660129 -0.881015182 -0.0714581385 -0.500089109 -0.862596035 -0.0764132664 -0.500089109 -0.862596035 -0.0764132664 -0.500089109 -0.862596035 -0.0764132664 -0.50008893 -0.862596095 -0.0764133856 -0.50008893 -0.862596095 -0.0764133856 -0.50008893 -0.862596095 -0.0764133856 -0.529529214 -0.844424129 -0.0809118524 -0.529529214 -0.844424129 -0.0809118524 -0.529529214 -0.844424129 -0.0809118524 -0.529529035 -0.844424188 -0.080911994 -0.529529035 -0.844424188 -0.080911994 -0.529529035 -0.844424188 -0.080911994 -0.556208432 -0.826685607 -0.0849886015 -0.556208432 -0.826685607 -0.0849886015 -0.556208432 -0.826685607 -0.0849886015 -0.586622059 -0.807789207 -0.0578895062 -0.586622059 -0.807789207 -0.0578895062 -0.586622059 -0.807789207 -0.0578895062 -0.444148451 -0.832084477 -0.332216114 -0.444148451 -0.832084477 -0.332216114 -0.444148451 -0.832084477 -0.332216114 -0.444148451 -0.832084477 -0.332216144 -0.444148451 -0.832084477 -0.332216144 -0.444148451 -0.832084477 -0.332216144 -0.476984113 -0.829724073 -0.289903641 -0.476984113 -0.829724073 -0.289903641 -0.476984113 -0.829724073 -0.289903641 -0.476984203 -0.829724133 -0.289903373 -0.476984203 -0.829724133 -0.289903373 -0.476984203 -0.829724133 -0.289903373 -0.506242871 -0.82714659 -0.244021833 -0.506242871 -0.82714659 -0.244021833 -0.506242871 -0.82714659 -0.244021833 -0.506242871 -0.82714653 -0.244022027 -0.506242871 -0.82714653 -0.244022027 -0.506242871 -0.82714653 -0.244022027 -0.53154999 -0.824344397 -0.194707096 -0.53154999 -0.824344397 -0.194707096 -0.53154999 -0.824344397 -0.194707096 -0.53155005 -0.824344516 -0.194706708 -0.53155005 -0.824344516 -0.194706708 -0.53155005 -0.824344516 -0.194706708 -0.436109096 -0.899623573 -0.0220520645 -0.436109096 -0.899623573 -0.0220520645 -0.436109096 -0.899623573 -0.0220520645 -0.436109245 -0.899623513 -0.0220519751 -0.436109245 -0.899623513 -0.0220519751 -0.436109245 -0.899623513 -0.0220519751 -0.47306782 -0.880701184 -0.0239207949 -0.47306782 -0.880701184 -0.0239207949 -0.47306782 -0.880701184 -0.0239207949 -0.473067373 -0.880701423 -0.0239211451 -0.473067373 -0.880701423 -0.0239211451 -0.473067373 -0.880701423 -0.0239211451 -0.506921291 -0.861611128 -0.0256330036 -0.506921291 -0.861611128 -0.0256330036 -0.506921291 -0.861611128 -0.0256330036 -0.506921411 -0.861611068 -0.0256329011 -0.506921411 -0.861611068 -0.0256329011 -0.506921411 -0.861611068 -0.0256329011 -0.537857592 -0.842596889 -0.0271972138 -0.537857592 -0.842596889 -0.0271972138 -0.537857592 -0.842596889 -0.0271972138 -0.537857711 -0.842596829 -0.027197089 -0.537857711 -0.842596829 -0.027197089 -0.537857711 -0.842596829 -0.027197089 -0.566081643 -0.823852062 -0.0286242459 -0.566081643 -0.823852062 -0.0286242459 -0.566081643 -0.823852062 -0.0286242459 -0.566081762 -0.823852003 -0.0286240876 -0.566081762 -0.823852003 -0.0286240876 -0.566081762 -0.823852003 -0.0286240876 -0.591802239 -0.805527568 -0.0299246497 -0.591802239 -0.805527568 -0.0299246497 -0.591802239 -0.805527568 -0.0299246497 -0.591802418 -0.805527449 -0.0299244542 -0.591802418 -0.805527449 -0.0299244542 -0.591802418 -0.805527449 -0.0299244542 -0.615227699 -0.787735403 -0.0311089512 -0.615227699 -0.787735403 -0.0311089512 -0.615227699 -0.787735403 -0.0311089512 -0.61522752 -0.787735522 -0.0311091747 -0.61522752 -0.787735522 -0.0311091747 -0.61522752 -0.787735522 -0.0311091747 -0.638853967 -0.768649518 -0.0323038548 -0.638853967 -0.768649518 -0.0323038548 -0.638853967 -0.768649518 -0.0323038548 -0.409503877 -0.859351695 -0.306302518 -0.409503877 -0.859351695 -0.306302518 -0.409503877 -0.859351695 -0.306302518 -0.409503877 -0.859351695 -0.306302518 -0.409503877 -0.859351695 -0.306302518 -0.409503877 -0.859351695 -0.306302518 -0.438427895 -0.858355939 -0.266469687 -0.438427895 -0.858355939 -0.266469687 -0.438427895 -0.858355939 -0.266469687 -0.438427895 -0.85835588 -0.266469747 -0.438427895 -0.85835588 -0.266469747 -0.438427895 -0.85835588 -0.266469747 -0.463785172 -0.857278228 -0.223556161 -0.463785172 -0.857278228 -0.223556161 -0.463785172 -0.857278228 -0.223556161 -0.463785172 -0.857278228 -0.223556146 -0.463785172 -0.857278228 -0.223556146 -0.463785172 -0.857278228 -0.223556146 -0.485258341 -0.856112838 -0.177750215 -0.485258341 -0.856112838 -0.177750215 -0.485258341 -0.856112838 -0.177750215 -0.485258341 -0.856112778 -0.177750424 -0.485258341 -0.856112778 -0.177750424 -0.485258341 -0.856112778 -0.177750424 -0.502485156 -0.854858041 -0.12933062 -0.502485156 -0.854858041 -0.12933062 -0.502485156 -0.854858041 -0.12933062 -0.552465379 -0.821317673 -0.142194629 -0.552465379 -0.821317673 -0.142194629 -0.552465379 -0.821317673 -0.142194629 -0.552465379 -0.821317613 -0.142194867 -0.552465379 -0.821317613 -0.142194867 -0.552465379 -0.821317613 -0.142194867 -0.592792094 -0.790770888 -0.152574256 -0.592792094 -0.790770888 -0.152574256 -0.592792094 -0.790770888 -0.152574256 -0.59125644 -0.789074004 -0.16666761 -0.59125644 -0.789074004 -0.16666761 -0.59125644 -0.789074004 -0.16666761 -0.59822005 -0.789561033 -0.136843383 -0.59822005 -0.789561033 -0.136843383 -0.59822005 -0.789561033 -0.136843383 -0.612237811 -0.785119891 -0.0935499445 -0.612237811 -0.785119891 -0.0935499445 -0.612237811 -0.785119891 -0.0935499445 -0.612069368 -0.782582283 -0.113736682 -0.612069368 -0.782582283 -0.113736682 -0.612069368 -0.782582283 -0.113736682 -0.619106948 -0.785237789 -0.0104036042 -0.619106948 -0.785237789 -0.0104036042 -0.619106948 -0.785237789 -0.0104036042 -0.624743283 -0.776320219 -0.0838018432 -0.624743283 -0.776320219 -0.0838018432 -0.624743283 -0.776320219 -0.0838018432 -0.630816877 -0.773741007 -0.0582659543 -0.630816877 -0.773741007 -0.0582659543 -0.630816877 -0.773741007 -0.0582659543 -0.471583009 -0.808199406 -0.352736741 -0.471583009 -0.808199406 -0.352736741 -0.471583009 -0.808199406 -0.352736741 -0.479270428 -0.809021354 -0.340270966 -0.479270428 -0.809021354 -0.340270966 -0.479270428 -0.809021354 -0.340270966 -0.50756228 -0.804497063 -0.30848822 -0.50756228 -0.804497063 -0.30848822 -0.50756228 -0.804497063 -0.30848822 -0.510306537 -0.805019319 -0.302541196 -0.510306537 -0.805019319 -0.302541196 -0.510306537 -0.805019319 -0.302541196 -0.539713681 -0.800642312 -0.260155827 -0.539713681 -0.800642312 -0.260155827 -0.539713681 -0.800642312 -0.260155827 -0.539004147 -0.800393641 -0.262382388 -0.539004147 -0.800393641 -0.262382388 -0.539004147 -0.800393641 -0.262382388 -0.567502558 -0.796698391 -0.207876116 -0.567502558 -0.796698391 -0.207876116 -0.567502558 -0.796698391 -0.207876116 -0.565314054 -0.795032918 -0.219869658 -0.565314054 -0.795032918 -0.219869658 -0.565314054 -0.795032918 -0.219869658 -0.577226996 -0.794499457 -0.188625723 -0.577226996 -0.794499457 -0.188625723 -0.577226996 -0.794499457 -0.188625723 -0.0848383978 -0.827359974 -0.555227816 -0.0848383978 -0.827359974 -0.555227816 -0.0848383978 -0.827359974 -0.555227816 -0.0742132217 -0.825483143 -0.559526563 -0.0742132217 -0.825483143 -0.559526563 -0.0742132217 -0.825483143 -0.559526563 -0.113736629 -0.827991247 -0.54908514 -0.113736629 -0.827991247 -0.54908514 -0.113736629 -0.827991247 -0.54908514 -0.140704349 -0.825438917 -0.54667443 -0.140704349 -0.825438917 -0.54667443 -0.140704349 -0.825438917 -0.54667443 -0.159661114 -0.827012897 -0.539034307 -0.159661114 -0.827012897 -0.539034307 -0.159661114 -0.827012897 -0.539034307 -0.194705501 -0.824347734 -0.53154546 -0.194705501 -0.824347734 -0.53154546 -0.194705501 -0.824347734 -0.53154546 -0.205008402 -0.825475514 -0.525891364 -0.205008402 -0.825475514 -0.525891364 -0.205008402 -0.825475514 -0.525891364 -0.24664332 -0.823011994 -0.511681855 -0.24664332 -0.823011994 -0.511681855 -0.24664332 -0.823011994 -0.511681855 -0.249566391 -0.823421001 -0.509602308 -0.249566391 -0.823421001 -0.509602308 -0.249566391 -0.823421001 -0.509602308 -0.2962102 -0.821425319 -0.487360239 -0.2962102 -0.821425319 -0.487360239 -0.2962102 -0.821425319 -0.487360239 -0.293111145 -0.820876539 -0.490150571 -0.293111145 -0.820876539 -0.490150571 -0.293111145 -0.820876539 -0.490150571 -0.343173623 -0.819595397 -0.458797574 -0.343173623 -0.819595397 -0.458797574 -0.343173623 -0.819595397 -0.458797574 -0.33542648 -0.817850769 -0.467556626 -0.33542648 -0.817850769 -0.467556626 -0.33542648 -0.817850769 -0.467556626 -0.387335539 -0.81754297 -0.426139265 -0.387335539 -0.81754297 -0.426139265 -0.387335539 -0.81754297 -0.426139265 -0.376314193 -0.814328372 -0.441878825 -0.376314193 -0.814328372 -0.441878825 -0.376314193 -0.814328372 -0.441878825 -0.401445687 -0.815347314 -0.417193145 -0.401445687 -0.815347314 -0.417193145 -0.401445687 -0.815347314 -0.417193145 -0.0271340236 -0.843393683 -0.536610484 -0.0271340236 -0.843393683 -0.536610484 -0.0271340236 -0.843393683 -0.536610484 -0.0271340664 -0.843393683 -0.536610484 -0.0271340664 -0.843393683 -0.536610484 -0.0271340664 -0.843393683 -0.536610484 -0.0812154189 -0.843146503 -0.531514883 -0.0812154189 -0.843146503 -0.531514883 -0.0812154189 -0.843146503 -0.531514883 -0.081215106 -0.843146384 -0.531515062 -0.081215106 -0.843146384 -0.531515062 -0.081215106 -0.843146384 -0.531515062 -0.134225994 -0.842624307 -0.521505117 -0.134225994 -0.842624307 -0.521505117 -0.134225994 -0.842624307 -0.521505117 -0.134226188 -0.842624366 -0.521504998 -0.134226188 -0.842624366 -0.521504998 -0.134226188 -0.842624366 -0.521504998 -0.185647249 -0.841826677 -0.506816506 -0.185647249 -0.841826677 -0.506816506 -0.185647249 -0.841826677 -0.506816506 -0.185647249 -0.841826677 -0.506816506 -0.185647249 -0.841826677 -0.506816506 -0.185647249 -0.841826677 -0.506816506 -0.235082492 -0.840765953 -0.487697512 -0.235082492 -0.840765953 -0.487697512 -0.235082492 -0.840765953 -0.487697512 -0.235082343 -0.840765893 -0.487697631 -0.235082343 -0.840765893 -0.487697631 -0.235082343 -0.840765893 -0.487697631 -0.282241195 -0.839460492 -0.464376986 -0.282241195 -0.839460492 -0.464376986 -0.282241195 -0.839460492 -0.464376986 -0.282241285 -0.839460492 -0.464376897 -0.282241285 -0.839460492 -0.464376897 -0.282241285 -0.839460492 -0.464376897 -0.32690376 -0.837928712 -0.4370462 -0.32690376 -0.837928712 -0.4370462 -0.32690376 -0.837928712 -0.4370462 -0.32690385 -0.837928772 -0.437046081 -0.32690385 -0.837928772 -0.437046081 -0.32690385 -0.837928772 -0.437046081 -0.368892759 -0.83618474 -0.405848682 -0.368892759 -0.83618474 -0.405848682 -0.368892759 -0.83618474 -0.405848682 -0.368892699 -0.83618474 -0.405848801 -0.368892699 -0.83618474 -0.405848801 -0.368892699 -0.83618474 -0.405848801 -0.435686648 -0.899828732 0.0220306069 -0.435686648 -0.899828732 0.0220306069 -0.435686648 -0.899828732 0.0220306069 -0.473607361 -0.880410433 0.0239480771 -0.473607361 -0.880410433 0.0239480771 -0.473607361 -0.880410433 0.0239480771 -0.473606914 -0.880410671 0.0239484273 -0.473606914 -0.880410671 0.0239484273 -0.473606914 -0.880410671 0.0239484273 -0.508562624 -0.860640883 0.0257159974 -0.508562624 -0.860640883 0.0257159974 -0.508562624 -0.860640883 0.0257159974 -0.508562684 -0.860640824 0.0257158969 -0.508562684 -0.860640824 0.0257158969 -0.508562684 -0.860640824 0.0257158969 -0.540711403 -0.840763688 0.0273415223 -0.540711403 -0.840763688 0.0273415223 -0.540711403 -0.840763688 0.0273415223 -0.540711522 -0.840763628 0.0273413938 -0.540711522 -0.840763628 0.0273413938 -0.540711522 -0.840763628 0.0273413938 -0.57023263 -0.820977032 0.0288341455 -0.57023263 -0.820977032 0.0288341455 -0.57023263 -0.820977032 0.0288341455 -0.570232749 -0.820976973 0.0288339853 -0.570232749 -0.820976973 0.0288339853 -0.570232749 -0.820976973 0.0288339853 -0.59731251 -0.801439643 0.030203281 -0.59731251 -0.801439643 0.030203281 -0.59731251 -0.801439643 0.030203281 -0.597312629 -0.801439583 0.0302030779 -0.597312629 -0.801439583 0.0302030779 -0.597312629 -0.801439583 0.0302030779 -0.622140229 -0.782273591 0.0314584821 -0.622140229 -0.782273591 0.0314584821 -0.622140229 -0.782273591 0.0314584821 -0.62214005 -0.78227365 0.0314587131 -0.62214005 -0.78227365 0.0314587131 -0.62214005 -0.78227365 0.0314587131 -0.644899905 -0.763571084 0.032609567 -0.644899905 -0.763571084 0.032609567 -0.644899905 -0.763571084 0.032609567 -0.647997081 -0.761214674 0.0255338233 -0.647997081 -0.761214674 0.0255338233 -0.647997081 -0.761214674 0.0255338233 -0.341961294 -0.861116469 -0.376219213 -0.341961294 -0.861116469 -0.376219213 -0.341961294 -0.861116469 -0.376219213 -0.341961324 -0.861116529 -0.376219124 -0.341961324 -0.861116529 -0.376219124 -0.341961324 -0.861116529 -0.376219124 -0.303737819 -0.861885369 -0.40607506 -0.303737819 -0.861885369 -0.40607506 -0.303737819 -0.861885369 -0.40607506 -0.303737819 -0.861885369 -0.40607506 -0.303737819 -0.861885369 -0.40607506 -0.303737819 -0.861885369 -0.40607506 -0.262773305 -0.862570047 -0.432346046 -0.262773305 -0.862570047 -0.432346046 -0.262773305 -0.862570047 -0.432346046 -0.262773126 -0.862569988 -0.432346314 -0.262773126 -0.862569988 -0.432346314 -0.262773126 -0.862569988 -0.432346314 -0.219248712 -0.863158345 -0.454849064 -0.219248712 -0.863158345 -0.454849064 -0.219248712 -0.863158345 -0.454849064 -0.219248772 -0.863158345 -0.454849005 -0.219248772 -0.863158345 -0.454849005 -0.219248772 -0.863158345 -0.454849005 -0.173391536 -0.863636017 -0.473358423 -0.173391536 -0.863636017 -0.473358423 -0.173391536 -0.863636017 -0.473358423 -0.173391312 -0.863635957 -0.473358631 -0.173391312 -0.863635957 -0.473358631 -0.173391312 -0.863635957 -0.473358631 -0.125503913 -0.863989592 -0.487617433 -0.125503913 -0.863989592 -0.487617433 -0.125503913 -0.863989592 -0.487617433 -0.125504032 -0.863989592 -0.487617344 -0.125504032 -0.863989592 -0.487617344 -0.125504032 -0.863989592 -0.487617344 -0.0759958103 -0.864212096 -0.497355103 -0.0759958103 -0.864212096 -0.497355103 -0.0759958103 -0.864212096 -0.497355103 -0.0759960115 -0.864212155 -0.497354954 -0.0759960115 -0.864212155 -0.497354954 -0.0759960115 -0.864212155 -0.497354954 -0.025400091 -0.864308774 -0.502319753 -0.025400091 -0.864308774 -0.502319753 -0.025400091 -0.864308774 -0.502319753 -0.0876485258 -0.996061444 -0.0133926785 -0.0876485258 -0.996061444 -0.0133926785 -0.0876485258 -0.996061444 -0.0133926785 -0.196357697 -0.97789079 -0.071925737 -0.196357697 -0.97789079 -0.071925737 -0.196357697 -0.97789079 -0.071925737 -0.14640601 -0.988971591 -0.0223708097 -0.14640601 -0.988971591 -0.0223708097 -0.14640601 -0.988971591 -0.0223708097 -0.14640592 -0.988971591 -0.0223707613 -0.14640592 -0.988971591 -0.0223707613 -0.14640592 -0.988971591 -0.0223707613 -0.146119311 -0.989239395 -0.00738864532 -0.146119311 -0.989239395 -0.00738864532 -0.146119311 -0.989239395 -0.00738864532 -0.146119297 -0.989239395 -0.00738863787 -0.146119297 -0.989239395 -0.00738863787 -0.146119297 -0.989239395 -0.00738863787 -0.144338921 -0.989501417 0.00729861762 -0.144338921 -0.989501417 0.00729861762 -0.144338921 -0.989501417 0.00729861762 -0.144338936 -0.989501417 0.00729861204 -0.144338936 -0.989501417 0.00729861204 -0.144338936 -0.989501417 0.00729861204 -0.141135067 -0.989755452 0.021565415 -0.141135067 -0.989755452 0.021565415 -0.141135067 -0.989755452 0.021565415 -0.141135156 -0.989755452 0.0215653908 -0.141135156 -0.989755452 0.0215653908 -0.141135156 -0.989755452 0.0215653908 -0.136653304 -0.989994347 0.0351720639 -0.136653304 -0.989994347 0.0351720639 -0.136653304 -0.989994347 0.0351720639 -0.136653259 -0.989994347 0.0351720713 -0.136653259 -0.989994347 0.0351720713 -0.136653259 -0.989994347 0.0351720713 -0.131032556 -0.99021548 0.0479972437 -0.131032556 -0.99021548 0.0479972437 -0.131032556 -0.99021548 0.0479972437 -0.131032407 -0.99021554 0.0479972549 -0.131032407 -0.99021554 0.0479972549 -0.131032407 -0.99021554 0.0479972549 -0.124402173 -0.990418255 0.059965089 -0.124402173 -0.990418255 0.059965089 -0.124402173 -0.990418255 0.059965089 -0.124402344 -0.990418196 0.059965089 -0.124402344 -0.990418196 0.059965089 -0.124402344 -0.990418196 0.059965089 -0.116874896 -0.99060303 0.0710347444 -0.116874896 -0.99060303 0.0710347444 -0.116874896 -0.99060303 0.0710347444 -0.116874903 -0.99060303 0.0710347444 -0.116874903 -0.99060303 0.0710347444 -0.116874903 -0.99060303 0.0710347444 -0.108542971 -0.990770817 0.0811884403 -0.108542971 -0.990770817 0.0811884403 -0.108542971 -0.990770817 0.0811884403 -0.108542994 -0.990770817 0.0811884403 -0.108542994 -0.990770817 0.0811884403 -0.108542994 -0.990770817 0.0811884403 -0.09947972 -0.990922689 0.090421252 -0.09947972 -0.990922689 0.090421252 -0.09947972 -0.990922689 0.090421252 -0.0994795412 -0.990922689 0.0904211998 -0.0994795412 -0.990922689 0.0904211998 -0.0994795412 -0.990922689 0.0904211998 -0.089741528 -0.991059303 0.0987318084 -0.089741528 -0.991059303 0.0987318084 -0.089741528 -0.991059303 0.0987318084 -0.0897415653 -0.991059244 0.0987318233 -0.0897415653 -0.991059244 0.0987318233 -0.0897415653 -0.991059244 0.0987318233 -0.0793730691 -0.991180778 0.106116012 -0.0793730691 -0.991180778 0.106116012 -0.0793730691 -0.991180778 0.106116012 -0.0793730468 -0.991180778 0.106115997 -0.0793730468 -0.991180778 0.106115997 -0.0793730468 -0.991180778 0.106115997 -0.0684128106 -0.991286874 0.112560965 -0.0684128106 -0.991286874 0.112560965 -0.0684128106 -0.991286874 0.112560965 -0.0684128478 -0.991286874 0.112560995 -0.0684128478 -0.991286874 0.112560995 -0.0684128478 -0.991286874 0.112560995 -0.0568998419 -0.991376936 0.118043274 -0.0568998419 -0.991376936 0.118043274 -0.0568998419 -0.991376936 0.118043274 -0.056899827 -0.991376936 0.118043259 -0.056899827 -0.991376936 0.118043259 -0.056899827 -0.991376936 0.118043259 -0.0448817872 -0.991449773 0.122527361 -0.0448817872 -0.991449773 0.122527361 -0.0448817872 -0.991449773 0.122527361 -0.0448818915 -0.991449773 0.12252745 -0.0448818915 -0.991449773 0.12252745 -0.0448818915 -0.991449773 0.12252745 -0.0324218795 -0.991504371 0.125967726 -0.0324218795 -0.991504371 0.125967726 -0.0324218795 -0.991504371 0.125967726 -0.0324217789 -0.991504431 0.125967622 -0.0324217789 -0.991504431 0.125967622 -0.0324217789 -0.991504431 0.125967622 -0.0196060017 -0.991540074 0.128311694 -0.0196060017 -0.991540074 0.128311694 -0.0196060017 -0.991540074 0.128311694 -0.0196059626 -0.991540074 0.128311634 -0.0196059626 -0.991540074 0.128311634 -0.0196059626 -0.991540074 0.128311634 -0.00654852204 -0.991556942 0.129506558 -0.00654852204 -0.991556942 0.129506558 -0.00654852204 -0.991556942 0.129506558 -0.00654860912 -0.991556942 0.129506707 -0.00654860912 -0.991556942 0.129506707 -0.00654860912 -0.991556942 0.129506707 0.00654852949 -0.991556942 0.129506707 0.00654852949 -0.991556942 0.129506707 0.00654852949 -0.991556942 0.129506707 0.0065486012 -0.991556942 0.129506558 0.0065486012 -0.991556942 0.129506558 0.0065486012 -0.991556942 0.129506558 0.0196059942 -0.991540074 0.128311634 0.0196059942 -0.991540074 0.128311634 0.0196059942 -0.991540074 0.128311634 0.0196059719 -0.991540074 0.128311694 0.0196059719 -0.991540074 0.128311694 0.0196059719 -0.991540074 0.128311694 0.0324218497 -0.991504431 0.125967607 0.0324218497 -0.991504431 0.125967607 0.0324218497 -0.991504431 0.125967607 0.0324218124 -0.991504371 0.125967741 0.0324218124 -0.991504371 0.125967741 0.0324218124 -0.991504371 0.125967741 0.0448818281 -0.991449773 0.122527473 0.0448818281 -0.991449773 0.122527473 0.0448818281 -0.991449773 0.122527473 0.0448818505 -0.991449773 0.122527339 0.0448818505 -0.991449773 0.122527339 0.0448818505 -0.991449773 0.122527339 0.0568998344 -0.991376936 0.118043259 0.0568998344 -0.991376936 0.118043259 0.0568998344 -0.991376936 0.118043259 0.0568998344 -0.991376936 0.118043274 0.0568998344 -0.991376936 0.118043274 0.0568998344 -0.991376936 0.118043274 0.0684128255 -0.991286874 0.112561002 0.0684128255 -0.991286874 0.112561002 0.0684128255 -0.991286874 0.112561002 0.0684128255 -0.991286874 0.112560958 0.0684128255 -0.991286874 0.112560958 0.0684128255 -0.991286874 0.112560958 0.0793730617 -0.991180778 0.106115997 0.0793730617 -0.991180778 0.106115997 0.0793730617 -0.991180778 0.106115997 0.0793730617 -0.991180778 0.106116019 0.0793730617 -0.991180778 0.106116019 0.0793730617 -0.991180778 0.106116019 0.0897415504 -0.991059244 0.0987318382 0.0897415504 -0.991059244 0.0987318382 0.0897415504 -0.991059244 0.0987318382 0.0897415429 -0.991059303 0.0987317935 0.0897415429 -0.991059303 0.0987317935 0.0897415429 -0.991059303 0.0987317935 0.0994796082 -0.990922689 0.0904211476 0.0994796082 -0.990922689 0.0904211476 0.0994796082 -0.990922689 0.0904211476 0.0994796604 -0.990922689 0.0904213116 0.0994796604 -0.990922689 0.0904213116 0.0994796604 -0.990922689 0.0904213116 0.108542986 -0.990770817 0.0811884478 0.108542986 -0.990770817 0.0811884478 0.108542986 -0.990770817 0.0811884478 0.108542979 -0.990770817 0.0811884329 0.108542979 -0.990770817 0.0811884329 0.108542979 -0.990770817 0.0811884329 0.116874896 -0.99060303 0.0710347518 0.116874896 -0.99060303 0.0710347518 0.116874896 -0.99060303 0.0710347518 0.116874896 -0.99060303 0.0710347444 0.116874896 -0.99060303 0.0710347444 0.116874896 -0.99060303 0.0710347444 0.1244023 -0.990418196 0.0599651523 0.1244023 -0.990418196 0.0599651523 0.1244023 -0.990418196 0.0599651523 0.12440221 -0.990418255 0.0599650256 0.12440221 -0.990418255 0.0599650256 0.12440221 -0.990418255 0.0599650256 0.131032437 -0.99021554 0.0479972027 0.131032437 -0.99021554 0.0479972027 0.131032437 -0.99021554 0.0479972027 0.131032526 -0.99021548 0.0479972996 0.131032526 -0.99021548 0.0479972996 0.131032526 -0.99021548 0.0479972996 0.136653274 -0.989994347 0.0351720564 0.136653274 -0.989994347 0.0351720564 0.136653274 -0.989994347 0.0351720564 0.136653289 -0.989994347 0.0351720788 0.136653289 -0.989994347 0.0351720788 0.136653289 -0.989994347 0.0351720788 0.141135141 -0.989755452 0.0215654243 0.141135141 -0.989755452 0.0215654243 0.141135141 -0.989755452 0.0215654243 0.141135082 -0.989755452 0.0215653796 0.141135082 -0.989755452 0.0215653796 0.141135082 -0.989755452 0.0215653796 0.144338936 -0.989501417 0.00729861856 0.144338936 -0.989501417 0.00729861856 0.144338936 -0.989501417 0.00729861856 0.144338921 -0.989501417 0.0072986111 0.144338921 -0.989501417 0.0072986111 0.144338921 -0.989501417 0.0072986111 0.146119297 -0.989239395 -0.00738864439 0.146119297 -0.989239395 -0.00738864439 0.146119297 -0.989239395 -0.00738864439 0.146119311 -0.989239395 -0.0073886388 0.146119311 -0.989239395 -0.0073886388 0.146119311 -0.989239395 -0.0073886388 0.14640592 -0.988971591 -0.0223707985 0.14640592 -0.988971591 -0.0223707985 0.14640592 -0.988971591 -0.0223707985 0.14640601 -0.988971591 -0.0223707724 0.14640601 -0.988971591 -0.0223707724 0.14640601 -0.988971591 -0.0223707724 0.145177633 -0.988699794 -0.0373660699 0.145177633 -0.988699794 -0.0373660699 0.145177633 -0.988699794 -0.0373660699 0.145177603 -0.988699794 -0.037366081 0.145177603 -0.988699794 -0.037366081 0.145177603 -0.988699794 -0.037366081 0.142446265 -0.988426268 -0.0521780849 0.142446265 -0.988426268 -0.0521780849 0.142446265 -0.988426268 -0.0521780849 0.142446086 -0.988426328 -0.0521781035 0.142446086 -0.988426328 -0.0521781035 0.142446086 -0.988426328 -0.0521781035 0.13824062 -0.988154471 -0.0666355789 0.13824062 -0.988154471 -0.0666355789 0.13824062 -0.988154471 -0.0666355789 0.138240859 -0.988154411 -0.0666355789 0.138240859 -0.988154411 -0.0666355789 0.138240859 -0.988154411 -0.0666355789 0.132598713 -0.987887979 -0.0805914402 0.132598713 -0.987887979 -0.0805914402 0.132598713 -0.987887979 -0.0805914402 0.132598653 -0.987887979 -0.0805914328 0.132598653 -0.987887979 -0.0805914328 0.132598653 -0.987887979 -0.0805914328 0.12556006 -0.987630665 -0.0939169526 0.12556006 -0.987630665 -0.0939169526 0.12556006 -0.987630665 -0.0939169526 0.125560015 -0.987630665 -0.0939169452 0.125560015 -0.987630665 -0.0939169452 0.125560015 -0.987630665 -0.0939169452 0.117164411 -0.987386048 -0.106495596 0.117164411 -0.987386048 -0.106495596 0.117164411 -0.987386048 -0.106495596 0.117164366 -0.987386048 -0.106495582 0.117164366 -0.987386048 -0.106495582 0.117164366 -0.987386048 -0.106495582 0.10745047 -0.987157345 -0.118214823 0.10745047 -0.987157345 -0.118214823 0.10745047 -0.987157345 -0.118214823 0.107450515 -0.987157345 -0.118214846 0.107450515 -0.987157345 -0.118214846 0.107450515 -0.987157345 -0.118214846 0.0964592919 -0.986947417 -0.128959045 0.0964592919 -0.986947417 -0.128959045 0.0964592919 -0.986947417 -0.128959045 0.0964592695 -0.986947417 -0.12895903 0.0964592695 -0.986947417 -0.12895903 0.0964592695 -0.986947417 -0.12895903 0.0842408091 -0.986758649 -0.138603091 0.0842408091 -0.986758649 -0.138603091 0.0842408091 -0.986758649 -0.138603091 0.0842408612 -0.986758649 -0.138603136 0.0842408612 -0.986758649 -0.138603136 0.0842408612 -0.986758649 -0.138603136 0.0708625242 -0.986593425 -0.147009969 0.0708625242 -0.986593425 -0.147009969 0.0708625242 -0.986593425 -0.147009969 0.0708625019 -0.986593425 -0.147009954 0.0708625019 -0.986593425 -0.147009954 0.0708625019 -0.986593425 -0.147009954 0.0564211383 -0.98645401 -0.154029801 0.0564211383 -0.98645401 -0.154029801 0.0564211383 -0.98645401 -0.154029801 0.0564210899 -0.98645401 -0.154029757 0.0564210899 -0.98645401 -0.154029757 0.0564210899 -0.98645401 -0.154029757 0.0410539247 -0.986343026 -0.159505546 0.0410539247 -0.986343026 -0.159505546 0.0410539247 -0.986343026 -0.159505546 0.041053962 -0.986343026 -0.159505591 0.041053962 -0.986343026 -0.159505591 0.041053962 -0.986343026 -0.159505591 0.0249494072 -0.986263871 -0.163282394 0.0249494072 -0.986263871 -0.163282394 0.0249494072 -0.986263871 -0.163282394 0.0249495041 -0.986263812 -0.163282543 0.0249495041 -0.986263812 -0.163282543 0.0249495041 -0.986263812 -0.163282543 0.00835459866 -0.986220956 -0.165222213 0.00835459866 -0.986220956 -0.165222213 0.00835459866 -0.986220956 -0.165222213 0.00835459027 -0.986220956 -0.165222183 0.00835459027 -0.986220956 -0.165222183 0.00835459027 -0.986220956 -0.165222183 -0.00835459772 -0.986220956 -0.165222183 -0.00835459772 -0.986220956 -0.165222183 -0.00835459772 -0.986220956 -0.165222183 -0.00835459121 -0.986220956 -0.165222213 -0.00835459121 -0.986220956 -0.165222213 -0.00835459121 -0.986220956 -0.165222213 -0.0249494333 -0.986263812 -0.163282558 -0.0249494333 -0.986263812 -0.163282558 -0.0249494333 -0.986263812 -0.163282558 -0.0249494761 -0.986263871 -0.16328238 -0.0249494761 -0.986263871 -0.16328238 -0.0249494761 -0.986263871 -0.16328238 -0.0410539396 -0.986343026 -0.159505591 -0.0410539396 -0.986343026 -0.159505591 -0.0410539396 -0.986343026 -0.159505591 -0.0410539471 -0.986343026 -0.159505531 -0.0410539471 -0.986343026 -0.159505531 -0.0410539471 -0.986343026 -0.159505531 -0.056421116 -0.98645401 -0.154029742 -0.056421116 -0.98645401 -0.154029742 -0.056421116 -0.98645401 -0.154029742 -0.0564211123 -0.98645401 -0.154029816 -0.0564211123 -0.98645401 -0.154029816 -0.0564211123 -0.98645401 -0.154029816 -0.0708625093 -0.986593425 -0.147009939 -0.0708625093 -0.986593425 -0.147009939 -0.0708625093 -0.986593425 -0.147009939 -0.0708625093 -0.986593425 -0.147009969 -0.0708625093 -0.986593425 -0.147009969 -0.0708625093 -0.986593425 -0.147009969 -0.0842408389 -0.986758649 -0.138603151 -0.0842408389 -0.986758649 -0.138603151 -0.0842408389 -0.986758649 -0.138603151 -0.0842408314 -0.986758649 -0.138603076 -0.0842408314 -0.986758649 -0.138603076 -0.0842408314 -0.986758649 -0.138603076 -0.096459277 -0.986947417 -0.12895903 -0.096459277 -0.986947417 -0.12895903 -0.096459277 -0.986947417 -0.12895903 -0.0964592844 -0.986947417 -0.12895906 -0.0964592844 -0.986947417 -0.12895906 -0.0964592844 -0.986947417 -0.12895906 -0.1074505 -0.987157345 -0.118214861 -0.1074505 -0.987157345 -0.118214861 -0.1074505 -0.987157345 -0.118214861 -0.107450485 -0.987157345 -0.118214808 -0.107450485 -0.987157345 -0.118214808 -0.107450485 -0.987157345 -0.118214808 -0.117164373 -0.987386048 -0.106495567 -0.117164373 -0.987386048 -0.106495567 -0.117164373 -0.987386048 -0.106495567 -0.117164396 -0.987386048 -0.106495611 -0.117164396 -0.987386048 -0.106495611 -0.117164396 -0.987386048 -0.106495611 -0.12556003 -0.987630665 -0.0939169228 -0.12556003 -0.987630665 -0.0939169228 -0.12556003 -0.987630665 -0.0939169228 -0.12556006 -0.987630665 -0.093916975 -0.12556006 -0.987630665 -0.093916975 -0.12556006 -0.987630665 -0.093916975 -0.132598668 -0.987887979 -0.0805914104 -0.132598668 -0.987887979 -0.0805914104 -0.132598668 -0.987887979 -0.0805914104 -0.132598713 -0.987887979 -0.0805914626 -0.132598713 -0.987887979 -0.0805914626 -0.132598713 -0.987887979 -0.0805914626 -0.138240829 -0.988154411 -0.0666356832 -0.138240829 -0.988154411 -0.0666356832 -0.138240829 -0.988154411 -0.0666356832 -0.13824065 -0.988154471 -0.066635482 -0.13824065 -0.988154471 -0.066635482 -0.13824065 -0.988154471 -0.066635482 -0.142446116 -0.988426328 -0.052178029 -0.142446116 -0.988426328 -0.052178029 -0.142446116 -0.988426328 -0.052178029 -0.0873626322 -0.996166766 -0.00441751257 -0.0873626322 -0.996166766 -0.00441751257 -0.0873626322 -0.996166766 -0.00441751257 -0.0873627514 -0.996166766 -0.00441757077 -0.0873627514 -0.996166766 -0.00441757077 -0.0873627514 -0.996166766 -0.00441757077 -0.0861878917 -0.996269345 0.00435811188 -0.0861878917 -0.996269345 0.00435811188 -0.0861878917 -0.996269345 0.00435811188 -0.086187765 -0.996269405 0.00435815612 -0.086187765 -0.996269405 0.00435815612 -0.086187765 -0.996269405 0.00435815612 -0.0841700956 -0.996368408 0.0128611373 -0.0841700956 -0.996368408 0.0128611373 -0.0841700956 -0.996368408 0.0128611373 -0.0841699988 -0.996368408 0.0128611615 -0.0841699988 -0.996368408 0.0128611615 -0.0841699988 -0.996368408 0.0128611615 -0.0814009309 -0.996461213 0.0209511537 -0.0814009309 -0.996461213 0.0209511537 -0.0814009309 -0.996461213 0.0209511537 -0.0814010277 -0.996461213 0.0209511369 -0.0814010277 -0.996461213 0.0209511369 -0.0814010277 -0.996461213 0.0209511369 -0.0779663473 -0.996546865 0.0285591073 -0.0779663473 -0.996546865 0.0285591073 -0.0779663473 -0.996546865 0.0285591073 -0.0779664069 -0.996546865 0.0285591036 -0.0779664069 -0.996546865 0.0285591036 -0.0779664069 -0.996546865 0.0285591036 -0.0739449561 -0.996625125 0.0356433466 -0.0739449561 -0.996625125 0.0356433466 -0.0739449561 -0.996625125 0.0356433466 -0.0739448443 -0.996625185 0.0356433429 -0.0739448443 -0.996625185 0.0356433429 -0.0739448443 -0.996625185 0.0356433429 -0.0694044754 -0.996696353 0.0421829298 -0.0694044754 -0.996696353 0.0421829298 -0.0694044754 -0.996696353 0.0421829298 -0.0694044158 -0.996696353 0.0421829224 -0.0694044158 -0.996696353 0.0421829224 -0.0694044158 -0.996696353 0.0421829224 -0.0644004494 -0.996760845 0.0481705852 -0.0644004494 -0.996760845 0.0481705852 -0.0644004494 -0.996760845 0.0481705852 -0.0644005612 -0.996760845 0.0481706075 -0.0644005612 -0.996760845 0.0481706075 -0.0644005612 -0.996760845 0.0481706075 -0.0589764751 -0.996819019 0.0536061563 -0.0589764751 -0.996819019 0.0536061563 -0.0589764751 -0.996819019 0.0536061563 -0.0589764565 -0.996819019 0.0536061488 -0.0589764565 -0.996819019 0.0536061488 -0.0589764565 -0.996819019 0.0536061488 -0.0531653501 -0.996871173 0.0584915131 -0.0531653501 -0.996871173 0.0584915131 -0.0531653501 -0.996871173 0.0584915131 -0.0531654544 -0.996871173 0.0584915541 -0.0531654544 -0.996871173 0.0584915541 -0.0531654544 -0.996871173 0.0584915541 -0.0469931886 -0.996917486 0.0628264174 -0.0469931886 -0.996917486 0.0628264174 -0.0469931886 -0.996917486 0.0628264174 -0.0469931252 -0.996917486 0.0628263801 -0.0469931252 -0.996917486 0.0628263801 -0.0469931252 -0.996917486 0.0628263801 -0.040481735 -0.996957839 0.0666054115 -0.040481735 -0.996957839 0.0666054115 -0.040481735 -0.996957839 0.0666054115 -0.0404817313 -0.996957839 0.066605404 -0.0404817313 -0.996957839 0.066605404 -0.0404817313 -0.996957839 0.066605404 -0.033653412 -0.996991992 0.0698166788 -0.033653412 -0.996991992 0.0698166788 -0.033653412 -0.996991992 0.0698166788 -0.0336534046 -0.996991992 0.0698166788 -0.0336534046 -0.996991992 0.0698166788 -0.0336534046 -0.996991992 0.0698166788 -0.0265351832 -0.997019649 0.0724410638 -0.0265351832 -0.997019649 0.0724410638 -0.0265351832 -0.997019649 0.0724410638 -0.0265351627 -0.997019649 0.0724410415 -0.0265351627 -0.997019649 0.0724410415 -0.0265351627 -0.997019649 0.0724410415 -0.0191629361 -0.997040391 0.0744532049 -0.0191629361 -0.997040391 0.0744532049 -0.0191629361 -0.997040391 0.0744532049 -0.019162951 -0.997040391 0.0744532198 -0.019162951 -0.997040391 0.0744532198 -0.019162951 -0.997040391 0.0744532198 -0.0115858074 -0.997053921 0.0758236572 -0.0115858074 -0.997053921 0.0758236572 -0.0115858074 -0.997053921 0.0758236572 -0.0115858493 -0.997053921 0.0758237168 -0.0115858493 -0.997053921 0.0758237168 -0.0115858493 -0.997053921 0.0758237168 -0.00386941014 -0.997060359 0.0765221566 -0.00386941014 -0.997060359 0.0765221566 -0.00386941014 -0.997060359 0.0765221566 -0.003869351 -0.997060359 0.0765220523 -0.003869351 -0.997060359 0.0765220523 -0.003869351 -0.997060359 0.0765220523 0.00386940478 -0.997060359 0.0765220523 0.00386940478 -0.997060359 0.0765220523 0.00386940478 -0.997060359 0.0765220523 0.00386935659 -0.997060359 0.076522164 0.00386935659 -0.997060359 0.076522164 0.00386935659 -0.997060359 0.076522164 0.0115858177 -0.997053921 0.0758237168 0.0115858177 -0.997053921 0.0758237168 0.0115858177 -0.997053921 0.0758237168 0.01158584 -0.997053921 0.0758236498 0.01158584 -0.997053921 0.0758236498 0.01158584 -0.997053921 0.0758236498 0.0191629417 -0.997040391 0.0744532198 0.0191629417 -0.997040391 0.0744532198 0.0191629417 -0.997040391 0.0744532198 0.0191629454 -0.997040391 0.0744532049 0.0191629454 -0.997040391 0.0744532049 0.0191629454 -0.997040391 0.0744532049 0.0265351757 -0.997019649 0.0724410415 0.0265351757 -0.997019649 0.0724410415 0.0265351757 -0.997019649 0.0724410415 0.026535172 -0.997019649 0.0724410638 0.026535172 -0.997019649 0.0724410638 0.026535172 -0.997019649 0.0724410638 0.0336534083 -0.996991992 0.0698166713 0.0336534083 -0.996991992 0.0698166713 0.0336534083 -0.996991992 0.0698166713 0.0336534083 -0.996991992 0.0698166862 0.0336534083 -0.996991992 0.0698166862 0.0336534083 -0.996991992 0.0698166862 0.0404817313 -0.996957839 0.066605404 0.0404817313 -0.996957839 0.066605404 0.0404817313 -0.996957839 0.066605404 0.0404817313 -0.996957839 0.0666054115 0.0404817313 -0.996957839 0.0666054115 0.0404817313 -0.996957839 0.0666054115 0.0469931513 -0.996917486 0.0628263652 0.0469931513 -0.996917486 0.0628263652 0.0469931513 -0.996917486 0.0628263652 0.0469931625 -0.996917486 0.0628264323 0.0469931625 -0.996917486 0.0628264323 0.0469931625 -0.996917486 0.0628264323 0.0531654134 -0.996871173 0.0584915839 0.0531654134 -0.996871173 0.0584915839 0.0531654134 -0.996871173 0.0584915839 0.0531653874 -0.996871173 0.0584914833 0.0531653874 -0.996871173 0.0584914833 0.0531653874 -0.996871173 0.0584914833 0.0589764602 -0.996819019 0.0536061451 0.0589764602 -0.996819019 0.0536061451 0.0589764602 -0.996819019 0.0536061451 0.0589764677 -0.996819019 0.0536061637 0.0589764677 -0.996819019 0.0536061637 0.0589764677 -0.996819019 0.0536061637 0.0644005314 -0.996760845 0.0481706411 0.0644005314 -0.996760845 0.0481706411 0.0644005314 -0.996760845 0.0481706411 0.0644004866 -0.996760845 0.0481705479 0.0644004866 -0.996760845 0.0481705479 0.0644004866 -0.996760845 0.0481705479 0.0694044307 -0.996696353 0.0421829037 0.0694044307 -0.996696353 0.0421829037 0.0694044307 -0.996696353 0.0421829037 0.0694044605 -0.996696353 0.0421829522 0.0694044605 -0.996696353 0.0421829522 0.0694044605 -0.996696353 0.0421829522 0.0739448741 -0.996625185 0.0356433056 0.0739448741 -0.996625185 0.0356433056 0.0739448741 -0.996625185 0.0356433056 0.0739449337 -0.996625125 0.0356433839 0.0739449337 -0.996625125 0.0356433839 0.0739449337 -0.996625125 0.0356433839 0.077966392 -0.996546865 0.0285591241 0.077966392 -0.996546865 0.0285591241 0.077966392 -0.996546865 0.0285591241 0.0779663548 -0.996546865 0.0285590868 0.0779663548 -0.996546865 0.0285590868 0.0779663548 -0.996546865 0.0285590868 0.0814010128 -0.996461213 0.0209511761 0.0814010128 -0.996461213 0.0209511761 0.0814010128 -0.996461213 0.0209511761 0.0814009458 -0.996461213 0.0209511146 0.0814009458 -0.996461213 0.0209511146 0.0814009458 -0.996461213 0.0209511146 0.0841700137 -0.996368408 0.0128611252 0.0841700137 -0.996368408 0.0128611252 0.0841700137 -0.996368408 0.0128611252 0.0841700882 -0.996368408 0.0128611745 0.0841700882 -0.996368408 0.0128611745 0.0841700882 -0.996368408 0.0128611745 0.0861877799 -0.996269405 0.00435810629 0.0861877799 -0.996269405 0.00435810629 0.0861877799 -0.996269405 0.00435810629 0.0861878842 -0.996269345 0.00435816217 0.0861878842 -0.996269345 0.00435816217 0.0861878842 -0.996269345 0.00435816217 0.0873627439 -0.996166766 -0.00441751862 0.0873627439 -0.996166766 -0.00441751862 0.0873627439 -0.996166766 -0.00441751862 0.0873626322 -0.996166766 -0.00441756425 0.0873626322 -0.996166766 -0.00441756425 0.0873626322 -0.996166766 -0.00441756425 0.0876485258 -0.996061444 -0.0133926421 0.0876485258 -0.996061444 -0.0133926421 0.0876485258 -0.996061444 -0.0133926421 0.0876484439 -0.996061444 -0.0133926654 0.0876484439 -0.996061444 -0.0133926654 0.0876484439 -0.996061444 -0.0133926654 0.0870272219 -0.995954096 -0.0223992616 0.0870272219 -0.995954096 -0.0223992616 0.0870272219 -0.995954096 -0.0223992616 0.0870273262 -0.995954096 -0.022399243 0.0870273262 -0.995954096 -0.022399243 0.0870273262 -0.995954096 -0.022399243 0.0855012015 -0.995845675 -0.0313191153 0.0855012015 -0.995845675 -0.0313191153 0.0855012015 -0.995845675 -0.0313191153 0.0855012313 -0.995845675 -0.0313191153 0.0855012313 -0.995845675 -0.0313191153 0.0855012313 -0.995845675 -0.0313191153 0.0830828026 -0.995737612 -0.0400480181 0.0830828026 -0.995737612 -0.0400480181 0.0830828026 -0.995737612 -0.0400480181 0.0830826759 -0.995737612 -0.0400480181 0.0830826759 -0.995737612 -0.0400480181 0.0830826759 -0.995737612 -0.0400480181 0.0797902122 -0.995631337 -0.0484952554 0.0797902122 -0.995631337 -0.0484952554 0.0797902122 -0.995631337 -0.0484952554 0.0797902197 -0.995631337 -0.0484952554 0.0797902197 -0.995631337 -0.0484952554 0.0797902197 -0.995631337 -0.0484952554 0.0756441355 -0.995528281 -0.0565806478 0.0756441355 -0.995528281 -0.0565806478 0.0756441355 -0.995528281 -0.0565806478 0.0756441802 -0.995528281 -0.056580659 0.0756441802 -0.995528281 -0.056580659 0.0756441802 -0.995528281 -0.056580659 0.070665136 -0.995429993 -0.0642305166 0.070665136 -0.995429993 -0.0642305166 0.070665136 -0.995429993 -0.0642305166 0.0706652105 -0.995429993 -0.0642305464 0.0706652105 -0.995429993 -0.0642305464 0.0706652105 -0.995429993 -0.0642305464 0.0648740903 -0.995337725 -0.0713731721 0.0648740903 -0.995337725 -0.0713731721 0.0648740903 -0.995337725 -0.0713731721 0.0648741201 -0.995337725 -0.071373187 0.0648741201 -0.995337725 -0.071373187 0.0648741201 -0.995337725 -0.071373187 0.0582938865 -0.995252728 -0.0779346079 0.0582938865 -0.995252728 -0.0779346079 0.0582938865 -0.995252728 -0.0779346079 0.0582938008 -0.995252728 -0.0779345632 0.0582938008 -0.995252728 -0.0779345632 0.0582938008 -0.995252728 -0.0779345632 0.0509534925 -0.995176077 -0.0838349089 0.0509534925 -0.995176077 -0.0838349089 0.0509534925 -0.995176077 -0.0838349089 0.0509536043 -0.995176077 -0.0838349909 0.0509536043 -0.995176077 -0.0838349909 0.0509536043 -0.995176077 -0.0838349909 0.0428938866 -0.995108783 -0.0889866501 0.0428938866 -0.995108783 -0.0889866501 0.0428938866 -0.995108783 -0.0889866501 0.0428937599 -0.995108783 -0.0889865309 0.0428937599 -0.995108783 -0.0889865309 0.0428937599 -0.995108783 -0.0889865309 0.0341737308 -0.99505192 -0.0932942927 0.0341737308 -0.99505192 -0.0932942927 0.0341737308 -0.99505192 -0.0932942927 0.034173701 -0.99505192 -0.0932942629 0.034173701 -0.99505192 -0.0932942629 0.034173701 -0.99505192 -0.0932942629 0.0248781629 -0.995006621 -0.0966584086 0.0248781629 -0.995006621 -0.0966584086 0.0248781629 -0.995006621 -0.0966584086 0.0248781834 -0.995006621 -0.0966584384 0.0248781834 -0.995006621 -0.0966584384 0.0248781834 -0.995006621 -0.0966584384 0.0151242139 -0.994974375 -0.0989808589 0.0151242139 -0.994974375 -0.0989808589 0.0151242139 -0.994974375 -0.0989808589 0.0151241804 -0.994974375 -0.0989807993 0.0151241804 -0.994974375 -0.0989807993 0.0151241804 -0.994974375 -0.0989807993 0.00506533775 -0.99495703 -0.100174293 0.00506533775 -0.99495703 -0.100174293 0.00506533775 -0.99495703 -0.100174293 0.00506540481 -0.99495697 -0.100174442 0.00506540481 -0.99495697 -0.100174442 0.00506540481 -0.99495697 -0.100174442 -0.00506534521 -0.99495697 -0.100174442 -0.00506534521 -0.99495697 -0.100174442 -0.00506534521 -0.99495697 -0.100174442 -0.00506539643 -0.99495703 -0.100174285 -0.00506539643 -0.99495703 -0.100174285 -0.00506539643 -0.99495703 -0.100174285 -0.0151242046 -0.994974375 -0.0989807993 -0.0151242046 -0.994974375 -0.0989807993 -0.0151242046 -0.994974375 -0.0989807993 -0.0151241906 -0.994974375 -0.0989808664 -0.0151241906 -0.994974375 -0.0989808664 -0.0151241906 -0.994974375 -0.0989808664 -0.0248781703 -0.995006621 -0.0966584384 -0.0248781703 -0.995006621 -0.0966584384 -0.0248781703 -0.995006621 -0.0966584384 -0.0248781741 -0.995006621 -0.0966584012 -0.0248781741 -0.995006621 -0.0966584012 -0.0248781741 -0.995006621 -0.0966584012 -0.0341737159 -0.99505192 -0.0932942554 -0.0341737159 -0.99505192 -0.0932942554 -0.0341737159 -0.99505192 -0.0932942554 -0.0341737159 -0.99505192 -0.0932943001 -0.0341737159 -0.99505192 -0.0932943001 -0.0341737159 -0.99505192 -0.0932943001 -0.0428938195 -0.995108783 -0.0889865085 -0.0428938195 -0.995108783 -0.0889865085 -0.0428938195 -0.995108783 -0.0889865085 -0.0428938307 -0.995108783 -0.0889866799 -0.0428938307 -0.995108783 -0.0889866799 -0.0428938307 -0.995108783 -0.0889866799 -0.0509535596 -0.995176077 -0.0838350207 -0.0509535596 -0.995176077 -0.0838350207 -0.0509535596 -0.995176077 -0.0838350207 -0.0509535372 -0.995176077 -0.0838348791 -0.0509535372 -0.995176077 -0.0838348791 -0.0509535372 -0.995176077 -0.0838348791 -0.0582938306 -0.995252728 -0.0779345334 -0.0582938306 -0.995252728 -0.0779345334 -0.0582938306 -0.995252728 -0.0779345334 -0.0582938604 -0.995252728 -0.0779346377 -0.0582938604 -0.995252728 -0.0779346377 -0.0582938604 -0.995252728 -0.0779346377 -0.0648741052 -0.995337725 -0.0713731945 -0.0648741052 -0.995337725 -0.0713731945 -0.0648741052 -0.995337725 -0.0713731945 -0.0648740977 -0.995337725 -0.0713731647 -0.0648740977 -0.995337725 -0.0713731647 -0.0648740977 -0.995337725 -0.0713731647 -0.0706651881 -0.995429993 -0.0642305687 -0.0706651881 -0.995429993 -0.0642305687 -0.0706651881 -0.995429993 -0.0642305687 -0.0706651509 -0.995429993 -0.0642304942 -0.0706651509 -0.995429993 -0.0642304942 -0.0706651509 -0.995429993 -0.0642304942 -0.0756441727 -0.995528281 -0.0565806739 -0.0756441727 -0.995528281 -0.0565806739 -0.0756441727 -0.995528281 -0.0565806739 -0.0756441504 -0.995528281 -0.0565806329 -0.0756441504 -0.995528281 -0.0565806329 -0.0756441504 -0.995528281 -0.0565806329 -0.0797902197 -0.995631337 -0.0484952591 -0.0797902197 -0.995631337 -0.0484952591 -0.0797902197 -0.995631337 -0.0484952591 -0.0797902122 -0.995631337 -0.0484952517 -0.0797902122 -0.995631337 -0.0484952517 -0.0797902122 -0.995631337 -0.0484952517 -0.0830826983 -0.995737612 -0.0400479697 -0.0830826983 -0.995737612 -0.0400479697 -0.0830826983 -0.995737612 -0.0400479697 -0.0830827877 -0.995737612 -0.0400480703 -0.0830827877 -0.995737612 -0.0400480703 -0.0830827877 -0.995737612 -0.0400480703 -0.0855012313 -0.995845675 -0.0313191265 -0.0855012313 -0.995845675 -0.0313191265 -0.0855012313 -0.995845675 -0.0313191265 -0.0855012015 -0.995845675 -0.0313191004 -0.0855012015 -0.995845675 -0.0313191004 -0.0855012015 -0.995845675 -0.0313191004 -0.0870273188 -0.995954096 -0.0223992858 -0.0870273188 -0.995954096 -0.0223992858 -0.0870273188 -0.995954096 -0.0223992858 -0.270589441 -0.948543191 -0.164460242 -0.270589441 -0.948543191 -0.164460242 -0.270589441 -0.948543191 -0.164460242 -0.309018016 -0.932326555 -0.18781656 -0.309018016 -0.932326555 -0.18781656 -0.309018016 -0.932326555 -0.18781656 -0.309017777 -0.932326734 -0.187816098 -0.309017777 -0.932326734 -0.187816098 -0.309017777 -0.932326734 -0.187816098 -0.324284732 -0.932955265 -0.15631339 -0.324284732 -0.932955265 -0.15631339 -0.324284732 -0.932955265 -0.15631339 -0.324284971 -0.932955086 -0.156313792 -0.324284971 -0.932955086 -0.156313792 -0.324284971 -0.932955086 -0.156313792 -0.336439967 -0.933606207 -0.123237938 -0.336439967 -0.933606207 -0.123237938 -0.336439967 -0.933606207 -0.123237938 -0.336439878 -0.933606267 -0.123237818 -0.336439878 -0.933606267 -0.123237818 -0.336439878 -0.933606267 -0.123237818 -0.345312148 -0.934269965 -0.0888772607 -0.345312148 -0.934269965 -0.0888772607 -0.345312148 -0.934269965 -0.0888772607 -0.345312238 -0.934269905 -0.0888773426 -0.345312238 -0.934269905 -0.0888773426 -0.345312238 -0.934269905 -0.0888773426 -0.350738376 -0.934938729 -0.0535926558 -0.350738376 -0.934938729 -0.0535926558 -0.350738376 -0.934938729 -0.0535926558 -0.350738227 -0.934938788 -0.0535925217 -0.350738227 -0.934938788 -0.0535925217 -0.350738227 -0.934938788 -0.0535925217 -0.352583975 -0.935610354 -0.0178286284 -0.352583975 -0.935610354 -0.0178286284 -0.352583975 -0.935610354 -0.0178286284 -0.352583945 -0.935610354 -0.0178286023 -0.352583945 -0.935610354 -0.0178286023 -0.352583945 -0.935610354 -0.0178286023 -0.350780129 -0.936289847 0.0177374166 -0.350780129 -0.936289847 0.0177374166 -0.350780129 -0.936289847 0.0177374166 -0.350780159 -0.936289847 0.0177373942 -0.350780159 -0.936289847 0.0177373942 -0.350780159 -0.936289847 0.0177373942 -0.345399112 -0.936970711 0.0527768135 -0.345399112 -0.936970711 0.0527768135 -0.345399112 -0.936970711 0.0527768135 -0.34539929 -0.936970592 0.0527767316 -0.34539929 -0.936970592 0.0527767316 -0.34539929 -0.936970592 0.0527767316 -0.336681396 -0.937622726 0.0866558701 -0.336681396 -0.937622726 0.0866558701 -0.336681396 -0.937622726 0.0866558701 -0.336681277 -0.937622786 0.0866559073 -0.336681277 -0.937622786 0.0866559073 -0.336681277 -0.937622786 0.0866559073 -0.324891448 -0.938233852 0.119007662 -0.324891448 -0.938233852 0.119007662 -0.324891448 -0.938233852 0.119007662 -0.324891537 -0.938233793 0.11900764 -0.324891537 -0.938233793 0.11900764 -0.324891537 -0.938233793 0.11900764 -0.310295433 -0.938800037 0.149570271 -0.310295433 -0.938800037 0.149570271 -0.310295433 -0.938800037 0.149570271 -0.310295045 -0.938800156 0.149570316 -0.310295045 -0.938800156 0.149570316 -0.310295045 -0.938800156 0.149570316 -0.293138564 -0.939322591 0.178165182 -0.293138564 -0.939322591 0.178165182 -0.293138564 -0.939322591 0.178165182 -0.293138891 -0.939322472 0.178165168 -0.293138891 -0.939322472 0.178165168 -0.293138891 -0.939322472 0.178165168 -0.27363497 -0.939804375 0.204674542 -0.27363497 -0.939804375 0.204674542 -0.27363497 -0.939804375 0.204674542 -0.27363503 -0.939804316 0.204674542 -0.27363503 -0.939804316 0.204674542 -0.27363503 -0.939804316 0.204674542 -0.251960099 -0.940248489 0.229017138 -0.251960099 -0.940248489 0.229017138 -0.251960099 -0.940248489 0.229017138 -0.251960009 -0.940248549 0.229017124 -0.251960009 -0.940248549 0.229017124 -0.251960009 -0.940248549 0.229017124 -0.228258207 -0.940656364 0.251125157 -0.228258207 -0.940656364 0.251125157 -0.228258207 -0.940656364 0.251125157 -0.228258133 -0.940656364 0.251125127 -0.228258133 -0.940656364 0.251125127 -0.228258133 -0.940656364 0.251125127 -0.202649638 -0.941026747 0.270927578 -0.202649638 -0.941026747 0.270927578 -0.202649638 -0.941026747 0.270927578 -0.202649534 -0.941026807 0.270927548 -0.202649534 -0.941026807 0.270927548 -0.202649534 -0.941026807 0.270927548 -0.175245732 -0.941356242 0.288335443 -0.175245732 -0.941356242 0.288335443 -0.175245732 -0.941356242 0.288335443 -0.175245836 -0.941356242 0.288335502 -0.175245836 -0.941356242 0.288335502 -0.175245836 -0.941356242 0.288335502 -0.146166697 -0.941639066 0.303234607 -0.146166697 -0.941639066 0.303234607 -0.146166697 -0.941639066 0.303234607 -0.146166638 -0.941639066 0.303234577 -0.146166638 -0.941639066 0.303234577 -0.146166638 -0.941639066 0.303234577 -0.115561612 -0.941868365 0.315482885 -0.115561612 -0.941868365 0.315482885 -0.115561612 -0.941868365 0.315482885 -0.115561523 -0.941868424 0.315482825 -0.115561523 -0.941868424 0.315482825 -0.115561523 -0.941868424 0.315482825 -0.0836277977 -0.942038059 0.324916512 -0.0836277977 -0.942038059 0.324916512 -0.0836277977 -0.942038059 0.324916512 -0.0836278796 -0.942038 0.324916571 -0.0836278796 -0.942038 0.324916571 -0.0836278796 -0.942038 0.324916571 -0.0506317839 -0.942144573 0.331360906 -0.0506317839 -0.942144573 0.331360906 -0.0506317839 -0.942144573 0.331360906 -0.0506316572 -0.942144632 0.331360757 -0.0506316572 -0.942144632 0.331360757 -0.0506316572 -0.942144632 0.331360757 -0.0169214811 -0.942190766 0.334649324 -0.0169214811 -0.942190766 0.334649324 -0.0169214811 -0.942190766 0.334649324 -0.0169217456 -0.942190647 0.334649682 -0.0169217456 -0.942190647 0.334649682 -0.0169217456 -0.942190647 0.334649682 0.0169214997 -0.942190647 0.334649682 0.0169214997 -0.942190647 0.334649682 0.0169214997 -0.942190647 0.334649682 0.016921727 -0.942190766 0.334649295 0.016921727 -0.942190766 0.334649295 0.016921727 -0.942190766 0.334649295 0.0506317616 -0.942144632 0.331360757 0.0506317616 -0.942144632 0.331360757 0.0506317616 -0.942144632 0.331360757 0.0506316796 -0.942144573 0.331360936 0.0506316796 -0.942144573 0.331360936 0.0506316796 -0.942144573 0.331360936 0.08362782 -0.942038 0.324916601 0.08362782 -0.942038 0.324916601 0.08362782 -0.942038 0.324916601 0.0836278573 -0.942038059 0.324916482 0.0836278573 -0.942038059 0.324916482 0.0836278573 -0.942038059 0.324916482 0.115561582 -0.941868424 0.315482795 0.115561582 -0.941868424 0.315482795 0.115561582 -0.941868424 0.315482795 0.11556156 -0.941868365 0.315482885 0.11556156 -0.941868365 0.315482885 0.11556156 -0.941868365 0.315482885 0.146166667 -0.941639066 0.303234547 0.146166667 -0.941639066 0.303234547 0.146166667 -0.941639066 0.303234547 0.146166667 -0.941639066 0.303234607 0.146166667 -0.941639066 0.303234607 0.146166667 -0.941639066 0.303234607 0.175245777 -0.941356242 0.288335532 0.175245777 -0.941356242 0.288335532 0.175245777 -0.941356242 0.288335532 0.175245792 -0.941356242 0.288335413 0.175245792 -0.941356242 0.288335413 0.175245792 -0.941356242 0.288335413 0.202649593 -0.941026807 0.270927519 0.202649593 -0.941026807 0.270927519 0.202649593 -0.941026807 0.270927519 0.202649593 -0.941026747 0.270927608 0.202649593 -0.941026747 0.270927608 0.202649593 -0.941026747 0.270927608 0.228258163 -0.940656364 0.251125097 0.228258163 -0.940656364 0.251125097 0.228258163 -0.940656364 0.251125097 0.228258178 -0.940656364 0.251125187 0.228258178 -0.940656364 0.251125187 0.228258178 -0.940656364 0.251125187 0.251960039 -0.940248549 0.229017079 0.251960039 -0.940248549 0.229017079 0.251960039 -0.940248549 0.229017079 0.251960069 -0.940248489 0.229017183 0.251960069 -0.940248489 0.229017183 0.251960069 -0.940248489 0.229017183 0.273635 -0.939804316 0.204674572 0.273635 -0.939804316 0.204674572 0.273635 -0.939804316 0.204674572 0.273635 -0.939804375 0.204674512 0.273635 -0.939804375 0.204674512 0.273635 -0.939804375 0.204674512 0.293138802 -0.939322531 0.178165331 0.293138802 -0.939322531 0.178165331 0.293138802 -0.939322531 0.178165331 0.293138653 -0.939322591 0.178165019 0.293138653 -0.939322591 0.178165019 0.293138653 -0.939322591 0.178165019 0.310295165 -0.938800156 0.149570137 0.310295165 -0.938800156 0.149570137 0.310295165 -0.938800156 0.149570137 0.310295343 -0.938800037 0.149570465 0.310295343 -0.938800037 0.149570465 0.310295343 -0.938800037 0.149570465 0.324891508 -0.938233793 0.119007692 0.324891508 -0.938233793 0.119007692 0.324891508 -0.938233793 0.119007692 0.324891478 -0.938233852 0.11900761 0.324891478 -0.938233852 0.11900761 0.324891478 -0.938233852 0.11900761 0.336681306 -0.937622786 0.0866558477 0.336681306 -0.937622786 0.0866558477 0.336681306 -0.937622786 0.0866558477 0.336681366 -0.937622726 0.0866559297 0.336681366 -0.937622726 0.0866559297 0.336681366 -0.937622726 0.0866559297 0.345399261 -0.936970651 0.0527768396 0.345399261 -0.936970651 0.0527768396 0.345399261 -0.936970651 0.0527768396 0.345399141 -0.936970711 0.0527767092 0.345399141 -0.936970711 0.0527767092 0.345399141 -0.936970711 0.0527767092 0.350780159 -0.936289847 0.0177374184 0.350780159 -0.936289847 0.0177374184 0.350780159 -0.936289847 0.0177374184 0.350780129 -0.936289847 0.0177373923 0.350780129 -0.936289847 0.0177373923 0.350780129 -0.936289847 0.0177373923 0.352583945 -0.935610354 -0.0178286266 0.352583945 -0.935610354 -0.0178286266 0.352583945 -0.935610354 -0.0178286266 0.352583975 -0.935610354 -0.0178286042 0.352583975 -0.935610354 -0.0178286042 0.352583975 -0.935610354 -0.0178286042 0.350738198 -0.934938788 -0.0535926297 0.350738198 -0.934938788 -0.0535926297 0.350738198 -0.934938788 -0.0535926297 0.350738376 -0.934938729 -0.0535925478 0.350738376 -0.934938729 -0.0535925478 0.350738376 -0.934938729 -0.0535925478 0.345312238 -0.934269905 -0.088877283 0.345312238 -0.934269905 -0.088877283 0.345312238 -0.934269905 -0.088877283 0.345312119 -0.934269965 -0.0888773203 0.345312119 -0.934269965 -0.0888773203 0.345312119 -0.934269965 -0.0888773203 0.336439848 -0.933606267 -0.1232379 0.336439848 -0.933606267 -0.1232379 0.336439848 -0.933606267 -0.1232379 0.336439997 -0.933606207 -0.123237863 0.336439997 -0.933606207 -0.123237863 0.336439997 -0.933606207 -0.123237863 0.32428506 -0.932955146 -0.156313553 0.32428506 -0.932955146 -0.156313553 0.32428506 -0.932955146 -0.156313553 0.324284613 -0.932955265 -0.156313613 0.324284613 -0.932955265 -0.156313613 0.324284613 -0.932955265 -0.156313613 0.309017658 -0.932326734 -0.187816352 0.309017658 -0.932326734 -0.187816352 0.309017658 -0.932326734 -0.187816352 0.309018135 -0.932326555 -0.187816322 0.309018135 -0.932326555 -0.187816322 0.309018135 -0.932326555 -0.187816322 0.290801078 -0.931730747 -0.217514396 0.290801078 -0.931730747 -0.217514396 0.290801078 -0.931730747 -0.217514396 0.29080081 -0.931730866 -0.217514381 0.29080081 -0.931730866 -0.217514381 0.29080081 -0.931730866 -0.217514381 0.26977855 -0.931176722 -0.245213076 0.26977855 -0.931176722 -0.245213076 0.26977855 -0.931176722 -0.245213076 -0.24680391 -0.964839339 -0.0904041678 -0.24680391 -0.964839339 -0.0904041678 -0.24680391 -0.964839339 -0.0904041678 -0.246804103 -0.96483922 -0.0904043838 -0.246804103 -0.96483922 -0.0904043838 -0.246804103 -0.96483922 -0.0904043838 -0.252357036 -0.965451777 -0.0649523661 -0.252357036 -0.965451777 -0.0649523661 -0.252357036 -0.965451777 -0.0649523661 -0.252357125 -0.965451717 -0.0649524555 -0.252357125 -0.965451717 -0.0649524555 -0.252357125 -0.965451717 -0.0649524555 -0.255334228 -0.966065347 -0.0390148945 -0.255334228 -0.966065347 -0.0390148945 -0.255334228 -0.966065347 -0.0390148945 -0.255334109 -0.966065407 -0.0390147902 -0.255334109 -0.966065407 -0.0390147902 -0.255334109 -0.966065407 -0.0390147902 -0.255678385 -0.96667546 -0.012928566 -0.255678385 -0.96667546 -0.012928566 -0.255678385 -0.96667546 -0.012928566 -0.255678356 -0.96667546 -0.0129285511 -0.255678356 -0.96667546 -0.0129285511 -0.255678356 -0.96667546 -0.0129285511 -0.253386706 -0.967280209 0.0128126871 -0.253386706 -0.967280209 0.0128126871 -0.253386706 -0.967280209 0.0128126871 -0.253386736 -0.967280209 0.012812674 -0.253386736 -0.967280209 0.012812674 -0.253386736 -0.967280209 0.012812674 -0.248550549 -0.96787411 0.0379783474 -0.248550549 -0.96787411 0.0379783474 -0.248550549 -0.96787411 0.0379783474 -0.248550698 -0.96787405 0.0379782952 -0.248550698 -0.96787405 0.0379782952 -0.248550698 -0.96787405 0.0379782952 -0.241389245 -0.968437493 0.0621294416 -0.241389245 -0.968437493 0.0621294416 -0.241389245 -0.968437493 0.0621294416 -0.241389126 -0.968437493 0.0621294715 -0.241389126 -0.968437493 0.0621294715 -0.241389126 -0.968437493 0.0621294715 -0.232124537 -0.96896261 0.0850271359 -0.232124537 -0.96896261 0.0850271359 -0.232124537 -0.96896261 0.0850271359 -0.232124299 -0.968962669 0.0850271657 -0.232124299 -0.968962669 0.0850271657 -0.232124299 -0.968962669 0.0850271657 -0.220969096 -0.969447076 0.106512882 -0.220969096 -0.969447076 0.106512882 -0.220969096 -0.969447076 0.106512882 -0.220969483 -0.969447017 0.106512859 -0.220969483 -0.969447017 0.106512859 -0.220969483 -0.969447017 0.106512859 -0.208113864 -0.969891429 0.126488224 -0.208113864 -0.969891429 0.126488224 -0.208113864 -0.969891429 0.126488224 -0.20811379 -0.969891429 0.126488224 -0.20811379 -0.969891429 0.126488224 -0.20811379 -0.969891429 0.126488224 -0.193717912 -0.970297873 0.144897968 -0.193717912 -0.970297873 0.144897968 -0.193717912 -0.970297873 0.144897968 -0.193717942 -0.970297873 0.144897982 -0.193717942 -0.970297873 0.144897982 -0.193717942 -0.970297873 0.144897982 -0.177911311 -0.970668375 0.161710992 -0.177911311 -0.970668375 0.161710992 -0.177911311 -0.970668375 0.161710992 -0.177910998 -0.970668435 0.161710918 -0.177910998 -0.970668435 0.161710918 -0.177910998 -0.970668435 0.161710918 -0.160795972 -0.971004307 0.176904753 -0.160795972 -0.971004307 0.176904753 -0.160795972 -0.971004307 0.176904753 -0.1607963 -0.971004248 0.176904857 -0.1607963 -0.971004248 0.176904857 -0.1607963 -0.971004248 0.176904857 -0.142455876 -0.971305311 0.190452918 -0.142455876 -0.971305311 0.190452918 -0.142455876 -0.971305311 0.190452918 -0.142455861 -0.971305311 0.190452918 -0.142455861 -0.971305311 0.190452918 -0.142455861 -0.971305311 0.190452918 -0.122964039 -0.971570075 0.202315152 -0.122964039 -0.971570075 0.202315152 -0.122964039 -0.971570075 0.202315152 -0.122963831 -0.971570134 0.202315032 -0.122963831 -0.971570134 0.202315032 -0.122963831 -0.971570134 0.202315032 -0.102397852 -0.971795797 0.212432623 -0.102397852 -0.971795797 0.212432623 -0.102397852 -0.971795797 0.212432623 -0.102398172 -0.971795738 0.212432832 -0.102398172 -0.971795738 0.212432832 -0.102398172 -0.971795738 0.212432832 -0.0808523372 -0.971978724 0.220726773 -0.0808523372 -0.971978724 0.220726773 -0.0808523372 -0.971978724 0.220726773 -0.0808521956 -0.971978724 0.220726669 -0.0808521956 -0.971978724 0.220726669 -0.0808521956 -0.971978724 0.220726669 -0.0584516414 -0.972115576 0.227100745 -0.0584516414 -0.972115576 0.227100745 -0.0584516414 -0.972115576 0.227100745 -0.0584517233 -0.972115517 0.227100834 -0.0584517233 -0.972115517 0.227100834 -0.0584517233 -0.972115517 0.227100834 -0.0353652239 -0.972204089 0.231448844 -0.0353652239 -0.972204089 0.231448844 -0.0353652239 -0.972204089 0.231448844 -0.0353651308 -0.972204089 0.231448725 -0.0353651308 -0.972204089 0.231448725 -0.0353651308 -0.972204089 0.231448725 -0.011815506 -0.972245097 0.233666226 -0.011815506 -0.972245097 0.233666226 -0.011815506 -0.972245097 0.233666226 -0.0118154921 -0.972245097 0.233666196 -0.0118154921 -0.972245097 0.233666196 -0.0118154921 -0.972245097 0.233666196 0.0118155042 -0.972245097 0.233666196 0.0118155042 -0.972245097 0.233666196 0.0118155042 -0.972245097 0.233666196 0.011815493 -0.972245097 0.233666226 0.011815493 -0.972245097 0.233666226 0.011815493 -0.972245097 0.233666226 0.0353652053 -0.972204089 0.23144871 0.0353652053 -0.972204089 0.23144871 0.0353652053 -0.972204089 0.23144871 0.0353651494 -0.972204089 0.231448844 0.0353651494 -0.972204089 0.231448844 0.0353651494 -0.972204089 0.231448844 0.0584516674 -0.972115517 0.227100834 0.0584516674 -0.972115517 0.227100834 0.0584516674 -0.972115517 0.227100834 0.0584516972 -0.972115576 0.22710073 0.0584516972 -0.972115576 0.22710073 0.0584516972 -0.972115576 0.22710073 0.080852285 -0.971978724 0.220726639 0.080852285 -0.971978724 0.220726639 0.080852285 -0.971978724 0.220726639 0.0808522478 -0.971978724 0.220726818 0.0808522478 -0.971978724 0.220726818 0.0808522478 -0.971978724 0.220726818 0.102397986 -0.971795738 0.212432891 0.102397986 -0.971795738 0.212432891 0.102397986 -0.971795738 0.212432891 0.10239803 -0.971795797 0.212432534 0.10239803 -0.971795797 0.212432534 0.10239803 -0.971795797 0.212432534 0.122963943 -0.971570134 0.202314973 0.122963943 -0.971570134 0.202314973 0.122963943 -0.971570134 0.202314973 0.122963935 -0.971570075 0.202315211 0.122963935 -0.971570075 0.202315211 0.122963935 -0.971570075 0.202315211 0.142455861 -0.971305311 0.190452904 0.142455861 -0.971305311 0.190452904 0.142455861 -0.971305311 0.190452904 0.142455876 -0.971305311 0.190452933 0.142455876 -0.971305311 0.190452933 0.142455876 -0.971305311 0.190452933 0.160796165 -0.971004248 0.176904961 0.160796165 -0.971004248 0.176904961 0.160796165 -0.971004248 0.176904961 0.160796106 -0.971004307 0.176904634 0.160796106 -0.971004307 0.176904634 0.160796106 -0.971004307 0.176904634 0.177911118 -0.970668435 0.161710814 0.177911118 -0.970668435 0.161710814 0.177911118 -0.970668435 0.161710814 0.177911207 -0.970668375 0.161711112 0.177911207 -0.970668375 0.161711112 0.177911207 -0.970668375 0.161711112 0.193717942 -0.970297873 0.144897997 0.193717942 -0.970297873 0.144897997 0.193717942 -0.970297873 0.144897997 0.193717927 -0.970297873 0.144897968 0.193717927 -0.970297873 0.144897968 0.193717927 -0.970297873 0.144897968 0.208113819 -0.969891429 0.126488194 0.208113819 -0.969891429 0.126488194 0.208113819 -0.969891429 0.126488194 0.208113849 -0.969891429 0.126488253 0.208113849 -0.969891429 0.126488253 0.208113849 -0.969891429 0.126488253 0.220969379 -0.969447017 0.106513016 0.220969379 -0.969447017 0.106513016 0.220969379 -0.969447017 0.106513016 0.220969185 -0.969447076 0.106512718 0.220969185 -0.969447076 0.106512718 0.220969185 -0.969447076 0.106512718 0.232124344 -0.968962669 0.0850270689 0.232124344 -0.968962669 0.0850270689 0.232124344 -0.968962669 0.0850270689 0.232124493 -0.96896261 0.0850272402 0.232124493 -0.96896261 0.0850272402 0.232124493 -0.96896261 0.0850272402 0.24138914 -0.968437493 0.0621294193 0.24138914 -0.968437493 0.0621294193 0.24138914 -0.968437493 0.0621294193 0.24138923 -0.968437493 0.0621294975 0.24138923 -0.968437493 0.0621294975 0.24138923 -0.968437493 0.0621294975 0.248550683 -0.96787405 0.037978366 0.248550683 -0.96787405 0.037978366 0.248550683 -0.96787405 0.037978366 0.248550564 -0.96787411 0.0379782766 0.248550564 -0.96787411 0.0379782766 0.248550564 -0.96787411 0.0379782766 0.253386736 -0.967280209 0.012812688 0.253386736 -0.967280209 0.012812688 0.253386736 -0.967280209 0.012812688 0.253386706 -0.967280209 0.0128126731 0.253386706 -0.967280209 0.0128126731 0.253386706 -0.967280209 0.0128126731 0.255678356 -0.96667546 -0.012928565 0.255678356 -0.96667546 -0.012928565 0.255678356 -0.96667546 -0.012928565 0.255678385 -0.96667546 -0.012928552 0.255678385 -0.96667546 -0.012928552 0.255678385 -0.96667546 -0.012928552 0.255334109 -0.966065407 -0.0390148722 0.255334109 -0.966065407 -0.0390148722 0.255334109 -0.966065407 -0.0390148722 0.255334258 -0.966065347 -0.0390148126 0.255334258 -0.966065347 -0.0390148126 0.255334258 -0.966065347 -0.0390148126 0.252357155 -0.965451717 -0.0649523959 0.252357155 -0.965451717 -0.0649523959 0.252357155 -0.965451717 -0.0649523959 0.252357036 -0.965451777 -0.0649524257 0.252357036 -0.965451777 -0.0649524257 0.252357036 -0.965451777 -0.0649524257 0.246804148 -0.96483928 -0.0904042497 0.246804148 -0.96483928 -0.0904042497 0.246804148 -0.96483928 -0.0904042497 0.246803865 -0.964839339 -0.0904042944 0.246803865 -0.964839339 -0.0904042944 0.246803865 -0.964839339 -0.0904042944 0.238758191 -0.964235127 -0.115087695 0.238758191 -0.964235127 -0.115087695 0.238758191 -0.964235127 -0.115087695 0.238758609 -0.964235008 -0.115087666 0.238758609 -0.964235008 -0.115087666 0.238758609 -0.964235008 -0.115087666 0.228314474 -0.963647544 -0.138765827 0.228314474 -0.963647544 -0.138765827 0.228314474 -0.963647544 -0.138765827 0.2283144 -0.963647544 -0.138765827 0.2283144 -0.963647544 -0.138765827 0.2283144 -0.963647544 -0.138765827 0.215565816 -0.963085175 -0.161239862 0.215565816 -0.963085175 -0.161239862 0.215565816 -0.963085175 -0.161239862 0.21556586 -0.963085175 -0.161239877 0.21556586 -0.963085175 -0.161239877 0.21556586 -0.963085175 -0.161239877 0.200600892 -0.962555647 -0.182334572 0.200600892 -0.962555647 -0.182334572 0.200600892 -0.962555647 -0.182334572 0.200600803 -0.962555647 -0.182334557 0.200600803 -0.962555647 -0.182334557 0.200600803 -0.962555647 -0.182334557 0.183501258 -0.962065458 -0.201884449 0.183501258 -0.962065458 -0.201884449 0.183501258 -0.962065458 -0.201884449 0.183501333 -0.962065458 -0.201884463 0.183501333 -0.962065458 -0.201884463 0.183501333 -0.962065458 -0.201884463 0.164347872 -0.961619735 -0.219720885 0.164347872 -0.961619735 -0.219720885 0.164347872 -0.961619735 -0.219720885 0.1643475 -0.961619854 -0.219720706 0.1643475 -0.961619854 -0.219720706 0.1643475 -0.961619854 -0.219720706 0.143230796 -0.961222649 -0.235660776 0.143230796 -0.961222649 -0.235660776 0.143230796 -0.961222649 -0.235660776 0.143231213 -0.961222529 -0.23566103 0.143231213 -0.961222529 -0.23566103 0.143231213 -0.961222529 -0.23566103 0.120266475 -0.960877061 -0.249502063 0.120266475 -0.960877061 -0.249502063 0.120266475 -0.960877061 -0.249502063 0.120266192 -0.96087712 -0.249501854 0.120266192 -0.96087712 -0.249501854 0.120266192 -0.96087712 -0.249501854 0.0956117809 -0.960586607 -0.261020631 0.0956117809 -0.960586607 -0.261020631 0.0956117809 -0.960586607 -0.261020631 0.0956119224 -0.960586548 -0.26102075 0.0956119224 -0.960586548 -0.26102075 0.0956119224 -0.960586548 -0.26102075 0.0694883913 -0.960355043 -0.269980758 0.0694883913 -0.960355043 -0.269980758 0.0694883913 -0.960355043 -0.269980758 0.0694881976 -0.960355103 -0.26998052 0.0694881976 -0.960355103 -0.26998052 0.0694881976 -0.960355103 -0.26998052 0.0421950445 -0.960188806 -0.276146829 0.0421950445 -0.960188806 -0.276146829 0.0421950445 -0.960188806 -0.276146829 0.0421952084 -0.960188687 -0.276147068 0.0421952084 -0.960188687 -0.276147068 0.0421952084 -0.960188687 -0.276147068 0.0141234603 -0.960097432 -0.279308856 0.0141234603 -0.960097432 -0.279308856 0.0141234603 -0.960097432 -0.279308856 0.0141234435 -0.960097432 -0.279308826 0.0141234435 -0.960097432 -0.279308826 0.0141234435 -0.960097432 -0.279308826 -0.0141234584 -0.960097432 -0.279308826 -0.0141234584 -0.960097432 -0.279308826 -0.0141234584 -0.960097432 -0.279308826 -0.0141234444 -0.960097432 -0.279308856 -0.0141234444 -0.960097432 -0.279308856 -0.0141234444 -0.960097432 -0.279308856 -0.0421950817 -0.960188687 -0.276147068 -0.0421950817 -0.960188687 -0.276147068 -0.0421950817 -0.960188687 -0.276147068 -0.0421951674 -0.960188806 -0.276146799 -0.0421951674 -0.960188806 -0.276146799 -0.0421951674 -0.960188806 -0.276146799 -0.0694883317 -0.960355103 -0.26998049 -0.0694883317 -0.960355103 -0.26998049 -0.0694883317 -0.960355103 -0.26998049 -0.0694882646 -0.960354984 -0.269980788 -0.0694882646 -0.960354984 -0.269980788 -0.0694882646 -0.960354984 -0.269980788 -0.0956118405 -0.960586548 -0.26102078 -0.0956118405 -0.960586548 -0.26102078 -0.0956118405 -0.960586548 -0.26102078 -0.0956118628 -0.960586607 -0.261020571 -0.0956118628 -0.960586607 -0.261020571 -0.0956118628 -0.960586607 -0.261020571 -0.120266341 -0.96087712 -0.249501795 -0.120266341 -0.96087712 -0.249501795 -0.120266341 -0.96087712 -0.249501795 -0.120266333 -0.960877061 -0.249502152 -0.120266333 -0.960877061 -0.249502152 -0.120266333 -0.960877061 -0.249502152 -0.143231019 -0.961222529 -0.235661149 -0.143231019 -0.961222529 -0.235661149 -0.143231019 -0.961222529 -0.235661149 -0.143230975 -0.961222649 -0.235660642 -0.143230975 -0.961222649 -0.235660642 -0.143230975 -0.961222649 -0.235660642 -0.164347649 -0.961619854 -0.219720587 -0.164347649 -0.961619854 -0.219720587 -0.164347649 -0.961619854 -0.219720587 -0.164347723 -0.961619735 -0.219721019 -0.164347723 -0.961619735 -0.219721019 -0.164347723 -0.961619735 -0.219721019 -0.183501303 -0.962065458 -0.201884493 -0.183501303 -0.962065458 -0.201884493 -0.183501303 -0.962065458 -0.201884493 -0.183501273 -0.962065458 -0.201884404 -0.183501273 -0.962065458 -0.201884404 -0.183501273 -0.962065458 -0.201884404 -0.200600833 -0.962555647 -0.182334527 -0.200600833 -0.962555647 -0.182334527 -0.200600833 -0.962555647 -0.182334527 -0.200600863 -0.962555647 -0.182334617 -0.200600863 -0.962555647 -0.182334617 -0.200600863 -0.962555647 -0.182334617 -0.215565845 -0.963085175 -0.161239892 -0.215565845 -0.963085175 -0.161239892 -0.215565845 -0.963085175 -0.161239892 -0.21556583 -0.963085175 -0.161239848 -0.21556583 -0.963085175 -0.161239848 -0.21556583 -0.963085175 -0.161239848 -0.228314415 -0.963647544 -0.138765797 -0.228314415 -0.963647544 -0.138765797 -0.228314415 -0.963647544 -0.138765797 0.26977843 -0.931176782 -0.245213062 0.26977843 -0.931176782 -0.245213062 0.26977843 -0.931176782 -0.245213062 0.246080145 -0.930671036 -0.270732403 0.246080145 -0.930671036 -0.270732403 0.246080145 -0.930671036 -0.270732403 0.246080205 -0.930670917 -0.270732731 0.246080205 -0.930670917 -0.270732731 0.246080205 -0.930670917 -0.270732731 0.219825387 -0.930217743 -0.293890625 0.219825387 -0.930217743 -0.293890625 0.219825387 -0.930217743 -0.293890625 0.219825372 -0.930217922 -0.293890268 0.219825372 -0.930217922 -0.293890268 0.219825372 -0.930217922 -0.293890268 0.191139773 -0.929819405 -0.314486116 0.191139773 -0.929819405 -0.314486116 0.191139773 -0.929819405 -0.314486116 0.191139758 -0.929819345 -0.314486235 0.191139758 -0.929819345 -0.314486235 0.191139758 -0.929819345 -0.314486235 0.160174176 -0.929475725 -0.332293659 0.160174176 -0.929475725 -0.332293659 0.160174176 -0.929475725 -0.332293659 0.160174176 -0.929475784 -0.33229363 0.160174176 -0.929475784 -0.33229363 0.160174176 -0.929475784 -0.33229363 0.127127632 -0.929187 -0.34705916 0.127127632 -0.929187 -0.34705916 0.127127632 -0.929187 -0.34705916 0.127127662 -0.929187059 -0.347059011 0.127127662 -0.929187059 -0.347059011 0.127127662 -0.929187059 -0.347059011 0.0922740623 -0.928954542 -0.358509302 0.0922740623 -0.928954542 -0.358509302 0.0922740623 -0.928954542 -0.358509302 0.0922740251 -0.928954542 -0.358509421 0.0922740251 -0.928954542 -0.358509421 0.0922740251 -0.928954542 -0.358509421 0.0559814349 -0.928783476 -0.366370499 0.0559814349 -0.928783476 -0.366370499 0.0559814349 -0.928783476 -0.366370499 0.0559812821 -0.928783357 -0.366370857 0.0559812821 -0.928783357 -0.366370857 0.0559812821 -0.928783357 -0.366370857 0.0187288839 -0.928685725 -0.370394468 0.0187288839 -0.928685725 -0.370394468 0.0187288839 -0.928685725 -0.370394468 0.0187291969 -0.928685963 -0.370393902 0.0187291969 -0.928685963 -0.370393902 0.0187291969 -0.928685963 -0.370393902 -0.018728856 -0.928685963 -0.370393902 -0.018728856 -0.928685963 -0.370393902 -0.018728856 -0.928685963 -0.370393902 -0.0187292248 -0.928685725 -0.370394439 -0.0187292248 -0.928685725 -0.370394439 -0.0187292248 -0.928685725 -0.370394439 -0.055981487 -0.928783357 -0.366370827 -0.055981487 -0.928783357 -0.366370827 -0.055981487 -0.928783357 -0.366370827 -0.0559812337 -0.928783476 -0.366370529 -0.0559812337 -0.928783476 -0.366370529 -0.0559812337 -0.928783476 -0.366370529 -0.0922740921 -0.928954542 -0.358509421 -0.0922740921 -0.928954542 -0.358509421 -0.0922740921 -0.928954542 -0.358509421 -0.0922740027 -0.928954542 -0.358509332 -0.0922740027 -0.928954542 -0.358509332 -0.0922740027 -0.928954542 -0.358509332 -0.127127588 -0.929187059 -0.347059041 -0.127127588 -0.929187059 -0.347059041 -0.127127588 -0.929187059 -0.347059041 -0.127127707 -0.929187 -0.347059131 -0.127127707 -0.929187 -0.347059131 -0.127127707 -0.929187 -0.347059131 -0.160174161 -0.929475784 -0.33229363 -0.160174161 -0.929475784 -0.33229363 -0.160174161 -0.929475784 -0.33229363 -0.160174191 -0.929475725 -0.332293659 -0.160174191 -0.929475725 -0.332293659 -0.160174191 -0.929475725 -0.332293659 -0.191139817 -0.929819345 -0.314486206 -0.191139817 -0.929819345 -0.314486206 -0.191139817 -0.929819345 -0.314486206 -0.191139713 -0.929819405 -0.314486146 -0.191139713 -0.929819405 -0.314486146 -0.191139713 -0.929819405 -0.314486146 -0.219825208 -0.930217922 -0.293890357 -0.219825208 -0.930217922 -0.293890357 -0.219825208 -0.930217922 -0.293890357 -0.219825536 -0.930217803 -0.293890476 -0.219825536 -0.930217803 -0.293890476 -0.219825536 -0.930217803 -0.293890476 -0.246080339 -0.930670917 -0.270732611 -0.246080339 -0.930670917 -0.270732611 -0.246080339 -0.930670917 -0.270732611 -0.246080011 -0.930671036 -0.270732522 -0.246080011 -0.930671036 -0.270732522 -0.246080011 -0.930671036 -0.270732522 -0.26977849 -0.931176782 -0.245213017 -0.26977849 -0.931176782 -0.245213017 -0.26977849 -0.931176782 -0.245213017 -0.283453643 -0.949202716 -0.136631802 -0.283453643 -0.949202716 -0.136631802 -0.283453643 -0.949202716 -0.136631802 -0.283453614 -0.949202716 -0.136631757 -0.283453614 -0.949202716 -0.136631757 -0.283453614 -0.949202716 -0.136631757 -0.293530703 -0.949883699 -0.107520349 -0.293530703 -0.949883699 -0.107520349 -0.293530703 -0.949883699 -0.107520349 -0.293530613 -0.949883759 -0.107520252 -0.293530613 -0.949883759 -0.107520252 -0.293530613 -0.949883759 -0.107520252 -0.300690234 -0.950576544 -0.0773925781 -0.300690234 -0.950576544 -0.0773925781 -0.300690234 -0.950576544 -0.0773925781 -0.300689965 -0.950576663 -0.077392295 -0.300689965 -0.950576663 -0.077392295 -0.300689965 -0.950576663 -0.077392295 -0.304811537 -0.951273203 -0.0465748906 -0.304811537 -0.951273203 -0.0465748906 -0.304811537 -0.951273203 -0.0465748906 -0.304811776 -0.951273143 -0.0465750955 -0.304811776 -0.951273143 -0.0465750955 -0.304811776 -0.951273143 -0.0465750955 -0.305803239 -0.951969147 -0.015463151 -0.305803239 -0.951969147 -0.015463151 -0.305803239 -0.951969147 -0.015463151 -0.30580321 -0.951969147 -0.0154631305 -0.30580321 -0.951969147 -0.0154631305 -0.30580321 -0.951969147 -0.0154631305 -0.303633392 -0.95266521 0.0153534301 -0.303633392 -0.95266521 0.0153534301 -0.303633392 -0.95266521 0.0153534301 -0.303633422 -0.95266521 0.0153534133 -0.303633422 -0.95266521 0.0153534133 -0.303633422 -0.95266521 0.0153534133 -0.298389107 -0.953354716 0.045593556 -0.298389107 -0.953354716 0.045593556 -0.298389107 -0.953354716 0.045593556 -0.298388809 -0.953354776 0.0455936641 -0.298388809 -0.953354776 0.0455936641 -0.298388809 -0.953354776 0.0455936641 -0.290306598 -0.954012036 0.0747200027 -0.290306598 -0.954012036 0.0747200027 -0.290306598 -0.954012036 0.0747200027 -0.290306956 -0.954011977 0.0747199059 -0.290306956 -0.954011977 0.0747199059 -0.290306956 -0.954011977 0.0747199059 -0.279635608 -0.95462656 0.102430567 -0.279635608 -0.95462656 0.102430567 -0.279635608 -0.95462656 0.102430567 -0.279635787 -0.954626501 0.10243053 -0.279635787 -0.954626501 0.10243053 -0.279635787 -0.954626501 0.10243053 -0.266618848 -0.955195129 0.128517017 -0.266618848 -0.955195129 0.128517017 -0.266618848 -0.955195129 0.128517017 -0.266618788 -0.955195189 0.128517017 -0.266618788 -0.955195189 0.128517017 -0.266618788 -0.955195189 0.128517017 -0.251477301 -0.955718517 0.152843863 -0.251477301 -0.955718517 0.152843863 -0.251477301 -0.955718517 0.152843863 -0.251476914 -0.955718637 0.152843863 -0.251476914 -0.955718637 0.152843863 -0.251476914 -0.955718637 0.152843863 -0.23439987 -0.956199229 0.17532742 -0.23439987 -0.956199229 0.17532742 -0.23439987 -0.956199229 0.17532742 -0.234400004 -0.956199229 0.17532742 -0.234400004 -0.956199229 0.17532742 -0.234400004 -0.956199229 0.17532742 -0.215541512 -0.956639528 0.195914909 -0.215541512 -0.956639528 0.195914909 -0.215541512 -0.956639528 0.195914909 -0.21554172 -0.956639469 0.195914939 -0.21554172 -0.956639469 0.195914939 -0.21554172 -0.956639469 0.195914939 -0.195026293 -0.957040787 0.214563996 -0.195026293 -0.957040787 0.214563996 -0.195026293 -0.957040787 0.214563996 -0.195026219 -0.957040787 0.214563966 -0.195026219 -0.957040787 0.214563966 -0.195026219 -0.957040787 0.214563966 -0.172955632 -0.957402527 0.231228858 -0.172955632 -0.957402527 0.231228858 -0.172955632 -0.957402527 0.231228858 -0.172955602 -0.957402527 0.231228843 -0.172955602 -0.957402527 0.231228843 -0.172955602 -0.957402527 0.231228843 -0.149422482 -0.957722127 0.245848015 -0.149422482 -0.957722127 0.245848015 -0.149422482 -0.957722127 0.245848015 -0.149422571 -0.957722127 0.24584806 -0.149422571 -0.957722127 0.24584806 -0.149422571 -0.957722127 0.24584806 -0.124525443 -0.957995355 0.258337557 -0.124525443 -0.957995355 0.258337557 -0.124525443 -0.957995355 0.258337557 -0.124525078 -0.957995474 0.258337319 -0.124525078 -0.957995474 0.258337319 -0.124525078 -0.957995474 0.258337319 -0.0983843729 -0.958217204 0.268589556 -0.0983843729 -0.958217204 0.268589556 -0.0983843729 -0.958217204 0.268589556 -0.0983846262 -0.958217084 0.268589735 -0.0983846262 -0.958217084 0.268589735 -0.0983846262 -0.958217084 0.268589735 -0.0711602792 -0.958382308 0.276477039 -0.0711602792 -0.958382308 0.276477039 -0.0711602792 -0.958382308 0.276477039 -0.0711603463 -0.958382308 0.276477098 -0.0711603463 -0.958382308 0.276477098 -0.0711603463 -0.958382308 0.276477098 -0.0430680774 -0.958488107 0.281861037 -0.0430680774 -0.958488107 0.281861037 -0.0430680774 -0.958488107 0.281861037 -0.0430682562 -0.958488047 0.281861216 -0.0430682562 -0.958488047 0.281861216 -0.0430682562 -0.958488047 0.281861216 -0.0143913897 -0.958536029 0.284607828 -0.0143913897 -0.958536029 0.284607828 -0.0143913897 -0.958536029 0.284607828 -0.0143911215 -0.958536148 0.28460744 -0.0143911215 -0.958536148 0.28460744 -0.0143911215 -0.958536148 0.28460744 0.0143913701 -0.958536148 0.28460741 0.0143913701 -0.958536148 0.28460741 0.0143913701 -0.958536148 0.28460741 0.0143911419 -0.958536029 0.284607828 0.0143911419 -0.958536029 0.284607828 0.0143911419 -0.958536029 0.284607828 0.0430681109 -0.958488047 0.281861246 0.0430681109 -0.958488047 0.281861246 0.0430681109 -0.958488047 0.281861246 0.043068219 -0.958488107 0.281861007 0.043068219 -0.958488107 0.281861007 0.043068219 -0.958488107 0.281861007 0.0711603016 -0.958382308 0.276477098 0.0711603016 -0.958382308 0.276477098 0.0711603016 -0.958382308 0.276477098 0.0711603239 -0.958382308 0.276477039 0.0711603239 -0.958382308 0.276477039 0.0711603239 -0.958382308 0.276477039 0.0983844623 -0.958217084 0.268589795 0.0983844623 -0.958217084 0.268589795 0.0983844623 -0.958217084 0.268589795 0.0983845294 -0.958217204 0.268589497 0.0983845294 -0.958217204 0.268589497 0.0983845294 -0.958217204 0.268589497 0.124525294 -0.957995474 0.258337229 0.124525294 -0.957995474 0.258337229 0.124525294 -0.957995474 0.258337229 0.124525234 -0.957995355 0.258337647 0.124525234 -0.957995355 0.258337647 0.124525234 -0.957995355 0.258337647 0.149422526 -0.957722127 0.245848089 0.149422526 -0.957722127 0.245848089 0.149422526 -0.957722127 0.245848089 0.149422526 -0.957722127 0.245848 0.149422526 -0.957722127 0.245848 0.149422526 -0.957722127 0.245848 0.172955617 -0.957402527 0.231228828 0.172955617 -0.957402527 0.231228828 0.172955617 -0.957402527 0.231228828 0.172955617 -0.957402527 0.231228873 0.172955617 -0.957402527 0.231228873 0.172955617 -0.957402527 0.231228873 0.195026249 -0.957040787 0.214563951 0.195026249 -0.957040787 0.214563951 0.195026249 -0.957040787 0.214563951 0.195026264 -0.957040787 0.214564025 0.195026264 -0.957040787 0.214564025 0.195026264 -0.957040787 0.214564025 0.215541631 -0.956639469 0.195915014 0.215541631 -0.956639469 0.195915014 0.215541631 -0.956639469 0.195915014 0.215541586 -0.956639528 0.19591482 0.215541586 -0.956639528 0.19591482 0.215541586 -0.956639528 0.19591482 0.234399959 -0.956199229 0.17532748 0.234399959 -0.956199229 0.17532748 0.234399959 -0.956199229 0.17532748 0.234399915 -0.956199229 0.175327361 0.234399915 -0.956199229 0.175327361 0.234399915 -0.956199229 0.175327361 0.251477033 -0.955718637 0.152843714 0.251477033 -0.955718637 0.152843714 0.251477033 -0.955718637 0.152843714 0.251477182 -0.955718517 0.152844027 0.251477182 -0.955718517 0.152844027 0.251477182 -0.955718517 0.152844027 0.266618818 -0.955195189 0.128516987 0.266618818 -0.955195189 0.128516987 0.266618818 -0.955195189 0.128516987 0.266618848 -0.955195129 0.128517032 0.266618848 -0.955195129 0.128517032 0.266618848 -0.955195129 0.128517032 0.279635757 -0.95462656 0.102430619 0.279635757 -0.95462656 0.102430619 0.279635757 -0.95462656 0.102430619 0.279635638 -0.95462656 0.10243047 0.279635638 -0.95462656 0.10243047 0.279635638 -0.95462656 0.10243047 0.290306896 -0.954011977 0.0747200772 0.290306896 -0.954011977 0.0747200772 0.290306896 -0.954011977 0.0747200772 0.290306658 -0.954012036 0.0747198313 0.290306658 -0.954012036 0.0747198313 0.290306658 -0.954012036 0.0747198313 0.298388869 -0.953354776 0.0455935188 0.298388869 -0.953354776 0.0455935188 0.298388869 -0.953354776 0.0455935188 0.298389077 -0.953354716 0.045593705 0.298389077 -0.953354716 0.045593705 0.298389077 -0.953354716 0.045593705 0.303633422 -0.95266521 0.0153534319 0.303633422 -0.95266521 0.0153534319 0.303633422 -0.95266521 0.0153534319 0.303633392 -0.95266521 0.0153534114 0.303633392 -0.95266521 0.0153534114 0.303633392 -0.95266521 0.0153534114 0.30580321 -0.951969147 -0.0154631501 0.30580321 -0.951969147 -0.0154631501 0.30580321 -0.951969147 -0.0154631501 0.305803239 -0.951969147 -0.0154631324 0.305803239 -0.951969147 -0.0154631324 0.305803239 -0.951969147 -0.0154631324 0.304811776 -0.951273143 -0.0465749316 0.304811776 -0.951273143 -0.0465749316 0.304811776 -0.951273143 -0.0465749316 0.304811507 -0.951273203 -0.0465750508 0.304811507 -0.951273203 -0.0465750508 0.304811507 -0.951273203 -0.0465750508 0.300689936 -0.950576663 -0.0773924962 0.300689936 -0.950576663 -0.0773924962 0.300689936 -0.950576663 -0.0773924962 0.300690293 -0.950576544 -0.077392377 0.300690293 -0.950576544 -0.077392377 0.300690293 -0.950576544 -0.077392377 0.293530613 -0.949883759 -0.107520312 0.293530613 -0.949883759 -0.107520312 0.293530613 -0.949883759 -0.107520312 0.293530732 -0.949883699 -0.10752029 0.293530732 -0.949883699 -0.10752029 0.293530732 -0.949883699 -0.10752029 0.283453584 -0.949202716 -0.136631772 0.283453584 -0.949202716 -0.136631772 0.283453584 -0.949202716 -0.136631772 0.283453643 -0.949202716 -0.136631772 0.283453643 -0.949202716 -0.136631772 0.283453643 -0.949202716 -0.136631772 0.27058956 -0.948543191 -0.164459988 0.27058956 -0.948543191 -0.164459988 0.27058956 -0.948543191 -0.164459988 0.270589024 -0.94854337 -0.164459988 0.270589024 -0.94854337 -0.164459988 0.270589024 -0.94854337 -0.164459988 0.255064994 -0.947915137 -0.190784588 0.255064994 -0.947915137 -0.190784588 0.255064994 -0.947915137 -0.190784588 0.255065292 -0.947915018 -0.190784618 0.255065292 -0.947915018 -0.190784618 0.255065292 -0.947915018 -0.190784618 0.236996964 -0.947326839 -0.215416566 0.236996964 -0.947326839 -0.215416566 0.236996964 -0.947326839 -0.215416566 0.236997023 -0.947326839 -0.215416566 0.236997023 -0.947326839 -0.215416566 0.236997023 -0.947326839 -0.215416566 0.216490194 -0.946785688 -0.238178149 0.216490194 -0.946785688 -0.238178149 0.216490194 -0.946785688 -0.238178149 0.216489911 -0.946785808 -0.238178074 0.216489911 -0.946785808 -0.238178074 0.216489911 -0.946785808 -0.238178074 0.19364509 -0.946296871 -0.258889467 0.19364509 -0.946296871 -0.258889467 0.19364509 -0.946296871 -0.258889467 0.193645433 -0.946296811 -0.258889616 0.193645433 -0.946296811 -0.258889616 0.193645433 -0.946296811 -0.258889616 0.168571994 -0.945863545 -0.277354687 0.168571994 -0.945863545 -0.277354687 0.168571994 -0.945863545 -0.277354687 0.168571696 -0.945863664 -0.277354509 0.168571696 -0.945863664 -0.277354509 0.168571696 -0.945863664 -0.277354509 0.141404077 -0.945488393 -0.293354124 0.141404077 -0.945488393 -0.293354124 0.141404077 -0.945488393 -0.293354124 0.141404435 -0.945488214 -0.293354362 0.141404435 -0.945488214 -0.293354362 0.141404435 -0.945488214 -0.293354362 0.112324215 -0.945172966 -0.306645334 0.112324215 -0.945172966 -0.306645334 0.112324215 -0.945172966 -0.306645334 0.112324111 -0.945172966 -0.306645244 0.112324111 -0.945172966 -0.306645244 0.112324111 -0.945172966 -0.306645244 0.0815819427 -0.944920957 -0.316968024 0.0815819427 -0.944920957 -0.316968024 0.0815819427 -0.944920957 -0.316968024 0.0815820172 -0.944920957 -0.316968113 0.0815820172 -0.944920957 -0.316968113 0.0815820172 -0.944920957 -0.316968113 0.0495168641 -0.944738448 -0.324063718 0.0495168641 -0.944738448 -0.324063718 0.0495168641 -0.944738448 -0.324063718 0.0495167561 -0.944738507 -0.324063599 0.0495167561 -0.944738507 -0.324063599 0.0495167561 -0.944738507 -0.324063599 0.0165703092 -0.944636941 -0.327698678 0.0165703092 -0.944636941 -0.327698678 0.0165703092 -0.944636941 -0.327698678 0.016570285 -0.944637001 -0.327698648 0.016570285 -0.944637001 -0.327698648 0.016570285 -0.944637001 -0.327698648 -0.0165703073 -0.944637001 -0.327698648 -0.0165703073 -0.944637001 -0.327698648 -0.0165703073 -0.944637001 -0.327698648 -0.0165702868 -0.944636941 -0.327698678 -0.0165702868 -0.944636941 -0.327698678 -0.0165702868 -0.944636941 -0.327698678 -0.0495168418 -0.944738507 -0.324063599 -0.0495168418 -0.944738507 -0.324063599 -0.0495168418 -0.944738507 -0.324063599 -0.0495167822 -0.944738448 -0.324063748 -0.0495167822 -0.944738448 -0.324063748 -0.0495167822 -0.944738448 -0.324063748 -0.0815819651 -0.944920957 -0.316968113 -0.0815819651 -0.944920957 -0.316968113 -0.0815819651 -0.944920957 -0.316968113 -0.0815819949 -0.944920957 -0.316968024 -0.0815819949 -0.944920957 -0.316968024 -0.0815819949 -0.944920957 -0.316968024 -0.112324178 -0.945172966 -0.306645244 -0.112324178 -0.945172966 -0.306645244 -0.112324178 -0.945172966 -0.306645244 -0.112324156 -0.945172966 -0.306645364 -0.112324156 -0.945172966 -0.306645364 -0.112324156 -0.945172966 -0.306645364 -0.141404241 -0.945488214 -0.293354452 -0.141404241 -0.945488214 -0.293354452 -0.141404241 -0.945488214 -0.293354452 -0.141404271 -0.945488393 -0.293354005 -0.141404271 -0.945488393 -0.293354005 -0.141404271 -0.945488393 -0.293354005 -0.168571845 -0.945863664 -0.277354419 -0.168571845 -0.945863664 -0.277354419 -0.168571845 -0.945863664 -0.277354419 -0.168571845 -0.945863545 -0.277354777 -0.168571845 -0.945863545 -0.277354777 -0.168571845 -0.945863545 -0.277354777 -0.193645284 -0.946296811 -0.258889735 -0.193645284 -0.946296811 -0.258889735 -0.193645284 -0.946296811 -0.258889735 -0.193645239 -0.94629693 -0.258889347 -0.193645239 -0.94629693 -0.258889347 -0.193645239 -0.94629693 -0.258889347 -0.21649003 -0.946785808 -0.23817797 -0.21649003 -0.946785808 -0.23817797 -0.21649003 -0.946785808 -0.23817797 -0.21649009 -0.946785688 -0.238178268 -0.21649009 -0.946785688 -0.238178268 -0.21649009 -0.946785688 -0.238178268 -0.236997008 -0.947326839 -0.215416595 -0.236997008 -0.947326839 -0.215416595 -0.236997008 -0.947326839 -0.215416595 -0.236996979 -0.947326839 -0.215416521 -0.236996979 -0.947326839 -0.215416521 -0.236996979 -0.947326839 -0.215416521 -0.255065203 -0.947915018 -0.190784752 -0.255065203 -0.947915018 -0.190784752 -0.255065203 -0.947915018 -0.190784752 -0.299059123 -0.91469866 -0.271827251 -0.299059123 -0.91469866 -0.271827251 -0.299059123 -0.91469866 -0.271827251 -0.336841226 -0.890392363 -0.306168944 -0.336841226 -0.890392363 -0.306168944 -0.336841226 -0.890392363 -0.306168944 -0.336841196 -0.890392363 -0.306169063 -0.336841196 -0.890392363 -0.306169063 -0.336841196 -0.890392363 -0.306169063 -0.377276719 -0.860271096 -0.342922598 -0.377276719 -0.860271096 -0.342922598 -0.377276719 -0.860271096 -0.342922598 -0.377276748 -0.860271096 -0.342922509 -0.377276748 -0.860271096 -0.342922509 -0.377276748 -0.860271096 -0.342922509 -0.408038467 -0.834236383 -0.370883137 -0.408038467 -0.834236383 -0.370883137 -0.408038467 -0.834236383 -0.370883137 -0.408038378 -0.834236324 -0.370883286 -0.408038378 -0.834236324 -0.370883286 -0.408038378 -0.834236324 -0.370883286 -0.43106401 -0.812814236 -0.391812235 -0.43106401 -0.812814236 -0.391812235 -0.43106401 -0.812814236 -0.391812235 -0.422803372 -0.810958743 -0.404454231 -0.422803372 -0.810958743 -0.404454231 -0.422803372 -0.810958743 -0.404454231 -0.200430676 -0.978348792 -0.0515872203 -0.200430676 -0.978348792 -0.0515872203 -0.200430676 -0.978348792 -0.0515872203 -0.200431019 -0.978348672 -0.0515874997 -0.200431019 -0.978348672 -0.0515874997 -0.200431019 -0.978348672 -0.0515874997 -0.202441633 -0.978805661 -0.0309329927 -0.202441633 -0.978805661 -0.0309329927 -0.202441633 -0.978805661 -0.0309329927 -0.202441543 -0.978805661 -0.0309329275 -0.202441543 -0.978805661 -0.0309329275 -0.202441543 -0.978805661 -0.0309329275 -0.202359602 -0.979257822 -0.0102324728 -0.202359602 -0.979257822 -0.0102324728 -0.202359602 -0.979257822 -0.0102324728 -0.202359572 -0.979257822 -0.0102324616 -0.202359572 -0.979257822 -0.0102324616 -0.202359572 -0.979257822 -0.0102324616 -0.200199485 -0.97970283 0.0101232445 -0.200199485 -0.97970283 0.0101232445 -0.200199485 -0.97970283 0.0101232445 -0.200199515 -0.97970283 0.0101232361 -0.200199515 -0.97970283 0.0101232361 -0.200199515 -0.97970283 0.0101232361 -0.196046978 -0.980136812 0.0299558956 -0.196046978 -0.980136812 0.0299558956 -0.196046978 -0.980136812 0.0299558956 -0.196047112 -0.980136812 0.0299558584 -0.196047112 -0.980136812 0.0299558584 -0.196047112 -0.980136812 0.0299558584 -0.190090835 -0.980546653 0.0489259325 -0.190090835 -0.980546653 0.0489259325 -0.190090835 -0.980546653 0.0489259325 -0.190090448 -0.980546713 0.0489260145 -0.190090448 -0.980546713 0.0489260145 -0.190090448 -0.980546713 0.0489260145 -0.182515472 -0.980927348 0.0668555349 -0.182515472 -0.980927348 0.0668555349 -0.182515472 -0.980927348 0.0668555349 -0.182515845 -0.980927289 0.0668554902 -0.182515845 -0.980927289 0.0668554902 -0.182515845 -0.980927289 0.0668554902 -0.17349644 -0.981277287 0.0836296901 -0.17349644 -0.981277287 0.0836296901 -0.17349644 -0.981277287 0.0836296901 -0.173496187 -0.981277287 0.0836296976 -0.173496187 -0.981277287 0.0836296976 -0.173496187 -0.981277287 0.0836296976 -0.163186014 -0.981597304 0.0991819203 -0.163186014 -0.981597304 0.0991819203 -0.163186014 -0.981597304 0.0991819203 -0.163186207 -0.981597245 0.0991819277 -0.163186207 -0.981597245 0.0991819277 -0.163186207 -0.981597245 0.0991819277 -0.151712939 -0.981888831 0.113478869 -0.151712939 -0.981888831 0.113478869 -0.151712939 -0.981888831 0.113478869 -0.15171288 -0.98188889 0.113478862 -0.15171288 -0.98188889 0.113478862 -0.15171288 -0.98188889 0.113478862 -0.139178619 -0.982153594 0.12650539 -0.139178619 -0.982153594 0.12650539 -0.139178619 -0.982153594 0.12650539 -0.139178857 -0.982153535 0.126505449 -0.139178857 -0.982153535 0.126505449 -0.139178857 -0.982153535 0.126505449 -0.125663489 -0.98239249 0.138252392 -0.125663489 -0.98239249 0.138252392 -0.125663489 -0.98239249 0.138252392 -0.125663146 -0.98239255 0.138252273 -0.125663146 -0.98239255 0.138252273 -0.125663146 -0.98239255 0.138252273 -0.111230239 -0.982605815 0.148706749 -0.111230239 -0.982605815 0.148706749 -0.111230239 -0.982605815 0.148706749 -0.111230448 -0.982605755 0.148706838 -0.111230448 -0.982605755 0.148706838 -0.111230448 -0.982605755 0.148706838 -0.0959357396 -0.982792616 0.157844931 -0.0959357396 -0.982792616 0.157844931 -0.0959357396 -0.982792616 0.157844931 -0.0959357247 -0.982792616 0.157844931 -0.0959357247 -0.982792616 0.157844931 -0.0959357247 -0.982792616 0.157844931 -0.0798367411 -0.982951462 0.165627733 -0.0798367411 -0.982951462 0.165627733 -0.0798367411 -0.982951462 0.165627733 -0.0798367187 -0.982951462 0.165627718 -0.0798367187 -0.982951462 0.165627718 -0.0798367187 -0.982951462 0.165627718 -0.0630037114 -0.983080149 0.171999976 -0.0630037114 -0.983080149 0.171999976 -0.0630037114 -0.983080149 0.171999976 -0.0630036667 -0.983080149 0.171999931 -0.0630036667 -0.983080149 0.171999931 -0.0630036667 -0.983080149 0.171999931 -0.0455289744 -0.983176529 0.176892713 -0.0455289744 -0.983176529 0.176892713 -0.0455289744 -0.983176529 0.176892713 -0.0455290079 -0.983176529 0.176892743 -0.0455290079 -0.983176529 0.176892743 -0.0455290079 -0.983176529 0.176892743 -0.0275388006 -0.983239233 0.180228263 -0.0275388006 -0.983239233 0.180228263 -0.0275388006 -0.983239233 0.180228263 -0.027538741 -0.983239233 0.180228189 -0.027538741 -0.983239233 0.180228189 -0.027538741 -0.983239233 0.180228189 -0.00919937715 -0.983268678 0.181928873 -0.00919937715 -0.983268678 0.181928873 -0.00919937715 -0.983268678 0.181928873 -0.00919936784 -0.983268678 0.181928858 -0.00919936784 -0.983268678 0.181928858 -0.00919936784 -0.983268678 0.181928858 0.00919937622 -0.983268678 0.181928858 0.00919937622 -0.983268678 0.181928858 0.00919937622 -0.983268678 0.181928858 0.00919936877 -0.983268678 0.181928873 0.00919936877 -0.983268678 0.181928873 0.00919936877 -0.983268678 0.181928873 0.0275387894 -0.983239233 0.180228174 0.0275387894 -0.983239233 0.180228174 0.0275387894 -0.983239233 0.180228174 0.027538754 -0.983239233 0.180228263 0.027538754 -0.983239233 0.180228263 0.027538754 -0.983239233 0.180228263 0.0455289856 -0.983176529 0.176892757 0.0455289856 -0.983176529 0.176892757 0.0455289856 -0.983176529 0.176892757 0.0455289967 -0.983176529 0.176892713 0.0455289967 -0.983176529 0.176892713 0.0455289967 -0.983176529 0.176892713 0.0630036965 -0.983080149 0.171999931 0.0630036965 -0.983080149 0.171999931 0.0630036965 -0.983080149 0.171999931 0.0630036816 -0.983080149 0.171999976 0.0630036816 -0.983080149 0.171999976 0.0630036816 -0.983080149 0.171999976 0.0798367336 -0.982951462 0.165627718 0.0798367336 -0.982951462 0.165627718 0.0798367336 -0.982951462 0.165627718 0.0798367336 -0.982951462 0.165627748 0.0798367336 -0.982951462 0.165627748 0.0798367336 -0.982951462 0.165627748 0.0959357321 -0.982792616 0.157844931 0.0959357321 -0.982792616 0.157844931 0.0959357321 -0.982792616 0.157844931 0.0959357321 -0.982792616 0.157844946 0.0959357321 -0.982792616 0.157844946 0.0959357321 -0.982792616 0.157844946 0.111230351 -0.982605755 0.148706898 0.111230351 -0.982605755 0.148706898 0.111230351 -0.982605755 0.148706898 0.111230329 -0.982605815 0.148706675 0.111230329 -0.982605815 0.148706675 0.111230329 -0.982605815 0.148706675 0.125663295 -0.98239255 0.138252169 0.125663295 -0.98239255 0.138252169 0.125663295 -0.98239255 0.138252169 0.12566337 -0.98239249 0.138252497 0.12566337 -0.98239249 0.138252497 0.12566337 -0.98239249 0.138252497 0.139178768 -0.982153535 0.126505524 0.139178768 -0.982153535 0.126505524 0.139178768 -0.982153535 0.126505524 0.139178693 -0.982153594 0.1265053 0.139178693 -0.982153594 0.1265053 0.139178693 -0.982153594 0.1265053 0.151712894 -0.98188889 0.113478839 0.151712894 -0.98188889 0.113478839 0.151712894 -0.98188889 0.113478839 0.151712924 -0.981888831 0.113478892 0.151712924 -0.981888831 0.113478892 0.151712924 -0.981888831 0.113478892 0.163186148 -0.981597304 0.0991820022 0.163186148 -0.981597304 0.0991820022 0.163186148 -0.981597304 0.0991820022 0.163186058 -0.981597304 0.0991818383 0.163186058 -0.981597304 0.0991818383 0.163186058 -0.981597304 0.0991818383 0.173496246 -0.981277287 0.0836296007 0.173496246 -0.981277287 0.0836296007 0.173496246 -0.981277287 0.0836296007 0.17349638 -0.981277287 0.0836297944 0.17349638 -0.981277287 0.0836297944 0.17349638 -0.981277287 0.0836297944 0.182515755 -0.980927289 0.0668556392 0.182515755 -0.980927289 0.0668556392 0.182515755 -0.980927289 0.0668556392 0.182515532 -0.980927348 0.0668553784 0.182515532 -0.980927348 0.0668553784 0.182515532 -0.980927348 0.0668553784 0.190090507 -0.980546713 0.0489258505 0.190090507 -0.980546713 0.0489258505 0.190090507 -0.980546713 0.0489258505 0.190090775 -0.980546653 0.0489261001 0.190090775 -0.980546653 0.0489261001 0.190090775 -0.980546653 0.0489261001 0.196047083 -0.980136812 0.0299559124 0.196047083 -0.980136812 0.0299559124 0.196047083 -0.980136812 0.0299559124 0.196046993 -0.980136812 0.0299558416 0.196046993 -0.980136812 0.0299558416 0.196046993 -0.980136812 0.0299558416 0.2001995 -0.97970283 0.0101232454 0.2001995 -0.97970283 0.0101232454 0.2001995 -0.97970283 0.0101232454 0.200199485 -0.97970283 0.0101232352 0.200199485 -0.97970283 0.0101232352 0.200199485 -0.97970283 0.0101232352 0.202359572 -0.979257822 -0.0102324719 0.202359572 -0.979257822 -0.0102324719 0.202359572 -0.979257822 -0.0102324719 0.202359602 -0.979257822 -0.0102324625 0.202359602 -0.979257822 -0.0102324625 0.202359602 -0.979257822 -0.0102324625 0.202441543 -0.978805661 -0.0309329778 0.202441543 -0.978805661 -0.0309329778 0.202441543 -0.978805661 -0.0309329778 0.202441633 -0.978805661 -0.0309329424 0.202441633 -0.978805661 -0.0309329424 0.202441633 -0.978805661 -0.0309329424 0.200431034 -0.978348672 -0.0515873134 0.200431034 -0.978348672 -0.0515873134 0.200431034 -0.978348672 -0.0515873134 0.200430647 -0.978348732 -0.0515874028 0.200430647 -0.978348732 -0.0515874028 0.200430647 -0.978348732 -0.0515874028 0.196357653 -0.97789073 -0.0719259456 0.196357653 -0.97789073 -0.0719259456 0.196357653 -0.97789073 -0.0719259456 0.1963581 -0.97789067 -0.071925886 0.1963581 -0.97789067 -0.071925886 0.1963581 -0.97789067 -0.071925886 0.190275028 -0.977437139 -0.091717355 0.190275028 -0.977437139 -0.091717355 0.190275028 -0.977437139 -0.091717355 0.190274671 -0.977437198 -0.0917173699 0.190274671 -0.977437198 -0.0917173699 0.190274671 -0.977437198 -0.0917173699 0.182244465 -0.976994336 -0.11076539 0.182244465 -0.976994336 -0.11076539 0.182244465 -0.976994336 -0.11076539 0.182244778 -0.976994276 -0.110765412 0.182244778 -0.976994276 -0.110765412 0.182244778 -0.976994276 -0.110765412 0.172332168 -0.97656846 -0.12890178 0.172332168 -0.97656846 -0.12890178 0.172332168 -0.97656846 -0.12890178 0.172332197 -0.97656846 -0.128901795 0.172332197 -0.97656846 -0.128901795 0.172332197 -0.97656846 -0.128901795 0.16059944 -0.976165414 -0.145975545 0.16059944 -0.976165414 -0.145975545 0.16059944 -0.976165414 -0.145975545 0.160599381 -0.976165473 -0.14597553 0.160599381 -0.976165473 -0.14597553 0.160599381 -0.976165473 -0.14597553 0.147105724 -0.975790381 -0.161842689 0.147105724 -0.975790381 -0.161842689 0.147105724 -0.975790381 -0.161842689 0.14710556 -0.975790381 -0.161842629 0.14710556 -0.975790381 -0.161842629 0.14710556 -0.975790381 -0.161842629 0.131911397 -0.975447595 -0.176355943 0.131911397 -0.975447595 -0.176355943 0.131911397 -0.975447595 -0.176355943 0.131911665 -0.975447536 -0.176356077 0.131911665 -0.975447536 -0.176356077 0.131911665 -0.975447536 -0.176356077 0.115087725 -0.975140572 -0.189356074 0.115087725 -0.975140572 -0.189356074 0.115087725 -0.975140572 -0.189356074 0.115087435 -0.975140631 -0.189355895 0.115087435 -0.975140631 -0.189355895 0.115087435 -0.975140631 -0.189355895 0.0967264846 -0.974872708 -0.20066686 0.0967264846 -0.974872708 -0.20066686 0.0967264846 -0.974872708 -0.20066686 0.0967267305 -0.974872649 -0.200667053 0.0967267305 -0.974872649 -0.200667053 0.0967267305 -0.974872649 -0.200667053 0.0769584626 -0.974646986 -0.210096866 0.0769584626 -0.974646986 -0.210096866 0.0769584626 -0.974646986 -0.210096866 0.0769583955 -0.974646986 -0.210096791 0.0769583955 -0.974646986 -0.210096791 0.0769583955 -0.974646986 -0.210096791 0.0559659153 -0.974467337 -0.217442498 0.0559659153 -0.974467337 -0.217442498 0.0559659153 -0.974467337 -0.217442498 0.0559659675 -0.974467337 -0.217442557 0.0559659675 -0.974467337 -0.217442557 0.0559659675 -0.974467337 -0.217442557 0.0339984819 -0.97433883 -0.222503766 0.0339984819 -0.97433883 -0.222503766 0.0339984819 -0.97433883 -0.222503766 0.0339984037 -0.974338889 -0.222503662 0.0339984037 -0.974338889 -0.222503662 0.0339984037 -0.974338889 -0.222503662 0.0113824084 -0.974268973 -0.225100979 0.0113824084 -0.974268973 -0.225100979 0.0113824084 -0.974268973 -0.225100979 0.0113823963 -0.974268973 -0.225100949 0.0113823963 -0.974268973 -0.225100949 0.0113823963 -0.974268973 -0.225100949 -0.0113824075 -0.974268973 -0.225100949 -0.0113824075 -0.974268973 -0.225100949 -0.0113824075 -0.974268973 -0.225100949 -0.0113823973 -0.974268973 -0.225100979 -0.0113823973 -0.974268973 -0.225100979 -0.0113823973 -0.974268973 -0.225100979 -0.0339984633 -0.974338889 -0.222503647 -0.0339984633 -0.974338889 -0.222503647 -0.0339984633 -0.974338889 -0.222503647 -0.033998426 -0.97433883 -0.222503781 -0.033998426 -0.97433883 -0.222503781 -0.033998426 -0.97433883 -0.222503781 -0.0559659339 -0.974467337 -0.217442572 -0.0559659339 -0.974467337 -0.217442572 -0.0559659339 -0.974467337 -0.217442572 -0.0559659488 -0.974467337 -0.217442483 -0.0559659488 -0.974467337 -0.217442483 -0.0559659488 -0.974467337 -0.217442483 -0.0769584328 -0.974646986 -0.210096776 -0.0769584328 -0.974646986 -0.210096776 -0.0769584328 -0.974646986 -0.210096776 -0.0769584253 -0.974646986 -0.210096881 -0.0769584253 -0.974646986 -0.210096881 -0.0769584253 -0.974646986 -0.210096881 -0.0967266038 -0.974872649 -0.200667113 -0.0967266038 -0.974872649 -0.200667113 -0.0967266038 -0.974872649 -0.200667113 -0.0967265964 -0.974872708 -0.200666785 -0.0967265964 -0.974872708 -0.200666785 -0.0967265964 -0.974872708 -0.200666785 -0.115087561 -0.975140631 -0.189355806 -0.115087561 -0.975140631 -0.189355806 -0.115087561 -0.975140631 -0.189355806 -0.115087606 -0.975140572 -0.189356163 -0.115087606 -0.975140572 -0.189356163 -0.115087606 -0.975140572 -0.189356163 -0.131911561 -0.975447536 -0.176356167 -0.131911561 -0.975447536 -0.176356167 -0.131911561 -0.975447536 -0.176356167 -0.131911486 -0.975447595 -0.176355854 -0.131911486 -0.975447595 -0.176355854 -0.131911486 -0.975447595 -0.176355854 -0.147105619 -0.975790381 -0.16184257 -0.147105619 -0.975790381 -0.16184257 -0.147105619 -0.975790381 -0.16184257 -0.147105679 -0.975790381 -0.161842749 -0.147105679 -0.975790381 -0.161842749 -0.147105679 -0.975790381 -0.161842749 -0.160599396 -0.976165473 -0.1459755 -0.160599396 -0.976165473 -0.1459755 -0.160599396 -0.976165473 -0.1459755 -0.160599425 -0.976165414 -0.145975575 -0.160599425 -0.976165414 -0.145975575 -0.160599425 -0.976165414 -0.145975575 -0.172332183 -0.97656846 -0.128901809 -0.172332183 -0.97656846 -0.128901809 -0.172332183 -0.97656846 -0.128901809 -0.172332168 -0.97656846 -0.12890178 -0.172332168 -0.97656846 -0.12890178 -0.172332168 -0.97656846 -0.12890178 -0.182244703 -0.976994276 -0.110765539 -0.182244703 -0.976994276 -0.110765539 -0.182244703 -0.976994276 -0.110765539 -0.182244524 -0.976994395 -0.110765256 -0.182244524 -0.976994395 -0.110765256 -0.182244524 -0.976994395 -0.110765256 -0.19027473 -0.977437198 -0.0917172134 -0.19027473 -0.977437198 -0.0917172134 -0.19027473 -0.977437198 -0.0917172134 -0.107766785 -0.90170598 0.418703586 -0.107766785 -0.90170598 0.418703586 -0.107766785 -0.90170598 0.418703586 -0.119415738 -0.877768934 0.463962942 -0.119415738 -0.877768934 0.463962942 -0.119415738 -0.877768934 0.463962942 -0.11941582 -0.877768874 0.463963002 -0.11941582 -0.877768874 0.463963002 -0.11941582 -0.877768874 0.463963002 -0.130727381 -0.851431906 0.507911503 -0.130727381 -0.851431906 0.507911503 -0.130727381 -0.851431906 0.507911503 -0.130727485 -0.851431847 0.507911563 -0.130727485 -0.851431847 0.507911563 -0.130727485 -0.851431847 0.507911563 -0.141679376 -0.822750151 0.550462604 -0.141679376 -0.822750151 0.550462604 -0.141679376 -0.822750151 0.550462604 -0.141679093 -0.82275033 0.550462484 -0.141679093 -0.82275033 0.550462484 -0.141679093 -0.82275033 0.550462484 -0.152247831 -0.791782081 0.591524959 -0.152247831 -0.791782081 0.591524959 -0.152247831 -0.791782081 0.591524959 -0.152248412 -0.791781783 0.591525197 -0.152248412 -0.791781783 0.591525197 -0.152248412 -0.791781783 0.591525197 -0.162409559 -0.75858891 0.631003916 -0.162409559 -0.75858891 0.631003916 -0.162409559 -0.75858891 0.631003916 -0.162409246 -0.758589089 0.631003857 -0.162409246 -0.758589089 0.631003857 -0.162409246 -0.758589089 0.631003857 -0.169743747 -0.73228848 0.659500301 -0.169743747 -0.73228848 0.659500301 -0.169743747 -0.73228848 0.659500301 -0.103094019 -0.730855405 0.674701452 -0.103094019 -0.730855405 0.674701452 -0.103094019 -0.730855405 0.674701452 -0.10599874 -0.71241051 0.69371146 -0.10599874 -0.71241051 0.69371146 -0.10599874 -0.71241051 0.69371146 -0.0354851447 -0.711520791 0.701768458 -0.0354851447 -0.711520791 0.701768458 -0.0354851447 -0.711520791 0.701768458 -0.0364369228 -0.692402124 0.720591187 -0.0364369228 -0.692402124 0.720591187 -0.0364369228 -0.692402124 0.720591187 0.0364367776 -0.692402124 0.720591187 0.0364367776 -0.692402124 0.720591187 0.0364367776 -0.692402124 0.720591187 0.0373640098 -0.672746956 0.738928616 0.0373640098 -0.672746956 0.738928616 0.0373640098 -0.672746956 0.738928616 0.0302836094 -0.664537787 0.746640801 0.0302836094 -0.664537787 0.746640801 0.0302836094 -0.664537787 0.746640801 -0.0687218308 -0.890504897 -0.449753612 -0.0687218308 -0.890504897 -0.449753612 -0.0687218308 -0.890504897 -0.449753612 -0.0229784977 -0.890483558 -0.454434812 -0.0229784977 -0.890483558 -0.454434812 -0.0229784977 -0.890483558 -0.454434812 -0.0253998078 -0.864308715 -0.502319932 -0.0253998078 -0.864308715 -0.502319932 -0.0253998078 -0.864308715 -0.502319932 0.0254000984 -0.864308715 -0.502319932 0.0254000984 -0.864308715 -0.502319932 0.0254000984 -0.864308715 -0.502319932 0.0271340236 -0.843393683 -0.536610484 0.0271340236 -0.843393683 -0.536610484 0.0271340236 -0.843393683 -0.536610484 -0.0336779393 -0.827636957 -0.560252547 -0.0336779393 -0.827636957 -0.560252547 -0.0336779393 -0.827636957 -0.560252547 -0.0283342414 -0.827774227 -0.560345471 -0.0283342414 -0.827774227 -0.560345471 -0.0283342414 -0.827774227 -0.560345471 -0.0221573524 -0.826666832 -0.562255323 -0.0221573524 -0.826666832 -0.562255323 -0.0221573524 -0.826666832 -0.562255323 -0.0504887663 -0.827929497 -0.558554947 -0.0504887663 -0.827929497 -0.558554947 -0.0504887663 -0.827929497 -0.558554947 -0.322871178 -0.915112436 -0.241502509 -0.322871178 -0.915112436 -0.241502509 -0.322871178 -0.915112436 -0.241502509 -0.322871298 -0.915112257 -0.241502896 -0.322871298 -0.915112257 -0.241502896 -0.322871298 -0.915112257 -0.241502896 -0.343679428 -0.915561259 -0.208882898 -0.343679428 -0.915561259 -0.208882898 -0.343679428 -0.915561259 -0.208882898 -0.343679428 -0.915561259 -0.208882868 -0.343679428 -0.915561259 -0.208882868 -0.343679428 -0.915561259 -0.208882868 -0.361309141 -0.916037023 -0.174160391 -0.361309141 -0.916037023 -0.174160391 -0.361309141 -0.916037023 -0.174160391 -0.361308903 -0.916037202 -0.174159974 -0.361308903 -0.916037202 -0.174159974 -0.361308903 -0.916037202 -0.174159974 -0.375562727 -0.916530192 -0.137568504 -0.375562727 -0.916530192 -0.137568504 -0.375562727 -0.916530192 -0.137568504 -0.375562936 -0.916530013 -0.137568817 -0.375562936 -0.916530013 -0.137568817 -0.375562936 -0.916530013 -0.137568817 -0.386227906 -0.91703105 -0.0994083285 -0.386227906 -0.91703105 -0.0994083285 -0.386227906 -0.91703105 -0.0994083285 -0.386228025 -0.91703099 -0.0994084626 -0.386228025 -0.91703099 -0.0994084626 -0.386228025 -0.91703099 -0.0994084626 -0.393093735 -0.91753453 -0.0600644089 -0.393093735 -0.91753453 -0.0600644089 -0.393093735 -0.91753453 -0.0600644089 -0.393093556 -0.91753459 -0.0600642338 -0.393093556 -0.91753459 -0.0600642338 -0.393093556 -0.91753459 -0.0600642338 -0.395977616 -0.918041825 -0.0200228281 -0.395977616 -0.918041825 -0.0200228281 -0.395977616 -0.918041825 -0.0200228281 -0.395977587 -0.918041825 -0.0200227946 -0.395977587 -0.918041825 -0.0200227946 -0.395977587 -0.918041825 -0.0200227946 -0.394764334 -0.918565571 0.0199614782 -0.394764334 -0.918565571 0.0199614782 -0.394764334 -0.918565571 0.0199614782 -0.394764394 -0.918565512 0.0199614484 -0.394764394 -0.918565512 0.0199614484 -0.394764394 -0.918565512 0.0199614484 -0.389502496 -0.919100463 0.0595156662 -0.389502496 -0.919100463 0.0595156662 -0.389502496 -0.919100463 0.0595156662 -0.389502704 -0.919100404 0.0595155619 -0.389502704 -0.919100404 0.0595155619 -0.389502704 -0.919100404 0.0595155619 -0.380423188 -0.919614553 0.0979143232 -0.380423188 -0.919614553 0.0979143232 -0.380423188 -0.919614553 0.0979143232 -0.380423069 -0.919614613 0.0979143754 -0.380423069 -0.919614613 0.0979143754 -0.380423069 -0.919614613 0.0979143754 -0.36779651 -0.920095265 0.134723708 -0.36779651 -0.920095265 0.134723708 -0.36779651 -0.920095265 0.134723708 -0.367796153 -0.920095384 0.134723812 -0.367796153 -0.920095384 0.134723812 -0.367796153 -0.920095384 0.134723812 -0.351901561 -0.9205392 0.169625744 -0.351901561 -0.9205392 0.169625744 -0.351901561 -0.9205392 0.169625744 -0.351902097 -0.920539021 0.16962564 -0.351902097 -0.920539021 0.16962564 -0.351902097 -0.920539021 0.16962564 -0.333002865 -0.920948327 0.20239386 -0.333002865 -0.920948327 0.20239386 -0.333002865 -0.920948327 0.20239386 -0.333002746 -0.920948386 0.202393875 -0.333002746 -0.920948386 0.202393875 -0.333002746 -0.920948386 0.202393875 -0.311331153 -0.921327412 0.232870623 -0.311331153 -0.921327412 0.232870623 -0.311331153 -0.921327412 0.232870623 -0.311330765 -0.921327531 0.232870623 -0.311330765 -0.921327531 0.232870623 -0.311330765 -0.921327531 0.232870623 -0.28708154 -0.921680093 0.260940582 -0.28708154 -0.921680093 0.260940582 -0.28708154 -0.921680093 0.260940582 -0.287081838 -0.921679974 0.260940611 -0.287081838 -0.921679974 0.260940611 -0.287081838 -0.921679974 0.260940611 -0.26041618 -0.922007799 0.286504805 -0.26041618 -0.922007799 0.286504805 -0.26041618 -0.922007799 0.286504805 -0.26041609 -0.922007859 0.286504775 -0.26041609 -0.922007859 0.286504775 -0.26041609 -0.922007859 0.286504775 -0.231471524 -0.922309697 0.309460431 -0.231471524 -0.922309697 0.309460431 -0.231471524 -0.922309697 0.309460431 -0.231471822 -0.922309577 0.309460521 -0.231471822 -0.922309577 0.309460521 -0.231471822 -0.922309577 0.309460521 -0.200377837 -0.922581196 0.329685688 -0.200377837 -0.922581196 0.329685688 -0.200377837 -0.922581196 0.329685688 -0.200377673 -0.922581255 0.329685628 -0.200377673 -0.922581255 0.329685628 -0.200377673 -0.922581255 0.329685628 -0.167276904 -0.92281574 0.347029537 -0.167276904 -0.92281574 0.347029537 -0.167276904 -0.92281574 0.347029537 -0.167277023 -0.92281574 0.347029597 -0.167277023 -0.92281574 0.347029597 -0.167277023 -0.92281574 0.347029597 -0.132348299 -0.923005164 0.361310691 -0.132348299 -0.923005164 0.361310691 -0.132348299 -0.923005164 0.361310691 -0.132348105 -0.923005223 0.361310571 -0.132348105 -0.923005223 0.361310571 -0.132348105 -0.923005223 0.361310571 -0.0958295539 -0.923142493 0.372323334 -0.0958295539 -0.923142493 0.372323334 -0.0958295539 -0.923142493 0.372323334 -0.095829688 -0.923142433 0.372323453 -0.095829688 -0.923142433 0.372323453 -0.095829688 -0.923142433 0.372323453 -0.0580411665 -0.92322439 0.379852593 -0.0580411665 -0.92322439 0.379852593 -0.0580411665 -0.92322439 0.379852593 -0.0580410101 -0.923224449 0.379852444 -0.0580410101 -0.923224449 0.379852444 -0.0580410101 -0.923224449 0.379852444 -0.0194017868 -0.923255742 0.383695751 -0.0194017868 -0.923255742 0.383695751 -0.0194017868 -0.923255742 0.383695751 -0.0194017552 -0.923255742 0.383695722 -0.0194017552 -0.923255742 0.383695722 -0.0194017552 -0.923255742 0.383695722 0.019401785 -0.923255742 0.383695722 0.019401785 -0.923255742 0.383695722 0.019401785 -0.923255742 0.383695722 0.0194017589 -0.923255742 0.383695751 0.0194017589 -0.923255742 0.383695751 0.0194017589 -0.923255742 0.383695751 0.0580411404 -0.923224449 0.379852414 0.0580411404 -0.923224449 0.379852414 0.0580411404 -0.923224449 0.379852414 0.0580410361 -0.92322439 0.379852623 0.0580410361 -0.92322439 0.379852623 0.0580410361 -0.92322439 0.379852623 0.0958295912 -0.923142433 0.372323453 0.0958295912 -0.923142433 0.372323453 0.0958295912 -0.923142433 0.372323453 0.0958296508 -0.923142493 0.372323304 0.0958296508 -0.923142493 0.372323304 0.0958296508 -0.923142493 0.372323304 0.132348239 -0.923005223 0.361310512 0.132348239 -0.923005223 0.361310512 0.132348239 -0.923005223 0.361310512 0.132348165 -0.923005164 0.36131075 0.132348165 -0.923005164 0.36131075 0.132348165 -0.923005164 0.36131075 0.167276949 -0.92281574 0.347029626 0.167276949 -0.92281574 0.347029626 0.167276949 -0.92281574 0.347029626 0.167276978 -0.92281574 0.347029507 0.167276978 -0.92281574 0.347029507 0.167276978 -0.92281574 0.347029507 0.200377762 -0.922581255 0.329685569 0.200377762 -0.922581255 0.329685569 0.200377762 -0.922581255 0.329685569 0.200377747 -0.922581196 0.329685748 0.200377747 -0.922581196 0.329685748 0.200377747 -0.922581196 0.329685748 0.231471673 -0.922309577 0.30946061 0.231471673 -0.922309577 0.30946061 0.231471673 -0.922309577 0.30946061 0.231471673 -0.922309697 0.309460312 0.231471673 -0.922309697 0.309460312 0.231471673 -0.922309697 0.309460312 0.26041612 -0.922007859 0.286504745 0.26041612 -0.922007859 0.286504745 0.26041612 -0.922007859 0.286504745 0.26041612 -0.922007799 0.286504835 0.26041612 -0.922007799 0.286504835 0.26041612 -0.922007799 0.286504835 0.287081718 -0.921679974 0.260940731 0.287081718 -0.921679974 0.260940731 0.287081718 -0.921679974 0.260940731 0.287081659 -0.921680093 0.260940433 0.287081659 -0.921680093 0.260940433 0.287081659 -0.921680093 0.260940433 0.311330914 -0.921327531 0.23287046 0.311330914 -0.921327531 0.23287046 0.311330914 -0.921327531 0.23287046 0.311331004 -0.921327412 0.232870802 0.311331004 -0.921327412 0.232870802 0.311331004 -0.921327412 0.232870802 0.333002806 -0.920948386 0.202393815 0.333002806 -0.920948386 0.202393815 0.333002806 -0.920948386 0.202393815 0.333002836 -0.920948327 0.202393934 0.333002836 -0.920948327 0.202393934 0.333002836 -0.920948327 0.202393934 0.351901919 -0.920539021 0.169625923 0.351901919 -0.920539021 0.169625923 0.351901919 -0.920539021 0.169625923 0.35190168 -0.9205392 0.169625461 0.35190168 -0.9205392 0.169625461 0.35190168 -0.9205392 0.169625461 0.367796242 -0.920095384 0.134723619 0.367796242 -0.920095384 0.134723619 0.367796242 -0.920095384 0.134723619 0.367796451 -0.920095265 0.134723917 0.367796451 -0.920095265 0.134723917 0.367796451 -0.920095265 0.134723917 0.380423069 -0.919614613 0.097914286 0.380423069 -0.919614613 0.097914286 0.380423069 -0.919614613 0.097914286 0.380423188 -0.919614553 0.0979144126 0.380423188 -0.919614553 0.0979144126 0.380423188 -0.919614553 0.0979144126 0.389502674 -0.919100404 0.0595156923 0.389502674 -0.919100404 0.0595156923 0.389502674 -0.919100404 0.0595156923 0.389502525 -0.919100463 0.0595155358 0.389502525 -0.919100463 0.0595155358 0.389502525 -0.919100463 0.0595155358 0.394764394 -0.918565512 0.0199614801 0.394764394 -0.918565512 0.0199614801 0.394764394 -0.918565512 0.0199614801 0.394764334 -0.918565571 0.0199614465 0.394764334 -0.918565571 0.0199614465 0.394764334 -0.918565571 0.0199614465 0.395977587 -0.918041825 -0.0200228263 0.395977587 -0.918041825 -0.0200228263 0.395977587 -0.918041825 -0.0200228263 0.395977616 -0.918041825 -0.0200227965 0.395977616 -0.918041825 -0.0200227965 0.395977616 -0.918041825 -0.0200227965 0.393093526 -0.91753459 -0.0600643791 0.393093526 -0.91753459 -0.0600643791 0.393093526 -0.91753459 -0.0600643791 0.393093765 -0.91753453 -0.0600642674 0.393093765 -0.91753453 -0.0600642674 0.393093765 -0.91753453 -0.0600642674 0.386228025 -0.91703099 -0.0994083583 0.386228025 -0.91703099 -0.0994083583 0.386228025 -0.91703099 -0.0994083583 0.386227876 -0.91703105 -0.0994084254 0.386227876 -0.91703105 -0.0994084254 0.386227876 -0.91703105 -0.0994084254 0.375562996 -0.916530013 -0.137568608 0.375562996 -0.916530013 -0.137568608 0.375562996 -0.916530013 -0.137568608 0.375562638 -0.916530192 -0.137568712 0.375562638 -0.916530192 -0.137568712 0.375562638 -0.916530192 -0.137568712 0.361308813 -0.916037202 -0.174160227 0.361308813 -0.916037202 -0.174160227 0.361308813 -0.916037202 -0.174160227 0.36130926 -0.916037023 -0.174160138 0.36130926 -0.916037023 -0.174160138 0.36130926 -0.916037023 -0.174160138 0.343679398 -0.915561259 -0.208882883 0.343679398 -0.915561259 -0.208882883 0.343679398 -0.915561259 -0.208882883 0.343679458 -0.915561259 -0.208882883 0.343679458 -0.915561259 -0.208882883 0.343679458 -0.915561259 -0.208882883 0.322871417 -0.915112317 -0.241502702 0.322871417 -0.915112317 -0.241502702 0.322871417 -0.915112317 -0.241502702 0.322871029 -0.915112436 -0.241502702 0.322871029 -0.915112436 -0.241502702 0.322871029 -0.915112436 -0.241502702 0.299059004 -0.914698601 -0.2718274 0.299059004 -0.914698601 -0.2718274 0.299059004 -0.914698601 -0.2718274 -0.0282062199 -0.999595225 0.00371342734 -0.0282062199 -0.999595225 0.00371342734 -0.0282062199 -0.999595225 0.00371342734 -0.0278657321 -0.99961096 0.00121663068 -0.0278657321 -0.99961096 0.00121663068 -0.0278657321 -0.99961096 0.00121663068 -0.0283202231 -0.999597847 0.00143201905 -0.0283202231 -0.999597847 0.00143201905 -0.0283202231 -0.999597847 0.00143201905 -0.0287053231 -0.999587119 -0.00125328766 -0.0287053231 -0.999587119 -0.00125328766 -0.0287053231 -0.999587119 -0.00125328766 -0.028293388 -0.999598622 -0.001430662 -0.028293388 -0.999598622 -0.001430662 -0.028293388 -0.999598622 -0.001430662 -0.029574614 -0.999552369 -0.00451898295 -0.029574614 -0.999552369 -0.00451898295 -0.029574614 -0.999552369 -0.00451898295 -0.0876484439 -0.996061444 -0.0133926291 -0.0876484439 -0.996061444 -0.0133926291 -0.0876484439 -0.996061444 -0.0133926291 -0.0870272294 -0.995954096 -0.0223992188 -0.0870272294 -0.995954096 -0.0223992188 -0.0870272294 -0.995954096 -0.0223992188 -0.145177603 -0.988699794 -0.0373660624 -0.145177603 -0.988699794 -0.0373660624 -0.145177603 -0.988699794 -0.0373660624 -0.14244625 -0.988426268 -0.0521781594 -0.14244625 -0.988426268 -0.0521781594 -0.14244625 -0.988426268 -0.0521781594 -0.19635804 -0.97789067 -0.0719260871 -0.19635804 -0.97789067 -0.0719260871 -0.19635804 -0.97789067 -0.0719260871 -0.190274969 -0.977437139 -0.0917175114 -0.190274969 -0.977437139 -0.0917175114 -0.190274969 -0.977437139 -0.0917175114 -0.238758519 -0.964235008 -0.115087852 -0.238758519 -0.964235008 -0.115087852 -0.238758519 -0.964235008 -0.115087852 -0.228314459 -0.963647544 -0.138765872 -0.228314459 -0.963647544 -0.138765872 -0.228314459 -0.963647544 -0.138765872 -0.270589143 -0.94854337 -0.16445975 -0.270589143 -0.94854337 -0.16445975 -0.270589143 -0.94854337 -0.16445975 -0.255065054 -0.947915137 -0.190784454 -0.255065054 -0.947915137 -0.190784454 -0.255065054 -0.947915137 -0.190784454 -0.290800899 -0.931730866 -0.217514262 -0.290800899 -0.931730866 -0.217514262 -0.290800899 -0.931730866 -0.217514262 -0.26977852 -0.931176722 -0.245213121 -0.26977852 -0.931176722 -0.245213121 -0.26977852 -0.931176722 -0.245213121 -0.299059182 -0.914698541 -0.271827579 -0.299059182 -0.914698541 -0.271827579 -0.299059182 -0.914698541 -0.271827579 -0.272394508 -0.914325655 -0.299682915 -0.272394508 -0.914325655 -0.299682915 -0.272394508 -0.914325655 -0.299682915 -0.272394419 -0.914325655 -0.299682915 -0.272394419 -0.914325655 -0.299682915 -0.272394419 -0.914325655 -0.299682915 -0.243013918 -0.913996398 -0.324891984 -0.243013918 -0.913996398 -0.324891984 -0.243013918 -0.913996398 -0.324891984 -0.243014216 -0.913996279 -0.324892074 -0.243014216 -0.913996279 -0.324892074 -0.243014216 -0.913996279 -0.324892074 -0.211057767 -0.913710475 -0.347257584 -0.211057767 -0.913710475 -0.347257584 -0.211057767 -0.913710475 -0.347257584 -0.211057574 -0.913710535 -0.347257525 -0.211057574 -0.913710535 -0.347257525 -0.211057574 -0.913710535 -0.347257525 -0.176688373 -0.913465738 -0.366553634 -0.176688373 -0.913465738 -0.366553634 -0.176688373 -0.913465738 -0.366553634 -0.176688001 -0.913465917 -0.366553426 -0.176688001 -0.913465917 -0.366553426 -0.176688001 -0.913465917 -0.366553426 -0.140118316 -0.913259208 -0.382523805 -0.140118316 -0.913259208 -0.382523805 -0.140118316 -0.913259208 -0.382523805 -0.140118584 -0.913259089 -0.382523984 -0.140118584 -0.913259089 -0.382523984 -0.140118584 -0.913259089 -0.382523984 -0.101637781 -0.913089156 -0.394889832 -0.101637781 -0.913089156 -0.394889832 -0.101637781 -0.913089156 -0.394889832 -0.101637922 -0.913089097 -0.394889951 -0.101637922 -0.913089097 -0.394889951 -0.101637922 -0.913089097 -0.394889951 -0.0616348535 -0.912959099 -0.403369278 -0.0616348535 -0.912959099 -0.403369278 -0.0616348535 -0.912959099 -0.403369278 -0.0616342612 -0.912959456 -0.403368652 -0.0616342612 -0.912959456 -0.403368652 -0.0616342612 -0.912959456 -0.403368652 -0.0206154678 -0.912881076 -0.407704771 -0.0206154678 -0.912881076 -0.407704771 -0.0206154678 -0.912881076 -0.407704771 -0.0206158087 -0.912880838 -0.407705218 -0.0206158087 -0.912880838 -0.407705218 -0.0206158087 -0.912880838 -0.407705218 0.0206154902 -0.912880838 -0.407705218 0.0206154902 -0.912880838 -0.407705218 0.0206154902 -0.912880838 -0.407705218 0.0206157845 -0.912881076 -0.407704741 0.0206157845 -0.912881076 -0.407704741 0.0206157845 -0.912881076 -0.407704741 0.0616347492 -0.912959456 -0.403368592 0.0616347492 -0.912959456 -0.403368592 0.0616347492 -0.912959456 -0.403368592 0.0616343692 -0.912959099 -0.403369367 0.0616343692 -0.912959099 -0.403369367 0.0616343692 -0.912959099 -0.403369367 0.101637818 -0.913089097 -0.394889981 0.101637818 -0.913089097 -0.394889981 0.101637818 -0.913089097 -0.394889981 0.101637885 -0.913089156 -0.394889802 0.101637885 -0.913089156 -0.394889802 0.101637885 -0.913089156 -0.394889802 0.140118405 -0.913259089 -0.382524043 0.140118405 -0.913259089 -0.382524043 0.140118405 -0.913259089 -0.382524043 0.14011848 -0.913259208 -0.382523715 0.14011848 -0.913259208 -0.382523715 0.14011848 -0.913259208 -0.382523715 0.176688224 -0.913465917 -0.366553307 0.176688224 -0.913465917 -0.366553307 0.176688224 -0.913465917 -0.366553307 0.17668815 -0.913465738 -0.366553754 0.17668815 -0.913465738 -0.366553754 0.17668815 -0.913465738 -0.366553754 0.211057678 -0.913710535 -0.347257465 0.211057678 -0.913710535 -0.347257465 0.211057678 -0.913710535 -0.347257465 0.211057663 -0.913710475 -0.347257644 0.211057663 -0.913710475 -0.347257644 0.211057663 -0.913710475 -0.347257644 0.243014067 -0.913996279 -0.324892193 0.243014067 -0.913996279 -0.324892193 0.243014067 -0.913996279 -0.324892193 0.243014053 -0.913996398 -0.324891865 0.243014053 -0.913996398 -0.324891865 0.243014053 -0.913996398 -0.324891865 0.272394449 -0.914325655 -0.299682856 0.272394449 -0.914325655 -0.299682856 0.272394449 -0.914325655 -0.299682856 0.272394478 -0.914325655 -0.299682945 0.272394478 -0.914325655 -0.299682945 0.272394478 -0.914325655 -0.299682945 0.299059331 -0.914698482 -0.27182743 0.299059331 -0.914698482 -0.27182743 0.299059331 -0.914698482 -0.27182743 0.336841255 -0.890392363 -0.306169003 0.336841255 -0.890392363 -0.306169003 0.336841255 -0.890392363 -0.306169003 0.364519209 -0.890384853 -0.272654712 0.364519209 -0.890384853 -0.272654712 0.364519209 -0.890384853 -0.272654712 0.409503877 -0.859351695 -0.306302518 0.409503877 -0.859351695 -0.306302518 0.409503877 -0.859351695 -0.306302518 0.438427866 -0.858355939 -0.266469717 0.438427866 -0.858355939 -0.266469717 0.438427866 -0.858355939 -0.266469717 0.476984054 -0.829724133 -0.289903581 0.476984054 -0.829724133 -0.289903581 0.476984054 -0.829724133 -0.289903581 0.506242812 -0.82714659 -0.244021997 0.506242812 -0.82714659 -0.244021997 0.506242812 -0.82714659 -0.244021997 0.540475249 -0.800008953 -0.260522902 0.540475249 -0.800008953 -0.260522902 0.540475249 -0.800008953 -0.260522902 0.551022649 -0.799281418 -0.239840046 0.551022649 -0.799281418 -0.239840046 0.551022649 -0.799281418 -0.239840046 </float_array>
          <technique_common>
            <accessor count="9030" offset="0" source="#mesh_0-normals-array" stride="3">
              <param name="X" type="float" />
              <param name="Y" type="float" />
              <param name="Z" type="float" />
            </accessor>
          </technique_common>
        </source>
        <vertices id="mesh_0-vertices">
          <input semantic="POSITION" source="#mesh_0-positions" />
        </vertices>
        <polylist count="3010" material="defaultMaterial">
          <input offset="0" semantic="VERTEX" source="#mesh_0-vertices" />
          <input offset="0" semantic="NORMAL" source="#mesh_0-normals" />
          <vcount>3 3 3 3 3 3 3 3 3 3 3 3 3 3 3 3 3 3 3 3 3 3 3 3 3 3 3 3 3 3 3 3 3 3 3 3 3 3 3 3 3 3 3 3 3 3 3 3 3 3 3 3 3 3 3 3 3 3 3 3 3 3 3 3 3 3 3 3 3 3 3 3 3 3 3 3 3 3 3 3 3 3 3 3 3 3 3 3 3 3 3 3 3 3 3 3 3 3 3 3 3 3 3 3 3 3 3 3 3 3 3 3 3 3 3 3 3 3 3 3 3 3 3 3 3 3 3 3 3 3 3 3 3 3 3 3 3 3 3 3 3 3 3 3 3 3 3 3 3 3 3 3 3 3 3 3 3 3 3 3 3 3 3 3 3 3 3 3 3 3 3 3 3 3 3 3 3 3 3 3 3 3 3 3 3 3 3 3 3 3 3 3 3 3 3 3 3 3 3 3 3 3 3 3 3 3 3 3 3 3 3 3 3 3 3 3 3 3 3 3 3 3 3 3 3 3 3 3 3 3 3 3 3 3 3 3 3 3 3 3 3 3 3 3 3 3 3 3 3 3 3 3 3 3 3 3 3 3 3 3 3 3 3 3 3 3 3 3 3 3 3 3 3 3 3 3 3 3 3 3 3 3 3 3 3 3 3 3 3 3 3 3 3 3 3 3 3 3 3 3 3 3 3 3 3 3 3 3 3 3 3 3 3 3 3 3 3 3 3 3 3 3 3 3 3 3 3 3 3 3 3 3 3 3 3 3 3 3 3 3 3 3 3 3 3 3 3 3 3 3 3 3 3 3 3 3 3 3 3 3 3 3 3 3 3 3 3 3 3 3 3 3 3 3 3 3 3 3 3 3 3 3 3 3 3 3 3 3 3 3 3 3 3 3 3 3 3 3 3 3 3 3 3 3 3 3 3 3 3 3 3 3 3 3 3 3 3 3 3 3 3 3 3 3 3 3 3 3 3 3 3 3 3 3 3 3 3 3 3 3 3 3 3 3 3 3 3 3 3 3 3 3 3 3 3 3 3 3 3 3 3 3 3 3 3 3 3 3 3 3 3 3 3 3 3 3 3 3 3 3 3 3 3 3 3 3 3 3 3 3 3 3 3 3 3 3 3 3 3 3 3 3 3 3 3 3 3 3 3 3 3 3 3 3 3 3 3 3 3 3 3 3 3 3 3 3 3 3 3 3 3 3 3 3 3 3 3 3 3 3 3 3 3 3 3 3 3 3 3 3 3 3 3 3 3 3 3 3 3 3 3 3 3 3 3 3 3 3 3 3 3 3 3 3 3 3 3 3 3 3 3 3 3 3 3 3 3 3 3 3 3 3 3 3 3 3 3 3 3 3 3 3 3 3 3 3 3 3 3 3 3 3 3 3 3 3 3 3 3 3 3 3 3 3 3 3 3 3 3 3 3 3 3 3 3 3 3 3 3 3 3 3 3 3 3 3 3 3 3 3 3 3 3 3 3 3 3 3 3 3 3 3 3 3 3 3 3 3 3 3 3 3 3 3 3 3 3 3 3 3 3 3 3 3 3 3 3 3 3 3 3 3 3 3 3 3 3 3 3 3 3 3 3 3 3 3 3 3 3 3 3 3 3 3 3 3 3 3 3 3 3 3 3 3 3 3 3 3 3 3 3 3 3 3 3 3 3 3 3 3 3 3 3 3 3 3 3 3 3 3 3 3 3 3 3 3 3 3 3 3 3 3 3 3 3 3 3 3 3 3 3 3 3 3 3 3 3 3 3 3 3 3 3 3 3 3 3 3 3 3 3 3 3 3 3 3 3 3 3 3 3 3 3 3 3 3 3 3 3 3 3 3 3 3 3 3 3 3 3 3 3 3 3 3 3 3 3 3 3 3 3 3 3 3 3 3 3 3 3 3 3 3 3 3 3 3 3 3 3 3 3 3 3 3 3 3 3 3 3 3 3 3 3 3 3 3 3 3 3 3 3 3 3 3 3 3 3 3 3 3 3 3 3 3 3 3 3 3 3 3 3 3 3 3 3 3 3 3 3 3 3 3 3 3 3 3 3 3 3 3 3 3 3 3 3 3 3 3 3 3 3 3 3 3 3 3 3 3 3 3 3 3 3 3 3 3 3 3 3 3 3 3 3 3 3 3 3 3 3 3 3 3 3 3 3 3 3 3 3 3 3 3 3 3 3 3 3 3 3 3 3 3 3 3 3 3 3 3 3 3 3 3 3 3 3 3 3 3 3 3 3 3 3 3 3 3 3 3 3 3 3 3 3 3 3 3 3 3 3 3 3 3 3 3 3 3 3 3 3 3 3 3 3 3 3 3 3 3 3 3 3 3 3 3 3 3 3 3 3 3 3 3 3 3 3 3 3 3 3 3 3 3 3 3 3 3 3 3 3 3 3 3 3 3 3 3 3 3 3 3 3 3 3 3 3 3 3 3 3 3 3 3 3 3 3 3 3 3 3 3 3 3 3 3 3 3 3 3 3 3 3 3 3 3 3 3 3 3 3 3 3 3 3 3 3 3 3 3 3 3 3 3 3 3 3 3 3 3 3 3 3 3 3 3 3 3 3 3 3 3 3 3 3 3 3 3 3 3 3 3 3 3 3 3 3 3 3 3 3 3 3 3 3 3 3 3 3 3 3 3 3 3 3 3 3 3 3 3 3 3 3 3 3 3 3 3 3 3 3 3 3 3 3 3 3 3 3 3 3 3 3 3 3 3 3 3 3 3 3 3 3 3 3 3 3 3 3 3 3 3 3 3 3 3 3 3 3 3 3 3 3 3 3 3 3 3 3 3 3 3 3 3 3 3 3 3 3 3 3 3 3 3 3 3 3 3 3 3 3 3 3 3 3 3 3 3 3 3 3 3 3 3 3 3 3 3 3 3 3 3 3 3 3 3 3 3 3 3 3 3 3 3 3 3 3 3 3 3 3 3 3 3 3 3 3 3 3 3 3 3 3 3 3 3 3 3 3 3 3 3 3 3 3 3 3 3 3 3 3 3 3 3 3 3 3 3 3 3 3 3 3 3 3 3 3 3 3 3 3 3 3 3 3 3 3 3 3 3 3 3 3 3 3 3 3 3 3 3 3 3 3 3 3 3 3 3 3 3 3 3 3 3 3 3 3 3 3 3 3 3 3 3 3 3 3 3 3 3 3 3 3 3 3 3 3 3 3 3 3 3 3 3 3 3 3 3 3 3 3 3 3 3 3 3 3 3 3 3 3 3 3 3 3 3 3 3 3 3 3 3 3 3 3 3 3 3 3 3 3 3 3 3 3 3 3 3 3 3 3 3 3 3 3 3 3 3 3 3 3 3 3 3 3 3 3 3 3 3 3 3 3 3 3 3 3 3 3 3 3 3 3 3 3 3 3 3 3 3 3 3 3 3 3 3 3 3 3 3 3 3 3 3 3 3 3 3 3 3 3 3 3 3 3 3 3 3 3 3 3 3 3 3 3 3 3 3 3 3 3 3 3 3 3 3 3 3 3 3 3 3 3 3 3 3 3 3 3 3 3 3 3 3 3 3 3 3 3 3 3 3 3 3 3 3 3 3 3 3 3 3 3 3 3 3 3 3 3 3 3 3 3 3 3 3 3 3 3 3 3 3 3 3 3 3 3 3 3 3 3 3 3 3 3 3 3 3 3 3 3 3 3 3 3 3 3 3 3 3 3 3 3 3 3 3 3 3 3 3 3 3 3 3 3 3 3 3 3 3 3 3 3 3 3 3 3 3 3 3 3 3 3 3 3 3 3 3 3 3 3 3 3 3 3 3 3 3 3 3 3 3 3 3 3 3 3 3 3 3 3 3 3 3 3 3 3 3 3 3 3 3 3 3 3 3 3 3 3 3 3 3 3 3 3 3 3 3 3 3 3 3 3 3 3 3 3 3 3 3 3 3 3 3 3 3 3 3 3 3 3 3 3 3 3 3 3 3 3 3 3 3 3 3 3 3 3 3 3 3 3 3 3 3 3 3 3 3 3 3 3 3 3 3 3 3 3 3 3 3 3 3 3 3 3 3 3 3 3 3 3 3 3 3 3 3 3 3 3 3 3 3 3 3 3 3 3 3 3 3 3 3 3 3 3 3 3 3 3 3 3 3 3 3 3 3 3 3 3 3 3 3 3 3 3 3 3 3 3 3 3 3 3 3 3 3 3 3 3 3 3 3 3 3 3 3 3 3 3 3 3 3 3 3 3 3 3 3 3 3 3 3 3 3 3 3 3 3 3 3 3 3 3 3 3 3 3 3 3 3 3 3 3 3 3 3 3 3 3 3 3 3 3 3 3 3 3 3 3 3 3 3 3 3 3 3 3 3 3 3 3 3 3 3 3 3 3 3 3 3 3 3 3 3 3 3 3 3 3 3 3 3 3 3 3 3 3 3 3 3 3 3 3 3 3 3 3 3 3 3 3 3 3 3 3 3 3 3 3 3 3 3 3 3 3 3 3 3 3 3 3 3 3 3 3 3 3 3 3 3 3 3 3 3 3 3 3 3 3 3 3 3 3 3 3 3 3 3 3 3 3 3 3 3 3 3 3 3 3 3 3 3 3 3 3 3 3 3 3 3 3 3 3 3 3 3 3 3 3 3 3 3 3 3 3 3 3 3 3 3 3 3 3 3 3 3 3 3 3 3 3 3 3 3 3 3 3 3 3 3 3 3 3 3 3 3 3 3 3 3 3 3 3 3 3 3 3 3 3 3 3 3 3 3 3 3 3 3 3 3 3 3 3 3 3 3 3 3 3 3 3 3 3 3 3 3 3 3 3 3 3 3 3 3 3 3 3 3 3 3 3 3 3 3 3 3 3 3 3 3 3 3 3 3 3 3 3 3 3 3 3 3 3 3 3 3 3 3 3 3 3 3 3 3 3 3 3 3 3 3 3 3 3 3 3 3 3 3 3 3 3 3 3 3 3 3 3 3 3 3 3 3 3 3 3 3 3 3 3 3 3 3 3 3 3 3 3 3 3 3 3 3 3 3 3 3 3 3 3 3 3 3 3 3 3 3 3 3 3 3 3 3 3 3 3 3 3 3 3 3 3 3 3 3 3 3 3 3 3 3 3 3 3 3 3 3 3 3 3 3 3 3 3 3 3 3 3 3 3 3 3 3 3 3 3 3 3 3 3 3 3 3 3 3 3 3 3 3 3 3 3 3 3 3 3 3 3 3 3 3 3 3 3 3 3 3 3 3 3 3 3 3 3 3 3 3 3 3 3 3 3 3 3 3 3 3 3 3 3 3 3 3 3 3 3 3 3 3 3 3 3 3 3 3 3 3 3 3 3 3 3 3 3 3 3 3 3 3 3 3 3 3 3 3 3 3 3 3 3 3 3 3 3 3 3 3 3 3 3 3 3 3 3 3 3 3 3 3 3 3 3 3 3 3 3 3 3 3 3 3 3 3 3 3 3 3 3 3 3 3 3 3 3 3 3 3 3 3 3 3 3 3 3 3 3 3 3 3 3 3 3 3 3 3 3 3 3 3 3 3 3 3 3 3 3 3 3 3 3 3 3 3 3 3 3 3 3 3 3 3 3 3 3 3 3 3 3 3 3 3 3 3 3 3 3 3 3 3 3 3 3 3 3 3 3 3 3 3 3 3 3 3 3 3 3 3 3 3 3 3 3 3 3 3 3 3 3 3 3 3 3 3 3 3 3 3 3 3 3 3 3 3 3 3 3 3 3 3 3 3 3 3 3 3 3 3 3 3 3 3 3 3 3 3 3 3 3 3 3 3 3 3 3 3 3 3 3 3 3 3 3 3 3 3 3 3 3 3 3 3 3 3 3 3 3 3 3 3 3 3 3 3 3 3 3 3 3 3 3 3 3 3 3 3 3 3 3 3 3 3 3 3 3 3 3 3 3 3 3 3 3 3 3 3 3 3 3 3 3 3 3 3 3 3 3 3 3 3 3 3 3 3 3 3 3 3 3 3 3 3 3 3 3 3 3 3 3 3 3 3 3 3 3 3 3 3 3 3 3 3 3 3 3 3 3 3 3 3 3 3 3 3 3 3 3 3 3 3 3 3 3 3 3 3 3 3 3 3 3 3 3 3 3 3 3 3 3 3 3 3 3 3 3 3 3 3 3 3 3 3 3 3 3 3 3 3 3 3 3 3 3 3 3 3 3 3 3 3 3 3 3 3 3 3 3 3 3 3 3 3 3 3 3 3 3 3 3 3 3 3 3 3 3 3 3 3 3 3 3 3 3 3 3 3 3 3 3 3 3 3 3 3 3 3 3 3 3 3 3 3 3 3 3 3 3 3 3 3 3 3 3 3 3 3 3 3 3 3 3 3 3 3 3 3 3 3 3 3 3 3 3 3 3 3 3 3 3 3 3 3 3 3 3 3 3 3 3 3 3 3 3 3 3 3 3 3 3 3 3 3 3 3 3 3 3 3 3 3 3 3 3 3 3 3 3 3 3 3 3 3 3 3 3 3 3 3 3 3 3 3 3 3 3 3 3 3 3 3 3 3 3 3 3 3 3 3 3 3 3 3 3 3 3 3 3 3 3 3 3 3 3 3 3 3 3 3 3 3 3 3 3 3 3 3 3 3 3 3 3 3 3 3 3 3 3 3 3 3 3 3 3 3 3 3 3 3 3 3 3 3 3 3 3 3 3 3 3 3 3 3 3 3 3 3 3 3 3 3 3 3 3 3 3 3 3 3 3 3 3 3 3 3 3 3 3 3 3 3 3 3 3 3 3 3 3 3 3 3 3 3 3 3 3 3 3 3 3 3 3 3 3 3 3 3 3 3 3 3 3 3 3 3 </vcount>
          <p>0 1 2 3 4 5 6 7 8 9 10 11 12 13 14 15 16 17 18 19 20 21 22 23 24 25 26 27 28 29 30 31 32 33 34 35 36 37 38 39 40 41 42 43 44 45 46 47 48 49 50 51 52 53 54 55 56 57 58 59 60 61 62 63 64 65 66 67 68 69 70 71 72 73 74 75 76 77 78 79 80 81 82 83 84 85 86 87 88 89 90 91 92 93 94 95 96 97 98 99 100 101 102 103 104 105 106 107 108 109 110 111 112 113 114 115 116 117 118 119 120 121 122 123 124 125 126 127 128 129 130 131 132 133 134 135 136 137 138 139 140 141 142 143 144 145 146 147 148 149 150 151 152 153 154 155 156 157 158 159 160 161 162 163 164 165 166 167 168 169 170 171 172 173 174 175 176 177 178 179 180 181 182 183 184 185 186 187 188 189 190 191 192 193 194 195 196 197 198 199 200 201 202 203 204 205 206 207 208 209 210 211 212 213 214 215 216 217 218 219 220 221 222 223 224 225 226 227 228 229 230 231 232 233 234 235 236 237 238 239 240 241 242 243 244 245 246 247 248 249 250 251 252 253 254 255 256 257 258 259 260 261 262 263 264 265 266 267 268 269 270 271 272 273 274 275 276 277 278 279 280 281 282 283 284 285 286 287 288 289 290 291 292 293 294 295 296 297 298 299 300 301 302 303 304 305 306 307 308 309 310 311 312 313 314 315 316 317 318 319 320 321 322 323 324 325 326 327 328 329 330 331 332 333 334 335 336 337 338 339 340 341 342 343 344 345 346 347 348 349 350 351 352 353 354 355 356 357 358 359 360 361 362 363 364 365 366 367 368 369 370 371 372 373 374 375 376 377 378 379 380 381 382 383 384 385 386 387 388 389 390 391 392 393 394 395 396 397 398 399 400 401 402 403 404 405 406 407 408 409 410 411 412 413 414 415 416 417 418 419 420 421 422 423 424 425 426 427 428 429 430 431 432 433 434 435 436 437 438 439 440 441 442 443 444 445 446 447 448 449 450 451 452 453 454 455 456 457 458 459 460 461 462 463 464 465 466 467 468 469 470 471 472 473 474 475 476 477 478 479 480 481 482 483 484 485 486 487 488 489 490 491 492 493 494 495 496 497 498 499 500 501 502 503 504 505 506 507 508 509 510 511 512 513 514 515 516 517 518 519 520 521 522 523 524 525 526 527 528 529 530 531 532 533 534 535 536 537 538 539 540 541 542 543 544 545 546 547 548 549 550 551 552 553 554 555 556 557 558 559 560 561 562 563 564 565 566 567 568 569 570 571 572 573 574 575 576 577 578 579 580 581 582 583 584 585 586 587 588 589 590 591 592 593 594 595 596 597 598 599 600 601 602 603 604 605 606 607 608 609 610 611 612 613 614 615 616 617 618 619 620 621 622 623 624 625 626 627 628 629 630 631 632 633 634 635 636 637 638 639 640 641 642 643 644 645 646 647 648 649 650 651 652 653 654 655 656 657 658 659 660 661 662 663 664 665 666 667 668 669 670 671 672 673 674 675 676 677 678 679 680 681 682 683 684 685 686 687 688 689 690 691 692 693 694 695 696 697 698 699 700 701 702 703 704 705 706 707 708 709 710 711 712 713 714 715 716 717 718 719 720 721 722 723 724 725 726 727 728 729 730 731 732 733 734 735 736 737 738 739 740 741 742 743 744 745 746 747 748 749 750 751 752 753 754 755 756 757 758 759 760 761 762 763 764 765 766 767 768 769 770 771 772 773 774 775 776 777 778 779 780 781 782 783 784 785 786 787 788 789 790 791 792 793 794 795 796 797 798 799 800 801 802 803 804 805 806 807 808 809 810 811 812 813 814 815 816 817 818 819 820 821 822 823 824 825 826 827 828 829 830 831 832 833 834 835 836 837 838 839 840 841 842 843 844 845 846 847 848 849 850 851 852 853 854 855 856 857 858 859 860 861 862 863 864 865 866 867 868 869 870 871 872 873 874 875 876 877 878 879 880 881 882 883 884 885 886 887 888 889 890 891 892 893 894 895 896 897 898 899 900 901 902 903 904 905 906 907 908 909 910 911 912 913 914 915 916 917 918 919 920 921 922 923 924 925 926 927 928 929 930 931 932 933 934 935 936 937 938 939 940 941 942 943 944 945 946 947 948 949 950 951 952 953 954 955 956 957 958 959 960 961 962 963 964 965 966 967 968 969 970 971 972 973 974 975 976 977 978 979 980 981 982 983 984 985 986 987 988 989 990 991 992 993 994 995 996 997 998 999 1000 1001 1002 1003 1004 1005 1006 1007 1008 1009 1010 1011 1012 1013 1014 1015 1016 1017 1018 1019 1020 1021 1022 1023 1024 1025 1026 1027 1028 1029 1030 1031 1032 1033 1034 1035 1036 1037 1038 1039 1040 1041 1042 1043 1044 1045 1046 1047 1048 1049 1050 1051 1052 1053 1054 1055 1056 1057 1058 1059 1060 1061 1062 1063 1064 1065 1066 1067 1068 1069 1070 1071 1072 1073 1074 1075 1076 1077 1078 1079 1080 1081 1082 1083 1084 1085 1086 1087 1088 1089 1090 1091 1092 1093 1094 1095 1096 1097 1098 1099 1100 1101 1102 1103 1104 1105 1106 1107 1108 1109 1110 1111 1112 1113 1114 1115 1116 1117 1118 1119 1120 1121 1122 1123 1124 1125 1126 1127 1128 1129 1130 1131 1132 1133 1134 1135 1136 1137 1138 1139 1140 1141 1142 1143 1144 1145 1146 1147 1148 1149 1150 1151 1152 1153 1154 1155 1156 1157 1158 1159 1160 1161 1162 1163 1164 1165 1166 1167 1168 1169 1170 1171 1172 1173 1174 1175 1176 1177 1178 1179 1180 1181 1182 1183 1184 1185 1186 1187 1188 1189 1190 1191 1192 1193 1194 1195 1196 1197 1198 1199 1200 1201 1202 1203 1204 1205 1206 1207 1208 1209 1210 1211 1212 1213 1214 1215 1216 1217 1218 1219 1220 1221 1222 1223 1224 1225 1226 1227 1228 1229 1230 1231 1232 1233 1234 1235 1236 1237 1238 1239 1240 1241 1242 1243 1244 1245 1246 1247 1248 1249 1250 1251 1252 1253 1254 1255 1256 1257 1258 1259 1260 1261 1262 1263 1264 1265 1266 1267 1268 1269 1270 1271 1272 1273 1274 1275 1276 1277 1278 1279 1280 1281 1282 1283 1284 1285 1286 1287 1288 1289 1290 1291 1292 1293 1294 1295 1296 1297 1298 1299 1300 1301 1302 1303 1304 1305 1306 1307 1308 1309 1310 1311 1312 1313 1314 1315 1316 1317 1318 1319 1320 1321 1322 1323 1324 1325 1326 1327 1328 1329 1330 1331 1332 1333 1334 1335 1336 1337 1338 1339 1340 1341 1342 1343 1344 1345 1346 1347 1348 1349 1350 1351 1352 1353 1354 1355 1356 1357 1358 1359 1360 1361 1362 1363 1364 1365 1366 1367 1368 1369 1370 1371 1372 1373 1374 1375 1376 1377 1378 1379 1380 1381 1382 1383 1384 1385 1386 1387 1388 1389 1390 1391 1392 1393 1394 1395 1396 1397 1398 1399 1400 1401 1402 1403 1404 1405 1406 1407 1408 1409 1410 1411 1412 1413 1414 1415 1416 1417 1418 1419 1420 1421 1422 1423 1424 1425 1426 1427 1428 1429 1430 1431 1432 1433 1434 1435 1436 1437 1438 1439 1440 1441 1442 1443 1444 1445 1446 1447 1448 1449 1450 1451 1452 1453 1454 1455 1456 1457 1458 1459 1460 1461 1462 1463 1464 1465 1466 1467 1468 1469 1470 1471 1472 1473 1474 1475 1476 1477 1478 1479 1480 1481 1482 1483 1484 1485 1486 1487 1488 1489 1490 1491 1492 1493 1494 1495 1496 1497 1498 1499 1500 1501 1502 1503 1504 1505 1506 1507 1508 1509 1510 1511 1512 1513 1514 1515 1516 1517 1518 1519 1520 1521 1522 1523 1524 1525 1526 1527 1528 1529 1530 1531 1532 1533 1534 1535 1536 1537 1538 1539 1540 1541 1542 1543 1544 1545 1546 1547 1548 1549 1550 1551 1552 1553 1554 1555 1556 1557 1558 1559 1560 1561 1562 1563 1564 1565 1566 1567 1568 1569 1570 1571 1572 1573 1574 1575 1576 1577 1578 1579 1580 1581 1582 1583 1584 1585 1586 1587 1588 1589 1590 1591 1592 1593 1594 1595 1596 1597 1598 1599 1600 1601 1602 1603 1604 1605 1606 1607 1608 1609 1610 1611 1612 1613 1614 1615 1616 1617 1618 1619 1620 1621 1622 1623 1624 1625 1626 1627 1628 1629 1630 1631 1632 1633 1634 1635 1636 1637 1638 1639 1640 1641 1642 1643 1644 1645 1646 1647 1648 1649 1650 1651 1652 1653 1654 1655 1656 1657 1658 1659 1660 1661 1662 1663 1664 1665 1666 1667 1668 1669 1670 1671 1672 1673 1674 1675 1676 1677 1678 1679 1680 1681 1682 1683 1684 1685 1686 1687 1688 1689 1690 1691 1692 1693 1694 1695 1696 1697 1698 1699 1700 1701 1702 1703 1704 1705 1706 1707 1708 1709 1710 1711 1712 1713 1714 1715 1716 1717 1718 1719 1720 1721 1722 1723 1724 1725 1726 1727 1728 1729 1730 1731 1732 1733 1734 1735 1736 1737 1738 1739 1740 1741 1742 1743 1744 1745 1746 1747 1748 1749 1750 1751 1752 1753 1754 1755 1756 1757 1758 1759 1760 1761 1762 1763 1764 1765 1766 1767 1768 1769 1770 1771 1772 1773 1774 1775 1776 1777 1778 1779 1780 1781 1782 1783 1784 1785 1786 1787 1788 1789 1790 1791 1792 1793 1794 1795 1796 1797 1798 1799 1800 1801 1802 1803 1804 1805 1806 1807 1808 1809 1810 1811 1812 1813 1814 1815 1816 1817 1818 1819 1820 1821 1822 1823 1824 1825 1826 1827 1828 1829 1830 1831 1832 1833 1834 1835 1836 1837 1838 1839 1840 1841 1842 1843 1844 1845 1846 1847 1848 1849 1850 1851 1852 1853 1854 1855 1856 1857 1858 1859 1860 1861 1862 1863 1864 1865 1866 1867 1868 1869 1870 1871 1872 1873 1874 1875 1876 1877 1878 1879 1880 1881 1882 1883 1884 1885 1886 1887 1888 1889 1890 1891 1892 1893 1894 1895 1896 1897 1898 1899 1900 1901 1902 1903 1904 1905 1906 1907 1908 1909 1910 1911 1912 1913 1914 1915 1916 1917 1918 1919 1920 1921 1922 1923 1924 1925 1926 1927 1928 1929 1930 1931 1932 1933 1934 1935 1936 1937 1938 1939 1940 1941 1942 1943 1944 1945 1946 1947 1948 1949 1950 1951 1952 1953 1954 1955 1956 1957 1958 1959 1960 1961 1962 1963 1964 1965 1966 1967 1968 1969 1970 1971 1972 1973 1974 1975 1976 1977 1978 1979 1980 1981 1982 1983 1984 1985 1986 1987 1988 1989 1990 1991 1992 1993 1994 1995 1996 1997 1998 1999 2000 2001 2002 2003 2004 2005 2006 2007 2008 2009 2010 2011 2012 2013 2014 2015 2016 2017 2018 2019 2020 2021 2022 2023 2024 2025 2026 2027 2028 2029 2030 2031 2032 2033 2034 2035 2036 2037 2038 2039 2040 2041 2042 2043 2044 2045 2046 2047 2048 2049 2050 2051 2052 2053 2054 2055 2056 2057 2058 2059 2060 2061 2062 2063 2064 2065 2066 2067 2068 2069 2070 2071 2072 2073 2074 2075 2076 2077 2078 2079 2080 2081 2082 2083 2084 2085 2086 2087 2088 2089 2090 2091 2092 2093 2094 2095 2096 2097 2098 2099 2100 2101 2102 2103 2104 2105 2106 2107 2108 2109 2110 2111 2112 2113 2114 2115 2116 2117 2118 2119 2120 2121 2122 2123 2124 2125 2126 2127 2128 2129 2130 2131 2132 2133 2134 2135 2136 2137 2138 2139 2140 2141 2142 2143 2144 2145 2146 2147 2148 2149 2150 2151 2152 2153 2154 2155 2156 2157 2158 2159 2160 2161 2162 2163 2164 2165 2166 2167 2168 2169 2170 2171 2172 2173 2174 2175 2176 2177 2178 2179 2180 2181 2182 2183 2184 2185 2186 2187 2188 2189 2190 2191 2192 2193 2194 2195 2196 2197 2198 2199 2200 2201 2202 2203 2204 2205 2206 2207 2208 2209 2210 2211 2212 2213 2214 2215 2216 2217 2218 2219 2220 2221 2222 2223 2224 2225 2226 2227 2228 2229 2230 2231 2232 2233 2234 2235 2236 2237 2238 2239 2240 2241 2242 2243 2244 2245 2246 2247 2248 2249 2250 2251 2252 2253 2254 2255 2256 2257 2258 2259 2260 2261 2262 2263 2264 2265 2266 2267 2268 2269 2270 2271 2272 2273 2274 2275 2276 2277 2278 2279 2280 2281 2282 2283 2284 2285 2286 2287 2288 2289 2290 2291 2292 2293 2294 2295 2296 2297 2298 2299 2300 2301 2302 2303 2304 2305 2306 2307 2308 2309 2310 2311 2312 2313 2314 2315 2316 2317 2318 2319 2320 2321 2322 2323 2324 2325 2326 2327 2328 2329 2330 2331 2332 2333 2334 2335 2336 2337 2338 2339 2340 2341 2342 2343 2344 2345 2346 2347 2348 2349 2350 2351 2352 2353 2354 2355 2356 2357 2358 2359 2360 2361 2362 2363 2364 2365 2366 2367 2368 2369 2370 2371 2372 2373 2374 2375 2376 2377 2378 2379 2380 2381 2382 2383 2384 2385 2386 2387 2388 2389 2390 2391 2392 2393 2394 2395 2396 2397 2398 2399 2400 2401 2402 2403 2404 2405 2406 2407 2408 2409 2410 2411 2412 2413 2414 2415 2416 2417 2418 2419 2420 2421 2422 2423 2424 2425 2426 2427 2428 2429 2430 2431 2432 2433 2434 2435 2436 2437 2438 2439 2440 2441 2442 2443 2444 2445 2446 2447 2448 2449 2450 2451 2452 2453 2454 2455 2456 2457 2458 2459 2460 2461 2462 2463 2464 2465 2466 2467 2468 2469 2470 2471 2472 2473 2474 2475 2476 2477 2478 2479 2480 2481 2482 2483 2484 2485 2486 2487 2488 2489 2490 2491 2492 2493 2494 2495 2496 2497 2498 2499 2500 2501 2502 2503 2504 2505 2506 2507 2508 2509 2510 2511 2512 2513 2514 2515 2516 2517 2518 2519 2520 2521 2522 2523 2524 2525 2526 2527 2528 2529 2530 2531 2532 2533 2534 2535 2536 2537 2538 2539 2540 2541 2542 2543 2544 2545 2546 2547 2548 2549 2550 2551 2552 2553 2554 2555 2556 2557 2558 2559 2560 2561 2562 2563 2564 2565 2566 2567 2568 2569 2570 2571 2572 2573 2574 2575 2576 2577 2578 2579 2580 2581 2582 2583 2584 2585 2586 2587 2588 2589 2590 2591 2592 2593 2594 2595 2596 2597 2598 2599 2600 2601 2602 2603 2604 2605 2606 2607 2608 2609 2610 2611 2612 2613 2614 2615 2616 2617 2618 2619 2620 2621 2622 2623 2624 2625 2626 2627 2628 2629 2630 2631 2632 2633 2634 2635 2636 2637 2638 2639 2640 2641 2642 2643 2644 2645 2646 2647 2648 2649 2650 2651 2652 2653 2654 2655 2656 2657 2658 2659 2660 2661 2662 2663 2664 2665 2666 2667 2668 2669 2670 2671 2672 2673 2674 2675 2676 2677 2678 2679 2680 2681 2682 2683 2684 2685 2686 2687 2688 2689 2690 2691 2692 2693 2694 2695 2696 2697 2698 2699 2700 2701 2702 2703 2704 2705 2706 2707 2708 2709 2710 2711 2712 2713 2714 2715 2716 2717 2718 2719 2720 2721 2722 2723 2724 2725 2726 2727 2728 2729 2730 2731 2732 2733 2734 2735 2736 2737 2738 2739 2740 2741 2742 2743 2744 2745 2746 2747 2748 2749 2750 2751 2752 2753 2754 2755 2756 2757 2758 2759 2760 2761 2762 2763 2764 2765 2766 2767 2768 2769 2770 2771 2772 2773 2774 2775 2776 2777 2778 2779 2780 2781 2782 2783 2784 2785 2786 2787 2788 2789 2790 2791 2792 2793 2794 2795 2796 2797 2798 2799 2800 2801 2802 2803 2804 2805 2806 2807 2808 2809 2810 2811 2812 2813 2814 2815 2816 2817 2818 2819 2820 2821 2822 2823 2824 2825 2826 2827 2828 2829 2830 2831 2832 2833 2834 2835 2836 2837 2838 2839 2840 2841 2842 2843 2844 2845 2846 2847 2848 2849 2850 2851 2852 2853 2854 2855 2856 2857 2858 2859 2860 2861 2862 2863 2864 2865 2866 2867 2868 2869 2870 2871 2872 2873 2874 2875 2876 2877 2878 2879 2880 2881 2882 2883 2884 2885 2886 2887 2888 2889 2890 2891 2892 2893 2894 2895 2896 2897 2898 2899 2900 2901 2902 2903 2904 2905 2906 2907 2908 2909 2910 2911 2912 2913 2914 2915 2916 2917 2918 2919 2920 2921 2922 2923 2924 2925 2926 2927 2928 2929 2930 2931 2932 2933 2934 2935 2936 2937 2938 2939 2940 2941 2942 2943 2944 2945 2946 2947 2948 2949 2950 2951 2952 2953 2954 2955 2956 2957 2958 2959 2960 2961 2962 2963 2964 2965 2966 2967 2968 2969 2970 2971 2972 2973 2974 2975 2976 2977 2978 2979 2980 2981 2982 2983 2984 2985 2986 2987 2988 2989 2990 2991 2992 2993 2994 2995 2996 2997 2998 2999 3000 3001 3002 3003 3004 3005 3006 3007 3008 3009 3010 3011 3012 3013 3014 3015 3016 3017 3018 3019 3020 3021 3022 3023 3024 3025 3026 3027 3028 3029 3030 3031 3032 3033 3034 3035 3036 3037 3038 3039 3040 3041 3042 3043 3044 3045 3046 3047 3048 3049 3050 3051 3052 3053 3054 3055 3056 3057 3058 3059 3060 3061 3062 3063 3064 3065 3066 3067 3068 3069 3070 3071 3072 3073 3074 3075 3076 3077 3078 3079 3080 3081 3082 3083 3084 3085 3086 3087 3088 3089 3090 3091 3092 3093 3094 3095 3096 3097 3098 3099 3100 3101 3102 3103 3104 3105 3106 3107 3108 3109 3110 3111 3112 3113 3114 3115 3116 3117 3118 3119 3120 3121 3122 3123 3124 3125 3126 3127 3128 3129 3130 3131 3132 3133 3134 3135 3136 3137 3138 3139 3140 3141 3142 3143 3144 3145 3146 3147 3148 3149 3150 3151 3152 3153 3154 3155 3156 3157 3158 3159 3160 3161 3162 3163 3164 3165 3166 3167 3168 3169 3170 3171 3172 3173 3174 3175 3176 3177 3178 3179 3180 3181 3182 3183 3184 3185 3186 3187 3188 3189 3190 3191 3192 3193 3194 3195 3196 3197 3198 3199 3200 3201 3202 3203 3204 3205 3206 3207 3208 3209 3210 3211 3212 3213 3214 3215 3216 3217 3218 3219 3220 3221 3222 3223 3224 3225 3226 3227 3228 3229 3230 3231 3232 3233 3234 3235 3236 3237 3238 3239 3240 3241 3242 3243 3244 3245 3246 3247 3248 3249 3250 3251 3252 3253 3254 3255 3256 3257 3258 3259 3260 3261 3262 3263 3264 3265 3266 3267 3268 3269 3270 3271 3272 3273 3274 3275 3276 3277 3278 3279 3280 3281 3282 3283 3284 3285 3286 3287 3288 3289 3290 3291 3292 3293 3294 3295 3296 3297 3298 3299 3300 3301 3302 3303 3304 3305 3306 3307 3308 3309 3310 3311 3312 3313 3314 3315 3316 3317 3318 3319 3320 3321 3322 3323 3324 3325 3326 3327 3328 3329 3330 3331 3332 3333 3334 3335 3336 3337 3338 3339 3340 3341 3342 3343 3344 3345 3346 3347 3348 3349 3350 3351 3352 3353 3354 3355 3356 3357 3358 3359 3360 3361 3362 3363 3364 3365 3366 3367 3368 3369 3370 3371 3372 3373 3374 3375 3376 3377 3378 3379 3380 3381 3382 3383 3384 3385 3386 3387 3388 3389 3390 3391 3392 3393 3394 3395 3396 3397 3398 3399 3400 3401 3402 3403 3404 3405 3406 3407 3408 3409 3410 3411 3412 3413 3414 3415 3416 3417 3418 3419 3420 3421 3422 3423 3424 3425 3426 3427 3428 3429 3430 3431 3432 3433 3434 3435 3436 3437 3438 3439 3440 3441 3442 3443 3444 3445 3446 3447 3448 3449 3450 3451 3452 3453 3454 3455 3456 3457 3458 3459 3460 3461 3462 3463 3464 3465 3466 3467 3468 3469 3470 3471 3472 3473 3474 3475 3476 3477 3478 3479 3480 3481 3482 3483 3484 3485 3486 3487 3488 3489 3490 3491 3492 3493 3494 3495 3496 3497 3498 3499 3500 3501 3502 3503 3504 3505 3506 3507 3508 3509 3510 3511 3512 3513 3514 3515 3516 3517 3518 3519 3520 3521 3522 3523 3524 3525 3526 3527 3528 3529 3530 3531 3532 3533 3534 3535 3536 3537 3538 3539 3540 3541 3542 3543 3544 3545 3546 3547 3548 3549 3550 3551 3552 3553 3554 3555 3556 3557 3558 3559 3560 3561 3562 3563 3564 3565 3566 3567 3568 3569 3570 3571 3572 3573 3574 3575 3576 3577 3578 3579 3580 3581 3582 3583 3584 3585 3586 3587 3588 3589 3590 3591 3592 3593 3594 3595 3596 3597 3598 3599 3600 3601 3602 3603 3604 3605 3606 3607 3608 3609 3610 3611 3612 3613 3614 3615 3616 3617 3618 3619 3620 3621 3622 3623 3624 3625 3626 3627 3628 3629 3630 3631 3632 3633 3634 3635 3636 3637 3638 3639 3640 3641 3642 3643 3644 3645 3646 3647 3648 3649 3650 3651 3652 3653 3654 3655 3656 3657 3658 3659 3660 3661 3662 3663 3664 3665 3666 3667 3668 3669 3670 3671 3672 3673 3674 3675 3676 3677 3678 3679 3680 3681 3682 3683 3684 3685 3686 3687 3688 3689 3690 3691 3692 3693 3694 3695 3696 3697 3698 3699 3700 3701 3702 3703 3704 3705 3706 3707 3708 3709 3710 3711 3712 3713 3714 3715 3716 3717 3718 3719 3720 3721 3722 3723 3724 3725 3726 3727 3728 3729 3730 3731 3732 3733 3734 3735 3736 3737 3738 3739 3740 3741 3742 3743 3744 3745 3746 3747 3748 3749 3750 3751 3752 3753 3754 3755 3756 3757 3758 3759 3760 3761 3762 3763 3764 3765 3766 3767 3768 3769 3770 3771 3772 3773 3774 3775 3776 3777 3778 3779 3780 3781 3782 3783 3784 3785 3786 3787 3788 3789 3790 3791 3792 3793 3794 3795 3796 3797 3798 3799 3800 3801 3802 3803 3804 3805 3806 3807 3808 3809 3810 3811 3812 3813 3814 3815 3816 3817 3818 3819 3820 3821 3822 3823 3824 3825 3826 3827 3828 3829 3830 3831 3832 3833 3834 3835 3836 3837 3838 3839 3840 3841 3842 3843 3844 3845 3846 3847 3848 3849 3850 3851 3852 3853 3854 3855 3856 3857 3858 3859 3860 3861 3862 3863 3864 3865 3866 3867 3868 3869 3870 3871 3872 3873 3874 3875 3876 3877 3878 3879 3880 3881 3882 3883 3884 3885 3886 3887 3888 3889 3890 3891 3892 3893 3894 3895 3896 3897 3898 3899 3900 3901 3902 3903 3904 3905 3906 3907 3908 3909 3910 3911 3912 3913 3914 3915 3916 3917 3918 3919 3920 3921 3922 3923 3924 3925 3926 3927 3928 3929 3930 3931 3932 3933 3934 3935 3936 3937 3938 3939 3940 3941 3942 3943 3944 3945 3946 3947 3948 3949 3950 3951 3952 3953 3954 3955 3956 3957 3958 3959 3960 3961 3962 3963 3964 3965 3966 3967 3968 3969 3970 3971 3972 3973 3974 3975 3976 3977 3978 3979 3980 3981 3982 3983 3984 3985 3986 3987 3988 3989 3990 3991 3992 3993 3994 3995 3996 3997 3998 3999 4000 4001 4002 4003 4004 4005 4006 4007 4008 4009 4010 4011 4012 4013 4014 4015 4016 4017 4018 4019 4020 4021 4022 4023 4024 4025 4026 4027 4028 4029 4030 4031 4032 4033 4034 4035 4036 4037 4038 4039 4040 4041 4042 4043 4044 4045 4046 4047 4048 4049 4050 4051 4052 4053 4054 4055 4056 4057 4058 4059 4060 4061 4062 4063 4064 4065 4066 4067 4068 4069 4070 4071 4072 4073 4074 4075 4076 4077 4078 4079 4080 4081 4082 4083 4084 4085 4086 4087 4088 4089 4090 4091 4092 4093 4094 4095 4096 4097 4098 4099 4100 4101 4102 4103 4104 4105 4106 4107 4108 4109 4110 4111 4112 4113 4114 4115 4116 4117 4118 4119 4120 4121 4122 4123 4124 4125 4126 4127 4128 4129 4130 4131 4132 4133 4134 4135 4136 4137 4138 4139 4140 4141 4142 4143 4144 4145 4146 4147 4148 4149 4150 4151 4152 4153 4154 4155 4156 4157 4158 4159 4160 4161 4162 4163 4164 4165 4166 4167 4168 4169 4170 4171 4172 4173 4174 4175 4176 4177 4178 4179 4180 4181 4182 4183 4184 4185 4186 4187 4188 4189 4190 4191 4192 4193 4194 4195 4196 4197 4198 4199 4200 4201 4202 4203 4204 4205 4206 4207 4208 4209 4210 4211 4212 4213 4214 4215 4216 4217 4218 4219 4220 4221 4222 4223 4224 4225 4226 4227 4228 4229 4230 4231 4232 4233 4234 4235 4236 4237 4238 4239 4240 4241 4242 4243 4244 4245 4246 4247 4248 4249 4250 4251 4252 4253 4254 4255 4256 4257 4258 4259 4260 4261 4262 4263 4264 4265 4266 4267 4268 4269 4270 4271 4272 4273 4274 4275 4276 4277 4278 4279 4280 4281 4282 4283 4284 4285 4286 4287 4288 4289 4290 4291 4292 4293 4294 4295 4296 4297 4298 4299 4300 4301 4302 4303 4304 4305 4306 4307 4308 4309 4310 4311 4312 4313 4314 4315 4316 4317 4318 4319 4320 4321 4322 4323 4324 4325 4326 4327 4328 4329 4330 4331 4332 4333 4334 4335 4336 4337 4338 4339 4340 4341 4342 4343 4344 4345 4346 4347 4348 4349 4350 4351 4352 4353 4354 4355 4356 4357 4358 4359 4360 4361 4362 4363 4364 4365 4366 4367 4368 4369 4370 4371 4372 4373 4374 4375 4376 4377 4378 4379 4380 4381 4382 4383 4384 4385 4386 4387 4388 4389 4390 4391 4392 4393 4394 4395 4396 4397 4398 4399 4400 4401 4402 4403 4404 4405 4406 4407 4408 4409 4410 4411 4412 4413 4414 4415 4416 4417 4418 4419 4420 4421 4422 4423 4424 4425 4426 4427 4428 4429 4430 4431 4432 4433 4434 4435 4436 4437 4438 4439 4440 4441 4442 4443 4444 4445 4446 4447 4448 4449 4450 4451 4452 4453 4454 4455 4456 4457 4458 4459 4460 4461 4462 4463 4464 4465 4466 4467 4468 4469 4470 4471 4472 4473 4474 4475 4476 4477 4478 4479 4480 4481 4482 4483 4484 4485 4486 4487 4488 4489 4490 4491 4492 4493 4494 4495 4496 4497 4498 4499 4500 4501 4502 4503 4504 4505 4506 4507 4508 4509 4510 4511 4512 4513 4514 4515 4516 4517 4518 4519 4520 4521 4522 4523 4524 4525 4526 4527 4528 4529 4530 4531 4532 4533 4534 4535 4536 4537 4538 4539 4540 4541 4542 4543 4544 4545 4546 4547 4548 4549 4550 4551 4552 4553 4554 4555 4556 4557 4558 4559 4560 4561 4562 4563 4564 4565 4566 4567 4568 4569 4570 4571 4572 4573 4574 4575 4576 4577 4578 4579 4580 4581 4582 4583 4584 4585 4586 4587 4588 4589 4590 4591 4592 4593 4594 4595 4596 4597 4598 4599 4600 4601 4602 4603 4604 4605 4606 4607 4608 4609 4610 4611 4612 4613 4614 4615 4616 4617 4618 4619 4620 4621 4622 4623 4624 4625 4626 4627 4628 4629 4630 4631 4632 4633 4634 4635 4636 4637 4638 4639 4640 4641 4642 4643 4644 4645 4646 4647 4648 4649 4650 4651 4652 4653 4654 4655 4656 4657 4658 4659 4660 4661 4662 4663 4664 4665 4666 4667 4668 4669 4670 4671 4672 4673 4674 4675 4676 4677 4678 4679 4680 4681 4682 4683 4684 4685 4686 4687 4688 4689 4690 4691 4692 4693 4694 4695 4696 4697 4698 4699 4700 4701 4702 4703 4704 4705 4706 4707 4708 4709 4710 4711 4712 4713 4714 4715 4716 4717 4718 4719 4720 4721 4722 4723 4724 4725 4726 4727 4728 4729 4730 4731 4732 4733 4734 4735 4736 4737 4738 4739 4740 4741 4742 4743 4744 4745 4746 4747 4748 4749 4750 4751 4752 4753 4754 4755 4756 4757 4758 4759 4760 4761 4762 4763 4764 4765 4766 4767 4768 4769 4770 4771 4772 4773 4774 4775 4776 4777 4778 4779 4780 4781 4782 4783 4784 4785 4786 4787 4788 4789 4790 4791 4792 4793 4794 4795 4796 4797 4798 4799 4800 4801 4802 4803 4804 4805 4806 4807 4808 4809 4810 4811 4812 4813 4814 4815 4816 4817 4818 4819 4820 4821 4822 4823 4824 4825 4826 4827 4828 4829 4830 4831 4832 4833 4834 4835 4836 4837 4838 4839 4840 4841 4842 4843 4844 4845 4846 4847 4848 4849 4850 4851 4852 4853 4854 4855 4856 4857 4858 4859 4860 4861 4862 4863 4864 4865 4866 4867 4868 4869 4870 4871 4872 4873 4874 4875 4876 4877 4878 4879 4880 4881 4882 4883 4884 4885 4886 4887 4888 4889 4890 4891 4892 4893 4894 4895 4896 4897 4898 4899 4900 4901 4902 4903 4904 4905 4906 4907 4908 4909 4910 4911 4912 4913 4914 4915 4916 4917 4918 4919 4920 4921 4922 4923 4924 4925 4926 4927 4928 4929 4930 4931 4932 4933 4934 4935 4936 4937 4938 4939 4940 4941 4942 4943 4944 4945 4946 4947 4948 4949 4950 4951 4952 4953 4954 4955 4956 4957 4958 4959 4960 4961 4962 4963 4964 4965 4966 4967 4968 4969 4970 4971 4972 4973 4974 4975 4976 4977 4978 4979 4980 4981 4982 4983 4984 4985 4986 4987 4988 4989 4990 4991 4992 4993 4994 4995 4996 4997 4998 4999 5000 5001 5002 5003 5004 5005 5006 5007 5008 5009 5010 5011 5012 5013 5014 5015 5016 5017 5018 5019 5020 5021 5022 5023 5024 5025 5026 5027 5028 5029 5030 5031 5032 5033 5034 5035 5036 5037 5038 5039 5040 5041 5042 5043 5044 5045 5046 5047 5048 5049 5050 5051 5052 5053 5054 5055 5056 5057 5058 5059 5060 5061 5062 5063 5064 5065 5066 5067 5068 5069 5070 5071 5072 5073 5074 5075 5076 5077 5078 5079 5080 5081 5082 5083 5084 5085 5086 5087 5088 5089 5090 5091 5092 5093 5094 5095 5096 5097 5098 5099 5100 5101 5102 5103 5104 5105 5106 5107 5108 5109 5110 5111 5112 5113 5114 5115 5116 5117 5118 5119 5120 5121 5122 5123 5124 5125 5126 5127 5128 5129 5130 5131 5132 5133 5134 5135 5136 5137 5138 5139 5140 5141 5142 5143 5144 5145 5146 5147 5148 5149 5150 5151 5152 5153 5154 5155 5156 5157 5158 5159 5160 5161 5162 5163 5164 5165 5166 5167 5168 5169 5170 5171 5172 5173 5174 5175 5176 5177 5178 5179 5180 5181 5182 5183 5184 5185 5186 5187 5188 5189 5190 5191 5192 5193 5194 5195 5196 5197 5198 5199 5200 5201 5202 5203 5204 5205 5206 5207 5208 5209 5210 5211 5212 5213 5214 5215 5216 5217 5218 5219 5220 5221 5222 5223 5224 5225 5226 5227 5228 5229 5230 5231 5232 5233 5234 5235 5236 5237 5238 5239 5240 5241 5242 5243 5244 5245 5246 5247 5248 5249 5250 5251 5252 5253 5254 5255 5256 5257 5258 5259 5260 5261 5262 5263 5264 5265 5266 5267 5268 5269 5270 5271 5272 5273 5274 5275 5276 5277 5278 5279 5280 5281 5282 5283 5284 5285 5286 5287 5288 5289 5290 5291 5292 5293 5294 5295 5296 5297 5298 5299 5300 5301 5302 5303 5304 5305 5306 5307 5308 5309 5310 5311 5312 5313 5314 5315 5316 5317 5318 5319 5320 5321 5322 5323 5324 5325 5326 5327 5328 5329 5330 5331 5332 5333 5334 5335 5336 5337 5338 5339 5340 5341 5342 5343 5344 5345 5346 5347 5348 5349 5350 5351 5352 5353 5354 5355 5356 5357 5358 5359 5360 5361 5362 5363 5364 5365 5366 5367 5368 5369 5370 5371 5372 5373 5374 5375 5376 5377 5378 5379 5380 5381 5382 5383 5384 5385 5386 5387 5388 5389 5390 5391 5392 5393 5394 5395 5396 5397 5398 5399 5400 5401 5402 5403 5404 5405 5406 5407 5408 5409 5410 5411 5412 5413 5414 5415 5416 5417 5418 5419 5420 5421 5422 5423 5424 5425 5426 5427 5428 5429 5430 5431 5432 5433 5434 5435 5436 5437 5438 5439 5440 5441 5442 5443 5444 5445 5446 5447 5448 5449 5450 5451 5452 5453 5454 5455 5456 5457 5458 5459 5460 5461 5462 5463 5464 5465 5466 5467 5468 5469 5470 5471 5472 5473 5474 5475 5476 5477 5478 5479 5480 5481 5482 5483 5484 5485 5486 5487 5488 5489 5490 5491 5492 5493 5494 5495 5496 5497 5498 5499 5500 5501 5502 5503 5504 5505 5506 5507 5508 5509 5510 5511 5512 5513 5514 5515 5516 5517 5518 5519 5520 5521 5522 5523 5524 5525 5526 5527 5528 5529 5530 5531 5532 5533 5534 5535 5536 5537 5538 5539 5540 5541 5542 5543 5544 5545 5546 5547 5548 5549 5550 5551 5552 5553 5554 5555 5556 5557 5558 5559 5560 5561 5562 5563 5564 5565 5566 5567 5568 5569 5570 5571 5572 5573 5574 5575 5576 5577 5578 5579 5580 5581 5582 5583 5584 5585 5586 5587 5588 5589 5590 5591 5592 5593 5594 5595 5596 5597 5598 5599 5600 5601 5602 5603 5604 5605 5606 5607 5608 5609 5610 5611 5612 5613 5614 5615 5616 5617 5618 5619 5620 5621 5622 5623 5624 5625 5626 5627 5628 5629 5630 5631 5632 5633 5634 5635 5636 5637 5638 5639 5640 5641 5642 5643 5644 5645 5646 5647 5648 5649 5650 5651 5652 5653 5654 5655 5656 5657 5658 5659 5660 5661 5662 5663 5664 5665 5666 5667 5668 5669 5670 5671 5672 5673 5674 5675 5676 5677 5678 5679 5680 5681 5682 5683 5684 5685 5686 5687 5688 5689 5690 5691 5692 5693 5694 5695 5696 5697 5698 5699 5700 5701 5702 5703 5704 5705 5706 5707 5708 5709 5710 5711 5712 5713 5714 5715 5716 5717 5718 5719 5720 5721 5722 5723 5724 5725 5726 5727 5728 5729 5730 5731 5732 5733 5734 5735 5736 5737 5738 5739 5740 5741 5742 5743 5744 5745 5746 5747 5748 5749 5750 5751 5752 5753 5754 5755 5756 5757 5758 5759 5760 5761 5762 5763 5764 5765 5766 5767 5768 5769 5770 5771 5772 5773 5774 5775 5776 5777 5778 5779 5780 5781 5782 5783 5784 5785 5786 5787 5788 5789 5790 5791 5792 5793 5794 5795 5796 5797 5798 5799 5800 5801 5802 5803 5804 5805 5806 5807 5808 5809 5810 5811 5812 5813 5814 5815 5816 5817 5818 5819 5820 5821 5822 5823 5824 5825 5826 5827 5828 5829 5830 5831 5832 5833 5834 5835 5836 5837 5838 5839 5840 5841 5842 5843 5844 5845 5846 5847 5848 5849 5850 5851 5852 5853 5854 5855 5856 5857 5858 5859 5860 5861 5862 5863 5864 5865 5866 5867 5868 5869 5870 5871 5872 5873 5874 5875 5876 5877 5878 5879 5880 5881 5882 5883 5884 5885 5886 5887 5888 5889 5890 5891 5892 5893 5894 5895 5896 5897 5898 5899 5900 5901 5902 5903 5904 5905 5906 5907 5908 5909 5910 5911 5912 5913 5914 5915 5916 5917 5918 5919 5920 5921 5922 5923 5924 5925 5926 5927 5928 5929 5930 5931 5932 5933 5934 5935 5936 5937 5938 5939 5940 5941 5942 5943 5944 5945 5946 5947 5948 5949 5950 5951 5952 5953 5954 5955 5956 5957 5958 5959 5960 5961 5962 5963 5964 5965 5966 5967 5968 5969 5970 5971 5972 5973 5974 5975 5976 5977 5978 5979 5980 5981 5982 5983 5984 5985 5986 5987 5988 5989 5990 5991 5992 5993 5994 5995 5996 5997 5998 5999 6000 6001 6002 6003 6004 6005 6006 6007 6008 6009 6010 6011 6012 6013 6014 6015 6016 6017 6018 6019 6020 6021 6022 6023 6024 6025 6026 6027 6028 6029 6030 6031 6032 6033 6034 6035 6036 6037 6038 6039 6040 6041 6042 6043 6044 6045 6046 6047 6048 6049 6050 6051 6052 6053 6054 6055 6056 6057 6058 6059 6060 6061 6062 6063 6064 6065 6066 6067 6068 6069 6070 6071 6072 6073 6074 6075 6076 6077 6078 6079 6080 6081 6082 6083 6084 6085 6086 6087 6088 6089 6090 6091 6092 6093 6094 6095 6096 6097 6098 6099 6100 6101 6102 6103 6104 6105 6106 6107 6108 6109 6110 6111 6112 6113 6114 6115 6116 6117 6118 6119 6120 6121 6122 6123 6124 6125 6126 6127 6128 6129 6130 6131 6132 6133 6134 6135 6136 6137 6138 6139 6140 6141 6142 6143 6144 6145 6146 6147 6148 6149 6150 6151 6152 6153 6154 6155 6156 6157 6158 6159 6160 6161 6162 6163 6164 6165 6166 6167 6168 6169 6170 6171 6172 6173 6174 6175 6176 6177 6178 6179 6180 6181 6182 6183 6184 6185 6186 6187 6188 6189 6190 6191 6192 6193 6194 6195 6196 6197 6198 6199 6200 6201 6202 6203 6204 6205 6206 6207 6208 6209 6210 6211 6212 6213 6214 6215 6216 6217 6218 6219 6220 6221 6222 6223 6224 6225 6226 6227 6228 6229 6230 6231 6232 6233 6234 6235 6236 6237 6238 6239 6240 6241 6242 6243 6244 6245 6246 6247 6248 6249 6250 6251 6252 6253 6254 6255 6256 6257 6258 6259 6260 6261 6262 6263 6264 6265 6266 6267 6268 6269 6270 6271 6272 6273 6274 6275 6276 6277 6278 6279 6280 6281 6282 6283 6284 6285 6286 6287 6288 6289 6290 6291 6292 6293 6294 6295 6296 6297 6298 6299 6300 6301 6302 6303 6304 6305 6306 6307 6308 6309 6310 6311 6312 6313 6314 6315 6316 6317 6318 6319 6320 6321 6322 6323 6324 6325 6326 6327 6328 6329 6330 6331 6332 6333 6334 6335 6336 6337 6338 6339 6340 6341 6342 6343 6344 6345 6346 6347 6348 6349 6350 6351 6352 6353 6354 6355 6356 6357 6358 6359 6360 6361 6362 6363 6364 6365 6366 6367 6368 6369 6370 6371 6372 6373 6374 6375 6376 6377 6378 6379 6380 6381 6382 6383 6384 6385 6386 6387 6388 6389 6390 6391 6392 6393 6394 6395 6396 6397 6398 6399 6400 6401 6402 6403 6404 6405 6406 6407 6408 6409 6410 6411 6412 6413 6414 6415 6416 6417 6418 6419 6420 6421 6422 6423 6424 6425 6426 6427 6428 6429 6430 6431 6432 6433 6434 6435 6436 6437 6438 6439 6440 6441 6442 6443 6444 6445 6446 6447 6448 6449 6450 6451 6452 6453 6454 6455 6456 6457 6458 6459 6460 6461 6462 6463 6464 6465 6466 6467 6468 6469 6470 6471 6472 6473 6474 6475 6476 6477 6478 6479 6480 6481 6482 6483 6484 6485 6486 6487 6488 6489 6490 6491 6492 6493 6494 6495 6496 6497 6498 6499 6500 6501 6502 6503 6504 6505 6506 6507 6508 6509 6510 6511 6512 6513 6514 6515 6516 6517 6518 6519 6520 6521 6522 6523 6524 6525 6526 6527 6528 6529 6530 6531 6532 6533 6534 6535 6536 6537 6538 6539 6540 6541 6542 6543 6544 6545 6546 6547 6548 6549 6550 6551 6552 6553 6554 6555 6556 6557 6558 6559 6560 6561 6562 6563 6564 6565 6566 6567 6568 6569 6570 6571 6572 6573 6574 6575 6576 6577 6578 6579 6580 6581 6582 6583 6584 6585 6586 6587 6588 6589 6590 6591 6592 6593 6594 6595 6596 6597 6598 6599 6600 6601 6602 6603 6604 6605 6606 6607 6608 6609 6610 6611 6612 6613 6614 6615 6616 6617 6618 6619 6620 6621 6622 6623 6624 6625 6626 6627 6628 6629 6630 6631 6632 6633 6634 6635 6636 6637 6638 6639 6640 6641 6642 6643 6644 6645 6646 6647 6648 6649 6650 6651 6652 6653 6654 6655 6656 6657 6658 6659 6660 6661 6662 6663 6664 6665 6666 6667 6668 6669 6670 6671 6672 6673 6674 6675 6676 6677 6678 6679 6680 6681 6682 6683 6684 6685 6686 6687 6688 6689 6690 6691 6692 6693 6694 6695 6696 6697 6698 6699 6700 6701 6702 6703 6704 6705 6706 6707 6708 6709 6710 6711 6712 6713 6714 6715 6716 6717 6718 6719 6720 6721 6722 6723 6724 6725 6726 6727 6728 6729 6730 6731 6732 6733 6734 6735 6736 6737 6738 6739 6740 6741 6742 6743 6744 6745 6746 6747 6748 6749 6750 6751 6752 6753 6754 6755 6756 6757 6758 6759 6760 6761 6762 6763 6764 6765 6766 6767 6768 6769 6770 6771 6772 6773 6774 6775 6776 6777 6778 6779 6780 6781 6782 6783 6784 6785 6786 6787 6788 6789 6790 6791 6792 6793 6794 6795 6796 6797 6798 6799 6800 6801 6802 6803 6804 6805 6806 6807 6808 6809 6810 6811 6812 6813 6814 6815 6816 6817 6818 6819 6820 6821 6822 6823 6824 6825 6826 6827 6828 6829 6830 6831 6832 6833 6834 6835 6836 6837 6838 6839 6840 6841 6842 6843 6844 6845 6846 6847 6848 6849 6850 6851 6852 6853 6854 6855 6856 6857 6858 6859 6860 6861 6862 6863 6864 6865 6866 6867 6868 6869 6870 6871 6872 6873 6874 6875 6876 6877 6878 6879 6880 6881 6882 6883 6884 6885 6886 6887 6888 6889 6890 6891 6892 6893 6894 6895 6896 6897 6898 6899 6900 6901 6902 6903 6904 6905 6906 6907 6908 6909 6910 6911 6912 6913 6914 6915 6916 6917 6918 6919 6920 6921 6922 6923 6924 6925 6926 6927 6928 6929 6930 6931 6932 6933 6934 6935 6936 6937 6938 6939 6940 6941 6942 6943 6944 6945 6946 6947 6948 6949 6950 6951 6952 6953 6954 6955 6956 6957 6958 6959 6960 6961 6962 6963 6964 6965 6966 6967 6968 6969 6970 6971 6972 6973 6974 6975 6976 6977 6978 6979 6980 6981 6982 6983 6984 6985 6986 6987 6988 6989 6990 6991 6992 6993 6994 6995 6996 6997 6998 6999 7000 7001 7002 7003 7004 7005 7006 7007 7008 7009 7010 7011 7012 7013 7014 7015 7016 7017 7018 7019 7020 7021 7022 7023 7024 7025 7026 7027 7028 7029 7030 7031 7032 7033 7034 7035 7036 7037 7038 7039 7040 7041 7042 7043 7044 7045 7046 7047 7048 7049 7050 7051 7052 7053 7054 7055 7056 7057 7058 7059 7060 7061 7062 7063 7064 7065 7066 7067 7068 7069 7070 7071 7072 7073 7074 7075 7076 7077 7078 7079 7080 7081 7082 7083 7084 7085 7086 7087 7088 7089 7090 7091 7092 7093 7094 7095 7096 7097 7098 7099 7100 7101 7102 7103 7104 7105 7106 7107 7108 7109 7110 7111 7112 7113 7114 7115 7116 7117 7118 7119 7120 7121 7122 7123 7124 7125 7126 7127 7128 7129 7130 7131 7132 7133 7134 7135 7136 7137 7138 7139 7140 7141 7142 7143 7144 7145 7146 7147 7148 7149 7150 7151 7152 7153 7154 7155 7156 7157 7158 7159 7160 7161 7162 7163 7164 7165 7166 7167 7168 7169 7170 7171 7172 7173 7174 7175 7176 7177 7178 7179 7180 7181 7182 7183 7184 7185 7186 7187 7188 7189 7190 7191 7192 7193 7194 7195 7196 7197 7198 7199 7200 7201 7202 7203 7204 7205 7206 7207 7208 7209 7210 7211 7212 7213 7214 7215 7216 7217 7218 7219 7220 7221 7222 7223 7224 7225 7226 7227 7228 7229 7230 7231 7232 7233 7234 7235 7236 7237 7238 7239 7240 7241 7242 7243 7244 7245 7246 7247 7248 7249 7250 7251 7252 7253 7254 7255 7256 7257 7258 7259 7260 7261 7262 7263 7264 7265 7266 7267 7268 7269 7270 7271 7272 7273 7274 7275 7276 7277 7278 7279 7280 7281 7282 7283 7284 7285 7286 7287 7288 7289 7290 7291 7292 7293 7294 7295 7296 7297 7298 7299 7300 7301 7302 7303 7304 7305 7306 7307 7308 7309 7310 7311 7312 7313 7314 7315 7316 7317 7318 7319 7320 7321 7322 7323 7324 7325 7326 7327 7328 7329 7330 7331 7332 7333 7334 7335 7336 7337 7338 7339 7340 7341 7342 7343 7344 7345 7346 7347 7348 7349 7350 7351 7352 7353 7354 7355 7356 7357 7358 7359 7360 7361 7362 7363 7364 7365 7366 7367 7368 7369 7370 7371 7372 7373 7374 7375 7376 7377 7378 7379 7380 7381 7382 7383 7384 7385 7386 7387 7388 7389 7390 7391 7392 7393 7394 7395 7396 7397 7398 7399 7400 7401 7402 7403 7404 7405 7406 7407 7408 7409 7410 7411 7412 7413 7414 7415 7416 7417 7418 7419 7420 7421 7422 7423 7424 7425 7426 7427 7428 7429 7430 7431 7432 7433 7434 7435 7436 7437 7438 7439 7440 7441 7442 7443 7444 7445 7446 7447 7448 7449 7450 7451 7452 7453 7454 7455 7456 7457 7458 7459 7460 7461 7462 7463 7464 7465 7466 7467 7468 7469 7470 7471 7472 7473 7474 7475 7476 7477 7478 7479 7480 7481 7482 7483 7484 7485 7486 7487 7488 7489 7490 7491 7492 7493 7494 7495 7496 7497 7498 7499 7500 7501 7502 7503 7504 7505 7506 7507 7508 7509 7510 7511 7512 7513 7514 7515 7516 7517 7518 7519 7520 7521 7522 7523 7524 7525 7526 7527 7528 7529 7530 7531 7532 7533 7534 7535 7536 7537 7538 7539 7540 7541 7542 7543 7544 7545 7546 7547 7548 7549 7550 7551 7552 7553 7554 7555 7556 7557 7558 7559 7560 7561 7562 7563 7564 7565 7566 7567 7568 7569 7570 7571 7572 7573 7574 7575 7576 7577 7578 7579 7580 7581 7582 7583 7584 7585 7586 7587 7588 7589 7590 7591 7592 7593 7594 7595 7596 7597 7598 7599 7600 7601 7602 7603 7604 7605 7606 7607 7608 7609 7610 7611 7612 7613 7614 7615 7616 7617 7618 7619 7620 7621 7622 7623 7624 7625 7626 7627 7628 7629 7630 7631 7632 7633 7634 7635 7636 7637 7638 7639 7640 7641 7642 7643 7644 7645 7646 7647 7648 7649 7650 7651 7652 7653 7654 7655 7656 7657 7658 7659 7660 7661 7662 7663 7664 7665 7666 7667 7668 7669 7670 7671 7672 7673 7674 7675 7676 7677 7678 7679 7680 7681 7682 7683 7684 7685 7686 7687 7688 7689 7690 7691 7692 7693 7694 7695 7696 7697 7698 7699 7700 7701 7702 7703 7704 7705 7706 7707 7708 7709 7710 7711 7712 7713 7714 7715 7716 7717 7718 7719 7720 7721 7722 7723 7724 7725 7726 7727 7728 7729 7730 7731 7732 7733 7734 7735 7736 7737 7738 7739 7740 7741 7742 7743 7744 7745 7746 7747 7748 7749 7750 7751 7752 7753 7754 7755 7756 7757 7758 7759 7760 7761 7762 7763 7764 7765 7766 7767 7768 7769 7770 7771 7772 7773 7774 7775 7776 7777 7778 7779 7780 7781 7782 7783 7784 7785 7786 7787 7788 7789 7790 7791 7792 7793 7794 7795 7796 7797 7798 7799 7800 7801 7802 7803 7804 7805 7806 7807 7808 7809 7810 7811 7812 7813 7814 7815 7816 7817 7818 7819 7820 7821 7822 7823 7824 7825 7826 7827 7828 7829 7830 7831 7832 7833 7834 7835 7836 7837 7838 7839 7840 7841 7842 7843 7844 7845 7846 7847 7848 7849 7850 7851 7852 7853 7854 7855 7856 7857 7858 7859 7860 7861 7862 7863 7864 7865 7866 7867 7868 7869 7870 7871 7872 7873 7874 7875 7876 7877 7878 7879 7880 7881 7882 7883 7884 7885 7886 7887 7888 7889 7890 7891 7892 7893 7894 7895 7896 7897 7898 7899 7900 7901 7902 7903 7904 7905 7906 7907 7908 7909 7910 7911 7912 7913 7914 7915 7916 7917 7918 7919 7920 7921 7922 7923 7924 7925 7926 7927 7928 7929 7930 7931 7932 7933 7934 7935 7936 7937 7938 7939 7940 7941 7942 7943 7944 7945 7946 7947 7948 7949 7950 7951 7952 7953 7954 7955 7956 7957 7958 7959 7960 7961 7962 7963 7964 7965 7966 7967 7968 7969 7970 7971 7972 7973 7974 7975 7976 7977 7978 7979 7980 7981 7982 7983 7984 7985 7986 7987 7988 7989 7990 7991 7992 7993 7994 7995 7996 7997 7998 7999 8000 8001 8002 8003 8004 8005 8006 8007 8008 8009 8010 8011 8012 8013 8014 8015 8016 8017 8018 8019 8020 8021 8022 8023 8024 8025 8026 8027 8028 8029 8030 8031 8032 8033 8034 8035 8036 8037 8038 8039 8040 8041 8042 8043 8044 8045 8046 8047 8048 8049 8050 8051 8052 8053 8054 8055 8056 8057 8058 8059 8060 8061 8062 8063 8064 8065 8066 8067 8068 8069 8070 8071 8072 8073 8074 8075 8076 8077 8078 8079 8080 8081 8082 8083 8084 8085 8086 8087 8088 8089 8090 8091 8092 8093 8094 8095 8096 8097 8098 8099 8100 8101 8102 8103 8104 8105 8106 8107 8108 8109 8110 8111 8112 8113 8114 8115 8116 8117 8118 8119 8120 8121 8122 8123 8124 8125 8126 8127 8128 8129 8130 8131 8132 8133 8134 8135 8136 8137 8138 8139 8140 8141 8142 8143 8144 8145 8146 8147 8148 8149 8150 8151 8152 8153 8154 8155 8156 8157 8158 8159 8160 8161 8162 8163 8164 8165 8166 8167 8168 8169 8170 8171 8172 8173 8174 8175 8176 8177 8178 8179 8180 8181 8182 8183 8184 8185 8186 8187 8188 8189 8190 8191 8192 8193 8194 8195 8196 8197 8198 8199 8200 8201 8202 8203 8204 8205 8206 8207 8208 8209 8210 8211 8212 8213 8214 8215 8216 8217 8218 8219 8220 8221 8222 8223 8224 8225 8226 8227 8228 8229 8230 8231 8232 8233 8234 8235 8236 8237 8238 8239 8240 8241 8242 8243 8244 8245 8246 8247 8248 8249 8250 8251 8252 8253 8254 8255 8256 8257 8258 8259 8260 8261 8262 8263 8264 8265 8266 8267 8268 8269 8270 8271 8272 8273 8274 8275 8276 8277 8278 8279 8280 8281 8282 8283 8284 8285 8286 8287 8288 8289 8290 8291 8292 8293 8294 8295 8296 8297 8298 8299 8300 8301 8302 8303 8304 8305 8306 8307 8308 8309 8310 8311 8312 8313 8314 8315 8316 8317 8318 8319 8320 8321 8322 8323 8324 8325 8326 8327 8328 8329 8330 8331 8332 8333 8334 8335 8336 8337 8338 8339 8340 8341 8342 8343 8344 8345 8346 8347 8348 8349 8350 8351 8352 8353 8354 8355 8356 8357 8358 8359 8360 8361 8362 8363 8364 8365 8366 8367 8368 8369 8370 8371 8372 8373 8374 8375 8376 8377 8378 8379 8380 8381 8382 8383 8384 8385 8386 8387 8388 8389 8390 8391 8392 8393 8394 8395 8396 8397 8398 8399 8400 8401 8402 8403 8404 8405 8406 8407 8408 8409 8410 8411 8412 8413 8414 8415 8416 8417 8418 8419 8420 8421 8422 8423 8424 8425 8426 8427 8428 8429 8430 8431 8432 8433 8434 8435 8436 8437 8438 8439 8440 8441 8442 8443 8444 8445 8446 8447 8448 8449 8450 8451 8452 8453 8454 8455 8456 8457 8458 8459 8460 8461 8462 8463 8464 8465 8466 8467 8468 8469 8470 8471 8472 8473 8474 8475 8476 8477 8478 8479 8480 8481 8482 8483 8484 8485 8486 8487 8488 8489 8490 8491 8492 8493 8494 8495 8496 8497 8498 8499 8500 8501 8502 8503 8504 8505 8506 8507 8508 8509 8510 8511 8512 8513 8514 8515 8516 8517 8518 8519 8520 8521 8522 8523 8524 8525 8526 8527 8528 8529 8530 8531 8532 8533 8534 8535 8536 8537 8538 8539 8540 8541 8542 8543 8544 8545 8546 8547 8548 8549 8550 8551 8552 8553 8554 8555 8556 8557 8558 8559 8560 8561 8562 8563 8564 8565 8566 8567 8568 8569 8570 8571 8572 8573 8574 8575 8576 8577 8578 8579 8580 8581 8582 8583 8584 8585 8586 8587 8588 8589 8590 8591 8592 8593 8594 8595 8596 8597 8598 8599 8600 8601 8602 8603 8604 8605 8606 8607 8608 8609 8610 8611 8612 8613 8614 8615 8616 8617 8618 8619 8620 8621 8622 8623 8624 8625 8626 8627 8628 8629 8630 8631 8632 8633 8634 8635 8636 8637 8638 8639 8640 8641 8642 8643 8644 8645 8646 8647 8648 8649 8650 8651 8652 8653 8654 8655 8656 8657 8658 8659 8660 8661 8662 8663 8664 8665 8666 8667 8668 8669 8670 8671 8672 8673 8674 8675 8676 8677 8678 8679 8680 8681 8682 8683 8684 8685 8686 8687 8688 8689 8690 8691 8692 8693 8694 8695 8696 8697 8698 8699 8700 8701 8702 8703 8704 8705 8706 8707 8708 8709 8710 8711 8712 8713 8714 8715 8716 8717 8718 8719 8720 8721 8722 8723 8724 8725 8726 8727 8728 8729 8730 8731 8732 8733 8734 8735 8736 8737 8738 8739 8740 8741 8742 8743 8744 8745 8746 8747 8748 8749 8750 8751 8752 8753 8754 8755 8756 8757 8758 8759 8760 8761 8762 8763 8764 8765 8766 8767 8768 8769 8770 8771 8772 8773 8774 8775 8776 8777 8778 8779 8780 8781 8782 8783 8784 8785 8786 8787 8788 8789 8790 8791 8792 8793 8794 8795 8796 8797 8798 8799 8800 8801 8802 8803 8804 8805 8806 8807 8808 8809 8810 8811 8812 8813 8814 8815 8816 8817 8818 8819 8820 8821 8822 8823 8824 8825 8826 8827 8828 8829 8830 8831 8832 8833 8834 8835 8836 8837 8838 8839 8840 8841 8842 8843 8844 8845 8846 8847 8848 8849 8850 8851 8852 8853 8854 8855 8856 8857 8858 8859 8860 8861 8862 8863 8864 8865 8866 8867 8868 8869 8870 8871 8872 8873 8874 8875 8876 8877 8878 8879 8880 8881 8882 8883 8884 8885 8886 8887 8888 8889 8890 8891 8892 8893 8894 8895 8896 8897 8898 8899 8900 8901 8902 8903 8904 8905 8906 8907 8908 8909 8910 8911 8912 8913 8914 8915 8916 8917 8918 8919 8920 8921 8922 8923 8924 8925 8926 8927 8928 8929 8930 8931 8932 8933 8934 8935 8936 8937 8938 8939 8940 8941 8942 8943 8944 8945 8946 8947 8948 8949 8950 8951 8952 8953 8954 8955 8956 8957 8958 8959 8960 8961 8962 8963 8964 8965 8966 8967 8968 8969 8970 8971 8972 8973 8974 8975 8976 8977 8978 8979 8980 8981 8982 8983 8984 8985 8986 8987 8988 8989 8990 8991 8992 8993 8994 8995 8996 8997 8998 8999 9000 9001 9002 9003 9004 9005 9006 9007 9008 9009 9010 9011 9012 9013 9014 9015 9016 9017 9018 9019 9020 9021 9022 9023 9024 9025 9026 9027 9028 9029 </p>
        </polylist>
      </mesh>
    </geometry>
  </library_geometries>
  <library_controllers>
  </library_controllers>
  <library_visual_scenes>
    <visual_scene id="_ySTL_BINARY_" name="&lt;STL_BINARY&gt;">
      <node id="node" name="" type="NODE">
        <matrix sid="matrix">1 0 0 0 0 1 0 0 0 0 1 0 0 0 0 1</matrix>
        <instance_geometry url="#mesh_0">
          <bind_material>
            <technique_common>
              <instance_material symbol="defaultMaterial" target="#DefaultMaterial">
              </instance_material>
            </technique_common>
          </bind_material>
        </instance_geometry>
      </node>
    </visual_scene>
  </library_visual_scenes>
  <scene>
    <instance_visual_scene url="#_ySTL_BINARY_" />
  </scene>
</COLLADA>
