<?xml version="1.0" encoding="UTF-8" standalone="no" ?>
<COLLADA xmlns="http://www.collada.org/2005/11/COLLADASchema" version="1.4.1">
  <asset>
    <contributor>
      <author>Assimp</author>
      <authoring_tool>Assimp Exporter</authoring_tool>
    </contributor>
    <created>2025-12-07T16:35:05</created>
    <modified>2025-12-07T16:35:05</modified>
    <unit name="meter" meter="1" />
    <up_axis>Y_UP</up_axis>
  </asset>
  <library_images>
  </library_images>
  <library_effects>
    <effect id="DefaultMaterial-fx" name="DefaultMaterial">
      <profile_COMMON>
        <technique sid="standard">
          <phong>
            <ambient>
              <color sid="ambient">0.0500000007   0.0500000007   0.0500000007   1</color>
            </ambient>
            <diffuse>
              <color sid="diffuse">1   1   1   1</color>
            </diffuse>
            <specular>
              <color sid="specular">1   1   1   1</color>
            </specular>
          </phong>
        </technique>
      </profile_COMMON>
    </effect>
  </library_effects>
  <library_materials>
    <material id="DefaultMaterial" name="DefaultMaterial">
      <instance_effect url="#DefaultMaterial-fx"/>
    </material>
  </library_materials>
  <library_geometries>
    <geometry id="mesh_0" name="" >
      <mesh>
        <source id="mesh_0-positions" name="mesh_0-positions">
          <float_array id="mesh_0-positions-array" count="26064"> 0.0063979621 -0.00358246197 0.0443767123 0.00579839991 -0.00167444581 0.0443767123 0.00568842655 -0.00170900312 0.0444803163 0.0063979621 -0.00358246197 0.0443767123 0.00568842655 -0.00170900312 0.0444803163 0.00628798874 -0.00361701916 0.0444803163 0.00568842655 -0.00170900312 0.0444803163 0.0055703586 -0.0017461041 0.04457362 0.00628798874 -0.00361701916 0.0444803163 0.00628798874 -0.00361701916 0.0444803163 0.0055703586 -0.0017461041 0.04457362 0.00616992079 -0.00365412026 0.04457362 0.0055703586 -0.0017461041 0.04457362 0.00544507056 -0.00178547378 0.0446559303 0.00616992079 -0.00365412026 0.04457362 0.00616992079 -0.00365412026 0.04457362 0.00544507056 -0.00178547378 0.0446559303 0.00604463276 -0.00369348982 0.0446559303 0.00544507056 -0.00178547378 0.0446559303 0.00531349145 -0.0018268202 0.04472664 0.00604463276 -0.00369348982 0.0446559303 0.00604463276 -0.00369348982 0.0446559303 0.00531349145 -0.0018268202 0.04472664 0.00591305364 -0.00373483635 0.04472664 0.00531349145 -0.0018268202 0.04472664 0.00517659774 -0.00186983694 0.0447852202 0.00591305364 -0.00373483635 0.04472664 0.00591305364 -0.00373483635 0.04472664 0.00517659774 -0.00186983694 0.0447852202 0.00577615993 -0.00377785298 0.0447852202 0.00517659774 -0.00186983694 0.0447852202 0.00503540318 -0.0019142048 0.0448312387 0.00577615993 -0.00377785298 0.0447852202 0.00577615993 -0.00377785298 0.0447852202 0.00503540318 -0.0019142048 0.0448312387 0.00563496538 -0.00382222096 0.0448312387 0.00503540318 -0.0019142048 0.0448312387 0.00489095552 -0.00195959513 0.0448643565 0.00563496538 -0.00382222096 0.0448312387 0.00563496538 -0.00382222096 0.0448312387 0.00489095552 -0.00195959513 0.0448643565 0.00549051771 -0.00386761106 0.0448643565 0.00489095552 -0.00195959513 0.0448643565 0.00474432576 -0.00200567115 0.0448843241 0.00549051771 -0.00386761106 0.0448643565 0.00549051771 -0.00386761106 0.0448643565 0.00474432576 -0.00200567115 0.0448843241 0.00534388795 -0.00391368708 0.0448843241 0.00474432576 -0.00200567115 0.0448843241 0.00459660031 -0.00205209129 0.0448909998 0.00534388795 -0.00391368708 0.0448843241 0.00534388795 -0.00391368708 0.0448843241 0.00459660031 -0.00205209129 0.0448909998 0.0051961625 -0.00396010745 0.0448909998 0.00459660031 -0.00205209129 0.0448909998 0.00444887485 -0.00209851144 0.0448843241 0.0051961625 -0.00396010745 0.0448909998 0.0051961625 -0.00396010745 0.0448909998 0.00444887485 -0.00209851144 0.0448843241 0.00504843704 -0.00400652736 0.0448843241 0.00444887485 -0.00209851144 0.0448843241 0.0043022451 -0.00214458769 0.0448643565 0.00504843704 -0.00400652736 0.0448843241 0.00504843704 -0.00400652736 0.0448843241 0.0043022451 -0.00214458769 0.0448643565 0.00490180729 -0.00405260362 0.0448643565 0.0043022451 -0.00214458769 0.0448643565 0.00415779743 -0.00218997779 0.0448312387 0.00490180729 -0.00405260362 0.0448643565 0.00490180729 -0.00405260362 0.0448643565 0.00415779743 -0.00218997779 0.0448312387 0.00475735962 -0.00409799395 0.0448312387 0.00415779743 -0.00218997779 0.0448312387 0.00401660288 -0.00223434577 0.0447852202 0.00475735962 -0.00409799395 0.0448312387 0.00475735962 -0.00409799395 0.0448312387 0.00401660288 -0.00223434577 0.0447852202 0.00461616507 -0.00414236169 0.0447852202 0.00401660288 -0.00223434577 0.0447852202 0.00387970917 -0.00227736239 0.04472664 0.00461616507 -0.00414236169 0.0447852202 0.00461616507 -0.00414236169 0.0447852202 0.00387970917 -0.00227736239 0.04472664 0.00447927136 -0.00418537855 0.04472664 0.00387970917 -0.00227736239 0.04472664 0.00374813029 -0.00231870892 0.0446559303 0.00447927136 -0.00418537855 0.04472664 0.00447927136 -0.00418537855 0.04472664 0.00374813029 -0.00231870892 0.0446559303 0.00434769224 -0.00422672508 0.0446559303 0.00374813029 -0.00231870892 0.0446559303 0.00362284225 -0.00235807849 0.04457362 0.00434769224 -0.00422672508 0.0446559303 0.00434769224 -0.00422672508 0.0446559303 0.00362284225 -0.00235807849 0.04457362 0.00422240421 -0.00426609442 0.04457362 0.00362284225 -0.00235807849 0.04457362 0.00350477383 -0.00239517959 0.0444803163 0.00422240421 -0.00426609442 0.04457362 0.00422240421 -0.00426609442 0.04457362 0.00350477383 -0.00239517959 0.0444803163 0.00410433626 -0.00430319551 0.0444803163 0.00350477383 -0.00239517959 0.0444803163 0.00339480047 -0.00242973678 0.0443767123 0.00410433626 -0.00430319551 0.0444803163 0.00410433626 -0.00430319551 0.0444803163 0.00339480047 -0.00242973678 0.0443767123 0.00399436289 -0.0043377527 0.0443767123 0.00706562866 -0.00337265874 0.0440909974 0.00646606646 -0.00146464282 0.0440909974 0.00698355911 -0.00339844776 0.0440947041 0.00646606646 -0.00146464282 0.0440909974 0.00638399692 -0.00149043184 0.0440947041 0.00698355911 -0.00339844776 0.0440947041 0.00698355911 -0.00339844776 0.0440947041 0.00638399692 -0.00149043184 0.0440947041 0.00690209819 -0.00342404563 0.044105798 0.00638399692 -0.00149043184 0.0440947041 0.006302536 -0.00151602959 0.044105798 0.00690209819 -0.00342404563 0.044105798 0.00690209819 -0.00342404563 0.044105798 0.006302536 -0.00151602959 0.044105798 0.00682184938 -0.00344926235 0.0441241972 0.006302536 -0.00151602959 0.044105798 0.00622228719 -0.00154124643 0.0441241972 0.00682184938 -0.00344926235 0.0441241972 0.00682184938 -0.00344926235 0.0441241972 0.00622228719 -0.00154124643 0.0441241972 0.00674340827 -0.0034739112 0.0441497639 0.00622228719 -0.00154124643 0.0441241972 0.00614384608 -0.00156589528 0.0441497639 0.00674340827 -0.0034739112 0.0441497639 0.00674340827 -0.0034739112 0.0441497639 0.00614384608 -0.00156589528 0.0441497639 0.00666735601 -0.0034978094 0.044182308 0.00614384608 -0.00156589528 0.0441497639 0.00606779382 -0.00158979336 0.044182308 0.00666735601 -0.0034978094 0.044182308 0.00666735601 -0.0034978094 0.044182308 0.00606779382 -0.00158979336 0.044182308 0.0065942565 -0.00352077978 0.0442215912 0.00606779382 -0.00158979336 0.044182308 0.00599469431 -0.00161276362 0.0442215912 0.0065942565 -0.00352077978 0.0442215912 0.0065942565 -0.00352077978 0.0442215912 0.00599469431 -0.00161276362 0.0442215912 0.00652465224 -0.00354265166 0.0442673191 0.00599469431 -0.00161276362 0.0442215912 0.00592509005 -0.00163463573 0.0442673191 0.00652465224 -0.00354265166 0.0442673191 0.00652465224 -0.00354265166 0.0442673191 0.00592509005 -0.00163463573 0.0442673191 0.00645905873 -0.00356326345 0.0443191566 0.00592509005 -0.00163463573 0.0442673191 0.00585949654 -0.0016552473 0.0443191566 0.00645905873 -0.00356326345 0.0443191566 0.00645905873 -0.00356326345 0.0443191566 0.00585949654 -0.0016552473 0.0443191566 0.0063979621 -0.00358246197 0.0443767123 0.00585949654 -0.0016552473 0.0443191566 0.00579839991 -0.00167444581 0.0443767123 0.0063979621 -0.00358246197 0.0443767123 0.00332669611 -0.00454755593 0.0440909974 0.00272713415 -0.00263954001 0.0440909974 0.0032495968 -0.00457178336 0.0440909974 0.00272713415 -0.00263954001 0.0440909974 0.00265003461 -0.0026637672 0.0440909974 0.0032495968 -0.00457178336 0.0440909974 0.0032495968 -0.00457178336 0.0440909974 0.00265003461 -0.0026637672 0.0440909974 0.00316752703 -0.00459757214 0.0440947041 0.00265003461 -0.0026637672 0.0440909974 0.00256796484 -0.00268955622 0.0440947041 0.00316752703 -0.00459757214 0.0440947041 0.00316752703 -0.00459757214 0.0440947041 0.00256796484 -0.00268955622 0.0440947041 0.00308606587 -0.00462317001 0.044105798 0.00256796484 -0.00268955622 0.0440947041 0.00248650368 -0.00271515385 0.044105798 0.00308606587 -0.00462317001 0.044105798 0.00308606587 -0.00462317001 0.044105798 0.00248650368 -0.00271515385 0.044105798 0.0030058173 -0.00464838697 0.0441241972 0.00248650368 -0.00271515385 0.044105798 0.00240625511 -0.00274037081 0.0441241972 0.0030058173 -0.00464838697 0.0441241972 0.0030058173 -0.00464838697 0.0441241972 0.00240625511 -0.00274037081 0.0441241972 0.00292737596 -0.00467303582 0.0441497639 0.00240625511 -0.00274037081 0.0441241972 0.00232781377 -0.00276501966 0.0441497639 0.00292737596 -0.00467303582 0.0441497639 0.00292737596 -0.00467303582 0.0441497639 0.00232781377 -0.00276501966 0.0441497639 0.00285132369 -0.00469693355 0.044182308 0.00232781377 -0.00276501966 0.0441497639 0.00225176173 -0.00278891763 0.044182308 0.00285132369 -0.00469693355 0.044182308 0.00285132369 -0.00469693355 0.044182308 0.00225176173 -0.00278891763 0.044182308 0.00277822441 -0.00471990416 0.0442215912 0.00225176173 -0.00278891763 0.044182308 0.00217866222 -0.002811888 0.0442215912 0.00277822441 -0.00471990416 0.0442215912 0.00277822441 -0.00471990416 0.0442215912 0.00217866222 -0.002811888 0.0442215912 0.00270861993 -0.00474177627 0.0442673191 0.00217866222 -0.002811888 0.0442215912 0.00210905774 -0.00283376011 0.0442673191 0.00270861993 -0.00474177627 0.0442673191 0.00270861993 -0.00474177627 0.0442673191 0.00210905774 -0.00283376011 0.0442673191 0.00264302641 -0.00476238783 0.0443191566 0.00210905774 -0.00283376011 0.0442673191 0.00204346422 -0.00285437168 0.0443191566 0.00264302641 -0.00476238783 0.0443191566 0.00264302641 -0.00476238783 0.0443191566 0.00204346422 -0.00285437168 0.0443191566 0.00258193025 -0.00478158612 0.0443767123 0.00204346422 -0.00285437168 0.0443191566 0.00198236806 -0.00287357019 0.0443767123 0.00258193025 -0.00478158612 0.0443767123 0.00258193025 -0.00478158612 0.0443767123 0.00198236806 -0.00287357019 0.0443767123 0.00187139248 -0.0029084424 0.0444811806 0.00258193025 -0.00478158612 0.0443767123 0.00187139248 -0.0029084424 0.0444811806 0.00247095455 -0.00481645856 0.0444811806 0.00187139248 -0.0029084424 0.0444811806 0.0017521868 -0.00294590066 0.0445751622 0.00247095455 -0.00481645856 0.0444811806 0.00247095455 -0.00481645856 0.0444811806 0.0017521868 -0.00294590066 0.0445751622 0.00235174899 -0.00485391682 0.0445751622 0.0017521868 -0.00294590066 0.0445751622 0.00162565045 -0.00298566278 0.0446579456 0.00235174899 -0.00485391682 0.0445751622 0.00235174899 -0.00485391682 0.0445751622 0.00162565045 -0.00298566278 0.0446579456 0.00222521275 -0.00489367871 0.0446579456 0.00162565045 -0.00298566278 0.0446579456 0.00149273814 -0.00302742817 0.044728905 0.00222521275 -0.00489367871 0.0446579456 0.00222521275 -0.00489367871 0.0446579456 0.00149273814 -0.00302742817 0.044728905 0.00209230022 -0.00493544433 0.044728905 0.00149273814 -0.00302742817 0.044728905 0.00135445246 -0.00307088206 0.0447875075 0.00209230022 -0.00493544433 0.044728905 0.00209230022 -0.00493544433 0.044728905 0.00135445246 -0.00307088206 0.0447875075 0.00195401465 -0.00497889798 0.0447875075 0.00135445246 -0.00307088206 0.0447875075 0.00121183693 -0.0031156966 0.0448333062 0.00195401465 -0.00497889798 0.0447875075 0.00195401465 -0.00497889798 0.0447875075 0.00121183693 -0.0031156966 0.0448333062 0.00181139912 -0.00502371276 0.0448333062 0.00121183693 -0.0031156966 0.0448333062 0.0010659676 -0.00316153374 0.0448659658 0.00181139912 -0.00502371276 0.0448333062 0.00181139912 -0.00502371276 0.0448333062 0.0010659676 -0.00316153374 0.0448659658 0.00166552979 -0.00506954966 0.0448659658 0.0010659676 -0.00316153374 0.0448659658 0.000917944941 -0.00320804724 0.0448852293 0.00166552979 -0.00506954966 0.0448659658 0.00166552979 -0.00506954966 0.0448659658 0.000917944941 -0.00320804724 0.0448852293 0.00151750713 -0.00511606317 0.0448852293 0.000917944941 -0.00320804724 0.0448852293 0.000768885773 -0.00325488672 0.0448909588 0.00151750713 -0.00511606317 0.0448852293 0.00151750713 -0.00511606317 0.0448852293 0.000768885773 -0.00325488672 0.0448909588 0.00136844802 -0.00516290264 0.0448909588 0.000768885773 -0.00325488672 0.0448909588 0.00061991479 -0.00330169825 0.0448831059 0.00136844802 -0.00516290264 0.0448909588 0.00136844802 -0.00516290264 0.0448909588 0.00061991479 -0.00330169825 0.0448831059 0.00121947692 -0.00520971417 0.0448831059 0.00061991479 -0.00330169825 0.0448831059 0.000472155894 -0.0033481291 0.0448617302 0.00121947692 -0.00520971417 0.0448831059 0.00121947692 -0.00520971417 0.0448831059 0.000472155894 -0.0033481291 0.0448617302 0.00107171806 -0.00525614526 0.0448617302 0.000472155894 -0.0033481291 0.0448617302 0.000326723908 -0.00339382864 0.0448269956 0.00107171806 -0.00525614526 0.0448617302 0.00107171806 -0.00525614526 0.0448617302 0.000326723908 -0.00339382864 0.0448269956 0.000926286099 -0.00530184479 0.0448269956 0.000326723908 -0.00339382864 0.0448269956 0.000184716133 -0.00343845226 0.0447791629 0.000926286099 -0.00530184479 0.0448269956 0.000926286099 -0.00530184479 0.0448269956 0.000184716133 -0.00343845226 0.0447791629 0.000784278323 -0.00534646818 0.0447791629 0.000184716133 -0.00343845226 0.0447791629 4.72039865e-05 -0.00348166307 0.0447185971 0.000784278323 -0.00534646818 0.0447791629 0.000784278323 -0.00534646818 0.0447791629 4.72039865e-05 -0.00348166307 0.0447185971 0.000646766159 -0.00538967922 0.0447185971 4.72039865e-05 -0.00348166307 0.0447185971 -8.47750343e-05 -0.00352313532 0.0446457453 0.000646766159 -0.00538967922 0.0447185971 0.000646766159 -0.00538967922 0.0447185971 -8.47750343e-05 -0.00352313532 0.0446457453 0.000514787156 -0.00543115148 0.0446457453 -8.47750343e-05 -0.00352313532 0.0446457453 -0.00021022516 -0.00356255588 0.0445611663 0.000514787156 -0.00543115148 0.0446457453 0.000514787156 -0.00543115148 0.0446457453 -0.00021022516 -0.00356255588 0.0445611663 0.000389337016 -0.00547057204 0.0445611663 -0.00021022516 -0.00356255588 0.0445611663 -0.00032819988 -0.00359962764 0.0444654971 0.000389337016 -0.00547057204 0.0445611663 0.000389337016 -0.00547057204 0.0445611663 -0.00032819988 -0.00359962764 0.0444654971 0.000271362282 -0.0055076438 0.0444654971 -0.00032819988 -0.00359962764 0.0444654971 -0.000437809096 -0.00363407051 0.044359453 0.000271362282 -0.0055076438 0.0444654971 0.000271362282 -0.0055076438 0.0444654971 -0.000437809096 -0.00363407051 0.044359453 0.00016175308 -0.00554208644 0.044359453 -0.000437809096 -0.00363407051 0.044359453 -0.00053822581 -0.00366562465 0.0442438424 0.00016175308 -0.00554208644 0.044359453 0.00016175308 -0.00554208644 0.044359453 -0.00053822581 -0.00366562465 0.0442438424 6.13363518e-05 -0.00557364058 0.0442438424 -0.00053822581 -0.00366562465 0.0442438424 -0.000628692447 -0.00369405234 0.0441195332 6.13363518e-05 -0.00557364058 0.0442438424 6.13363518e-05 -0.00557364058 0.0442438424 -0.000628692447 -0.00369405234 0.0441195332 -2.91302495e-05 -0.00560206827 0.0441195332 -0.000628692447 -0.00369405234 0.0441195332 -0.00070852635 -0.00371913868 0.0439874604 -2.91302495e-05 -0.00560206827 0.0441195332 -2.91302495e-05 -0.00560206827 0.0441195332 -0.00070852635 -0.00371913868 0.0439874604 -0.000108964174 -0.00562715484 0.0439874604 -0.00070852635 -0.00371913868 0.0439874604 -0.000777125242 -0.00374069484 0.0438486263 -0.000108964174 -0.00562715484 0.0439874604 -0.000108964174 -0.00562715484 0.0439874604 -0.000777125242 -0.00374069484 0.0438486263 -0.000177563081 -0.00564871076 0.0438486263 -0.000777125242 -0.00374069484 0.0438486263 -0.000833971542 -0.00375855784 0.0437040776 -0.000177563081 -0.00564871076 0.0438486263 -0.000177563081 -0.00564871076 0.0438486263 -0.000833971542 -0.00375855784 0.0437040776 -0.000234409395 -0.005666574 0.0437040776 -0.000833971542 -0.00375855784 0.0437040776 -0.000878636376 -0.0037725931 0.0435549021 -0.000234409395 -0.005666574 0.0437040776 -0.000234409395 -0.005666574 0.0437040776 -0.000878636376 -0.0037725931 0.0435549021 -0.000279074244 -0.00568060903 0.0435549021 -0.000878636376 -0.0037725931 0.0435549021 -0.000910782779 -0.00378269446 0.0434022248 -0.000279074244 -0.00568060903 0.0435549021 -0.000279074244 -0.00568060903 0.0435549021 -0.000910782779 -0.00378269446 0.0434022248 -0.000311220589 -0.00569071062 0.0434022248 -0.000910782779 -0.00378269446 0.0434022248 -0.000930168142 -0.00378878601 0.0432472005 -0.000311220589 -0.00569071062 0.0434022248 -0.000311220589 -0.00569071062 0.0434022248 -0.000930168142 -0.00378878601 0.0432472005 -0.000330605952 -0.00569680193 0.0432472005 -0.000930168142 -0.00378878601 0.0432472005 -0.000936646189 -0.00379082165 0.0430909991 -0.000330605952 -0.00569680193 0.0432472005 -0.000330605952 -0.00569680193 0.0432472005 -0.000936646189 -0.00379082165 0.0430909991 -0.000337084028 -0.00569883781 0.0430909991 -0.000936646189 -0.00379082165 0.0430909991 -0.000930168142 -0.00378878601 0.0429347977 -0.000337084028 -0.00569883781 0.0430909991 -0.000337084028 -0.00569883781 0.0430909991 -0.000930168142 -0.00378878601 0.0429347977 -0.000330605952 -0.00569680193 0.0429347977 -0.000930168142 -0.00378878601 0.0429347977 -0.000910782779 -0.00378269446 0.0427797735 -0.000330605952 -0.00569680193 0.0429347977 -0.000330605952 -0.00569680193 0.0429347977 -0.000910782779 -0.00378269446 0.0427797735 -0.000311220589 -0.00569071062 0.0427797735 -0.000910782779 -0.00378269446 0.0427797735 -0.000878636376 -0.0037725931 0.0426270962 -0.000311220589 -0.00569071062 0.0427797735 -0.000311220589 -0.00569071062 0.0427797735 -0.000878636376 -0.0037725931 0.0426270962 -0.000279074244 -0.00568060903 0.0426270962 -0.000878636376 -0.0037725931 0.0426270962 -0.000833971542 -0.00375855784 0.0424779207 -0.000279074244 -0.00568060903 0.0426270962 -0.000279074244 -0.00568060903 0.0426270962 -0.000833971542 -0.00375855784 0.0424779207 -0.000234409395 -0.005666574 0.0424779207 -0.000833971542 -0.00375855784 0.0424779207 -0.000777125242 -0.00374069484 0.0423333719 -0.000234409395 -0.005666574 0.0424779207 -0.000234409395 -0.005666574 0.0424779207 -0.000777125242 -0.00374069484 0.0423333719 -0.000177563081 -0.00564871076 0.0423333719 -0.000777125242 -0.00374069484 0.0423333719 -0.00070852635 -0.00371913868 0.0421945378 -0.000177563081 -0.00564871076 0.0423333719 -0.000177563081 -0.00564871076 0.0423333719 -0.00070852635 -0.00371913868 0.0421945378 -0.000108964174 -0.00562715484 0.0421945378 -0.00070852635 -0.00371913868 0.0421945378 -0.000628692447 -0.00369405234 0.0420624651 -0.000108964174 -0.00562715484 0.0421945378 -0.000108964174 -0.00562715484 0.0421945378 -0.000628692447 -0.00369405234 0.0420624651 -2.91302495e-05 -0.00560206827 0.0420624651 -0.000628692447 -0.00369405234 0.0420624651 -0.00053822581 -0.00366562465 0.0419381559 -2.91302495e-05 -0.00560206827 0.0420624651 -2.91302495e-05 -0.00560206827 0.0420624651 -0.00053822581 -0.00366562465 0.0419381559 6.13363518e-05 -0.00557364058 0.0419381559 -0.00053822581 -0.00366562465 0.0419381559 -0.000437809096 -0.00363407051 0.0418225452 6.13363518e-05 -0.00557364058 0.0419381559 6.13363518e-05 -0.00557364058 0.0419381559 -0.000437809096 -0.00363407051 0.0418225452 0.00016175308 -0.00554208644 0.0418225452 -0.000437809096 -0.00363407051 0.0418225452 -0.00032819988 -0.00359962764 0.0417165011 0.00016175308 -0.00554208644 0.0418225452 0.00016175308 -0.00554208644 0.0418225452 -0.00032819988 -0.00359962764 0.0417165011 0.000271362282 -0.0055076438 0.0417165011 -0.00032819988 -0.00359962764 0.0417165011 -0.00021022516 -0.00356255588 0.0416208319 0.000271362282 -0.0055076438 0.0417165011 0.000271362282 -0.0055076438 0.0417165011 -0.00021022516 -0.00356255588 0.0416208319 0.000389337016 -0.00547057204 0.0416208319 -0.00021022516 -0.00356255588 0.0416208319 -8.47750343e-05 -0.00352313532 0.0415362492 0.000389337016 -0.00547057204 0.0416208319 0.000389337016 -0.00547057204 0.0416208319 -8.47750343e-05 -0.00352313532 0.0415362492 0.000514787156 -0.00543115148 0.0415362492 -8.47750343e-05 -0.00352313532 0.0415362492 4.72039865e-05 -0.00348166307 0.0414634012 0.000514787156 -0.00543115148 0.0415362492 0.000514787156 -0.00543115148 0.0415362492 4.72039865e-05 -0.00348166307 0.0414634012 0.000646766159 -0.00538967922 0.0414634012 4.72039865e-05 -0.00348166307 0.0414634012 0.000184716133 -0.00343845226 0.0414028317 0.000646766159 -0.00538967922 0.0414634012 0.000646766159 -0.00538967922 0.0414634012 0.000184716133 -0.00343845226 0.0414028317 0.000784278323 -0.00534646818 0.0414028317 0.000184716133 -0.00343845226 0.0414028317 0.000326723908 -0.00339382864 0.0413550027 0.000784278323 -0.00534646818 0.0414028317 0.000784278323 -0.00534646818 0.0414028317 0.000326723908 -0.00339382864 0.0413550027 0.000926286099 -0.00530184479 0.0413550027 0.000326723908 -0.00339382864 0.0413550027 0.000472155894 -0.0033481291 0.0413202681 0.000926286099 -0.00530184479 0.0413550027 0.000926286099 -0.00530184479 0.0413550027 0.000472155894 -0.0033481291 0.0413202681 0.00107171806 -0.00525614526 0.0413202681 0.000472155894 -0.0033481291 0.0413202681 0.00061991479 -0.00330169825 0.0412988923 0.00107171806 -0.00525614526 0.0413202681 0.00107171806 -0.00525614526 0.0413202681 0.00061991479 -0.00330169825 0.0412988923 0.00121947692 -0.00520971417 0.0412988923 0.00061991479 -0.00330169825 0.0412988923 0.000768885773 -0.00325488672 0.0412910394 0.00121947692 -0.00520971417 0.0412988923 0.00121947692 -0.00520971417 0.0412988923 0.000768885773 -0.00325488672 0.0412910394 0.00136844802 -0.00516290264 0.0412910394 0.000768885773 -0.00325488672 0.0412910394 0.000917944941 -0.00320804724 0.0412967689 0.00136844802 -0.00516290264 0.0412910394 0.00136844802 -0.00516290264 0.0412910394 0.000917944941 -0.00320804724 0.0412967689 0.00151750713 -0.00511606317 0.0412967689 0.000917944941 -0.00320804724 0.0412967689 0.0010659676 -0.00316153374 0.0413160324 0.00151750713 -0.00511606317 0.0412967689 0.00151750713 -0.00511606317 0.0412967689 0.0010659676 -0.00316153374 0.0413160324 0.00166552979 -0.00506954966 0.0413160324 0.0010659676 -0.00316153374 0.0413160324 0.00121183693 -0.0031156966 0.0413486883 0.00166552979 -0.00506954966 0.0413160324 0.00166552979 -0.00506954966 0.0413160324 0.00121183693 -0.0031156966 0.0413486883 0.00181139912 -0.00502371276 0.0413486883 0.00121183693 -0.0031156966 0.0413486883 0.00135445246 -0.00307088206 0.0413944907 0.00181139912 -0.00502371276 0.0413486883 0.00181139912 -0.00502371276 0.0413486883 0.00135445246 -0.00307088206 0.0413944907 0.00195401465 -0.00497889798 0.0413944907 0.00135445246 -0.00307088206 0.0413944907 0.00149273814 -0.00302742817 0.0414530933 0.00195401465 -0.00497889798 0.0413944907 0.00195401465 -0.00497889798 0.0413944907 0.00149273814 -0.00302742817 0.0414530933 0.00209230022 -0.00493544433 0.0414530933 0.00149273814 -0.00302742817 0.0414530933 0.00162565045 -0.00298566278 0.0415240526 0.00209230022 -0.00493544433 0.0414530933 0.00209230022 -0.00493544433 0.0414530933 0.00162565045 -0.00298566278 0.0415240526 0.00222521275 -0.00489367871 0.0415240526 0.00162565045 -0.00298566278 0.0415240526 0.0017521868 -0.00294590066 0.041606836 0.00222521275 -0.00489367871 0.0415240526 0.00222521275 -0.00489367871 0.0415240526 0.0017521868 -0.00294590066 0.041606836 0.00235174899 -0.00485391682 0.041606836 0.0017521868 -0.00294590066 0.041606836 0.00187139248 -0.0029084424 0.0417008139 0.00235174899 -0.00485391682 0.041606836 0.00235174899 -0.00485391682 0.041606836 0.00187139248 -0.0029084424 0.0417008139 0.00247095455 -0.00481645856 0.0417008139 0.00187139248 -0.0029084424 0.0417008139 0.00198236806 -0.00287357019 0.041805286 0.00247095455 -0.00481645856 0.0417008139 0.00247095455 -0.00481645856 0.0417008139 0.00198236806 -0.00287357019 0.041805286 0.00258193025 -0.00478158612 0.041805286 0.00258193025 -0.00478158612 0.041805286 0.00198236806 -0.00287357019 0.041805286 0.00264302641 -0.00476238783 0.0418628417 0.00198236806 -0.00287357019 0.041805286 0.00204346422 -0.00285437168 0.0418628417 0.00264302641 -0.00476238783 0.0418628417 0.00264302641 -0.00476238783 0.0418628417 0.00204346422 -0.00285437168 0.0418628417 0.00270861993 -0.00474177627 0.0419146791 0.00204346422 -0.00285437168 0.0418628417 0.00210905774 -0.00283376011 0.0419146791 0.00270861993 -0.00474177627 0.0419146791 0.00270861993 -0.00474177627 0.0419146791 0.00210905774 -0.00283376011 0.0419146791 0.00277822441 -0.00471990416 0.041960407 0.00210905774 -0.00283376011 0.0419146791 0.00217866222 -0.002811888 0.041960407 0.00277822441 -0.00471990416 0.041960407 0.00277822441 -0.00471990416 0.041960407 0.00217866222 -0.002811888 0.041960407 0.00285132369 -0.00469693355 0.0419996865 0.00217866222 -0.002811888 0.041960407 0.00225176173 -0.00278891763 0.0419996865 0.00285132369 -0.00469693355 0.0419996865 0.00285132369 -0.00469693355 0.0419996865 0.00225176173 -0.00278891763 0.0419996865 0.00292737596 -0.00467303582 0.0420322344 0.00225176173 -0.00278891763 0.0419996865 0.00232781377 -0.00276501966 0.0420322344 0.00292737596 -0.00467303582 0.0420322344 0.00292737596 -0.00467303582 0.0420322344 0.00232781377 -0.00276501966 0.0420322344 0.0030058173 -0.00464838697 0.042057801 0.00232781377 -0.00276501966 0.0420322344 0.00240625511 -0.00274037081 0.042057801 0.0030058173 -0.00464838697 0.042057801 0.0030058173 -0.00464838697 0.042057801 0.00240625511 -0.00274037081 0.042057801 0.00308606587 -0.00462317001 0.0420761965 0.00240625511 -0.00274037081 0.042057801 0.00248650368 -0.00271515385 0.0420761965 0.00308606587 -0.00462317001 0.0420761965 0.00308606587 -0.00462317001 0.0420761965 0.00248650368 -0.00271515385 0.0420761965 0.00316752703 -0.00459757214 0.0420872904 0.00248650368 -0.00271515385 0.0420761965 0.00256796484 -0.00268955622 0.0420872904 0.00316752703 -0.00459757214 0.0420872904 0.00316752703 -0.00459757214 0.0420872904 0.00256796484 -0.00268955622 0.0420872904 0.0032495968 -0.00457178336 0.0420909971 0.00256796484 -0.00268955622 0.0420872904 0.00265003461 -0.0026637672 0.0420909971 0.0032495968 -0.00457178336 0.0420909971 0.0032495968 -0.00457178336 0.0420909971 0.00265003461 -0.0026637672 0.0420909971 0.00332669611 -0.00454755593 0.0420909971 0.00265003461 -0.0026637672 0.0420909971 0.00272713415 -0.00263954001 0.0420909971 0.00332669611 -0.00454755593 0.0420909971 0.00332669611 -0.00454755593 0.0420909971 0.00272713415 -0.00263954001 0.0420909971 0.00340876589 -0.00452176714 0.0420872904 0.00272713415 -0.00263954001 0.0420909971 0.0028092037 -0.00261375098 0.0420872904 0.00340876589 -0.00452176714 0.0420872904 0.00340876589 -0.00452176714 0.0420872904 0.0028092037 -0.00261375098 0.0420872904 0.00349022704 -0.00449616928 0.0420761965 0.0028092037 -0.00261375098 0.0420872904 0.00289066485 -0.00258815312 0.0420761965 0.00349022704 -0.00449616928 0.0420761965 0.00349022704 -0.00449616928 0.0420761965 0.00289066485 -0.00258815312 0.0420761965 0.00357047562 -0.00447095232 0.042057801 0.00289066485 -0.00258815312 0.0420761965 0.00297091343 -0.00256293616 0.042057801 0.00357047562 -0.00447095232 0.042057801 0.00357047562 -0.00447095232 0.042057801 0.00297091343 -0.00256293616 0.042057801 0.00364891696 -0.00444630347 0.0420322344 0.00297091343 -0.00256293616 0.042057801 0.00304935477 -0.00253828731 0.0420322344 0.00364891696 -0.00444630347 0.0420322344 0.00364891696 -0.00444630347 0.0420322344 0.00304935477 -0.00253828731 0.0420322344 0.00372496923 -0.00442240527 0.0419996865 0.00304935477 -0.00253828731 0.0420322344 0.00312540703 -0.00251438934 0.0419996865 0.00372496923 -0.00442240527 0.0419996865 0.00372496923 -0.00442240527 0.0419996865 0.00312540703 -0.00251438934 0.0419996865 0.0037980685 -0.00439943513 0.041960407 0.00312540703 -0.00251438934 0.0419996865 0.00319850631 -0.00249141897 0.041960407 0.0037980685 -0.00439943513 0.041960407 0.0037980685 -0.00439943513 0.041960407 0.00319850631 -0.00249141897 0.041960407 0.00386767299 -0.00437756302 0.0419146791 0.00319850631 -0.00249141897 0.041960407 0.0032681108 -0.00246954709 0.0419146791 0.00386767299 -0.00437756302 0.0419146791 0.00386767299 -0.00437756302 0.0419146791 0.0032681108 -0.00246954709 0.0419146791 0.00393326627 -0.00435695145 0.0418628417 0.0032681108 -0.00246954709 0.0419146791 0.00333370431 -0.00244893529 0.0418628417 0.00393326627 -0.00435695145 0.0418628417 0.00393326627 -0.00435695145 0.0418628417 0.00333370431 -0.00244893529 0.0418628417 0.00399436289 -0.0043377527 0.041805286 0.00333370431 -0.00244893529 0.0418628417 0.00339480047 -0.00242973678 0.041805286 0.00399436289 -0.0043377527 0.041805286 0.0063979621 -0.00358246197 0.041805286 0.00579839991 -0.00167444581 0.041805286 0.00645905873 -0.00356326345 0.0418628417 0.00579839991 -0.00167444581 0.041805286 0.00585949654 -0.0016552473 0.0418628417 0.00645905873 -0.00356326345 0.0418628417 0.00645905873 -0.00356326345 0.0418628417 0.00585949654 -0.0016552473 0.0418628417 0.00652465224 -0.00354265166 0.0419146791 0.00585949654 -0.0016552473 0.0418628417 0.00592509005 -0.00163463573 0.0419146791 0.00652465224 -0.00354265166 0.0419146791 0.00652465224 -0.00354265166 0.0419146791 0.00592509005 -0.00163463573 0.0419146791 0.0065942565 -0.00352077978 0.041960407 0.00592509005 -0.00163463573 0.0419146791 0.00599469431 -0.00161276362 0.041960407 0.0065942565 -0.00352077978 0.041960407 0.0065942565 -0.00352077978 0.041960407 0.00599469431 -0.00161276362 0.041960407 0.00666735601 -0.0034978094 0.0419996865 0.00599469431 -0.00161276362 0.041960407 0.00606779382 -0.00158979336 0.0419996865 0.00666735601 -0.0034978094 0.0419996865 0.00666735601 -0.0034978094 0.0419996865 0.00606779382 -0.00158979336 0.0419996865 0.00674340827 -0.0034739112 0.0420322344 0.00606779382 -0.00158979336 0.0419996865 0.00614384608 -0.00156589528 0.0420322344 0.00674340827 -0.0034739112 0.0420322344 0.00674340827 -0.0034739112 0.0420322344 0.00614384608 -0.00156589528 0.0420322344 0.00682184938 -0.00344926235 0.042057801 0.00614384608 -0.00156589528 0.0420322344 0.00622228719 -0.00154124643 0.042057801 0.00682184938 -0.00344926235 0.042057801 0.00682184938 -0.00344926235 0.042057801 0.00622228719 -0.00154124643 0.042057801 0.00690209819 -0.00342404563 0.0420761965 0.00622228719 -0.00154124643 0.042057801 0.006302536 -0.00151602959 0.0420761965 0.00690209819 -0.00342404563 0.0420761965 0.00690209819 -0.00342404563 0.0420761965 0.006302536 -0.00151602959 0.0420761965 0.00698355911 -0.00339844776 0.0420872904 0.006302536 -0.00151602959 0.0420761965 0.00638399692 -0.00149043184 0.0420872904 0.00698355911 -0.00339844776 0.0420872904 0.00698355911 -0.00339844776 0.0420872904 0.00638399692 -0.00149043184 0.0420872904 0.00706562866 -0.00337265874 0.0420909971 0.00638399692 -0.00149043184 0.0420872904 0.00646606646 -0.00146464282 0.0420909971 0.00706562866 -0.00337265874 0.0420909971 0.00399436289 -0.0043377527 0.041805286 0.00339480047 -0.00242973678 0.041805286 0.00350477383 -0.00239517959 0.0417016819 0.00399436289 -0.0043377527 0.041805286 0.00350477383 -0.00239517959 0.0417016819 0.00410433626 -0.00430319551 0.0417016819 0.00350477383 -0.00239517959 0.0417016819 0.00362284225 -0.00235807849 0.0416083783 0.00410433626 -0.00430319551 0.0417016819 0.00410433626 -0.00430319551 0.0417016819 0.00362284225 -0.00235807849 0.0416083783 0.00422240421 -0.00426609442 0.0416083783 0.00362284225 -0.00235807849 0.0416083783 0.00374813029 -0.00231870892 0.041526068 0.00422240421 -0.00426609442 0.0416083783 0.00422240421 -0.00426609442 0.0416083783 0.00374813029 -0.00231870892 0.041526068 0.00434769224 -0.00422672508 0.041526068 0.00374813029 -0.00231870892 0.041526068 0.00387970917 -0.00227736239 0.0414553583 0.00434769224 -0.00422672508 0.041526068 0.00434769224 -0.00422672508 0.041526068 0.00387970917 -0.00227736239 0.0414553583 0.00447927136 -0.00418537855 0.0414553583 0.00387970917 -0.00227736239 0.0414553583 0.00401660288 -0.00223434577 0.0413967781 0.00447927136 -0.00418537855 0.0414553583 0.00447927136 -0.00418537855 0.0414553583 0.00401660288 -0.00223434577 0.0413967781 0.00461616507 -0.00414236169 0.0413967781 0.00401660288 -0.00223434577 0.0413967781 0.00415779743 -0.00218997779 0.0413507558 0.00461616507 -0.00414236169 0.0413967781 0.00461616507 -0.00414236169 0.0413967781 0.00415779743 -0.00218997779 0.0413507558 0.00475735962 -0.00409799395 0.0413507558 0.00415779743 -0.00218997779 0.0413507558 0.0043022451 -0.00214458769 0.0413176417 0.00475735962 -0.00409799395 0.0413507558 0.00475735962 -0.00409799395 0.0413507558 0.0043022451 -0.00214458769 0.0413176417 0.00490180729 -0.00405260362 0.0413176417 0.0043022451 -0.00214458769 0.0413176417 0.00444887485 -0.00209851144 0.0412976705 0.00490180729 -0.00405260362 0.0413176417 0.00490180729 -0.00405260362 0.0413176417 0.00444887485 -0.00209851144 0.0412976705 0.00504843704 -0.00400652736 0.0412976705 0.00444887485 -0.00209851144 0.0412976705 0.00459660031 -0.00205209129 0.0412909985 0.00504843704 -0.00400652736 0.0412976705 0.00504843704 -0.00400652736 0.0412976705 0.00459660031 -0.00205209129 0.0412909985 0.0051961625 -0.00396010745 0.0412909985 0.00459660031 -0.00205209129 0.0412909985 0.00474432576 -0.00200567115 0.0412976705 0.0051961625 -0.00396010745 0.0412909985 0.0051961625 -0.00396010745 0.0412909985 0.00474432576 -0.00200567115 0.0412976705 0.00534388795 -0.00391368708 0.0412976705 0.00474432576 -0.00200567115 0.0412976705 0.00489095552 -0.00195959513 0.0413176417 0.00534388795 -0.00391368708 0.0412976705 0.00534388795 -0.00391368708 0.0412976705 0.00489095552 -0.00195959513 0.0413176417 0.00549051771 -0.00386761106 0.0413176417 0.00489095552 -0.00195959513 0.0413176417 0.00503540318 -0.0019142048 0.0413507558 0.00549051771 -0.00386761106 0.0413176417 0.00549051771 -0.00386761106 0.0413176417 0.00503540318 -0.0019142048 0.0413507558 0.00563496538 -0.00382222096 0.0413507558 0.00503540318 -0.0019142048 0.0413507558 0.00517659774 -0.00186983694 0.0413967781 0.00563496538 -0.00382222096 0.0413507558 0.00563496538 -0.00382222096 0.0413507558 0.00517659774 -0.00186983694 0.0413967781 0.00577615993 -0.00377785298 0.0413967781 0.00517659774 -0.00186983694 0.0413967781 0.00531349145 -0.0018268202 0.0414553583 0.00577615993 -0.00377785298 0.0413967781 0.00577615993 -0.00377785298 0.0413967781 0.00531349145 -0.0018268202 0.0414553583 0.00591305364 -0.00373483635 0.0414553583 0.00531349145 -0.0018268202 0.0414553583 0.00544507056 -0.00178547378 0.041526068 0.00591305364 -0.00373483635 0.0414553583 0.00591305364 -0.00373483635 0.0414553583 0.00544507056 -0.00178547378 0.041526068 0.00604463276 -0.00369348982 0.041526068 0.00544507056 -0.00178547378 0.041526068 0.0055703586 -0.0017461041 0.0416083783 0.00604463276 -0.00369348982 0.041526068 0.00604463276 -0.00369348982 0.041526068 0.0055703586 -0.0017461041 0.0416083783 0.00616992079 -0.00365412026 0.0416083783 0.0055703586 -0.0017461041 0.0416083783 0.00568842655 -0.00170900312 0.0417016819 0.00616992079 -0.00365412026 0.0416083783 0.00616992079 -0.00365412026 0.0416083783 0.00568842655 -0.00170900312 0.0417016819 0.00628798874 -0.00361701916 0.0417016819 0.00568842655 -0.00170900312 0.0417016819 0.00579839991 -0.00167444581 0.041805286 0.00628798874 -0.00361701916 0.0417016819 0.00628798874 -0.00361701916 0.0417016819 0.00579839991 -0.00167444581 0.041805286 0.0063979621 -0.00358246197 0.041805286 0.0110361548 -2.85690112e-05 0.0410909988 0.0105864825 0.00140244304 0.0410909988 0.0106280567 0.00141550682 0.0410929024 0.0110361548 -2.85690112e-05 0.0410909988 0.0106280567 0.00141550682 0.0410929024 0.0110777281 -1.55051894e-05 0.0410929024 0.0106280567 0.00141550682 0.0410929024 0.0106693134 0.0014284713 0.0410985947 0.0110777281 -1.55051894e-05 0.0410929024 0.0110777281 -1.55051894e-05 0.0410929024 0.0106693134 0.0014284713 0.0410985947 0.0111189857 -2.54079077e-06 0.0410985947 0.0106693134 0.0014284713 0.0410985947 0.0107099405 0.00144123752 0.0411080346 0.0111189857 -2.54079077e-06 0.0410985947 0.0111189857 -2.54079077e-06 0.0410985947 0.0107099405 0.00144123752 0.0411080346 0.0111596119 1.02255162e-05 0.0411080346 0.0107099405 0.00144123752 0.0411080346 0.0107496278 0.00145370862 0.0411211513 0.0111596119 1.02255162e-05 0.0411080346 0.0111596119 1.02255162e-05 0.0411080346 0.0107496278 0.00145370862 0.0411211513 0.0111992992 2.26965749e-05 0.0411211513 0.0107496278 0.00145370862 0.0411211513 0.0107880738 0.00146578951 0.0411378443 0.0111992992 2.26965749e-05 0.0411211513 0.0111992992 2.26965749e-05 0.0411211513 0.0107880738 0.00146578951 0.0411378443 0.0112377452 3.47774694e-05 0.0411378443 0.0107880738 0.00146578951 0.0411378443 0.0108249849 0.00147738832 0.041157987 0.0112377452 3.47774694e-05 0.0411378443 0.0112377452 3.47774694e-05 0.0411378443 0.0108249849 0.00147738832 0.041157987 0.0112746563 4.63762626e-05 0.041157987 0.0108249849 0.00147738832 0.041157987 0.0108600808 0.00148841669 0.0411814228 0.0112746563 4.63762626e-05 0.041157987 0.0112746563 4.63762626e-05 0.041157987 0.0108600808 0.00148841669 0.0411814228 0.0113097532 5.74046717e-05 0.0411814228 0.0108600808 0.00148841669 0.0411814228 0.0108930953 0.00149879081 0.0412079766 0.0113097532 5.74046717e-05 0.0411814228 0.0113097532 5.74046717e-05 0.0411814228 0.0108930953 0.00149879081 0.0412079766 0.0113427667 6.77787757e-05 0.0412079766 0.0108930953 0.00149879081 0.0412079766 0.0109237758 0.00150843163 0.0412374437 0.0113427667 6.77787757e-05 0.0412079766 0.0113427667 6.77787757e-05 0.0412079766 0.0109237758 0.00150843163 0.0412374437 0.0113734473 7.74196087e-05 0.0412374437 0.0109237758 0.00150843163 0.0412374437 0.0109518887 0.0015172658 0.0412696041 0.0113734473 7.74196087e-05 0.0412374437 0.0113734473 7.74196087e-05 0.0412374437 0.0109518887 0.0015172658 0.0412696041 0.0114015611 8.62538072e-05 0.0412696041 0.0109518887 0.0015172658 0.0412696041 0.0109772217 0.00152522617 0.0413042121 0.0114015611 8.62538072e-05 0.0412696041 0.0114015611 8.62538072e-05 0.0412696041 0.0109772217 0.00152522617 0.0413042121 0.0114268931 9.42141342e-05 0.0413042121 0.0109772217 0.00152522617 0.0413042121 0.0109995808 0.00153225206 0.0413409993 0.0114268931 9.42141342e-05 0.0413042121 0.0114268931 9.42141342e-05 0.0413042121 0.0109995808 0.00153225206 0.0413409993 0.0114492523 0.00010124001 0.0413409993 0.0109995808 0.00153225206 0.0413409993 0.011018795 0.00153828994 0.0413796902 0.0114492523 0.00010124001 0.0413409993 0.0114492523 0.00010124001 0.0413409993 0.011018795 0.00153828994 0.0413796902 0.0114684673 0.000107277956 0.0413796902 0.011018795 0.00153828994 0.0413796902 0.0110347196 0.00154329406 0.0414199904 0.0114684673 0.000107277956 0.0413796902 0.0114684673 0.000107277956 0.0413796902 0.0110347196 0.00154329406 0.0414199904 0.011484392 0.000112282025 0.0414199904 0.0110347196 0.00154329406 0.0414199904 0.0110472329 0.00154722622 0.0414615907 0.011484392 0.000112282025 0.0414199904 0.011484392 0.000112282025 0.0414199904 0.0110472329 0.00154722622 0.0414615907 0.0114969052 0.000116214134 0.0414615907 0.0110472329 0.00154722622 0.0414615907 0.0110562397 0.00155005639 0.0415041745 0.0114969052 0.000116214134 0.0414615907 0.0114969052 0.000116214134 0.0414615907 0.0110562397 0.00155005639 0.0415041745 0.0115059121 0.000119044358 0.0415041745 0.0110562397 0.00155005639 0.0415041745 0.0110616721 0.00155176315 0.0415474214 0.0115059121 0.000119044358 0.0415041745 0.0115059121 0.000119044358 0.0415041745 0.0110616721 0.00155176315 0.0415474214 0.0115113435 0.000120751152 0.0415474214 0.0110616721 0.00155176315 0.0415474214 0.0110634873 0.00155233359 0.0415909998 0.0115113435 0.000120751152 0.0415474214 0.0115113435 0.000120751152 0.0415474214 0.0110634873 0.00155233359 0.0415909998 0.0115131587 0.000121321529 0.0415909998 0.00461093942 0.000910445466 0.04215464 0.00454217708 0.000885290036 0.0420893319 0.00598670216 -0.00371169345 0.0420893319 0.00325055514 0.000467870675 0.0419033654 0.00323557598 0.000463644014 0.0419104137 0.00467693619 -0.00412326539 0.0419104137 0.0025063497 0.00027376425 0.0430008173 0.0025032931 0.000273044599 0.0430909991 0.00395595189 -0.00434982264 0.0430909991 0.00395595189 -0.00434982264 0.0430909991 0.00395610509 -0.00434977468 0.0430705808 0.0025063497 0.00027376425 0.0430008173 0.00395610509 -0.00434977468 0.0430705808 0.00396241108 -0.00434779329 0.042958498 0.0025063497 0.00027376425 0.0430008173 0.0025063497 0.00027376425 0.0430008173 0.00396241108 -0.00434779329 0.042958498 0.00250989967 0.000274604739 0.042958498 0.00250989967 0.000274604739 0.042958498 0.00396241108 -0.00434779329 0.042958498 0.00251758751 0.00027643441 0.0428963639 0.00396241108 -0.00434779329 0.042958498 0.00397791946 -0.00434291968 0.0428474024 0.00251758751 0.00027643441 0.0428963639 0.00251758751 0.00027643441 0.0428963639 0.00397791946 -0.00434291968 0.0428474024 0.00252575125 0.000278387073 0.0428474024 0.00252575125 0.000278387073 0.0428474024 0.00397791946 -0.00434291968 0.0428474024 0.00253703585 0.000281097949 0.0427930467 0.00397791946 -0.00434291968 0.0428474024 0.00400251569 -0.0043351911 0.0427381247 0.00253703585 0.000281097949 0.0427930467 0.00253703585 0.000281097949 0.0427930467 0.00400251569 -0.0043351911 0.0427381247 0.00255087484 0.000284436799 0.0427381247 0.00255087484 0.000284436799 0.0427381247 0.00400251569 -0.0043351911 0.0427381247 0.00256459485 0.00028775903 0.04269154 0.00400251569 -0.0043351911 0.0427381247 0.0040360149 -0.00432466436 0.0426314808 0.00256459485 0.00028775903 0.04269154 0.00256459485 0.00028775903 0.04269154 0.0040360149 -0.00432466436 0.0426314808 0.00258507463 0.000292736047 0.0426314808 0.00258507463 0.000292736047 0.0426314808 0.0040360149 -0.00432466436 0.0426314808 0.00259897648 0.000296124548 0.0425953381 0.0040360149 -0.00432466436 0.0426314808 0.00407816842 -0.00431141816 0.0425282642 0.00259897648 0.000296124548 0.0425953381 0.00259897648 0.000296124548 0.0425953381 0.00407816842 -0.00431141816 0.0425282642 0.00262809428 0.000303224981 0.0425282642 0.00262809428 0.000303224981 0.0425282642 0.00407816842 -0.00431141816 0.0425282642 0.00263578026 0.00030510439 0.0425121076 0.00407816842 -0.00431141816 0.0425282642 0.00412866147 -0.00429555168 0.042429246 0.00263578026 0.00030510439 0.0425121076 0.00263578026 0.00030510439 0.0425121076 0.00412866147 -0.00429555168 0.042429246 0.00267969817 0.000315932062 0.0424290523 0.00267969817 0.000315932062 0.0424290523 0.00412866147 -0.00429555168 0.042429246 0.00273067364 0.000328699767 0.0423474908 0.00412866147 -0.00429555168 0.042429246 0.00418711687 -0.00427718321 0.0423351601 0.00273067364 0.000328699767 0.0423474908 0.00273067364 0.000328699767 0.0423474908 0.00418711687 -0.00427718321 0.0423351601 0.002739124 0.000330835581 0.0423351601 0.002739124 0.000330835581 0.0423351601 0.00418711687 -0.00427718321 0.0423351601 0.00278830621 0.000343361171 0.0422688574 0.00418711687 -0.00427718321 0.0423351601 0.00425309921 -0.00425644917 0.042246718 0.00278830621 0.000343361171 0.0422688574 0.00278830621 0.000343361171 0.0422688574 0.00425309921 -0.00425644917 0.042246718 0.00280623906 0.000347964873 0.0422467142 0.00280623906 0.000347964873 0.0422467142 0.00425309921 -0.00425644917 0.042246718 0.00285505527 0.00036058214 0.0421910919 0.00425309921 -0.00425644917 0.042246718 0.00432611583 -0.00423350511 0.0421645679 0.00285505527 0.00036058214 0.0421910919 0.00285505527 0.00036058214 0.0421910919 0.00432611583 -0.00423350511 0.0421645679 0.00288042589 0.000367184228 0.0421645679 0.00440562284 -0.00420852145 0.0420893319 0.00449102605 -0.00418168446 0.0420215651 0.00304762297 0.000411726127 0.0420215651 0.00304762297 0.000411726127 0.0420215651 0.0030020026 0.000399408716 0.0420557894 0.00440562284 -0.00420852145 0.0420893319 0.0030020026 0.000399408716 0.0420557894 0.00296109659 0.000388463144 0.0420893319 0.00440562284 -0.00420852145 0.0420893319 0.00440562284 -0.00420852145 0.0420893319 0.00296109659 0.000388463144 0.0420893319 0.00432611583 -0.00423350511 0.0421645679 0.00296109659 0.000388463144 0.0420893319 0.00292630051 0.0003792317 0.0421202034 0.00432611583 -0.00423350511 0.0421645679 0.00432611583 -0.00423350511 0.0421645679 0.00292630051 0.0003792317 0.0421202034 0.00288042589 0.000367184228 0.0421645679 0.00467693619 -0.00412326539 0.0419104137 0.00323557598 0.000463644014 0.0419104137 0.00458168937 -0.0041531953 0.041961778 0.00323557598 0.000463644014 0.0419104137 0.00316535775 0.000444020669 0.0419468172 0.00458168937 -0.0041531953 0.041961778 0.00316535775 0.000444020669 0.0419468172 0.00313935173 0.000436824543 0.041961778 0.00458168937 -0.0041531953 0.041961778 0.00458168937 -0.0041531953 0.041961778 0.00313935173 0.000436824543 0.041961778 0.00449102605 -0.00418168446 0.0420215651 0.00313935173 0.000436824543 0.041961778 0.00308195571 0.000421068835 0.0419978462 0.00449102605 -0.00418168446 0.0420215651 0.00449102605 -0.00418168446 0.0420215651 0.00308195571 0.000421068835 0.0419978462 0.00304762297 0.000411726127 0.0420215651 0.00477605639 -0.0040921187 0.0418678522 0.00333552551 0.000492152409 0.0418678522 0.00467693619 -0.00412326539 0.0419104137 0.00333552551 0.000492152409 0.0418678522 0.00333378348 0.000491649902 0.0418685079 0.00467693619 -0.00412326539 0.0419104137 0.00467693619 -0.00412326539 0.0419104137 0.00333378348 0.000491649902 0.0418685079 0.00325055514 0.000467870675 0.0419033654 0.00487830956 -0.00405998714 0.0418344177 0.00498293433 -0.00402711099 0.0418103561 0.00354355853 0.000553484599 0.0418103561 0.00354355853 0.000553484599 0.0418103561 0.00353762135 0.000551698497 0.041811455 0.00487830956 -0.00405998714 0.0418344177 0.00353762135 0.000551698497 0.041811455 0.00343844271 0.000522171264 0.0418344177 0.00487830956 -0.00405998714 0.0418344177 0.00487830956 -0.00405998714 0.0418344177 0.00343844271 0.000522171264 0.0418344177 0.00477605639 -0.0040921187 0.0418678522 0.00343844271 0.000522171264 0.0418344177 0.00343459216 0.00052103668 0.0418354906 0.00477605639 -0.0040921187 0.0418678522 0.00477605639 -0.0040921187 0.0418678522 0.00343459216 0.00052103668 0.0418354906 0.00333552551 0.000492152409 0.0418678522 0.00508914934 -0.00399373472 0.0417958461 0.0051961625 -0.00396010745 0.0417909995 0.00375719788 0.000619180501 0.0417909995 0.00375719788 0.000619180501 0.0417909995 0.00374515797 0.000615401892 0.0417910591 0.00508914934 -0.00399373472 0.0417958461 0.00374515797 0.000615401892 0.0417910591 0.00365007925 0.000585888454 0.0417958461 0.00508914934 -0.00399373472 0.0417958461 0.00508914934 -0.00399373472 0.0417958461 0.00365007925 0.000585888454 0.0417958461 0.00498293433 -0.00402711099 0.0418103561 0.00365007925 0.000585888454 0.0417958461 0.00364210224 0.000583438086 0.0417965986 0.00498293433 -0.00402711099 0.0418103561 0.00498293433 -0.00402711099 0.0418103561 0.00364210224 0.000583438086 0.0417965986 0.00354355853 0.000553484599 0.0418103561 0.00540939067 -0.00389310392 0.0418103561 0.00394450687 0.000679156801 0.0418059602 0.00530317565 -0.00392648019 0.0417958461 0.00394450687 0.000679156801 0.0418059602 0.00386410579 0.000653143681 0.0417958461 0.00530317565 -0.00392648019 0.0417958461 0.00530317565 -0.00392648019 0.0417958461 0.00386410579 0.000653143681 0.0417958461 0.0051961625 -0.00396010745 0.0417909995 0.00386410579 0.000653143681 0.0417958461 0.00384515082 0.000647069071 0.0417942777 0.0051961625 -0.00396010745 0.0417909995 0.0051961625 -0.00396010745 0.0417909995 0.00384515082 0.000647069071 0.0417942777 0.00375719788 0.000619180501 0.0417909995 0.00551401544 -0.00386022753 0.0418344177 0.00404259469 0.000711426314 0.0418260694 0.00540939067 -0.00389310392 0.0418103561 0.00404259469 0.000711426314 0.0418260694 0.00397001533 0.000687492546 0.0418103561 0.00540939067 -0.00389310392 0.0418103561 0.00540939067 -0.00389310392 0.0418103561 0.00397001533 0.000687492546 0.0418103561 0.00394450687 0.000679156801 0.0418059602 0.00561626861 -0.00382809597 0.0418678522 0.00413948158 0.000743879355 0.0418547429 0.00551401544 -0.00386022753 0.0418344177 0.00413948158 0.000743879355 0.0418547429 0.0040741493 0.000721931981 0.0418344177 0.00551401544 -0.00386022753 0.0418344177 0.00551401544 -0.00386022753 0.0418344177 0.0040741493 0.000721931981 0.0418344177 0.00404259469 0.000711426314 0.0418260694 0.0057153888 -0.00379694928 0.0419104137 0.0042302967 0.000774839893 0.0418901704 0.00561626861 -0.00382809597 0.0418678522 0.0042302967 0.000774839893 0.0418901704 0.00417573936 0.000756175723 0.0418678559 0.00561626861 -0.00382809597 0.0418678522 0.00561626861 -0.00382809597 0.0418678522 0.00417573936 0.000756175723 0.0418678559 0.00413948158 0.000743879355 0.0418547429 0.00581063563 -0.0037670196 0.041961778 0.00430856925 0.000802001799 0.0419279635 0.0057153888 -0.00379694928 0.0419104137 0.00430856925 0.000802001799 0.0419279635 0.00427402975 0.000789960905 0.0419104137 0.0057153888 -0.00379694928 0.0419104137 0.0057153888 -0.00379694928 0.0419104137 0.00427402975 0.000789960905 0.0419104137 0.0042302967 0.000774839893 0.0418901704 0.00590129895 -0.00373852998 0.0420215651 0.00438702526 0.000829626049 0.0419733338 0.00581063563 -0.0037670196 0.041961778 0.00438702526 0.000829626049 0.0419733338 0.00436829915 0.000823000213 0.041961778 0.00581063563 -0.0037670196 0.041961778 0.00581063563 -0.0037670196 0.041961778 0.00436829915 0.000823000213 0.041961778 0.00430856925 0.000802001799 0.0419279635 0.00454217708 0.000885290036 0.0420893319 0.00453789765 0.000883735309 0.0420855843 0.00598670216 -0.00371169345 0.0420893319 0.00453789765 0.000883735309 0.0420855843 0.00446391106 0.000857036095 0.0420260057 0.00598670216 -0.00371169345 0.0420893319 0.00598670216 -0.00371169345 0.0420893319 0.00446391106 0.000857036095 0.0420260057 0.00590129895 -0.00373852998 0.0420215651 0.00446391106 0.000857036095 0.0420260057 0.00445789658 0.000854879967 0.0420215651 0.00590129895 -0.00373852998 0.0420215651 0.00590129895 -0.00373852998 0.0420215651 0.00445789658 0.000854879967 0.0420215651 0.00438702526 0.000829626049 0.0419733338 0.00461093942 0.000910445466 0.04215464 0.00598670216 -0.00371169345 0.0420893319 0.00462051947 0.000913978438 0.0421645679 0.00598670216 -0.00371169345 0.0420893319 0.00606620917 -0.0036867098 0.0421645679 0.00462051947 0.000913978438 0.0421645679 0.00462051947 0.000913978438 0.0421645679 0.00606620917 -0.0036867098 0.0421645679 0.00467735436 0.000935052463 0.0422283374 0.00606620917 -0.0036867098 0.0421645679 0.00613922579 -0.0036637655 0.042246718 0.00467735436 0.000935052463 0.0422283374 0.00467735436 0.000935052463 0.0422283374 0.00613922579 -0.0036637655 0.042246718 0.00469236588 0.000940647791 0.0422467142 0.00469236588 0.000940647791 0.0422467142 0.00613922579 -0.0036637655 0.042246718 0.00473761791 0.000957600423 0.0423067249 0.00613922579 -0.0036637655 0.042246718 0.00620520813 -0.0036430317 0.0423351601 0.00473761791 0.000957600423 0.0423067249 0.00473761791 0.000957600423 0.0423067249 0.00620520813 -0.0036430317 0.0423351601 0.00475721527 0.000964986626 0.0423351601 0.00475721527 0.000964986626 0.0423351601 0.00620520813 -0.0036430317 0.0423351601 0.00479173381 0.000978071825 0.0423895903 0.00620520813 -0.0036430317 0.0423351601 0.00626366353 -0.00362466299 0.042429246 0.00479173381 0.000978071825 0.0423895903 0.00479173381 0.000978071825 0.0423895903 0.00626366353 -0.00362466299 0.042429246 0.00481458986 0.000986793893 0.042429246 0.00481458986 0.000986793893 0.042429246 0.00626366353 -0.00362466299 0.042429246 0.00483925361 0.000996261369 0.0424760059 0.00626366353 -0.00362466299 0.042429246 0.00631415658 -0.00360879651 0.0425282642 0.00483925361 0.000996261369 0.0424760059 0.00483925361 0.000996261369 0.0424760059 0.00631415658 -0.00360879651 0.0425282642 0.00486408081 0.00100584817 0.0425282642 0.00486408081 0.00100584817 0.0425282642 0.00631415658 -0.00360879651 0.0425282642 0.00488383323 0.00101350422 0.0425745882 0.00631415658 -0.00360879651 0.0425282642 0.0063563101 -0.00359555031 0.0426314808 0.00488383323 0.00101350422 0.0425745882 0.00488383323 0.00101350422 0.0425745882 0.0063563101 -0.00359555031 0.0426314808 0.00490536774 0.00102185248 0.0426314808 0.00490536774 0.00102185248 0.0426314808 0.0063563101 -0.00359555031 0.0426314808 0.00491738413 0.00102651818 0.0426670797 0.0063563101 -0.00359555031 0.0426314808 0.00638980931 -0.00358502381 0.0427381247 0.00491738413 0.00102651818 0.0426670797 0.00491738413 0.00102651818 0.0426670797 0.00638980931 -0.00358502381 0.0427381247 0.00493816752 0.00103460648 0.0427381247 0.00493816752 0.00103460648 0.0427381247 0.00638980931 -0.00358502381 0.0427381247 0.00494673848 0.00103795051 0.0427724607 0.00638980931 -0.00358502381 0.0427381247 0.00641440554 -0.00357729499 0.0428474024 0.00494673848 0.00103795051 0.0427724607 0.00494673848 0.00103795051 0.0427724607 0.00641440554 -0.00357729499 0.0428474024 0.00496223615 0.00104401377 0.0428474024 0.00496223615 0.00104401377 0.0428474024 0.00641440554 -0.00357729499 0.0428474024 0.00496766856 0.00104614545 0.0428801998 0.00641440554 -0.00357729499 0.0428474024 0.00642991392 -0.00357242161 0.042958498 0.00496766856 0.00104614545 0.0428801998 0.00496766856 0.00104614545 0.0428801998 0.00642991392 -0.00357242161 0.042958498 0.00497740228 0.00104997703 0.042958498 0.00642991392 -0.00357242161 0.042958498 0.0064362199 -0.00357043999 0.0430705808 0.00497740228 0.00104997703 0.042958498 0.00497740228 0.00104997703 0.042958498 0.0064362199 -0.00357043999 0.0430705808 0.00498000812 0.00105100649 0.0429894067 0.0064362199 -0.00357043999 0.0430705808 0.00643637311 -0.00357039203 0.0430909991 0.00498000812 0.00105100649 0.0429894067 0.00498000812 0.00105100649 0.0429894067 0.00643637311 -0.00357039203 0.0430909991 0.00498371385 0.00105247542 0.0430909991 -0.00276962947 -0.00279449229 0.0415909998 -0.00231995783 -0.00422550412 0.0415909998 -0.00276962947 -0.00279449229 0.0445909984 -0.00231995783 -0.00422550412 0.0415909998 -0.00231995783 -0.00422550412 0.0445909984 -0.00276962947 -0.00279449229 0.0445909984 -0.00148171862 -0.0023897877 0.0450909995 -0.00148171862 -0.0023897877 0.0410909988 -0.00229262537 -0.00264460174 0.0450909995 -0.00148171862 -0.0023897877 0.0410909988 -0.00229262537 -0.00264460174 0.0410909988 -0.00229262537 -0.00264460174 0.0450909995 -0.00259923772 -0.00274094939 0.0412079766 -0.00262991828 -0.00275059021 0.0412374437 -0.00276781432 -0.00279392186 0.0415474214 -0.0024557705 -0.00269586733 0.0450608432 -0.00241608312 -0.00268339622 0.04507396 -0.00276781432 -0.00279392186 0.0446345769 -0.00276962947 -0.00279449229 0.0415909998 -0.00233419915 -0.00265766541 0.0410929024 -0.00276781432 -0.00279392186 0.0415474214 -0.00233419915 -0.00265766541 0.0410929024 -0.00237545627 -0.00267062988 0.0410985947 -0.00276781432 -0.00279392186 0.0415474214 -0.00262991828 -0.00275059021 0.0412374437 -0.00265803165 -0.0027594245 0.0412696041 -0.00276781432 -0.00279392186 0.0415474214 -0.00265803165 -0.0027594245 0.0412696041 -0.00268336432 -0.00276738475 0.0413042121 -0.00276781432 -0.00279392186 0.0415474214 -0.00276781432 -0.00279392186 0.0415474214 -0.00268336432 -0.00276738475 0.0413042121 -0.00276238262 -0.00279221497 0.0415041745 -0.00270572305 -0.00277441065 0.0413409993 -0.00272493786 -0.00278044865 0.0413796902 -0.00274086255 -0.00278545264 0.0414199904 -0.00241608312 -0.00268339622 0.04507396 -0.00237545627 -0.00267062988 0.0450834036 -0.00276781432 -0.00279392186 0.0446345769 -0.00237545627 -0.00267062988 0.0450834036 -0.00233419915 -0.00265766541 0.0450890958 -0.00276781432 -0.00279392186 0.0446345769 -0.00276781432 -0.00279392186 0.0446345769 -0.00233419915 -0.00265766541 0.0450890958 -0.00276962947 -0.00279449229 0.0445909984 -0.00233419915 -0.00265766541 0.0450890958 -0.00229262537 -0.00264460174 0.0450909995 -0.00276962947 -0.00279449229 0.0445909984 -0.00276962947 -0.00279449229 0.0445909984 -0.00229262537 -0.00264460174 0.0450909995 -0.00276962947 -0.00279449229 0.0415909998 -0.00229262537 -0.00264460174 0.0450909995 -0.00229262537 -0.00264460174 0.0410909988 -0.00276962947 -0.00279449229 0.0415909998 -0.00276962947 -0.00279449229 0.0415909998 -0.00229262537 -0.00264460174 0.0410909988 -0.00233419915 -0.00265766541 0.0410929024 -0.00237545627 -0.00267062988 0.0410985947 -0.00241608312 -0.00268339622 0.0411080346 -0.00276781432 -0.00279392186 0.0415474214 -0.00241608312 -0.00268339622 0.0411080346 -0.0024557705 -0.00269586733 0.0411211513 -0.00276781432 -0.00279392186 0.0415474214 -0.00276781432 -0.00279392186 0.0415474214 -0.0024557705 -0.00269586733 0.0411211513 -0.00249421597 -0.00270794821 0.0411378443 -0.00249421597 -0.00270794821 0.0411378443 -0.00253112754 -0.0027195469 0.041157987 -0.00276781432 -0.00279392186 0.0415474214 -0.00253112754 -0.0027195469 0.041157987 -0.00256622373 -0.00273057539 0.0411814228 -0.00276781432 -0.00279392186 0.0415474214 -0.00276781432 -0.00279392186 0.0415474214 -0.00256622373 -0.00273057539 0.0411814228 -0.00259923772 -0.00274094939 0.0412079766 -0.00270572305 -0.00277441065 0.0413409993 -0.00274086255 -0.00278545264 0.0414199904 -0.00268336432 -0.00276738475 0.0413042121 -0.00274086255 -0.00278545264 0.0414199904 -0.00275337603 -0.00278938469 0.0414615907 -0.00268336432 -0.00276738475 0.0413042121 -0.00268336432 -0.00276738475 0.0413042121 -0.00275337603 -0.00278938469 0.0414615907 -0.00276238262 -0.00279221497 0.0415041745 -0.00275337603 -0.00278938469 0.0447204076 -0.00274086255 -0.00278545264 0.0447620079 -0.00272493786 -0.00278044865 0.0448023081 -0.00259923772 -0.00274094939 0.0449740216 -0.00256622373 -0.00273057539 0.0450005755 -0.00276781432 -0.00279392186 0.0446345769 -0.00275337603 -0.00278938469 0.0447204076 -0.00272493786 -0.00278044865 0.0448023081 -0.00276238262 -0.00279221497 0.0446778238 -0.00256622373 -0.00273057539 0.0450005755 -0.00253112754 -0.0027195469 0.0450240113 -0.00276781432 -0.00279392186 0.0446345769 -0.00253112754 -0.0027195469 0.0450240113 -0.00249421597 -0.00270794821 0.0450441539 -0.00276781432 -0.00279392186 0.0446345769 -0.00276781432 -0.00279392186 0.0446345769 -0.00249421597 -0.00270794821 0.0450441539 -0.0024557705 -0.00269586733 0.0450608432 -0.00276238262 -0.00279221497 0.0446778238 -0.00272493786 -0.00278044865 0.0448023081 -0.00276781432 -0.00279392186 0.0446345769 -0.00272493786 -0.00278044865 0.0448023081 -0.00270572305 -0.00277441065 0.0448409989 -0.00276781432 -0.00279392186 0.0446345769 -0.00276781432 -0.00279392186 0.0446345769 -0.00270572305 -0.00277441065 0.0448409989 -0.00268336432 -0.00276738475 0.0448777862 -0.00268336432 -0.00276738475 0.0448777862 -0.00265803165 -0.0027594245 0.0449123941 -0.00276781432 -0.00279392186 0.0446345769 -0.00265803165 -0.0027594245 0.0449123941 -0.00262991828 -0.00275059021 0.0449445508 -0.00276781432 -0.00279392186 0.0446345769 -0.00276781432 -0.00279392186 0.0446345769 -0.00262991828 -0.00275059021 0.0449445508 -0.00259923772 -0.00274094939 0.0449740216 0.00974220224 0.00225456734 0.0450909995 0.00938246492 0.00339937699 0.0450909995 0.00909626205 0.00330944266 0.0450909995 -0.00229262537 -0.00264460174 0.0450909995 -0.00184295385 -0.0040756138 0.0450909995 -0.00148171862 -0.0023897877 0.0450909995 -0.00184295385 -0.0040756138 0.0450909995 0.0110361548 -2.85690112e-05 0.0450909995 -0.00148171862 -0.0023897877 0.0450909995 -0.00148171862 -0.0023897877 0.0450909995 0.0110361548 -2.85690112e-05 0.0450909995 0.00977557618 0.00114762911 0.0450909995 0.0110361548 -2.85690112e-05 0.0450909995 0.0105864825 0.00140244304 0.0450909995 0.00977557618 0.00114762911 0.0450909995 -0.00246363436 -0.00126644992 0.0450909995 -0.00208749762 -0.00146271801 0.0450909995 -0.00264350302 -0.000694045157 0.0450909995 -0.00208749762 -0.00146271801 0.0450909995 -0.00244723493 -0.000317908416 0.0450909995 -0.00264350302 -0.000694045157 0.0450909995 -0.00264350302 -0.000694045157 0.0450909995 -0.00244723493 -0.000317908416 0.0450909995 -0.00265025208 -0.000668758759 0.0450909995 -0.00244723493 -0.000317908416 0.0450909995 -0.00247183675 -0.000326835812 0.0450909995 -0.00265025208 -0.000668758759 0.0450909995 -0.00246363436 -0.00126644992 0.0450909995 -0.00245470693 -0.00129105197 0.0450909995 -0.00208749762 -0.00146271801 0.0450909995 -0.00245470693 -0.00129105197 0.0450909995 -0.00244366936 -0.00131478219 0.0450909995 -0.00208749762 -0.00146271801 0.0450909995 -0.00208749762 -0.00146271801 0.0450909995 -0.00244366936 -0.00131478219 0.0450909995 -0.00243060547 -0.00133746013 0.0450909995 0.00974220224 0.00225456734 0.0450909995 0.00909626205 0.00330944266 0.0450909995 0.00945599936 0.00216463301 0.0450909995 0.00909626205 0.00330944266 0.0450909995 0.00838321261 0.00281572458 0.0450909995 0.00945599936 0.00216463301 0.0450909995 0.00945599936 0.00216463301 0.0450909995 0.00838321261 0.00281572458 0.0450909995 0.00977557618 0.00114762911 0.0450909995 0.00838321261 0.00281572458 0.0450909995 0.00712643052 0.00205810391 0.0450909995 0.00977557618 0.00114762911 0.0450909995 0.00977557618 0.00114762911 0.0450909995 0.00712643052 0.00205810391 0.0450909995 0.00581355393 0.00140248041 0.0450909995 -0.00148171862 -0.0023897877 0.0450909995 0.000170496263 -0.0001276822 0.0450909995 -0.00180129509 -0.00137278368 0.0450909995 0.000170496263 -0.0001276822 0.0450909995 -0.00129374373 -0.000225097232 0.0450909995 -0.00180129509 -0.00137278368 0.0450909995 -0.00180129509 -0.00137278368 0.0450909995 -0.00129374373 -0.000225097232 0.0450909995 -0.00208749762 -0.00146271801 0.0450909995 -0.00129374373 -0.000225097232 0.0450909995 -0.00216103252 -0.000227974087 0.0450909995 -0.00208749762 -0.00146271801 0.0450909995 -0.00208749762 -0.00146271801 0.0450909995 -0.00216103252 -0.000227974087 0.0450909995 -0.00244723493 -0.000317908416 0.0450909995 -0.00243060547 -0.00133746013 0.0450909995 -0.0024156149 -0.00135891326 0.0450909995 -0.00208749762 -0.00146271801 0.0450909995 -0.0024156149 -0.00135891326 0.0450909995 -0.00239881151 -0.00137897814 0.0450909995 -0.00208749762 -0.00146271801 0.0450909995 -0.00208749762 -0.00146271801 0.0450909995 -0.00239881151 -0.00137897814 0.0450909995 -0.00238032336 -0.00139750226 0.0450909995 -0.00238032336 -0.00139750226 0.0450909995 -0.00236029085 -0.00141434453 0.0450909995 -0.00208749762 -0.00146271801 0.0450909995 -0.00236029085 -0.00141434453 0.0450909995 -0.00233886694 -0.00142937666 0.0450909995 -0.00208749762 -0.00146271801 0.0450909995 -0.00208749762 -0.00146271801 0.0450909995 -0.00233886694 -0.00142937666 0.0450909995 -0.00211278396 -0.0014694673 0.0450909995 -0.00233886694 -0.00142937666 0.0450909995 -0.00213856227 -0.00147398689 0.0450909995 -0.00211278396 -0.0014694673 0.0450909995 0.00581355393 0.00140248041 0.0450909995 0.00445284182 0.000852978847 0.0450909995 0.00977557618 0.00114762911 0.0450909995 0.00445284182 0.000852978847 0.0450909995 0.00305285724 0.000413057045 0.0450909995 0.00977557618 0.00114762911 0.0450909995 0.00977557618 0.00114762911 0.0450909995 0.00305285724 0.000413057045 0.0450909995 -0.00148171862 -0.0023897877 0.0450909995 0.00305285724 0.000413057045 0.0450909995 0.00162240851 8.5482985e-05 0.0450909995 -0.00148171862 -0.0023897877 0.0450909995 -0.00148171862 -0.0023897877 0.0450909995 0.00162240851 8.5482985e-05 0.0450909995 0.000170496263 -0.0001276822 0.0450909995 0.00974967424 0.00322771096 0.0450909995 0.0097386362 0.00325144129 0.0450909995 0.00940775126 0.00340612628 0.0450909995 0.0097386362 0.00325144129 0.0450909995 0.00972557254 0.00327411923 0.0450909995 0.00940775126 0.00340612628 0.0450909995 0.00940775126 0.00340612628 0.0450909995 0.00972557254 0.00327411923 0.0450909995 0.00971058197 0.00329557224 0.0450909995 -0.00247183675 -0.000326835812 0.0450909995 -0.00249556708 -0.000337873411 0.0450909995 -0.00265025208 -0.000668758759 0.0450909995 -0.00249556708 -0.000337873411 0.0450909995 -0.00251824502 -0.000350937247 0.0450909995 -0.00265025208 -0.000668758759 0.0450909995 -0.00265025208 -0.000668758759 0.0450909995 -0.00251824502 -0.000350937247 0.0450909995 -0.00253969803 -0.000365927874 0.0450909995 -0.00231621438 -0.00144248444 0.0450909995 -0.00229250547 -0.00145356811 0.0450909995 -0.0021908083 -0.00147621729 0.0450909995 -0.00229250547 -0.00145356811 0.0450909995 -0.00226792088 -0.00146254315 0.0450909995 -0.0021908083 -0.00147621729 0.0450909995 -0.0021908083 -0.00147621729 0.0450909995 -0.00226792088 -0.00146254315 0.0450909995 -0.00221687811 -0.00147391099 0.0450909995 -0.00226792088 -0.00146254315 0.0450909995 -0.00224264758 -0.00146934134 0.0450909995 -0.00221687811 -0.00147391099 0.0450909995 -0.00231621438 -0.00144248444 0.0450909995 -0.0021908083 -0.00147621729 0.0450909995 -0.00233886694 -0.00142937666 0.0450909995 -0.0021908083 -0.00147621729 0.0450909995 -0.00216463651 -0.00147624267 0.0450909995 -0.00233886694 -0.00142937666 0.0450909995 -0.00233886694 -0.00142937666 0.0450909995 -0.00216463651 -0.00147624267 0.0450909995 -0.00213856227 -0.00147398689 0.0450909995 0.00979053415 0.00227453234 0.0450909995 0.00981321186 0.00228759623 0.0450909995 0.00994521938 0.00260541774 0.0450909995 0.00981321186 0.00228759623 0.0450909995 0.00983466487 0.0023025868 0.0450909995 0.00994521938 0.00260541774 0.0450909995 0.00994521938 0.00260541774 0.0450909995 0.00983466487 0.0023025868 0.0450909995 0.00985473022 0.00231939019 0.0450909995 0.00989009626 0.00235791085 0.0450909995 0.00990512874 0.00237933476 0.0450909995 0.00991823617 0.00240198732 0.0450909995 0.00991823617 0.00240198732 0.0450909995 0.00992931984 0.00242569624 0.0450909995 0.00989009626 0.00235791085 0.0450909995 0.00992931984 0.00242569624 0.0450909995 0.009938295 0.00245028082 0.0450909995 0.00989009626 0.00235791085 0.0450909995 0.00989009626 0.00235791085 0.0450909995 0.009938295 0.00245028082 0.0450909995 0.00994509365 0.00247555412 0.0450909995 0.00994509365 0.00247555412 0.0450909995 0.00994966272 0.00250132359 0.0450909995 0.00989009626 0.00235791085 0.0450909995 0.00994966272 0.00250132359 0.0450909995 0.00995196961 0.0025273934 0.0450909995 0.00989009626 0.00235791085 0.0450909995 0.00989009626 0.00235791085 0.0450909995 0.00995196961 0.0025273934 0.0450909995 0.00995199475 0.00255356519 0.0450909995 0.00971058197 0.00329557224 0.0450909995 0.00969377812 0.00331563712 0.0450909995 0.00940775126 0.00340612628 0.0450909995 0.00969377812 0.00331563712 0.0450909995 0.00967529044 0.00333416136 0.0450909995 0.00940775126 0.00340612628 0.0450909995 0.00940775126 0.00340612628 0.0450909995 0.00967529044 0.00333416136 0.0450909995 0.00943352934 0.00341064599 0.0450909995 0.00967529044 0.00333416136 0.0450909995 0.00945960358 0.00341290166 0.0450909995 0.00943352934 0.00341064599 0.0450909995 0.00974967424 0.00322771096 0.0450909995 0.00940775126 0.00340612628 0.0450909995 0.00975860097 0.00320310891 0.0450909995 0.00940775126 0.00340612628 0.0450909995 0.00938246492 0.00339937699 0.0450909995 0.00975860097 0.00320310891 0.0450909995 0.00975860097 0.00320310891 0.0450909995 0.00938246492 0.00339937699 0.0450909995 0.00993847009 0.00263070408 0.0450909995 0.00938246492 0.00339937699 0.0450909995 0.00974220224 0.00225456734 0.0450909995 0.00993847009 0.00263070408 0.0450909995 0.00993847009 0.00263070408 0.0450909995 0.00974220224 0.00225456734 0.0450909995 0.00994521938 0.00260541774 0.0450909995 0.00974220224 0.00225456734 0.0450909995 0.00976680405 0.00226349477 0.0450909995 0.00994521938 0.00260541774 0.0450909995 0.00994521938 0.00260541774 0.0450909995 0.00976680405 0.00226349477 0.0450909995 0.00979053415 0.00227453234 0.0450909995 0.00985473022 0.00231939019 0.0450909995 0.00987325422 0.00233787834 0.0450909995 0.00994521938 0.00260541774 0.0450909995 0.00987325422 0.00233787834 0.0450909995 0.00989009626 0.00235791085 0.0450909995 0.00994521938 0.00260541774 0.0450909995 0.00994521938 0.00260541774 0.0450909995 0.00989009626 0.00235791085 0.0450909995 0.00994973909 0.00257963943 0.0450909995 0.00989009626 0.00235791085 0.0450909995 0.00995199475 0.00255356519 0.0450909995 0.00994973909 0.00257963943 0.0450909995 0.00961118098 0.00337914354 0.0450909995 0.00967529044 0.00333416136 0.0450909995 0.00963383447 0.00336603564 0.0450909995 0.00967529044 0.00333416136 0.0450909995 0.00965525769 0.0033510034 0.0450909995 0.00963383447 0.00336603564 0.0450909995 0.00961118098 0.00337914354 0.0450909995 0.0095874723 0.00339022698 0.0450909995 0.00967529044 0.00333416136 0.0450909995 0.0095874723 0.00339022698 0.0450909995 0.00956288818 0.00339920213 0.0450909995 0.00967529044 0.00333416136 0.0450909995 0.00967529044 0.00333416136 0.0450909995 0.00956288818 0.00339920213 0.0450909995 0.00953761488 0.00340600032 0.0450909995 0.00953761488 0.00340600032 0.0450909995 0.00951184519 0.00341057009 0.0450909995 0.00967529044 0.00333416136 0.0450909995 0.00951184519 0.00341057009 0.0450909995 0.0094857756 0.00341287628 0.0450909995 0.00967529044 0.00333416136 0.0450909995 0.00967529044 0.00333416136 0.0450909995 0.0094857756 0.00341287628 0.0450909995 0.00945960358 0.00341290166 0.0450909995 -0.00253969803 -0.000365927874 0.0450909995 -0.00255976315 -0.000382731232 0.0450909995 -0.00265025208 -0.000668758759 0.0450909995 -0.00255976315 -0.000382731232 0.0450909995 -0.00257828715 -0.00040121944 0.0450909995 -0.00265025208 -0.000668758759 0.0450909995 -0.00265025208 -0.000668758759 0.0450909995 -0.00257828715 -0.00040121944 0.0450909995 -0.00265477179 -0.000642980332 0.0450909995 -0.00257828715 -0.00040121944 0.0450909995 -0.00259512942 -0.000421251752 0.0450909995 -0.00265477179 -0.000642980332 0.0450909995 -0.00265012635 -0.000538895023 0.0450909995 -0.00265469588 -0.00056466466 0.0450909995 -0.00265700207 -0.000590734475 0.0450909995 -0.00259512942 -0.000421251752 0.0450909995 -0.00261016167 -0.000442675722 0.0450909995 -0.00265477179 -0.000642980332 0.0450909995 -0.00261016167 -0.000442675722 0.0450909995 -0.00262326933 -0.000465328339 0.0450909995 -0.00265477179 -0.000642980332 0.0450909995 -0.00265477179 -0.000642980332 0.0450909995 -0.00262326933 -0.000465328339 0.0450909995 -0.002634353 -0.000489037135 0.0450909995 -0.002634353 -0.000489037135 0.0450909995 -0.00264332793 -0.000513621781 0.0450909995 -0.00265477179 -0.000642980332 0.0450909995 -0.00264332793 -0.000513621781 0.0450909995 -0.00265012635 -0.000538895023 0.0450909995 -0.00265477179 -0.000642980332 0.0450909995 -0.00265477179 -0.000642980332 0.0450909995 -0.00265012635 -0.000538895023 0.0450909995 -0.00265702745 -0.000616906094 0.0450909995 -0.00265012635 -0.000538895023 0.0450909995 -0.00265700207 -0.000590734475 0.0450909995 -0.00265702745 -0.000616906094 0.0450909995 0.0115131587 0.000121321529 0.0445909984 0.0110634873 0.00155233359 0.0445909984 0.0110616721 0.00155176315 0.0446345769 0.0115131587 0.000121321529 0.0445909984 0.0110616721 0.00155176315 0.0446345769 0.0115113435 0.000120751152 0.0446345769 0.0110616721 0.00155176315 0.0446345769 0.0110562397 0.00155005639 0.0446778238 0.0115113435 0.000120751152 0.0446345769 0.0115113435 0.000120751152 0.0446345769 0.0110562397 0.00155005639 0.0446778238 0.0115059121 0.000119044358 0.0446778238 0.0110562397 0.00155005639 0.0446778238 0.0110472329 0.00154722622 0.0447204076 0.0115059121 0.000119044358 0.0446778238 0.0115059121 0.000119044358 0.0446778238 0.0110472329 0.00154722622 0.0447204076 0.0114969052 0.000116214134 0.0447204076 0.0110472329 0.00154722622 0.0447204076 0.0110347196 0.00154329406 0.0447620079 0.0114969052 0.000116214134 0.0447204076 0.0114969052 0.000116214134 0.0447204076 0.0110347196 0.00154329406 0.0447620079 0.011484392 0.000112282025 0.0447620079 0.0110347196 0.00154329406 0.0447620079 0.011018795 0.00153828994 0.0448023081 0.011484392 0.000112282025 0.0447620079 0.011484392 0.000112282025 0.0447620079 0.011018795 0.00153828994 0.0448023081 0.0114684673 0.000107277956 0.0448023081 0.011018795 0.00153828994 0.0448023081 0.0109995808 0.00153225206 0.0448409989 0.0114684673 0.000107277956 0.0448023081 0.0114684673 0.000107277956 0.0448023081 0.0109995808 0.00153225206 0.0448409989 0.0114492523 0.00010124001 0.0448409989 0.0109995808 0.00153225206 0.0448409989 0.0109772217 0.00152522617 0.0448777862 0.0114492523 0.00010124001 0.0448409989 0.0114492523 0.00010124001 0.0448409989 0.0109772217 0.00152522617 0.0448777862 0.0114268931 9.42141342e-05 0.0448777862 0.0109772217 0.00152522617 0.0448777862 0.0109518887 0.0015172658 0.0449123941 0.0114268931 9.42141342e-05 0.0448777862 0.0114268931 9.42141342e-05 0.0448777862 0.0109518887 0.0015172658 0.0449123941 0.0114015611 8.62538072e-05 0.0449123941 0.0109518887 0.0015172658 0.0449123941 0.0109237758 0.00150843163 0.0449445508 0.0114015611 8.62538072e-05 0.0449123941 0.0114015611 8.62538072e-05 0.0449123941 0.0109237758 0.00150843163 0.0449445508 0.0113734473 7.74196087e-05 0.0449445508 0.0109237758 0.00150843163 0.0449445508 0.0108930953 0.00149879081 0.0449740216 0.0113734473 7.74196087e-05 0.0449445508 0.0113734473 7.74196087e-05 0.0449445508 0.0108930953 0.00149879081 0.0449740216 0.0113427667 6.77787757e-05 0.0449740216 0.0108930953 0.00149879081 0.0449740216 0.0108600808 0.00148841669 0.0450005755 0.0113427667 6.77787757e-05 0.0449740216 0.0113427667 6.77787757e-05 0.0449740216 0.0108600808 0.00148841669 0.0450005755 0.0113097532 5.74046717e-05 0.0450005755 0.0108600808 0.00148841669 0.0450005755 0.0108249849 0.00147738832 0.0450240113 0.0113097532 5.74046717e-05 0.0450005755 0.0113097532 5.74046717e-05 0.0450005755 0.0108249849 0.00147738832 0.0450240113 0.0112746563 4.63762626e-05 0.0450240113 0.0108249849 0.00147738832 0.0450240113 0.0107880738 0.00146578951 0.0450441539 0.0112746563 4.63762626e-05 0.0450240113 0.0112746563 4.63762626e-05 0.0450240113 0.0107880738 0.00146578951 0.0450441539 0.0112377452 3.47774694e-05 0.0450441539 0.0107880738 0.00146578951 0.0450441539 0.0107496278 0.00145370862 0.0450608432 0.0112377452 3.47774694e-05 0.0450441539 0.0112377452 3.47774694e-05 0.0450441539 0.0107496278 0.00145370862 0.0450608432 0.0111992992 2.26965749e-05 0.0450608432 0.0107496278 0.00145370862 0.0450608432 0.0107099405 0.00144123752 0.04507396 0.0111992992 2.26965749e-05 0.0450608432 0.0111992992 2.26965749e-05 0.0450608432 0.0107099405 0.00144123752 0.04507396 0.0111596119 1.02255162e-05 0.04507396 0.0107099405 0.00144123752 0.04507396 0.0106693134 0.0014284713 0.0450834036 0.0111596119 1.02255162e-05 0.04507396 0.0111596119 1.02255162e-05 0.04507396 0.0106693134 0.0014284713 0.0450834036 0.0111189857 -2.54079077e-06 0.0450834036 0.0106693134 0.0014284713 0.0450834036 0.0106280567 0.00141550682 0.0450890958 0.0111189857 -2.54079077e-06 0.0450834036 0.0111189857 -2.54079077e-06 0.0450834036 0.0106280567 0.00141550682 0.0450890958 0.0110777281 -1.55051894e-05 0.0450890958 0.0106280567 0.00141550682 0.0450890958 0.0105864825 0.00140244304 0.0450909995 0.0110777281 -1.55051894e-05 0.0450890958 0.0110777281 -1.55051894e-05 0.0450890958 0.0105864825 0.00140244304 0.0450909995 0.0110361548 -2.85690112e-05 0.0450909995 0.0110634873 0.00155233359 0.0445909984 0.0115131587 0.000121321529 0.0445909984 0.0110634873 0.00155233359 0.0415909998 0.0115131587 0.000121321529 0.0445909984 0.0115131587 0.000121321529 0.0415909998 0.0110634873 0.00155233359 0.0415909998 0.0105864825 0.00140244304 0.0410909988 0.00977557618 0.00114762911 0.0410909988 0.00977557618 0.00114762911 0.0450909995 0.0106280567 0.00141550682 0.0410929024 0.0105864825 0.00140244304 0.0410909988 0.0110634873 0.00155233359 0.0415909998 0.0105864825 0.00140244304 0.0410909988 0.0110634873 0.00155233359 0.0445909984 0.0110634873 0.00155233359 0.0415909998 0.0106280567 0.00141550682 0.0450890958 0.0106693134 0.0014284713 0.0450834036 0.0110634873 0.00155233359 0.0445909984 0.0105864825 0.00140244304 0.0410909988 0.00977557618 0.00114762911 0.0450909995 0.0110634873 0.00155233359 0.0445909984 0.00977557618 0.00114762911 0.0450909995 0.0105864825 0.00140244304 0.0450909995 0.0110634873 0.00155233359 0.0445909984 0.0110634873 0.00155233359 0.0445909984 0.0105864825 0.00140244304 0.0450909995 0.0106280567 0.00141550682 0.0450890958 0.0106693134 0.0014284713 0.0450834036 0.0107099405 0.00144123752 0.04507396 0.0110634873 0.00155233359 0.0445909984 0.0107099405 0.00144123752 0.04507396 0.0107496278 0.00145370862 0.0450608432 0.0110634873 0.00155233359 0.0445909984 0.0110634873 0.00155233359 0.0445909984 0.0107496278 0.00145370862 0.0450608432 0.0107880738 0.00146578951 0.0450441539 0.0110347196 0.00154329406 0.0447620079 0.0110472329 0.00154722622 0.0447204076 0.0109518887 0.0015172658 0.0449123941 0.0110472329 0.00154722622 0.0447204076 0.0110562397 0.00155005639 0.0446778238 0.0109518887 0.0015172658 0.0449123941 0.0108930953 0.00149879081 0.0449740216 0.0109237758 0.00150843163 0.0449445508 0.0110634873 0.00155233359 0.0445909984 0.0109237758 0.00150843163 0.0449445508 0.0109518887 0.0015172658 0.0449123941 0.0110634873 0.00155233359 0.0445909984 0.0110634873 0.00155233359 0.0445909984 0.0109518887 0.0015172658 0.0449123941 0.0110616721 0.00155176315 0.0446345769 0.0109518887 0.0015172658 0.0449123941 0.0110562397 0.00155005639 0.0446778238 0.0110616721 0.00155176315 0.0446345769 0.0107880738 0.00146578951 0.0450441539 0.0108249849 0.00147738832 0.0450240113 0.0110634873 0.00155233359 0.0445909984 0.0108249849 0.00147738832 0.0450240113 0.0108600808 0.00148841669 0.0450005755 0.0110634873 0.00155233359 0.0445909984 0.0110634873 0.00155233359 0.0445909984 0.0108600808 0.00148841669 0.0450005755 0.0108930953 0.00149879081 0.0449740216 0.0109772217 0.00152522617 0.0448777862 0.0109995808 0.00153225206 0.0448409989 0.0109518887 0.0015172658 0.0449123941 0.0109995808 0.00153225206 0.0448409989 0.011018795 0.00153828994 0.0448023081 0.0109518887 0.0015172658 0.0449123941 0.0109518887 0.0015172658 0.0449123941 0.011018795 0.00153828994 0.0448023081 0.0110347196 0.00154329406 0.0447620079 0.0108600808 0.00148841669 0.0411814228 0.0108249849 0.00147738832 0.041157987 0.0110616721 0.00155176315 0.0415474214 0.0108249849 0.00147738832 0.041157987 0.0107880738 0.00146578951 0.0411378443 0.0110616721 0.00155176315 0.0415474214 0.0107880738 0.00146578951 0.0411378443 0.0107496278 0.00145370862 0.0411211513 0.0110616721 0.00155176315 0.0415474214 0.0107496278 0.00145370862 0.0411211513 0.0107099405 0.00144123752 0.0411080346 0.0110616721 0.00155176315 0.0415474214 0.0110616721 0.00155176315 0.0415474214 0.0107099405 0.00144123752 0.0411080346 0.0110634873 0.00155233359 0.0415909998 0.0107099405 0.00144123752 0.0411080346 0.0106693134 0.0014284713 0.0410985947 0.0110634873 0.00155233359 0.0415909998 0.0110634873 0.00155233359 0.0415909998 0.0106693134 0.0014284713 0.0410985947 0.0106280567 0.00141550682 0.0410929024 0.0108600808 0.00148841669 0.0411814228 0.0110616721 0.00155176315 0.0415474214 0.0108930953 0.00149879081 0.0412079766 0.0110616721 0.00155176315 0.0415474214 0.0110562397 0.00155005639 0.0415041745 0.0108930953 0.00149879081 0.0412079766 0.0108930953 0.00149879081 0.0412079766 0.0110562397 0.00155005639 0.0415041745 0.0110472329 0.00154722622 0.0414615907 0.0109995808 0.00153225206 0.0413409993 0.0109772217 0.00152522617 0.0413042121 0.0108930953 0.00149879081 0.0412079766 0.0109772217 0.00152522617 0.0413042121 0.0109518887 0.0015172658 0.0412696041 0.0108930953 0.00149879081 0.0412079766 0.0108930953 0.00149879081 0.0412079766 0.0109518887 0.0015172658 0.0412696041 0.0109237758 0.00150843163 0.0412374437 0.0110472329 0.00154722622 0.0414615907 0.0110347196 0.00154329406 0.0414199904 0.0108930953 0.00149879081 0.0412079766 0.0110347196 0.00154329406 0.0414199904 0.011018795 0.00153828994 0.0413796902 0.0108930953 0.00149879081 0.0412079766 0.0108930953 0.00149879081 0.0412079766 0.011018795 0.00153828994 0.0413796902 0.0109995808 0.00153225206 0.0413409993 0.00909626205 0.00330944266 0.0410909988 0.00938246492 0.00339937699 0.0410909988 0.00974220224 0.00225456734 0.0410909988 -0.00184295385 -0.0040756138 0.0410909988 -0.00229262537 -0.00264460174 0.0410909988 -0.00148171862 -0.0023897877 0.0410909988 -0.00184295385 -0.0040756138 0.0410909988 -0.00148171862 -0.0023897877 0.0410909988 0.0110361548 -2.85690112e-05 0.0410909988 -0.00148171862 -0.0023897877 0.0410909988 0.00977557618 0.00114762911 0.0410909988 0.0110361548 -2.85690112e-05 0.0410909988 0.0110361548 -2.85690112e-05 0.0410909988 0.00977557618 0.00114762911 0.0410909988 0.0105864825 0.00140244304 0.0410909988 0.00993847009 0.00263070408 0.0410909988 0.00974220224 0.00225456734 0.0410909988 0.00975860097 0.00320310891 0.0410909988 0.00974220224 0.00225456734 0.0410909988 0.00938246492 0.00339937699 0.0410909988 0.00975860097 0.00320310891 0.0410909988 0.00975860097 0.00320310891 0.0410909988 0.00938246492 0.00339937699 0.0410909988 0.00940775126 0.00340612628 0.0410909988 -0.00246363436 -0.00126644992 0.0410909988 -0.00244723493 -0.000317908416 0.0410909988 -0.00208749762 -0.00146271801 0.0410909988 -0.00244723493 -0.000317908416 0.0410909988 -0.00216103252 -0.000227974087 0.0410909988 -0.00208749762 -0.00146271801 0.0410909988 -0.00208749762 -0.00146271801 0.0410909988 -0.00216103252 -0.000227974087 0.0410909988 -0.00180129509 -0.00137278368 0.0410909988 -0.00216103252 -0.000227974087 0.0410909988 -0.00129374373 -0.000225097232 0.0410909988 -0.00180129509 -0.00137278368 0.0410909988 -0.00180129509 -0.00137278368 0.0410909988 -0.00129374373 -0.000225097232 0.0410909988 -0.00148171862 -0.0023897877 0.0410909988 -0.00129374373 -0.000225097232 0.0410909988 0.000170496263 -0.0001276822 0.0410909988 -0.00148171862 -0.0023897877 0.0410909988 -0.00243060547 -0.00133746013 0.0410909988 -0.00244366936 -0.00131478219 0.0410909988 -0.00208749762 -0.00146271801 0.0410909988 -0.00244366936 -0.00131478219 0.0410909988 -0.00245470693 -0.00129105197 0.0410909988 -0.00208749762 -0.00146271801 0.0410909988 -0.00208749762 -0.00146271801 0.0410909988 -0.00245470693 -0.00129105197 0.0410909988 -0.00246363436 -0.00126644992 0.0410909988 0.00990512874 0.00237933476 0.0410909988 0.00989009626 0.00235791085 0.0410909988 0.00974220224 0.00225456734 0.0410909988 -0.00246363436 -0.00126644992 0.0410909988 -0.00264350302 -0.000694045157 0.0410909988 -0.00244723493 -0.000317908416 0.0410909988 -0.00264350302 -0.000694045157 0.0410909988 -0.00265025208 -0.000668758759 0.0410909988 -0.00244723493 -0.000317908416 0.0410909988 -0.00244723493 -0.000317908416 0.0410909988 -0.00265025208 -0.000668758759 0.0410909988 -0.00247183675 -0.000326835812 0.0410909988 -0.00265025208 -0.000668758759 0.0410909988 -0.00265477179 -0.000642980332 0.0410909988 -0.00247183675 -0.000326835812 0.0410909988 0.00990512874 0.00237933476 0.0410909988 0.00974220224 0.00225456734 0.0410909988 0.00991823617 0.00240198732 0.0410909988 0.00909626205 0.00330944266 0.0410909988 0.00974220224 0.00225456734 0.0410909988 0.00838321261 0.00281572458 0.0410909988 0.00974220224 0.00225456734 0.0410909988 0.00945599936 0.00216463301 0.0410909988 0.00838321261 0.00281572458 0.0410909988 0.00838321261 0.00281572458 0.0410909988 0.00945599936 0.00216463301 0.0410909988 0.00712643052 0.00205810391 0.0410909988 0.00945599936 0.00216463301 0.0410909988 0.00977557618 0.00114762911 0.0410909988 0.00712643052 0.00205810391 0.0410909988 0.00712643052 0.00205810391 0.0410909988 0.00977557618 0.00114762911 0.0410909988 0.00581355393 0.00140248041 0.0410909988 0.00940775126 0.00340612628 0.0410909988 0.00971058197 0.00329557224 0.0410909988 0.00972557254 0.00327411923 0.0410909988 -0.00216463651 -0.00147624267 0.0410909988 -0.0021908083 -0.00147621729 0.0410909988 -0.00213856227 -0.00147398689 0.0410909988 -0.0021908083 -0.00147621729 0.0410909988 -0.00211278396 -0.0014694673 0.0410909988 -0.00213856227 -0.00147398689 0.0410909988 -0.00211278396 -0.0014694673 0.0410909988 -0.0021908083 -0.00147621729 0.0410909988 -0.00208749762 -0.00146271801 0.0410909988 -0.0021908083 -0.00147621729 0.0410909988 -0.00221687811 -0.00147391099 0.0410909988 -0.00208749762 -0.00146271801 0.0410909988 -0.00208749762 -0.00146271801 0.0410909988 -0.00221687811 -0.00147391099 0.0410909988 -0.00224264758 -0.00146934134 0.0410909988 -0.00224264758 -0.00146934134 0.0410909988 -0.00226792088 -0.00146254315 0.0410909988 -0.00208749762 -0.00146271801 0.0410909988 -0.00226792088 -0.00146254315 0.0410909988 -0.00229250547 -0.00145356811 0.0410909988 -0.00208749762 -0.00146271801 0.0410909988 -0.00208749762 -0.00146271801 0.0410909988 -0.00229250547 -0.00145356811 0.0410909988 -0.00231621438 -0.00144248444 0.0410909988 -0.00255976315 -0.000382731232 0.0410909988 -0.00253969803 -0.000365927874 0.0410909988 -0.00265477179 -0.000642980332 0.0410909988 0.00943352934 0.00341064599 0.0410909988 0.00967529044 0.00333416136 0.0410909988 0.00940775126 0.00340612628 0.0410909988 0.00967529044 0.00333416136 0.0410909988 0.00969377812 0.00331563712 0.0410909988 0.00940775126 0.00340612628 0.0410909988 0.00940775126 0.00340612628 0.0410909988 0.00969377812 0.00331563712 0.0410909988 0.00971058197 0.00329557224 0.0410909988 0.00972557254 0.00327411923 0.0410909988 0.0097386362 0.00325144129 0.0410909988 0.00940775126 0.00340612628 0.0410909988 0.0097386362 0.00325144129 0.0410909988 0.00974967424 0.00322771096 0.0410909988 0.00940775126 0.00340612628 0.0410909988 0.00940775126 0.00340612628 0.0410909988 0.00974967424 0.00322771096 0.0410909988 0.00975860097 0.00320310891 0.0410909988 0.00993847009 0.00263070408 0.0410909988 0.00994521938 0.00260541774 0.0410909988 0.00974220224 0.00225456734 0.0410909988 0.00994521938 0.00260541774 0.0410909988 0.00994973909 0.00257963943 0.0410909988 0.00974220224 0.00225456734 0.0410909988 0.00974220224 0.00225456734 0.0410909988 0.00994973909 0.00257963943 0.0410909988 0.00995199475 0.00255356519 0.0410909988 0.00995199475 0.00255356519 0.0410909988 0.00995196961 0.0025273934 0.0410909988 0.00974220224 0.00225456734 0.0410909988 0.00995196961 0.0025273934 0.0410909988 0.00994966272 0.00250132359 0.0410909988 0.00974220224 0.00225456734 0.0410909988 0.00974220224 0.00225456734 0.0410909988 0.00994966272 0.00250132359 0.0410909988 0.00994509365 0.00247555412 0.0410909988 0.00989009626 0.00235791085 0.0410909988 0.00987325422 0.00233787834 0.0410909988 0.00974220224 0.00225456734 0.0410909988 0.00987325422 0.00233787834 0.0410909988 0.00985473022 0.00231939019 0.0410909988 0.00974220224 0.00225456734 0.0410909988 0.00974220224 0.00225456734 0.0410909988 0.00985473022 0.00231939019 0.0410909988 0.00983466487 0.0023025868 0.0410909988 0.00983466487 0.0023025868 0.0410909988 0.00981321186 0.00228759623 0.0410909988 0.00974220224 0.00225456734 0.0410909988 0.00981321186 0.00228759623 0.0410909988 0.00979053415 0.00227453234 0.0410909988 0.00974220224 0.00225456734 0.0410909988 0.00974220224 0.00225456734 0.0410909988 0.00979053415 0.00227453234 0.0410909988 0.00976680405 0.00226349477 0.0410909988 0.000170496263 -0.0001276822 0.0410909988 0.00162240851 8.5482985e-05 0.0410909988 -0.00148171862 -0.0023897877 0.0410909988 0.00162240851 8.5482985e-05 0.0410909988 0.00305285724 0.000413057045 0.0410909988 -0.00148171862 -0.0023897877 0.0410909988 -0.00148171862 -0.0023897877 0.0410909988 0.00305285724 0.000413057045 0.0410909988 0.00977557618 0.00114762911 0.0410909988 0.00305285724 0.000413057045 0.0410909988 0.00445284182 0.000852978847 0.0410909988 0.00977557618 0.00114762911 0.0410909988 0.00977557618 0.00114762911 0.0410909988 0.00445284182 0.000852978847 0.0410909988 0.00581355393 0.00140248041 0.0410909988 -0.00231621438 -0.00144248444 0.0410909988 -0.00233886694 -0.00142937666 0.0410909988 -0.00208749762 -0.00146271801 0.0410909988 -0.00233886694 -0.00142937666 0.0410909988 -0.00236029085 -0.00141434453 0.0410909988 -0.00208749762 -0.00146271801 0.0410909988 -0.00208749762 -0.00146271801 0.0410909988 -0.00236029085 -0.00141434453 0.0410909988 -0.00238032336 -0.00139750226 0.0410909988 -0.00238032336 -0.00139750226 0.0410909988 -0.00239881151 -0.00137897814 0.0410909988 -0.00208749762 -0.00146271801 0.0410909988 -0.00239881151 -0.00137897814 0.0410909988 -0.0024156149 -0.00135891326 0.0410909988 -0.00208749762 -0.00146271801 0.0410909988 -0.00208749762 -0.00146271801 0.0410909988 -0.0024156149 -0.00135891326 0.0410909988 -0.00243060547 -0.00133746013 0.0410909988 -0.00253969803 -0.000365927874 0.0410909988 -0.00251824502 -0.000350937247 0.0410909988 -0.00265477179 -0.000642980332 0.0410909988 -0.00251824502 -0.000350937247 0.0410909988 -0.00249556708 -0.000337873411 0.0410909988 -0.00265477179 -0.000642980332 0.0410909988 -0.00265477179 -0.000642980332 0.0410909988 -0.00249556708 -0.000337873411 0.0410909988 -0.00247183675 -0.000326835812 0.0410909988 0.00943352934 0.00341064599 0.0410909988 0.00945960358 0.00341290166 0.0410909988 0.00967529044 0.00333416136 0.0410909988 0.00945960358 0.00341290166 0.0410909988 0.0094857756 0.00341287628 0.0410909988 0.00967529044 0.00333416136 0.0410909988 0.00967529044 0.00333416136 0.0410909988 0.0094857756 0.00341287628 0.0410909988 0.00951184519 0.00341057009 0.0410909988 0.00951184519 0.00341057009 0.0410909988 0.00953761488 0.00340600032 0.0410909988 0.00967529044 0.00333416136 0.0410909988 0.00953761488 0.00340600032 0.0410909988 0.00956288818 0.00339920213 0.0410909988 0.00967529044 0.00333416136 0.0410909988 0.00967529044 0.00333416136 0.0410909988 0.00956288818 0.00339920213 0.0410909988 0.0095874723 0.00339022698 0.0410909988 0.0095874723 0.00339022698 0.0410909988 0.00961118098 0.00337914354 0.0410909988 0.00967529044 0.00333416136 0.0410909988 0.00961118098 0.00337914354 0.0410909988 0.00963383447 0.00336603564 0.0410909988 0.00967529044 0.00333416136 0.0410909988 0.00967529044 0.00333416136 0.0410909988 0.00963383447 0.00336603564 0.0410909988 0.00965525769 0.0033510034 0.0410909988 0.00994509365 0.00247555412 0.0410909988 0.009938295 0.00245028082 0.0410909988 0.00974220224 0.00225456734 0.0410909988 0.009938295 0.00245028082 0.0410909988 0.00992931984 0.00242569624 0.0410909988 0.00974220224 0.00225456734 0.0410909988 0.00974220224 0.00225456734 0.0410909988 0.00992931984 0.00242569624 0.0410909988 0.00991823617 0.00240198732 0.0410909988 -0.002634353 -0.000489037135 0.0410909988 -0.00262326933 -0.000465328339 0.0410909988 -0.00265477179 -0.000642980332 0.0410909988 -0.00262326933 -0.000465328339 0.0410909988 -0.00261016167 -0.000442675722 0.0410909988 -0.00265477179 -0.000642980332 0.0410909988 -0.00265469588 -0.00056466466 0.0410909988 -0.00265012635 -0.000538895023 0.0410909988 -0.00265700207 -0.000590734475 0.0410909988 -0.00265012635 -0.000538895023 0.0410909988 -0.00265702745 -0.000616906094 0.0410909988 -0.00265700207 -0.000590734475 0.0410909988 -0.00265702745 -0.000616906094 0.0410909988 -0.00265012635 -0.000538895023 0.0410909988 -0.00265477179 -0.000642980332 0.0410909988 -0.00265012635 -0.000538895023 0.0410909988 -0.00264332793 -0.000513621781 0.0410909988 -0.00265477179 -0.000642980332 0.0410909988 -0.00265477179 -0.000642980332 0.0410909988 -0.00264332793 -0.000513621781 0.0410909988 -0.002634353 -0.000489037135 0.0410909988 -0.00261016167 -0.000442675722 0.0410909988 -0.00259512942 -0.000421251752 0.0410909988 -0.00265477179 -0.000642980332 0.0410909988 -0.00259512942 -0.000421251752 0.0410909988 -0.00257828715 -0.00040121944 0.0410909988 -0.00265477179 -0.000642980332 0.0410909988 -0.00265477179 -0.000642980332 0.0410909988 -0.00257828715 -0.00040121944 0.0410909988 -0.00255976315 -0.000382731232 0.0410909988 0.0055703586 -0.0017461041 0.0416083783 0.00732180802 -0.0011957403 0.0417008139 0.00568842655 -0.00170900312 0.0417016819 0.00732180802 -0.0011957403 0.0417008139 0.00721083255 -0.00123061251 0.041805286 0.00568842655 -0.00170900312 0.0417016819 0.00568842655 -0.00170900312 0.0417016819 0.00721083255 -0.00123061251 0.041805286 0.00579839991 -0.00167444581 0.041805286 0.0055703586 -0.0017461041 0.0416083783 0.00544507056 -0.00178547378 0.041526068 0.00732180802 -0.0011957403 0.0417008139 0.00544507056 -0.00178547378 0.041526068 0.00531349145 -0.0018268202 0.0414553583 0.00732180802 -0.0011957403 0.0417008139 0.00732180802 -0.0011957403 0.0417008139 0.00531349145 -0.0018268202 0.0414553583 0.00517659774 -0.00186983694 0.0413967781 0.00544507056 -0.00178547378 0.0446559303 0.00732180802 -0.0011957403 0.0444811806 0.00531349145 -0.0018268202 0.04472664 0.00732180802 -0.0011957403 0.0444811806 0.00517659774 -0.00186983694 0.0447852202 0.00531349145 -0.0018268202 0.04472664 0.00544507056 -0.00178547378 0.0446559303 0.0055703586 -0.0017461041 0.04457362 0.00732180802 -0.0011957403 0.0444811806 0.0055703586 -0.0017461041 0.04457362 0.00568842655 -0.00170900312 0.0444803163 0.00732180802 -0.0011957403 0.0444811806 0.00732180802 -0.0011957403 0.0444811806 0.00568842655 -0.00170900312 0.0444803163 0.00721083255 -0.00123061251 0.0443767123 0.00374813029 -0.00231870892 0.041526068 0.00187139248 -0.0029084424 0.0417008139 0.00387970917 -0.00227736239 0.0414553583 0.00187139248 -0.0029084424 0.0417008139 0.00401660288 -0.00223434577 0.0413967781 0.00387970917 -0.00227736239 0.0414553583 0.00339480047 -0.00242973678 0.041805286 0.00198236806 -0.00287357019 0.041805286 0.00350477383 -0.00239517959 0.0417016819 0.00198236806 -0.00287357019 0.041805286 0.00187139248 -0.0029084424 0.0417008139 0.00350477383 -0.00239517959 0.0417016819 0.00350477383 -0.00239517959 0.0417016819 0.00187139248 -0.0029084424 0.0417008139 0.00362284225 -0.00235807849 0.0416083783 0.00187139248 -0.0029084424 0.0417008139 0.00374813029 -0.00231870892 0.041526068 0.00362284225 -0.00235807849 0.0416083783 0.0115131587 0.000121321529 0.0415909998 0.0115131587 0.000121321529 0.0445909984 0.0101298466 -0.00031336103 0.0430909991 0.00952140056 -0.000504555122 0.0417165011 0.0094034262 -0.000541626709 0.0416208319 0.0110361548 -2.85690112e-05 0.0410909988 0.0094034262 -0.000541626709 0.0416208319 0.00927797612 -0.000581047323 0.0415362492 0.0110361548 -2.85690112e-05 0.0410909988 0.0110361548 -2.85690112e-05 0.0410909988 0.00927797612 -0.000581047323 0.0415362492 0.00914599653 -0.000622519525 0.0414634012 0.00362284225 -0.00235807849 0.04457362 0.00187139248 -0.0029084424 0.0444811806 0.00350477383 -0.00239517959 0.0444803163 0.00187139248 -0.0029084424 0.0444811806 0.00198236806 -0.00287357019 0.0443767123 0.00350477383 -0.00239517959 0.0444803163 0.00350477383 -0.00239517959 0.0444803163 0.00198236806 -0.00287357019 0.0443767123 0.00339480047 -0.00242973678 0.0443767123 0.00568842655 -0.00170900312 0.0444803163 0.00579839991 -0.00167444581 0.0443767123 0.00721083255 -0.00123061251 0.0443767123 0.00579839991 -0.00167444581 0.0443767123 0.00585949654 -0.0016552473 0.0443191566 0.00721083255 -0.00123061251 0.0443767123 0.00721083255 -0.00123061251 0.0443767123 0.00585949654 -0.0016552473 0.0443191566 0.00592509005 -0.00163463573 0.0442673191 0.00362284225 -0.00235807849 0.04457362 0.00374813029 -0.00231870892 0.0446559303 0.00187139248 -0.0029084424 0.0444811806 0.00374813029 -0.00231870892 0.0446559303 0.00387970917 -0.00227736239 0.04472664 0.00187139248 -0.0029084424 0.0444811806 0.00187139248 -0.0029084424 0.0444811806 0.00387970917 -0.00227736239 0.04472664 0.00401660288 -0.00223434577 0.0447852202 0.00646606646 -0.00146464282 0.0420909971 0.00721083255 -0.00123061251 0.041805286 0.006543166 -0.00144041551 0.0420909971 0.00721083255 -0.00123061251 0.041805286 0.0071497364 -0.00124981103 0.0418628417 0.006543166 -0.00144041551 0.0420909971 0.006543166 -0.00144041551 0.0420909971 0.0071497364 -0.00124981103 0.0418628417 0.00662523555 -0.00141462649 0.0420872904 0.0071497364 -0.00124981103 0.0418628417 0.00670669693 -0.00138902874 0.0420761965 0.00662523555 -0.00141462649 0.0420872904 0.00646606646 -0.00146464282 0.0420909971 0.00638399692 -0.00149043184 0.0420872904 0.00721083255 -0.00123061251 0.041805286 0.00638399692 -0.00149043184 0.0420872904 0.006302536 -0.00151602959 0.0420761965 0.00721083255 -0.00123061251 0.041805286 0.00721083255 -0.00123061251 0.041805286 0.006302536 -0.00151602959 0.0420761965 0.00622228719 -0.00154124643 0.042057801 0.00599469431 -0.00161276362 0.041960407 0.00592509005 -0.00163463573 0.0419146791 0.00721083255 -0.00123061251 0.041805286 0.00592509005 -0.00163463573 0.0419146791 0.00585949654 -0.0016552473 0.0418628417 0.00721083255 -0.00123061251 0.041805286 0.00721083255 -0.00123061251 0.041805286 0.00585949654 -0.0016552473 0.0418628417 0.00579839991 -0.00167444581 0.041805286 0.00670669693 -0.00138902874 0.044105798 0.00678694574 -0.0013638119 0.0441241972 0.0071497364 -0.00124981103 0.0443191566 0.00678694574 -0.0013638119 0.0441241972 0.00686538685 -0.00133916305 0.0441497639 0.0071497364 -0.00124981103 0.0443191566 0.0101298466 -0.00031336103 0.0430909991 0.0101233684 -0.000315396668 0.0429347977 0.0115131587 0.000121321529 0.0415909998 0.0101233684 -0.000315396668 0.0429347977 0.0101039838 -0.000321488187 0.0427797735 0.0115131587 0.000121321529 0.0415909998 0.0115131587 0.000121321529 0.0415909998 0.0101039838 -0.000321488187 0.0427797735 0.0100718373 -0.000331589661 0.0426270962 0.00914599653 -0.000622519525 0.0414634012 0.00900848489 -0.000665730448 0.0414028317 0.0110361548 -2.85690112e-05 0.0410909988 0.00900848489 -0.000665730448 0.0414028317 0.00886647683 -0.000710354012 0.0413550027 0.0110361548 -2.85690112e-05 0.0410909988 0.0110361548 -2.85690112e-05 0.0410909988 0.00886647683 -0.000710354012 0.0413550027 0.00872104522 -0.000756053545 0.0413202681 0.00622228719 -0.00154124643 0.042057801 0.00614384608 -0.00156589528 0.0420322344 0.00721083255 -0.00123061251 0.041805286 0.00614384608 -0.00156589528 0.0420322344 0.00606779382 -0.00158979336 0.0419996865 0.00721083255 -0.00123061251 0.041805286 0.00721083255 -0.00123061251 0.041805286 0.00606779382 -0.00158979336 0.0419996865 0.00599469431 -0.00161276362 0.041960407 0.00592509005 -0.00163463573 0.0442673191 0.00599469431 -0.00161276362 0.0442215912 0.00721083255 -0.00123061251 0.0443767123 0.00599469431 -0.00161276362 0.0442215912 0.00606779382 -0.00158979336 0.044182308 0.00721083255 -0.00123061251 0.0443767123 0.00721083255 -0.00123061251 0.0443767123 0.00606779382 -0.00158979336 0.044182308 0.00614384608 -0.00156589528 0.0441497639 0.00614384608 -0.00156589528 0.0441497639 0.00622228719 -0.00154124643 0.0441241972 0.00721083255 -0.00123061251 0.0443767123 0.00622228719 -0.00154124643 0.0441241972 0.006302536 -0.00151602959 0.044105798 0.00721083255 -0.00123061251 0.0443767123 0.00721083255 -0.00123061251 0.0443767123 0.006302536 -0.00151602959 0.044105798 0.00638399692 -0.00149043184 0.0440947041 0.00638399692 -0.00149043184 0.0440947041 0.00646606646 -0.00146464282 0.0440909974 0.00721083255 -0.00123061251 0.0443767123 0.00646606646 -0.00146464282 0.0440909974 0.006543166 -0.00144041551 0.0440909974 0.00721083255 -0.00123061251 0.0443767123 0.00721083255 -0.00123061251 0.0443767123 0.006543166 -0.00144041551 0.0440909974 0.0071497364 -0.00124981103 0.0443191566 0.006543166 -0.00144041551 0.0440909974 0.00662523555 -0.00141462649 0.0440947041 0.0071497364 -0.00124981103 0.0443191566 0.0071497364 -0.00124981103 0.0443191566 0.00662523555 -0.00141462649 0.0440947041 0.00670669693 -0.00138902874 0.044105798 0.00240625511 -0.00274037081 0.042057801 0.00339480047 -0.00242973678 0.041805286 0.00248650368 -0.00271515385 0.0420761965 0.00339480047 -0.00242973678 0.041805286 0.00256796484 -0.00268955622 0.0420872904 0.00248650368 -0.00271515385 0.0420761965 0.00240625511 -0.00274037081 0.042057801 0.00232781377 -0.00276501966 0.0420322344 0.00339480047 -0.00242973678 0.041805286 0.00232781377 -0.00276501966 0.0420322344 0.00225176173 -0.00278891763 0.0419996865 0.00339480047 -0.00242973678 0.041805286 0.00339480047 -0.00242973678 0.041805286 0.00225176173 -0.00278891763 0.0419996865 0.00217866222 -0.002811888 0.041960407 0.00827525556 -0.000896135345 0.0412967689 -0.00184295385 -0.0040756138 0.0410909988 0.00842431467 -0.00084929599 0.0412910394 -0.00184295385 -0.0040756138 0.0410909988 0.0110361548 -2.85690112e-05 0.0410909988 0.00842431467 -0.00084929599 0.0412910394 0.00842431467 -0.00084929599 0.0412910394 0.0110361548 -2.85690112e-05 0.0410909988 0.00857328624 -0.000802484341 0.0412988923 0.0110361548 -2.85690112e-05 0.0410909988 0.00872104522 -0.000756053545 0.0413202681 0.00857328624 -0.000802484341 0.0412988923 0.00162565045 -0.00298566278 0.0415240526 0.00444887485 -0.00209851144 0.0412976705 0.0017521868 -0.00294590066 0.041606836 0.00444887485 -0.00209851144 0.0412976705 0.0043022451 -0.00214458769 0.0413176417 0.0017521868 -0.00294590066 0.041606836 0.0017521868 -0.00294590066 0.041606836 0.0043022451 -0.00214458769 0.0413176417 0.00187139248 -0.0029084424 0.0417008139 0.0043022451 -0.00214458769 0.0413176417 0.00415779743 -0.00218997779 0.0413507558 0.00187139248 -0.0029084424 0.0417008139 0.00187139248 -0.0029084424 0.0417008139 0.00415779743 -0.00218997779 0.0413507558 0.00401660288 -0.00223434577 0.0413967781 0.00121183693 -0.0031156966 0.0413486883 0.00459660031 -0.00205209129 0.0412909985 0.00135445246 -0.00307088206 0.0413944907 0.00459660031 -0.00205209129 0.0412909985 0.00444887485 -0.00209851144 0.0412976705 0.00135445246 -0.00307088206 0.0413944907 0.00135445246 -0.00307088206 0.0413944907 0.00444887485 -0.00209851144 0.0412976705 0.00149273814 -0.00302742817 0.0414530933 0.00444887485 -0.00209851144 0.0412976705 0.00162565045 -0.00298566278 0.0415240526 0.00149273814 -0.00302742817 0.0414530933 0.00517659774 -0.00186983694 0.0413967781 0.00503540318 -0.0019142048 0.0413507558 0.00732180802 -0.0011957403 0.0417008139 0.00503540318 -0.0019142048 0.0413507558 0.00489095552 -0.00195959513 0.0413176417 0.00732180802 -0.0011957403 0.0417008139 0.00732180802 -0.0011957403 0.0417008139 0.00489095552 -0.00195959513 0.0413176417 0.00744101359 -0.00115828193 0.041606836 0.00489095552 -0.00195959513 0.0413176417 0.00474432576 -0.00200567115 0.0412976705 0.00744101359 -0.00115828193 0.041606836 0.00744101359 -0.00115828193 0.041606836 0.00474432576 -0.00200567115 0.0412976705 0.00756755006 -0.00111851993 0.0415240526 0.00756755006 -0.00111851993 0.0446579456 0.00474432576 -0.00200567115 0.0448843241 0.00744101359 -0.00115828193 0.0445751622 0.00474432576 -0.00200567115 0.0448843241 0.00489095552 -0.00195959513 0.0448643565 0.00744101359 -0.00115828193 0.0445751622 0.00744101359 -0.00115828193 0.0445751622 0.00489095552 -0.00195959513 0.0448643565 0.00732180802 -0.0011957403 0.0444811806 0.00489095552 -0.00195959513 0.0448643565 0.00503540318 -0.0019142048 0.0448312387 0.00732180802 -0.0011957403 0.0444811806 0.00732180802 -0.0011957403 0.0444811806 0.00503540318 -0.0019142048 0.0448312387 0.00517659774 -0.00186983694 0.0447852202 0.00756755006 -0.00111851993 0.0446579456 0.00770046236 -0.00107675453 0.044728905 0.00474432576 -0.00200567115 0.0448843241 0.00770046236 -0.00107675453 0.044728905 0.0078387484 -0.00103330053 0.0447875075 0.00474432576 -0.00200567115 0.0448843241 0.00474432576 -0.00200567115 0.0448843241 0.0078387484 -0.00103330053 0.0447875075 0.00459660031 -0.00205209129 0.0448909998 0.0078387484 -0.00103330053 0.0447875075 0.00798136368 -0.00098848599 0.0448333062 0.00459660031 -0.00205209129 0.0448909998 0.00459660031 -0.00205209129 0.0448909998 0.00798136368 -0.00098848599 0.0448333062 0.00812723301 -0.000942648971 0.0448659658 0.00297091343 -0.00256293616 0.0441241972 0.00304935477 -0.00253828731 0.0441497639 0.00333370431 -0.00244893529 0.0443191566 0.00670669693 -0.00138902874 0.0420761965 0.0071497364 -0.00124981103 0.0418628417 0.00678694574 -0.0013638119 0.042057801 0.0071497364 -0.00124981103 0.0418628417 0.00708414288 -0.00127042271 0.0419146791 0.00678694574 -0.0013638119 0.042057801 0.00678694574 -0.0013638119 0.042057801 0.00708414288 -0.00127042271 0.0419146791 0.00686538685 -0.00133916305 0.0420322344 0.00708414288 -0.00127042271 0.0419146791 0.00701453816 -0.00129229471 0.041960407 0.00686538685 -0.00133916305 0.0420322344 0.00686538685 -0.00133916305 0.0420322344 0.00701453816 -0.00129229471 0.041960407 0.00694143912 -0.00131526496 0.0419996865 0.00694143912 -0.00131526496 0.044182308 0.00701453816 -0.00129229471 0.0442215912 0.00686538685 -0.00133916305 0.0441497639 0.00701453816 -0.00129229471 0.0442215912 0.00708414288 -0.00127042271 0.0442673191 0.00686538685 -0.00133916305 0.0441497639 0.00686538685 -0.00133916305 0.0441497639 0.00708414288 -0.00127042271 0.0442673191 0.0071497364 -0.00124981103 0.0443191566 0.00312540703 -0.00251438934 0.0419996865 0.00304935477 -0.00253828731 0.0420322344 0.00319850631 -0.00249141897 0.041960407 0.00304935477 -0.00253828731 0.0420322344 0.0032681108 -0.00246954709 0.0419146791 0.00319850631 -0.00249141897 0.041960407 0.00289066485 -0.00258815312 0.0420761965 0.0028092037 -0.00261375098 0.0420872904 0.00333370431 -0.00244893529 0.0418628417 0.0028092037 -0.00261375098 0.0420872904 0.00272713415 -0.00263954001 0.0420909971 0.00333370431 -0.00244893529 0.0418628417 0.00333370431 -0.00244893529 0.0418628417 0.00272713415 -0.00263954001 0.0420909971 0.00339480047 -0.00242973678 0.041805286 0.00272713415 -0.00263954001 0.0420909971 0.00265003461 -0.0026637672 0.0420909971 0.00339480047 -0.00242973678 0.041805286 0.00339480047 -0.00242973678 0.041805286 0.00265003461 -0.0026637672 0.0420909971 0.00256796484 -0.00268955622 0.0420872904 0.00217866222 -0.002811888 0.041960407 0.00210905774 -0.00283376011 0.0419146791 0.00339480047 -0.00242973678 0.041805286 0.00210905774 -0.00283376011 0.0419146791 0.00204346422 -0.00285437168 0.0418628417 0.00339480047 -0.00242973678 0.041805286 0.00339480047 -0.00242973678 0.041805286 0.00204346422 -0.00285437168 0.0418628417 0.00198236806 -0.00287357019 0.041805286 0.00982189272 -0.000410130364 0.0420624651 0.00973142684 -0.000438557996 0.0419381559 0.0110361548 -2.85690112e-05 0.0410909988 0.00973142684 -0.000438557996 0.0419381559 0.00963100977 -0.000470112253 0.0418225452 0.0110361548 -2.85690112e-05 0.0410909988 0.0110361548 -2.85690112e-05 0.0410909988 0.00963100977 -0.000470112253 0.0418225452 0.00952140056 -0.000504555122 0.0417165011 -0.00184295385 -0.0040756138 0.0410909988 0.00061991479 -0.00330169825 0.0412988923 0.000472155894 -0.0033481291 0.0413202681 0.00149273814 -0.00302742817 0.044728905 0.00444887485 -0.00209851144 0.0448843241 0.00135445246 -0.00307088206 0.0447875075 0.00444887485 -0.00209851144 0.0448843241 0.00459660031 -0.00205209129 0.0448909998 0.00135445246 -0.00307088206 0.0447875075 0.00135445246 -0.00307088206 0.0447875075 0.00459660031 -0.00205209129 0.0448909998 0.00121183693 -0.0031156966 0.0448333062 0.00149273814 -0.00302742817 0.044728905 0.00162565045 -0.00298566278 0.0446579456 0.00444887485 -0.00209851144 0.0448843241 0.00162565045 -0.00298566278 0.0446579456 0.0017521868 -0.00294590066 0.0445751622 0.00444887485 -0.00209851144 0.0448843241 0.00444887485 -0.00209851144 0.0448843241 0.0017521868 -0.00294590066 0.0445751622 0.0043022451 -0.00214458769 0.0448643565 0.0017521868 -0.00294590066 0.0445751622 0.00187139248 -0.0029084424 0.0444811806 0.0043022451 -0.00214458769 0.0448643565 0.0043022451 -0.00214458769 0.0448643565 0.00187139248 -0.0029084424 0.0444811806 0.00415779743 -0.00218997779 0.0448312387 0.00187139248 -0.0029084424 0.0444811806 0.00401660288 -0.00223434577 0.0447852202 0.00415779743 -0.00218997779 0.0448312387 0.00297091343 -0.00256293616 0.0441241972 0.00333370431 -0.00244893529 0.0443191566 0.00289066485 -0.00258815312 0.044105798 0.0032681108 -0.00246954709 0.0419146791 0.00304935477 -0.00253828731 0.0420322344 0.00333370431 -0.00244893529 0.0418628417 0.00304935477 -0.00253828731 0.0420322344 0.00297091343 -0.00256293616 0.042057801 0.00333370431 -0.00244893529 0.0418628417 0.00333370431 -0.00244893529 0.0418628417 0.00297091343 -0.00256293616 0.042057801 0.00289066485 -0.00258815312 0.0420761965 0.000472155894 -0.0033481291 0.0413202681 0.000326723908 -0.00339382864 0.0413550027 -0.00184295385 -0.0040756138 0.0410909988 0.000326723908 -0.00339382864 0.0413550027 0.000184716133 -0.00343845226 0.0414028317 -0.00184295385 -0.0040756138 0.0410909988 -0.00184295385 -0.0040756138 0.0410909988 0.000184716133 -0.00343845226 0.0414028317 4.72039865e-05 -0.00348166307 0.0414634012 0.00872104522 -0.000756053545 0.0448617302 0.00886647683 -0.000710354012 0.0448269956 0.0110361548 -2.85690112e-05 0.0450909995 0.00886647683 -0.000710354012 0.0448269956 0.00900848489 -0.000665730448 0.0447791629 0.0110361548 -2.85690112e-05 0.0450909995 0.0110361548 -2.85690112e-05 0.0450909995 0.00900848489 -0.000665730448 0.0447791629 0.00914599653 -0.000622519525 0.0447185971 0.00198236806 -0.00287357019 0.0443767123 0.00204346422 -0.00285437168 0.0443191566 0.00339480047 -0.00242973678 0.0443767123 0.00204346422 -0.00285437168 0.0443191566 0.00210905774 -0.00283376011 0.0442673191 0.00339480047 -0.00242973678 0.0443767123 0.00339480047 -0.00242973678 0.0443767123 0.00210905774 -0.00283376011 0.0442673191 0.00217866222 -0.002811888 0.0442215912 0.00256796484 -0.00268955622 0.0440947041 0.00339480047 -0.00242973678 0.0443767123 0.00248650368 -0.00271515385 0.044105798 0.00339480047 -0.00242973678 0.0443767123 0.00240625511 -0.00274037081 0.0441241972 0.00248650368 -0.00271515385 0.044105798 0.00312540703 -0.00251438934 0.044182308 0.00319850631 -0.00249141897 0.0442215912 0.00304935477 -0.00253828731 0.0441497639 0.00319850631 -0.00249141897 0.0442215912 0.0032681108 -0.00246954709 0.0442673191 0.00304935477 -0.00253828731 0.0441497639 0.00304935477 -0.00253828731 0.0441497639 0.0032681108 -0.00246954709 0.0442673191 0.00333370431 -0.00244893529 0.0443191566 4.72039865e-05 -0.00348166307 0.0414634012 -8.47750343e-05 -0.00352313532 0.0415362492 -0.00184295385 -0.0040756138 0.0410909988 -8.47750343e-05 -0.00352313532 0.0415362492 -0.00021022516 -0.00356255588 0.0416208319 -0.00184295385 -0.0040756138 0.0410909988 -0.00184295385 -0.0040756138 0.0410909988 -0.00021022516 -0.00356255588 0.0416208319 -0.00032819988 -0.00359962764 0.0417165011 -0.00032819988 -0.00359962764 0.0444654971 -0.00021022516 -0.00356255588 0.0445611663 -0.00184295385 -0.0040756138 0.0450909995 -0.00021022516 -0.00356255588 0.0445611663 -8.47750343e-05 -0.00352313532 0.0446457453 -0.00184295385 -0.0040756138 0.0450909995 -0.00184295385 -0.0040756138 0.0450909995 -8.47750343e-05 -0.00352313532 0.0446457453 4.72039865e-05 -0.00348166307 0.0447185971 0.00914599653 -0.000622519525 0.0447185971 0.00927797612 -0.000581047323 0.0446457453 0.0110361548 -2.85690112e-05 0.0450909995 0.00927797612 -0.000581047323 0.0446457453 0.0094034262 -0.000541626709 0.0445611663 0.0110361548 -2.85690112e-05 0.0450909995 0.0110361548 -2.85690112e-05 0.0450909995 0.0094034262 -0.000541626709 0.0445611663 0.00952140056 -0.000504555122 0.0444654971 0.0100718373 -0.000331589661 0.0435549021 0.0101039838 -0.000321488187 0.0434022248 0.0115131587 0.000121321529 0.0445909984 0.0101039838 -0.000321488187 0.0434022248 0.0101233684 -0.000315396668 0.0432472005 0.0115131587 0.000121321529 0.0445909984 0.0115131587 0.000121321529 0.0445909984 0.0101233684 -0.000315396668 0.0432472005 0.0101298466 -0.00031336103 0.0430909991 0.00217866222 -0.002811888 0.0442215912 0.00225176173 -0.00278891763 0.044182308 0.00339480047 -0.00242973678 0.0443767123 0.00225176173 -0.00278891763 0.044182308 0.00232781377 -0.00276501966 0.0441497639 0.00339480047 -0.00242973678 0.0443767123 0.00339480047 -0.00242973678 0.0443767123 0.00232781377 -0.00276501966 0.0441497639 0.00240625511 -0.00274037081 0.0441241972 0.00256796484 -0.00268955622 0.0440947041 0.00265003461 -0.0026637672 0.0440909974 0.00339480047 -0.00242973678 0.0443767123 0.00265003461 -0.0026637672 0.0440909974 0.00272713415 -0.00263954001 0.0440909974 0.00339480047 -0.00242973678 0.0443767123 0.00339480047 -0.00242973678 0.0443767123 0.00272713415 -0.00263954001 0.0440909974 0.00333370431 -0.00244893529 0.0443191566 0.00272713415 -0.00263954001 0.0440909974 0.0028092037 -0.00261375098 0.0440947041 0.00333370431 -0.00244893529 0.0443191566 0.00333370431 -0.00244893529 0.0443191566 0.0028092037 -0.00261375098 0.0440947041 0.00289066485 -0.00258815312 0.044105798 0.0114015611 8.62538072e-05 0.0412696041 0.0114268931 9.42141342e-05 0.0413042121 0.00990172662 -0.000385043881 0.0421945378 0.0114268931 9.42141342e-05 0.0413042121 0.0114492523 0.00010124001 0.0413409993 0.00990172662 -0.000385043881 0.0421945378 0.0114492523 0.00010124001 0.0413409993 0.0114684673 0.000107277956 0.0413796902 0.00990172662 -0.000385043881 0.0421945378 0.0114684673 0.000107277956 0.0413796902 0.011484392 0.000112282025 0.0414199904 0.00990172662 -0.000385043881 0.0421945378 0.00990172662 -0.000385043881 0.0421945378 0.011484392 0.000112282025 0.0414199904 0.0114969052 0.000116214134 0.0414615907 0.0111992992 2.26965749e-05 0.0411211513 0.0112377452 3.47774694e-05 0.0411378443 0.00990172662 -0.000385043881 0.0421945378 0.0112377452 3.47774694e-05 0.0411378443 0.0112746563 4.63762626e-05 0.041157987 0.00990172662 -0.000385043881 0.0421945378 0.00990172662 -0.000385043881 0.0421945378 0.0112746563 4.63762626e-05 0.041157987 0.0113097532 5.74046717e-05 0.0411814228 0.0113097532 5.74046717e-05 0.0411814228 0.0113427667 6.77787757e-05 0.0412079766 0.00990172662 -0.000385043881 0.0421945378 0.0113427667 6.77787757e-05 0.0412079766 0.0113734473 7.74196087e-05 0.0412374437 0.00990172662 -0.000385043881 0.0421945378 0.00990172662 -0.000385043881 0.0421945378 0.0113734473 7.74196087e-05 0.0412374437 0.0114015611 8.62538072e-05 0.0412696041 0.00121183693 -0.0031156966 0.0413486883 0.0010659676 -0.00316153374 0.0413160324 0.00459660031 -0.00205209129 0.0412909985 0.0010659676 -0.00316153374 0.0413160324 0.000917944941 -0.00320804724 0.0412967689 0.00459660031 -0.00205209129 0.0412909985 0.00459660031 -0.00205209129 0.0412909985 0.000917944941 -0.00320804724 0.0412967689 -0.00184295385 -0.0040756138 0.0410909988 0.000917944941 -0.00320804724 0.0412967689 0.000768885773 -0.00325488672 0.0412910394 -0.00184295385 -0.0040756138 0.0410909988 -0.00184295385 -0.0040756138 0.0410909988 0.000768885773 -0.00325488672 0.0412910394 0.00061991479 -0.00330169825 0.0412988923 4.72039865e-05 -0.00348166307 0.0447185971 0.000184716133 -0.00343845226 0.0447791629 -0.00184295385 -0.0040756138 0.0450909995 0.000184716133 -0.00343845226 0.0447791629 0.000326723908 -0.00339382864 0.0448269956 -0.00184295385 -0.0040756138 0.0450909995 -0.00184295385 -0.0040756138 0.0450909995 0.000326723908 -0.00339382864 0.0448269956 0.000472155894 -0.0033481291 0.0448617302 0.000472155894 -0.0033481291 0.0448617302 0.00061991479 -0.00330169825 0.0448831059 -0.00184295385 -0.0040756138 0.0450909995 0.00061991479 -0.00330169825 0.0448831059 0.000768885773 -0.00325488672 0.0448909588 -0.00184295385 -0.0040756138 0.0450909995 -0.00184295385 -0.0040756138 0.0450909995 0.000768885773 -0.00325488672 0.0448909588 0.0110361548 -2.85690112e-05 0.0450909995 0.000768885773 -0.00325488672 0.0448909588 0.000917944941 -0.00320804724 0.0448852293 0.0110361548 -2.85690112e-05 0.0450909995 0.0110361548 -2.85690112e-05 0.0450909995 0.000917944941 -0.00320804724 0.0448852293 0.00459660031 -0.00205209129 0.0448909998 0.000917944941 -0.00320804724 0.0448852293 0.0010659676 -0.00316153374 0.0448659658 0.00459660031 -0.00205209129 0.0448909998 0.00459660031 -0.00205209129 0.0448909998 0.0010659676 -0.00316153374 0.0448659658 0.00121183693 -0.0031156966 0.0448333062 0.00812723301 -0.000942648971 0.0448659658 0.00827525556 -0.000896135345 0.0448852293 0.00459660031 -0.00205209129 0.0448909998 0.00827525556 -0.000896135345 0.0448852293 0.00842431467 -0.00084929599 0.0448909588 0.00459660031 -0.00205209129 0.0448909998 0.00459660031 -0.00205209129 0.0448909998 0.00842431467 -0.00084929599 0.0448909588 0.0110361548 -2.85690112e-05 0.0450909995 0.00842431467 -0.00084929599 0.0448909588 0.00857328624 -0.000802484341 0.0448831059 0.0110361548 -2.85690112e-05 0.0450909995 0.0110361548 -2.85690112e-05 0.0450909995 0.00857328624 -0.000802484341 0.0448831059 0.00872104522 -0.000756053545 0.0448617302 0.0110361548 -2.85690112e-05 0.0410909988 0.0110777281 -1.55051894e-05 0.0410929024 0.00982189272 -0.000410130364 0.0420624651 0.0110777281 -1.55051894e-05 0.0410929024 0.0111189857 -2.54079077e-06 0.0410985947 0.00982189272 -0.000410130364 0.0420624651 0.00982189272 -0.000410130364 0.0420624651 0.0111189857 -2.54079077e-06 0.0410985947 0.00990172662 -0.000385043881 0.0421945378 0.0111189857 -2.54079077e-06 0.0410985947 0.0111596119 1.02255162e-05 0.0411080346 0.00990172662 -0.000385043881 0.0421945378 0.00990172662 -0.000385043881 0.0421945378 0.0111596119 1.02255162e-05 0.0411080346 0.0111992992 2.26965749e-05 0.0411211513 0.00827525556 -0.000896135345 0.0412967689 0.00812723301 -0.000942648971 0.0413160324 -0.00184295385 -0.0040756138 0.0410909988 0.00812723301 -0.000942648971 0.0413160324 0.00798136368 -0.00098848599 0.0413486883 -0.00184295385 -0.0040756138 0.0410909988 -0.00184295385 -0.0040756138 0.0410909988 0.00798136368 -0.00098848599 0.0413486883 0.00459660031 -0.00205209129 0.0412909985 0.00798136368 -0.00098848599 0.0413486883 0.0078387484 -0.00103330053 0.0413944907 0.00459660031 -0.00205209129 0.0412909985 0.00459660031 -0.00205209129 0.0412909985 0.0078387484 -0.00103330053 0.0413944907 0.00474432576 -0.00200567115 0.0412976705 0.0078387484 -0.00103330053 0.0413944907 0.00770046236 -0.00107675453 0.0414530933 0.00474432576 -0.00200567115 0.0412976705 0.00474432576 -0.00200567115 0.0412976705 0.00770046236 -0.00107675453 0.0414530933 0.00756755006 -0.00111851993 0.0415240526 0.0100718373 -0.000331589661 0.0426270962 0.010027172 -0.000345624838 0.0424779207 0.0115131587 0.000121321529 0.0415909998 0.010027172 -0.000345624838 0.0424779207 0.00997032598 -0.000363487838 0.0423333719 0.0115131587 0.000121321529 0.0415909998 0.0115131587 0.000121321529 0.0415909998 0.00997032598 -0.000363487838 0.0423333719 0.0115113435 0.000120751152 0.0415474214 0.00997032598 -0.000363487838 0.0423333719 0.00990172662 -0.000385043881 0.0421945378 0.0115113435 0.000120751152 0.0415474214 0.0115113435 0.000120751152 0.0415474214 0.00990172662 -0.000385043881 0.0421945378 0.0115059121 0.000119044358 0.0415041745 0.00990172662 -0.000385043881 0.0421945378 0.0114969052 0.000116214134 0.0414615907 0.0115059121 0.000119044358 0.0415041745 0.00952140056 -0.000504555122 0.0444654971 0.00963100977 -0.000470112253 0.044359453 0.0110361548 -2.85690112e-05 0.0450909995 0.00963100977 -0.000470112253 0.044359453 0.00973142684 -0.000438557996 0.0442438424 0.0110361548 -2.85690112e-05 0.0450909995 0.0110361548 -2.85690112e-05 0.0450909995 0.00973142684 -0.000438557996 0.0442438424 0.0110777281 -1.55051894e-05 0.0450890958 0.00973142684 -0.000438557996 0.0442438424 0.00982189272 -0.000410130364 0.0441195332 0.0110777281 -1.55051894e-05 0.0450890958 0.0110777281 -1.55051894e-05 0.0450890958 0.00982189272 -0.000410130364 0.0441195332 0.0111189857 -2.54079077e-06 0.0450834036 0.0115059121 0.000119044358 0.0446778238 0.0114969052 0.000116214134 0.0447204076 0.00990172662 -0.000385043881 0.0439874604 -0.000833971542 -0.00375855784 0.0424779207 -0.000878636376 -0.0037725931 0.0426270962 -0.00231995783 -0.00422550412 0.0415909998 -0.000878636376 -0.0037725931 0.0426270962 -0.000910782779 -0.00378269446 0.0427797735 -0.00231995783 -0.00422550412 0.0415909998 -0.00220836001 -0.00419043656 0.0449123941 -0.00223369268 -0.00419839658 0.0448777862 -0.00070852635 -0.00371913868 0.0439874604 -0.00223369268 -0.00419839658 0.0448777862 -0.0022560514 -0.00420542248 0.0448409989 -0.00070852635 -0.00371913868 0.0439874604 0.0111189857 -2.54079077e-06 0.0450834036 0.00982189272 -0.000410130364 0.0441195332 0.0111596119 1.02255162e-05 0.04507396 0.00982189272 -0.000410130364 0.0441195332 0.00990172662 -0.000385043881 0.0439874604 0.0111596119 1.02255162e-05 0.04507396 0.0111596119 1.02255162e-05 0.04507396 0.00990172662 -0.000385043881 0.0439874604 0.0111992992 2.26965749e-05 0.0450608432 -0.000910782779 -0.00378269446 0.0427797735 -0.000930168142 -0.00378878601 0.0429347977 -0.00231995783 -0.00422550412 0.0415909998 -0.000930168142 -0.00378878601 0.0429347977 -0.000936646189 -0.00379082165 0.0430909991 -0.00231995783 -0.00422550412 0.0415909998 -0.00231995783 -0.00422550412 0.0415909998 -0.000936646189 -0.00379082165 0.0430909991 -0.00231995783 -0.00422550412 0.0445909984 -0.000936646189 -0.00379082165 0.0430909991 -0.000930168142 -0.00378878601 0.0432472005 -0.00231995783 -0.00422550412 0.0445909984 -0.000930168142 -0.00378878601 0.0432472005 -0.000910782779 -0.00378269446 0.0434022248 -0.00231995783 -0.00422550412 0.0445909984 -0.00231995783 -0.00422550412 0.0445909984 -0.000910782779 -0.00378269446 0.0434022248 -0.000878636376 -0.0037725931 0.0435549021 -0.0022560514 -0.00420542248 0.0448409989 -0.00227526622 -0.00421146071 0.0448023081 -0.00070852635 -0.00371913868 0.0439874604 -0.00227526622 -0.00421146071 0.0448023081 -0.0022911909 -0.0042164647 0.0447620079 -0.00070852635 -0.00371913868 0.0439874604 -0.00070852635 -0.00371913868 0.0439874604 -0.0022911909 -0.0042164647 0.0447620079 -0.00230370439 -0.00422039675 0.0447204076 -0.000878636376 -0.0037725931 0.0435549021 -0.000833971542 -0.00375855784 0.0437040776 -0.00231995783 -0.00422550412 0.0445909984 -0.000833971542 -0.00375855784 0.0437040776 -0.000777125242 -0.00374069484 0.0438486263 -0.00231995783 -0.00422550412 0.0445909984 -0.00231995783 -0.00422550412 0.0445909984 -0.000777125242 -0.00374069484 0.0438486263 -0.00231814268 -0.00422493368 0.0446345769 -0.000777125242 -0.00374069484 0.0438486263 -0.00070852635 -0.00371913868 0.0439874604 -0.00231814268 -0.00422493368 0.0446345769 -0.00231814268 -0.00422493368 0.0446345769 -0.00070852635 -0.00371913868 0.0439874604 -0.00231271097 -0.00422322704 0.0446778238 -0.00070852635 -0.00371913868 0.0439874604 -0.00230370439 -0.00422039675 0.0447204076 -0.00231271097 -0.00422322704 0.0446778238 -0.000628692447 -0.00369405234 0.0441195332 -0.00053822581 -0.00366562465 0.0442438424 -0.00184295385 -0.0040756138 0.0450909995 -0.00053822581 -0.00366562465 0.0442438424 -0.000437809096 -0.00363407051 0.044359453 -0.00184295385 -0.0040756138 0.0450909995 -0.00184295385 -0.0040756138 0.0450909995 -0.000437809096 -0.00363407051 0.044359453 -0.00032819988 -0.00359962764 0.0444654971 0.0113097532 5.74046717e-05 0.0450005755 0.0112746563 4.63762626e-05 0.0450240113 0.00990172662 -0.000385043881 0.0439874604 0.0112746563 4.63762626e-05 0.0450240113 0.0112377452 3.47774694e-05 0.0450441539 0.00990172662 -0.000385043881 0.0439874604 0.00990172662 -0.000385043881 0.0439874604 0.0112377452 3.47774694e-05 0.0450441539 0.0111992992 2.26965749e-05 0.0450608432 0.0115059121 0.000119044358 0.0446778238 0.00990172662 -0.000385043881 0.0439874604 0.0115113435 0.000120751152 0.0446345769 0.00990172662 -0.000385043881 0.0439874604 0.00997032598 -0.000363487838 0.0438486263 0.0115113435 0.000120751152 0.0446345769 0.0115113435 0.000120751152 0.0446345769 0.00997032598 -0.000363487838 0.0438486263 0.0115131587 0.000121321529 0.0445909984 0.00997032598 -0.000363487838 0.0438486263 0.010027172 -0.000345624838 0.0437040776 0.0115131587 0.000121321529 0.0445909984 0.0115131587 0.000121321529 0.0445909984 0.010027172 -0.000345624838 0.0437040776 0.0100718373 -0.000331589661 0.0435549021 0.0114015611 8.62538072e-05 0.0449123941 0.00990172662 -0.000385043881 0.0439874604 0.0114268931 9.42141342e-05 0.0448777862 0.00990172662 -0.000385043881 0.0439874604 0.0114492523 0.00010124001 0.0448409989 0.0114268931 9.42141342e-05 0.0448777862 -0.00032819988 -0.00359962764 0.0417165011 -0.000437809096 -0.00363407051 0.0418225452 -0.00184295385 -0.0040756138 0.0410909988 -0.000437809096 -0.00363407051 0.0418225452 -0.00053822581 -0.00366562465 0.0419381559 -0.00184295385 -0.0040756138 0.0410909988 -0.00184295385 -0.0040756138 0.0410909988 -0.00053822581 -0.00366562465 0.0419381559 -0.00188452739 -0.00408867747 0.0410929024 -0.00053822581 -0.00366562465 0.0419381559 -0.000628692447 -0.00369405234 0.0420624651 -0.00188452739 -0.00408867747 0.0410929024 0.0114015611 8.62538072e-05 0.0449123941 0.0113734473 7.74196087e-05 0.0449445508 0.00990172662 -0.000385043881 0.0439874604 0.0113734473 7.74196087e-05 0.0449445508 0.0113427667 6.77787757e-05 0.0449740216 0.00990172662 -0.000385043881 0.0439874604 0.00990172662 -0.000385043881 0.0439874604 0.0113427667 6.77787757e-05 0.0449740216 0.0113097532 5.74046717e-05 0.0450005755 0.0114969052 0.000116214134 0.0447204076 0.011484392 0.000112282025 0.0447620079 0.00990172662 -0.000385043881 0.0439874604 0.011484392 0.000112282025 0.0447620079 0.0114684673 0.000107277956 0.0448023081 0.00990172662 -0.000385043881 0.0439874604 0.00990172662 -0.000385043881 0.0439874604 0.0114684673 0.000107277956 0.0448023081 0.0114492523 0.00010124001 0.0448409989 -0.000833971542 -0.00375855784 0.0424779207 -0.00231995783 -0.00422550412 0.0415909998 -0.000777125242 -0.00374069484 0.0423333719 -0.00231995783 -0.00422550412 0.0415909998 -0.00231814268 -0.00422493368 0.0415474214 -0.000777125242 -0.00374069484 0.0423333719 -0.000777125242 -0.00374069484 0.0423333719 -0.00231814268 -0.00422493368 0.0415474214 -0.00231271097 -0.00422322704 0.0415041745 -0.00070852635 -0.00371913868 0.0421945378 -0.00218024664 -0.0041816025 0.0412374437 -0.00214956608 -0.00417196145 0.0412079766 -0.00231271097 -0.00422322704 0.0415041745 -0.00230370439 -0.00422039675 0.0414615907 -0.000777125242 -0.00374069484 0.0423333719 -0.00230370439 -0.00422039675 0.0414615907 -0.0022911909 -0.0042164647 0.0414199904 -0.000777125242 -0.00374069484 0.0423333719 -0.000777125242 -0.00374069484 0.0423333719 -0.0022911909 -0.0042164647 0.0414199904 -0.00227526622 -0.00421146071 0.0413796902 -0.00184295385 -0.0040756138 0.0450909995 -0.00188452739 -0.00408867747 0.0450890958 -0.000628692447 -0.00369405234 0.0441195332 -0.00188452739 -0.00408867747 0.0450890958 -0.00192578463 -0.00410164194 0.0450834036 -0.000628692447 -0.00369405234 0.0441195332 -0.000628692447 -0.00369405234 0.0441195332 -0.00192578463 -0.00410164194 0.0450834036 -0.00070852635 -0.00371913868 0.0439874604 -0.00192578463 -0.00410164194 0.0450834036 -0.00196641148 -0.00411440805 0.04507396 -0.00070852635 -0.00371913868 0.0439874604 -0.00070852635 -0.00371913868 0.0439874604 -0.00196641148 -0.00411440805 0.04507396 -0.00200609886 -0.00412687939 0.0450608432 -0.00200609886 -0.00412687939 0.0450608432 -0.00204454432 -0.00413896004 0.0450441539 -0.00070852635 -0.00371913868 0.0439874604 -0.00204454432 -0.00413896004 0.0450441539 -0.0020814559 -0.00415055873 0.0450240113 -0.00070852635 -0.00371913868 0.0439874604 -0.00070852635 -0.00371913868 0.0439874604 -0.0020814559 -0.00415055873 0.0450240113 -0.00211655209 -0.00416158745 0.0450005755 -0.00211655209 -0.00416158745 0.0450005755 -0.00214956608 -0.00417196145 0.0449740216 -0.00070852635 -0.00371913868 0.0439874604 -0.00214956608 -0.00417196145 0.0449740216 -0.00218024664 -0.0041816025 0.0449445508 -0.00070852635 -0.00371913868 0.0439874604 -0.00070852635 -0.00371913868 0.0439874604 -0.00218024664 -0.0041816025 0.0449445508 -0.00220836001 -0.00419043656 0.0449123941 -0.00214956608 -0.00417196145 0.0412079766 -0.00211655209 -0.00416158745 0.0411814228 -0.00070852635 -0.00371913868 0.0421945378 -0.00211655209 -0.00416158745 0.0411814228 -0.0020814559 -0.00415055873 0.041157987 -0.00070852635 -0.00371913868 0.0421945378 -0.00070852635 -0.00371913868 0.0421945378 -0.0020814559 -0.00415055873 0.041157987 -0.00204454432 -0.00413896004 0.0411378443 -0.00204454432 -0.00413896004 0.0411378443 -0.00200609886 -0.00412687939 0.0411211513 -0.00070852635 -0.00371913868 0.0421945378 -0.00200609886 -0.00412687939 0.0411211513 -0.00196641148 -0.00411440805 0.0411080346 -0.00070852635 -0.00371913868 0.0421945378 -0.00070852635 -0.00371913868 0.0421945378 -0.00196641148 -0.00411440805 0.0411080346 -0.000628692447 -0.00369405234 0.0420624651 -0.00196641148 -0.00411440805 0.0411080346 -0.00192578463 -0.00410164194 0.0410985947 -0.000628692447 -0.00369405234 0.0420624651 -0.000628692447 -0.00369405234 0.0420624651 -0.00192578463 -0.00410164194 0.0410985947 -0.00188452739 -0.00408867747 0.0410929024 -0.00227526622 -0.00421146071 0.0413796902 -0.0022560514 -0.00420542248 0.0413409993 -0.000777125242 -0.00374069484 0.0423333719 -0.0022560514 -0.00420542248 0.0413409993 -0.00223369268 -0.00419839658 0.0413042121 -0.000777125242 -0.00374069484 0.0423333719 -0.000777125242 -0.00374069484 0.0423333719 -0.00223369268 -0.00419839658 0.0413042121 -0.00070852635 -0.00371913868 0.0421945378 -0.00223369268 -0.00419839658 0.0413042121 -0.00220836001 -0.00419043656 0.0412696041 -0.00070852635 -0.00371913868 0.0421945378 -0.00070852635 -0.00371913868 0.0421945378 -0.00220836001 -0.00419043656 0.0412696041 -0.00218024664 -0.0041816025 0.0412374437 0.00714272819 -0.00334843155 0.0440909974 0.006543166 -0.00144041551 0.0440909974 0.00706562866 -0.00337265874 0.0440909974 0.006543166 -0.00144041551 0.0440909974 0.00646606646 -0.00146464282 0.0440909974 0.00706562866 -0.00337265874 0.0440909974 0.00781039475 -0.00313862856 0.0443767123 0.00721083255 -0.00123061251 0.0443767123 0.00774929859 -0.00315782707 0.0443191566 0.00721083255 -0.00123061251 0.0443767123 0.0071497364 -0.00124981103 0.0443191566 0.00774929859 -0.00315782707 0.0443191566 0.00774929859 -0.00315782707 0.0443191566 0.0071497364 -0.00124981103 0.0443191566 0.00768370507 -0.00317843864 0.0442673191 0.0071497364 -0.00124981103 0.0443191566 0.00708414288 -0.00127042271 0.0442673191 0.00768370507 -0.00317843864 0.0442673191 0.00768370507 -0.00317843864 0.0442673191 0.00708414288 -0.00127042271 0.0442673191 0.00761410035 -0.00320031075 0.0442215912 0.00708414288 -0.00127042271 0.0442673191 0.00701453816 -0.00129229471 0.0442215912 0.00761410035 -0.00320031075 0.0442215912 0.00761410035 -0.00320031075 0.0442215912 0.00701453816 -0.00129229471 0.0442215912 0.00754100131 -0.00322328089 0.044182308 0.00701453816 -0.00129229471 0.0442215912 0.00694143912 -0.00131526496 0.044182308 0.00754100131 -0.00322328089 0.044182308 0.00754100131 -0.00322328089 0.044182308 0.00694143912 -0.00131526496 0.044182308 0.00746494904 -0.00324717909 0.0441497639 0.00694143912 -0.00131526496 0.044182308 0.00686538685 -0.00133916305 0.0441497639 0.00746494904 -0.00324717909 0.0441497639 0.00746494904 -0.00324717909 0.0441497639 0.00686538685 -0.00133916305 0.0441497639 0.00738650793 -0.00327182794 0.0441241972 0.00686538685 -0.00133916305 0.0441497639 0.00678694574 -0.0013638119 0.0441241972 0.00738650793 -0.00327182794 0.0441241972 0.00738650793 -0.00327182794 0.0441241972 0.00678694574 -0.0013638119 0.0441241972 0.00730625913 -0.00329704466 0.044105798 0.00678694574 -0.0013638119 0.0441241972 0.00670669693 -0.00138902874 0.044105798 0.00730625913 -0.00329704466 0.044105798 0.00730625913 -0.00329704466 0.044105798 0.00670669693 -0.00138902874 0.044105798 0.00722479774 -0.00332264253 0.0440947041 0.00670669693 -0.00138902874 0.044105798 0.00662523555 -0.00141462649 0.0440947041 0.00722479774 -0.00332264253 0.0440947041 0.00722479774 -0.00332264253 0.0440947041 0.00662523555 -0.00141462649 0.0440947041 0.00714272819 -0.00334843155 0.0440909974 0.00662523555 -0.00141462649 0.0440947041 0.006543166 -0.00144041551 0.0440909974 0.00714272819 -0.00334843155 0.0440909974 0.00620520813 -0.0036430317 0.0423351601 0.00613922579 -0.0036637655 0.042246718 0.00652465224 -0.00354265166 0.0419146791 0.00839772169 -0.00295407092 0.041961778 0.00642991392 -0.00357242161 0.042958498 0.00849296805 -0.00292414124 0.0419104137 0.00642991392 -0.00357242161 0.042958498 0.00641440554 -0.00357729499 0.0428474024 0.00849296805 -0.00292414124 0.0419104137 0.00641440554 -0.00357729499 0.0428474024 0.00638980931 -0.00358502381 0.0427381247 0.00849296805 -0.00292414124 0.0419104137 0.00638980931 -0.00358502381 0.0427381247 0.0063563101 -0.00359555031 0.0426314808 0.00849296805 -0.00292414124 0.0419104137 0.00849296805 -0.00292414124 0.0419104137 0.0063563101 -0.00359555031 0.0426314808 0.00859208871 -0.00289299432 0.0418678522 0.00626366353 -0.00362466299 0.042429246 0.00682184938 -0.00344926235 0.042057801 0.00631415658 -0.00360879651 0.0425282642 0.00682184938 -0.00344926235 0.042057801 0.00690209819 -0.00342404563 0.0420761965 0.00631415658 -0.00360879651 0.0425282642 0.00631415658 -0.00360879651 0.0425282642 0.00690209819 -0.00342404563 0.0420761965 0.00698355911 -0.00339844776 0.0420872904 0.00652465224 -0.00354265166 0.0419146791 0.0065942565 -0.00352077978 0.041960407 0.00620520813 -0.0036430317 0.0423351601 0.0065942565 -0.00352077978 0.041960407 0.00666735601 -0.0034978094 0.0419996865 0.00620520813 -0.0036430317 0.0423351601 0.00620520813 -0.0036430317 0.0423351601 0.00666735601 -0.0034978094 0.0419996865 0.00626366353 -0.00362466299 0.042429246 0.00666735601 -0.0034978094 0.0419996865 0.00674340827 -0.0034739112 0.0420322344 0.00626366353 -0.00362466299 0.042429246 0.00626366353 -0.00362466299 0.042429246 0.00674340827 -0.0034739112 0.0420322344 0.00682184938 -0.00344926235 0.042057801 0.00262018782 -0.00476956461 0.0430705808 0.00458168937 -0.0041531953 0.041961778 0.00262034079 -0.00476951618 0.0430909991 0.00458168937 -0.0041531953 0.041961778 0.00449102605 -0.00418168446 0.0420215651 0.00262034079 -0.00476951618 0.0430909991 0.00262034079 -0.00476951618 0.0430909991 0.00449102605 -0.00418168446 0.0420215651 0.00440562284 -0.00420852145 0.0420893319 0.00262018782 -0.00476956461 0.0430705808 0.00261388207 -0.004771546 0.042958498 0.00458168937 -0.0041531953 0.041961778 0.00261388207 -0.004771546 0.042958498 0.00259837322 -0.00477641914 0.0428474024 0.00458168937 -0.0041531953 0.041961778 0.00458168937 -0.0041531953 0.041961778 0.00259837322 -0.00477641914 0.0428474024 0.00467693619 -0.00412326539 0.0419104137 0.00477605639 -0.0040921187 0.0418678522 0.00461616507 -0.00414236169 0.0413967781 0.00487830956 -0.00405998714 0.0418344177 0.00461616507 -0.00414236169 0.0413967781 0.00475735962 -0.00409799395 0.0413507558 0.00487830956 -0.00405998714 0.0418344177 0.00487830956 -0.00405998714 0.0418344177 0.00475735962 -0.00409799395 0.0413507558 0.00498293433 -0.00402711099 0.0418103561 0.00475735962 -0.00409799395 0.0413507558 0.00490180729 -0.00405260362 0.0413176417 0.00498293433 -0.00402711099 0.0418103561 0.00498293433 -0.00402711099 0.0418103561 0.00490180729 -0.00405260362 0.0413176417 0.00508914934 -0.00399373472 0.0417958461 0.00490180729 -0.00405260362 0.0413176417 0.00504843704 -0.00400652736 0.0412976705 0.00508914934 -0.00399373472 0.0417958461 0.00508914934 -0.00399373472 0.0417958461 0.00504843704 -0.00400652736 0.0412976705 0.0051961625 -0.00396010745 0.0417909995 0.00504843704 -0.00400652736 0.0412976705 0.0051961625 -0.00396010745 0.0412909985 0.0051961625 -0.00396010745 0.0417909995 0.0051961625 -0.00396010745 0.0417909995 0.0051961625 -0.00396010745 0.0412909985 0.00530317565 -0.00392648019 0.0417958461 0.0051961625 -0.00396010745 0.0412909985 0.00534388795 -0.00391368708 0.0412976705 0.00530317565 -0.00392648019 0.0417958461 0.00530317565 -0.00392648019 0.0417958461 0.00534388795 -0.00391368708 0.0412976705 0.00540939067 -0.00389310392 0.0418103561 0.00534388795 -0.00391368708 0.0412976705 0.00549051771 -0.00386761106 0.0413176417 0.00540939067 -0.00389310392 0.0418103561 0.00540939067 -0.00389310392 0.0418103561 0.00549051771 -0.00386761106 0.0413176417 0.00551401544 -0.00386022753 0.0418344177 0.00549051771 -0.00386761106 0.0413176417 0.00563496538 -0.00382222096 0.0413507558 0.00551401544 -0.00386022753 0.0418344177 0.00551401544 -0.00386022753 0.0418344177 0.00563496538 -0.00382222096 0.0413507558 0.00561626861 -0.00382809597 0.0418678522 0.00563496538 -0.00382222096 0.0413507558 0.00577615993 -0.00377785298 0.0413967781 0.00561626861 -0.00382809597 0.0418678522 0.00561626861 -0.00382809597 0.0418678522 0.00577615993 -0.00377785298 0.0413967781 0.0057153888 -0.00379694928 0.0419104137 0.00577615993 -0.00377785298 0.0413967781 0.00591305364 -0.00373483635 0.0414553583 0.0057153888 -0.00379694928 0.0419104137 0.0057153888 -0.00379694928 0.0419104137 0.00591305364 -0.00373483635 0.0414553583 0.00581063563 -0.0037670196 0.041961778 0.00591305364 -0.00373483635 0.0414553583 0.00604463276 -0.00369348982 0.041526068 0.00581063563 -0.0037670196 0.041961778 0.00581063563 -0.0037670196 0.041961778 0.00604463276 -0.00369348982 0.041526068 0.00590129895 -0.00373852998 0.0420215651 0.00604463276 -0.00369348982 0.041526068 0.00616992079 -0.00365412026 0.0416083783 0.00590129895 -0.00373852998 0.0420215651 0.00590129895 -0.00373852998 0.0420215651 0.00616992079 -0.00365412026 0.0416083783 0.00598670216 -0.00371169345 0.0420893319 0.00616992079 -0.00365412026 0.0416083783 0.00628798874 -0.00361701916 0.0417016819 0.00598670216 -0.00371169345 0.0420893319 0.00598670216 -0.00371169345 0.0420893319 0.00628798874 -0.00361701916 0.0417016819 0.00606620917 -0.0036867098 0.0421645679 0.00628798874 -0.00361701916 0.0417016819 0.0063979621 -0.00358246197 0.041805286 0.00606620917 -0.0036867098 0.0421645679 0.00606620917 -0.0036867098 0.0421645679 0.0063979621 -0.00358246197 0.041805286 0.00613922579 -0.0036637655 0.042246718 0.0063979621 -0.00358246197 0.041805286 0.00645905873 -0.00356326345 0.0418628417 0.00613922579 -0.0036637655 0.042246718 0.00613922579 -0.0036637655 0.042246718 0.00645905873 -0.00356326345 0.0418628417 0.00652465224 -0.00354265166 0.0419146791 0.000140072996 -0.00554889906 0.0430705808 -0.000337084028 -0.00569883781 0.0430909991 0.000146378836 -0.00554691767 0.042958498 -0.000337084028 -0.00569883781 0.0430909991 -0.000330605952 -0.00569680193 0.0429347977 0.000146378836 -0.00554691767 0.042958498 0.000146378836 -0.00554691767 0.042958498 -0.000330605952 -0.00569680193 0.0429347977 0.000161887525 -0.00554204406 0.0428474024 -0.000330605952 -0.00569680193 0.0429347977 -0.000311220589 -0.00569071062 0.0427797735 0.000161887525 -0.00554204406 0.0428474024 0.000161887525 -0.00554204406 0.0428474024 -0.000311220589 -0.00569071062 0.0427797735 0.000186483405 -0.00553431548 0.0427381247 -0.000311220589 -0.00569071062 0.0427797735 -0.000279074244 -0.00568060903 0.0426270962 0.000186483405 -0.00553431548 0.0427381247 0.000186483405 -0.00553431548 0.0427381247 -0.000279074244 -0.00568060903 0.0426270962 0.000219982976 -0.00552378874 0.0426314808 -0.000279074244 -0.00568060903 0.0426270962 -0.000234409395 -0.005666574 0.0424779207 0.000219982976 -0.00552378874 0.0426314808 0.000219982976 -0.00552378874 0.0426314808 -0.000234409395 -0.005666574 0.0424779207 0.000262136396 -0.00551054254 0.0425282642 -0.000234409395 -0.005666574 0.0424779207 -0.000177563081 -0.00564871076 0.0423333719 0.000262136396 -0.00551054254 0.0425282642 0.000262136396 -0.00551054254 0.0425282642 -0.000177563081 -0.00564871076 0.0423333719 0.000312629185 -0.00549467606 0.042429246 -0.000177563081 -0.00564871076 0.0423333719 -0.000108964174 -0.00562715484 0.0421945378 0.000312629185 -0.00549467606 0.042429246 0.000312629185 -0.00549467606 0.042429246 -0.000108964174 -0.00562715484 0.0421945378 0.000371084723 -0.00547630759 0.0423351601 -0.000108964174 -0.00562715484 0.0421945378 -2.91302495e-05 -0.00560206827 0.0420624651 0.000371084723 -0.00547630759 0.0423351601 0.000371084723 -0.00547630759 0.0423351601 -2.91302495e-05 -0.00560206827 0.0420624651 0.000437067007 -0.00545557356 0.042246718 -2.91302495e-05 -0.00560206827 0.0420624651 6.13363518e-05 -0.00557364058 0.0419381559 0.000437067007 -0.00545557356 0.042246718 0.000437067007 -0.00545557356 0.042246718 6.13363518e-05 -0.00557364058 0.0419381559 0.000510083803 -0.00543262949 0.0421645679 6.13363518e-05 -0.00557364058 0.0419381559 0.00016175308 -0.00554208644 0.0418225452 0.000510083803 -0.00543262949 0.0421645679 0.000510083803 -0.00543262949 0.0421645679 0.00016175308 -0.00554208644 0.0418225452 0.00058959052 -0.00540764583 0.0420893319 0.00016175308 -0.00554208644 0.0418225452 0.000271362282 -0.0055076438 0.0417165011 0.00058959052 -0.00540764583 0.0420893319 0.00058959052 -0.00540764583 0.0420893319 0.000271362282 -0.0055076438 0.0417165011 0.00067499408 -0.00538080884 0.0420215651 0.000271362282 -0.0055076438 0.0417165011 0.000389337016 -0.00547057204 0.0416208319 0.00067499408 -0.00538080884 0.0420215651 0.00067499408 -0.00538080884 0.0420215651 0.000389337016 -0.00547057204 0.0416208319 0.000765657402 -0.00535231968 0.041961778 0.000389337016 -0.00547057204 0.0416208319 0.000514787156 -0.00543115148 0.0415362492 0.000765657402 -0.00535231968 0.041961778 0.000765657402 -0.00535231968 0.041961778 0.000514787156 -0.00543115148 0.0415362492 0.000860904227 -0.00532238977 0.0419104137 0.000514787156 -0.00543115148 0.0415362492 0.000646766159 -0.00538967922 0.0414634012 0.000860904227 -0.00532238977 0.0419104137 0.000860904227 -0.00532238977 0.0419104137 0.000646766159 -0.00538967922 0.0414634012 0.000960024132 -0.00529124308 0.0418678522 0.000646766159 -0.00538967922 0.0414634012 0.000784278323 -0.00534646818 0.0414028317 0.000960024132 -0.00529124308 0.0418678522 0.000960024132 -0.00529124308 0.0418678522 0.000784278323 -0.00534646818 0.0414028317 0.0010622777 -0.00525911152 0.0418344177 0.000784278323 -0.00534646818 0.0414028317 0.000926286099 -0.00530184479 0.0413550027 0.0010622777 -0.00525911152 0.0418344177 0.0010622777 -0.00525911152 0.0418344177 0.000926286099 -0.00530184479 0.0413550027 0.00116690213 -0.00522623537 0.0418103561 0.000926286099 -0.00530184479 0.0413550027 0.00107171806 -0.00525614526 0.0413202681 0.00116690213 -0.00522623537 0.0418103561 0.00116690213 -0.00522623537 0.0418103561 0.00107171806 -0.00525614526 0.0413202681 0.00127311714 -0.00519285863 0.0417958461 0.00107171806 -0.00525614526 0.0413202681 0.00121947692 -0.00520971417 0.0412988923 0.00127311714 -0.00519285863 0.0417958461 0.00127311714 -0.00519285863 0.0417958461 0.00121947692 -0.00520971417 0.0412988923 0.00138013042 -0.00515923183 0.0417909995 0.00121947692 -0.00520971417 0.0412988923 0.00136844802 -0.00516290264 0.0412910394 0.00138013042 -0.00515923183 0.0417909995 0.00138013042 -0.00515923183 0.0417909995 0.00136844802 -0.00516290264 0.0412910394 0.00148714369 -0.00512560457 0.0417958461 0.00136844802 -0.00516290264 0.0412910394 0.00151750713 -0.00511606317 0.0412967689 0.00148714369 -0.00512560457 0.0417958461 0.00148714369 -0.00512560457 0.0417958461 0.00151750713 -0.00511606317 0.0412967689 0.0015933587 -0.0050922283 0.0418103561 0.00151750713 -0.00511606317 0.0412967689 0.00166552979 -0.00506954966 0.0413160324 0.0015933587 -0.0050922283 0.0418103561 0.0015933587 -0.0050922283 0.0418103561 0.00166552979 -0.00506954966 0.0413160324 0.00169798313 -0.00505935168 0.0418344177 0.00166552979 -0.00506954966 0.0413160324 0.00181139912 -0.00502371276 0.0413486883 0.00169798313 -0.00505935168 0.0418344177 0.00169798313 -0.00505935168 0.0418344177 0.00181139912 -0.00502371276 0.0413486883 0.00180023676 -0.00502722012 0.0418678522 0.00181139912 -0.00502371276 0.0413486883 0.00195401465 -0.00497889798 0.0413944907 0.00180023676 -0.00502722012 0.0418678522 0.00180023676 -0.00502722012 0.0418678522 0.00195401465 -0.00497889798 0.0413944907 0.0018993566 -0.00499607343 0.0419104137 0.00195401465 -0.00497889798 0.0413944907 0.00209230022 -0.00493544433 0.0414530933 0.0018993566 -0.00499607343 0.0419104137 0.0018993566 -0.00499607343 0.0419104137 0.00209230022 -0.00493544433 0.0414530933 0.00199460331 -0.00496614398 0.041961778 0.00209230022 -0.00493544433 0.0414530933 0.00222521275 -0.00489367871 0.0415240526 0.00199460331 -0.00496614398 0.041961778 0.00199460331 -0.00496614398 0.041961778 0.00222521275 -0.00489367871 0.0415240526 0.00208526687 -0.00493765436 0.0420215651 0.00222521275 -0.00489367871 0.0415240526 0.00235174899 -0.00485391682 0.041606836 0.00208526687 -0.00493765436 0.0420215651 0.00208526687 -0.00493765436 0.0420215651 0.00235174899 -0.00485391682 0.041606836 0.00217067031 -0.00491081784 0.0420893319 0.00235174899 -0.00485391682 0.041606836 0.00247095455 -0.00481645856 0.0417008139 0.00217067031 -0.00491081784 0.0420893319 0.00217067031 -0.00491081784 0.0420893319 0.00247095455 -0.00481645856 0.0417008139 0.00225017709 -0.00488583418 0.0421645679 0.00247095455 -0.00481645856 0.0417008139 0.00258193025 -0.00478158612 0.041805286 0.00225017709 -0.00488583418 0.0421645679 0.00225017709 -0.00488583418 0.0421645679 0.00258193025 -0.00478158612 0.041805286 0.00232319371 -0.00486288965 0.042246718 0.00698355911 -0.00339844776 0.0420872904 0.00706562866 -0.00337265874 0.0420909971 0.00631415658 -0.00360879651 0.0425282642 0.00706562866 -0.00337265874 0.0420909971 0.00714272819 -0.00334843155 0.0420909971 0.00631415658 -0.00360879651 0.0425282642 0.00631415658 -0.00360879651 0.0425282642 0.00714272819 -0.00334843155 0.0420909971 0.0063563101 -0.00359555031 0.0426314808 0.00714272819 -0.00334843155 0.0420909971 0.00722479774 -0.00332264253 0.0420872904 0.0063563101 -0.00359555031 0.0426314808 0.0063563101 -0.00359555031 0.0426314808 0.00722479774 -0.00332264253 0.0420872904 0.00730625913 -0.00329704466 0.0420761965 0.00730625913 -0.00329704466 0.0420761965 0.00738650793 -0.00327182794 0.042057801 0.0063563101 -0.00359555031 0.0426314808 0.00738650793 -0.00327182794 0.042057801 0.00746494904 -0.00324717909 0.0420322344 0.0063563101 -0.00359555031 0.0426314808 0.0063563101 -0.00359555031 0.0426314808 0.00746494904 -0.00324717909 0.0420322344 0.00859208871 -0.00289299432 0.0418678522 0.00746494904 -0.00324717909 0.0420322344 0.00754100131 -0.00322328089 0.0419996865 0.00859208871 -0.00289299432 0.0418678522 0.00859208871 -0.00289299432 0.0418678522 0.00754100131 -0.00322328089 0.0419996865 0.00761410035 -0.00320031075 0.041960407 0.000140072996 -0.00554889906 0.0430705808 0.000139919997 -0.00554894703 0.0430909991 -0.000337084028 -0.00569883781 0.0430909991 0.000139919997 -0.00554894703 0.0430909991 0.000140072996 -0.00554889906 0.0431114174 -0.000337084028 -0.00569883781 0.0430909991 -0.000337084028 -0.00569883781 0.0430909991 0.000140072996 -0.00554889906 0.0431114174 -0.000330605952 -0.00569680193 0.0432472005 0.000140072996 -0.00554889906 0.0431114174 0.000146378836 -0.00554691767 0.0432235003 -0.000330605952 -0.00569680193 0.0432472005 -0.000330605952 -0.00569680193 0.0432472005 0.000146378836 -0.00554691767 0.0432235003 -0.000311220589 -0.00569071062 0.0434022248 0.000146378836 -0.00554691767 0.0432235003 0.000161887525 -0.00554204406 0.0433345959 -0.000311220589 -0.00569071062 0.0434022248 -0.000311220589 -0.00569071062 0.0434022248 0.000161887525 -0.00554204406 0.0433345959 -0.000279074244 -0.00568060903 0.0435549021 0.000161887525 -0.00554204406 0.0433345959 0.000186483405 -0.00553431548 0.0434438698 -0.000279074244 -0.00568060903 0.0435549021 -0.000279074244 -0.00568060903 0.0435549021 0.000186483405 -0.00553431548 0.0434438698 -0.000234409395 -0.005666574 0.0437040776 0.000186483405 -0.00553431548 0.0434438698 0.000219982976 -0.00552378874 0.0435505174 -0.000234409395 -0.005666574 0.0437040776 -0.000234409395 -0.005666574 0.0437040776 0.000219982976 -0.00552378874 0.0435505174 -0.000177563081 -0.00564871076 0.0438486263 0.000219982976 -0.00552378874 0.0435505174 0.000262136396 -0.00551054254 0.043653734 -0.000177563081 -0.00564871076 0.0438486263 -0.000177563081 -0.00564871076 0.0438486263 0.000262136396 -0.00551054254 0.043653734 -0.000108964174 -0.00562715484 0.0439874604 0.000262136396 -0.00551054254 0.043653734 0.000312629185 -0.00549467606 0.0437527522 -0.000108964174 -0.00562715484 0.0439874604 -0.000108964174 -0.00562715484 0.0439874604 0.000312629185 -0.00549467606 0.0437527522 -2.91302495e-05 -0.00560206827 0.0441195332 0.000312629185 -0.00549467606 0.0437527522 0.000371084723 -0.00547630759 0.0438468345 -2.91302495e-05 -0.00560206827 0.0441195332 -2.91302495e-05 -0.00560206827 0.0441195332 0.000371084723 -0.00547630759 0.0438468345 6.13363518e-05 -0.00557364058 0.0442438424 0.000371084723 -0.00547630759 0.0438468345 0.000437067007 -0.00545557356 0.0439352803 6.13363518e-05 -0.00557364058 0.0442438424 6.13363518e-05 -0.00557364058 0.0442438424 0.000437067007 -0.00545557356 0.0439352803 0.00016175308 -0.00554208644 0.044359453 0.000437067007 -0.00545557356 0.0439352803 0.000510083803 -0.00543262949 0.0440174304 0.00016175308 -0.00554208644 0.044359453 0.00016175308 -0.00554208644 0.044359453 0.000510083803 -0.00543262949 0.0440174304 0.000271362282 -0.0055076438 0.0444654971 0.000510083803 -0.00543262949 0.0440174304 0.00058959052 -0.00540764583 0.0440926664 0.000271362282 -0.0055076438 0.0444654971 0.000271362282 -0.0055076438 0.0444654971 0.00058959052 -0.00540764583 0.0440926664 0.000389337016 -0.00547057204 0.0445611663 0.00058959052 -0.00540764583 0.0440926664 0.00067499408 -0.00538080884 0.0441604331 0.000389337016 -0.00547057204 0.0445611663 0.000389337016 -0.00547057204 0.0445611663 0.00067499408 -0.00538080884 0.0441604331 0.000514787156 -0.00543115148 0.0446457453 0.00067499408 -0.00538080884 0.0441604331 0.000765657402 -0.00535231968 0.0442202203 0.000514787156 -0.00543115148 0.0446457453 0.000514787156 -0.00543115148 0.0446457453 0.000765657402 -0.00535231968 0.0442202203 0.000646766159 -0.00538967922 0.0447185971 0.000765657402 -0.00535231968 0.0442202203 0.000860904227 -0.00532238977 0.0442715846 0.000646766159 -0.00538967922 0.0447185971 0.000646766159 -0.00538967922 0.0447185971 0.000860904227 -0.00532238977 0.0442715846 0.000784278323 -0.00534646818 0.0447791629 0.000860904227 -0.00532238977 0.0442715846 0.000960024132 -0.00529124308 0.0443141423 0.000784278323 -0.00534646818 0.0447791629 0.000784278323 -0.00534646818 0.0447791629 0.000960024132 -0.00529124308 0.0443141423 0.000926286099 -0.00530184479 0.0448269956 0.000960024132 -0.00529124308 0.0443141423 0.0010622777 -0.00525911152 0.0443475805 0.000926286099 -0.00530184479 0.0448269956 0.000926286099 -0.00530184479 0.0448269956 0.0010622777 -0.00525911152 0.0443475805 0.00107171806 -0.00525614526 0.0448617302 0.0010622777 -0.00525911152 0.0443475805 0.00116690213 -0.00522623537 0.0443716422 0.00107171806 -0.00525614526 0.0448617302 0.00107171806 -0.00525614526 0.0448617302 0.00116690213 -0.00522623537 0.0443716422 0.00121947692 -0.00520971417 0.0448831059 0.00116690213 -0.00522623537 0.0443716422 0.00127311714 -0.00519285863 0.0443861485 0.00121947692 -0.00520971417 0.0448831059 0.00121947692 -0.00520971417 0.0448831059 0.00127311714 -0.00519285863 0.0443861485 0.00136844802 -0.00516290264 0.0448909588 0.00127311714 -0.00519285863 0.0443861485 0.00138013042 -0.00515923183 0.0443909988 0.00136844802 -0.00516290264 0.0448909588 0.00136844802 -0.00516290264 0.0448909588 0.00138013042 -0.00515923183 0.0443909988 0.00151750713 -0.00511606317 0.0448852293 0.00138013042 -0.00515923183 0.0443909988 0.00148714369 -0.00512560457 0.0443861485 0.00151750713 -0.00511606317 0.0448852293 0.00151750713 -0.00511606317 0.0448852293 0.00148714369 -0.00512560457 0.0443861485 0.00166552979 -0.00506954966 0.0448659658 0.00148714369 -0.00512560457 0.0443861485 0.0015933587 -0.0050922283 0.0443716422 0.00166552979 -0.00506954966 0.0448659658 0.00166552979 -0.00506954966 0.0448659658 0.0015933587 -0.0050922283 0.0443716422 0.00181139912 -0.00502371276 0.0448333062 0.0015933587 -0.0050922283 0.0443716422 0.00169798313 -0.00505935168 0.0443475805 0.00181139912 -0.00502371276 0.0448333062 0.00181139912 -0.00502371276 0.0448333062 0.00169798313 -0.00505935168 0.0443475805 0.00195401465 -0.00497889798 0.0447875075 0.00169798313 -0.00505935168 0.0443475805 0.00180023676 -0.00502722012 0.0443141423 0.00195401465 -0.00497889798 0.0447875075 0.00195401465 -0.00497889798 0.0447875075 0.00180023676 -0.00502722012 0.0443141423 0.00209230022 -0.00493544433 0.044728905 0.00180023676 -0.00502722012 0.0443141423 0.0018993566 -0.00499607343 0.0442715846 0.00209230022 -0.00493544433 0.044728905 0.00209230022 -0.00493544433 0.044728905 0.0018993566 -0.00499607343 0.0442715846 0.00222521275 -0.00489367871 0.0446579456 0.0018993566 -0.00499607343 0.0442715846 0.00199460331 -0.00496614398 0.0442202203 0.00222521275 -0.00489367871 0.0446579456 0.00222521275 -0.00489367871 0.0446579456 0.00199460331 -0.00496614398 0.0442202203 0.00235174899 -0.00485391682 0.0445751622 0.00199460331 -0.00496614398 0.0442202203 0.00208526687 -0.00493765436 0.0441604331 0.00235174899 -0.00485391682 0.0445751622 0.00235174899 -0.00485391682 0.0445751622 0.00208526687 -0.00493765436 0.0441604331 0.00247095455 -0.00481645856 0.0444811806 0.00208526687 -0.00493765436 0.0441604331 0.00217067031 -0.00491081784 0.0440926664 0.00247095455 -0.00481645856 0.0444811806 0.00247095455 -0.00481645856 0.0444811806 0.00217067031 -0.00491081784 0.0440926664 0.00258193025 -0.00478158612 0.0443767123 0.00217067031 -0.00491081784 0.0440926664 0.00225017709 -0.00488583418 0.0440174304 0.00258193025 -0.00478158612 0.0443767123 0.00258193025 -0.00478158612 0.0443767123 0.00225017709 -0.00488583418 0.0440174304 0.00264302641 -0.00476238783 0.0443191566 0.00225017709 -0.00488583418 0.0440174304 0.00232319371 -0.00486288965 0.0439352803 0.00264302641 -0.00476238783 0.0443191566 0.00238917605 -0.00484215608 0.0438468345 0.00277822441 -0.00471990416 0.0442215912 0.00232319371 -0.00486288965 0.0439352803 0.00277822441 -0.00471990416 0.0442215912 0.00270861993 -0.00474177627 0.0442673191 0.00232319371 -0.00486288965 0.0439352803 0.00232319371 -0.00486288965 0.0439352803 0.00270861993 -0.00474177627 0.0442673191 0.00264302641 -0.00476238783 0.0443191566 0.00249812449 -0.00480792066 0.043653734 0.00254027778 -0.00479467493 0.0435505174 0.00407816842 -0.00431141816 0.043653734 0.00418711687 -0.00427718321 0.0438468345 0.00425309921 -0.00425644917 0.0439352803 0.00386767299 -0.00437756302 0.0442673191 0.00642991392 -0.00357242161 0.0432235003 0.00830705836 -0.00298256031 0.0420215651 0.00641440554 -0.00357729499 0.0433345959 0.00830705836 -0.00298256031 0.0420215651 0.00638980931 -0.00358502381 0.0434438698 0.00641440554 -0.00357729499 0.0433345959 0.00761410035 -0.00320031075 0.041960407 0.00768370507 -0.00317843864 0.0419146791 0.00859208871 -0.00289299432 0.0418678522 0.00768370507 -0.00317843864 0.0419146791 0.00774929859 -0.00315782707 0.0418628417 0.00859208871 -0.00289299432 0.0418678522 0.00859208871 -0.00289299432 0.0418678522 0.00774929859 -0.00315782707 0.0418628417 0.00781039475 -0.00313862856 0.041805286 0.00259837322 -0.00477641914 0.0428474024 0.00257377746 -0.00478414819 0.0427381247 0.00467693619 -0.00412326539 0.0419104137 0.00257377746 -0.00478414819 0.0427381247 0.00254027778 -0.00479467493 0.0426314808 0.00467693619 -0.00412326539 0.0419104137 0.00467693619 -0.00412326539 0.0419104137 0.00254027778 -0.00479467493 0.0426314808 0.00477605639 -0.0040921187 0.0418678522 0.00244763168 -0.00482378714 0.042429246 0.00238917605 -0.00484215608 0.0423351601 0.00285132369 -0.00469693355 0.0419996865 0.00254027778 -0.00479467493 0.0435505174 0.00257377746 -0.00478414819 0.0434438698 0.00407816842 -0.00431141816 0.043653734 0.00257377746 -0.00478414819 0.0434438698 0.00259837322 -0.00477641914 0.0433345959 0.00407816842 -0.00431141816 0.043653734 0.00407816842 -0.00431141816 0.043653734 0.00259837322 -0.00477641914 0.0433345959 0.0040360149 -0.00432466436 0.0435505174 0.00642991392 -0.00357242161 0.0432235003 0.0064362199 -0.00357043999 0.0431114174 0.00830705836 -0.00298256031 0.0420215651 0.0064362199 -0.00357043999 0.0431114174 0.00643637311 -0.00357039203 0.0430909991 0.00830705836 -0.00298256031 0.0420215651 0.00830705836 -0.00298256031 0.0420215651 0.00643637311 -0.00357039203 0.0430909991 0.00839772169 -0.00295407092 0.041961778 0.00643637311 -0.00357039203 0.0430909991 0.0064362199 -0.00357043999 0.0430705808 0.00839772169 -0.00295407092 0.041961778 0.00839772169 -0.00295407092 0.041961778 0.0064362199 -0.00357043999 0.0430705808 0.00642991392 -0.00357242161 0.042958498 0.00638980931 -0.00358502381 0.0434438698 0.00830705836 -0.00298256031 0.0420215651 0.0063563101 -0.00359555031 0.0435505174 0.00830705836 -0.00298256031 0.0420215651 0.00822165515 -0.00300939707 0.0420893319 0.0063563101 -0.00359555031 0.0435505174 0.0063563101 -0.00359555031 0.0435505174 0.00822165515 -0.00300939707 0.0420893319 0.00814214814 -0.00303438073 0.0421645679 0.00814214814 -0.00303438073 0.0421645679 0.00806913152 -0.00305732503 0.042246718 0.0063563101 -0.00359555031 0.0435505174 0.00806913152 -0.00305732503 0.042246718 0.00800314918 -0.00307805883 0.0423351601 0.0063563101 -0.00359555031 0.0435505174 0.0063563101 -0.00359555031 0.0435505174 0.00800314918 -0.00307805883 0.0423351601 0.00794469379 -0.00309642754 0.042429246 0.00316752703 -0.00459757214 0.0420872904 0.0032495968 -0.00457178336 0.0420909971 0.00249812449 -0.00480792066 0.0425282642 0.0032495968 -0.00457178336 0.0420909971 0.00332669611 -0.00454755593 0.0420909971 0.00249812449 -0.00480792066 0.0425282642 0.00249812449 -0.00480792066 0.0425282642 0.00332669611 -0.00454755593 0.0420909971 0.00254027778 -0.00479467493 0.0426314808 0.00332669611 -0.00454755593 0.0420909971 0.00340876589 -0.00452176714 0.0420872904 0.00254027778 -0.00479467493 0.0426314808 0.00254027778 -0.00479467493 0.0426314808 0.00340876589 -0.00452176714 0.0420872904 0.00349022704 -0.00449616928 0.0420761965 0.00285132369 -0.00469693355 0.0419996865 0.00292737596 -0.00467303582 0.0420322344 0.00244763168 -0.00482378714 0.042429246 0.00292737596 -0.00467303582 0.0420322344 0.0030058173 -0.00464838697 0.042057801 0.00244763168 -0.00482378714 0.042429246 0.00244763168 -0.00482378714 0.042429246 0.0030058173 -0.00464838697 0.042057801 0.00249812449 -0.00480792066 0.0425282642 0.0030058173 -0.00464838697 0.042057801 0.00308606587 -0.00462317001 0.0420761965 0.00249812449 -0.00480792066 0.0425282642 0.00249812449 -0.00480792066 0.0425282642 0.00308606587 -0.00462317001 0.0420761965 0.00316752703 -0.00459757214 0.0420872904 0.00258193025 -0.00478158612 0.041805286 0.00264302641 -0.00476238783 0.0418628417 0.00232319371 -0.00486288965 0.042246718 0.00264302641 -0.00476238783 0.0418628417 0.00270861993 -0.00474177627 0.0419146791 0.00232319371 -0.00486288965 0.042246718 0.00232319371 -0.00486288965 0.042246718 0.00270861993 -0.00474177627 0.0419146791 0.00238917605 -0.00484215608 0.0423351601 0.00270861993 -0.00474177627 0.0419146791 0.00277822441 -0.00471990416 0.041960407 0.00238917605 -0.00484215608 0.0423351601 0.00238917605 -0.00484215608 0.0423351601 0.00277822441 -0.00471990416 0.041960407 0.00285132369 -0.00469693355 0.0419996865 0.00418711687 -0.00427718321 0.0423351601 0.00412866147 -0.00429555168 0.042429246 0.00262034079 -0.00476951618 0.0430909991 0.00412866147 -0.00429555168 0.042429246 0.00407816842 -0.00431141816 0.0425282642 0.00262034079 -0.00476951618 0.0430909991 0.00262034079 -0.00476951618 0.0430909991 0.00407816842 -0.00431141816 0.0425282642 0.0040360149 -0.00432466436 0.0426314808 0.00261388207 -0.004771546 0.0432235003 0.00397791946 -0.00434291968 0.0433345959 0.00259837322 -0.00477641914 0.0433345959 0.00397791946 -0.00434291968 0.0433345959 0.00400251569 -0.0043351911 0.0434438698 0.00259837322 -0.00477641914 0.0433345959 0.00259837322 -0.00477641914 0.0433345959 0.00400251569 -0.0043351911 0.0434438698 0.0040360149 -0.00432466436 0.0435505174 0.00412866147 -0.00429555168 0.0437527522 0.00357047562 -0.00447095232 0.0441241972 0.00407816842 -0.00431141816 0.043653734 0.00357047562 -0.00447095232 0.0441241972 0.00349022704 -0.00449616928 0.044105798 0.00407816842 -0.00431141816 0.043653734 0.00407816842 -0.00431141816 0.043653734 0.00349022704 -0.00449616928 0.044105798 0.00340876589 -0.00452176714 0.0440947041 0.00386767299 -0.00437756302 0.0442673191 0.0037980685 -0.00439943513 0.0442215912 0.00418711687 -0.00427718321 0.0438468345 0.0037980685 -0.00439943513 0.0442215912 0.00372496923 -0.00442240527 0.044182308 0.00418711687 -0.00427718321 0.0438468345 0.00418711687 -0.00427718321 0.0438468345 0.00372496923 -0.00442240527 0.044182308 0.00412866147 -0.00429555168 0.0437527522 0.00372496923 -0.00442240527 0.044182308 0.00364891696 -0.00444630347 0.0441497639 0.00412866147 -0.00429555168 0.0437527522 0.00412866147 -0.00429555168 0.0437527522 0.00364891696 -0.00444630347 0.0441497639 0.00357047562 -0.00447095232 0.0441241972 0.00631415658 -0.00360879651 0.043653734 0.0063563101 -0.00359555031 0.0435505174 0.00777844293 -0.00314866891 0.0432235003 0.00698355911 -0.00339844776 0.0440947041 0.00690209819 -0.00342404563 0.044105798 0.00789420027 -0.00311229401 0.043653734 0.00794469379 -0.00309642754 0.0437527522 0.00800314918 -0.00307805883 0.0438468345 0.00754100131 -0.00322328089 0.044182308 0.0102522522 -0.00237131561 0.0431114174 0.0107294088 -0.0022213771 0.0430909991 0.0102459462 -0.00237329723 0.0432235003 0.0107294088 -0.0022213771 0.0430909991 0.0107229305 -0.00222341274 0.0432472005 0.0102459462 -0.00237329723 0.0432235003 0.0102459462 -0.00237329723 0.0432235003 0.0107229305 -0.00222341274 0.0432472005 0.0102304379 -0.00237817061 0.0433345959 0.0107229305 -0.00222341274 0.0432472005 0.010703546 -0.00222950429 0.0434022248 0.0102304379 -0.00237817061 0.0433345959 0.0102304379 -0.00237817061 0.0433345959 0.010703546 -0.00222950429 0.0434022248 0.0102058416 -0.00238589942 0.0434438698 0.010703546 -0.00222950429 0.0434022248 0.0106713995 -0.00223960564 0.0435549021 0.0102058416 -0.00238589942 0.0434438698 0.0102058416 -0.00238589942 0.0434438698 0.0106713995 -0.00223960564 0.0435549021 0.010172342 -0.00239642616 0.0435505174 0.0106713995 -0.00223960564 0.0435549021 0.0106267342 -0.00225364091 0.0437040776 0.010172342 -0.00239642616 0.0435505174 0.010172342 -0.00239642616 0.0435505174 0.0106267342 -0.00225364091 0.0437040776 0.0101301884 -0.00240967213 0.043653734 0.0106267342 -0.00225364091 0.0437040776 0.0105698882 -0.00227150391 0.0438486263 0.0101301884 -0.00240967213 0.043653734 0.0101301884 -0.00240967213 0.043653734 0.0105698882 -0.00227150391 0.0438486263 0.0100796958 -0.00242553861 0.0437527522 0.0105698882 -0.00227150391 0.0438486263 0.0105012888 -0.00229305984 0.0439874604 0.0100796958 -0.00242553861 0.0437527522 0.0100796958 -0.00242553861 0.0437527522 0.0105012888 -0.00229305984 0.0439874604 0.0100212405 -0.00244390732 0.0438468345 0.0105012888 -0.00229305984 0.0439874604 0.0104214549 -0.00231814641 0.0441195332 0.0100212405 -0.00244390732 0.0438468345 0.0100212405 -0.00244390732 0.0438468345 0.0104214549 -0.00231814641 0.0441195332 0.00995525811 -0.00246464112 0.0439352803 0.0104214549 -0.00231814641 0.0441195332 0.010330989 -0.0023465741 0.0442438424 0.00995525811 -0.00246464112 0.0439352803 0.00995525811 -0.00246464112 0.0439352803 0.010330989 -0.0023465741 0.0442438424 0.00988224149 -0.00248758541 0.0440174304 0.010330989 -0.0023465741 0.0442438424 0.010230572 -0.00237812824 0.044359453 0.00988224149 -0.00248758541 0.0440174304 0.00988224149 -0.00248758541 0.0440174304 0.010230572 -0.00237812824 0.044359453 0.00980273448 -0.00251256907 0.0440926664 0.010230572 -0.00237812824 0.044359453 0.0101209627 -0.00241257111 0.0444654971 0.00980273448 -0.00251256907 0.0440926664 0.00980273448 -0.00251256907 0.0440926664 0.0101209627 -0.00241257111 0.0444654971 0.00971733127 -0.00253940583 0.0441604331 0.0101209627 -0.00241257111 0.0444654971 0.0100029884 -0.00244964287 0.0445611663 0.00971733127 -0.00253940583 0.0441604331 0.00971733127 -0.00253940583 0.0441604331 0.0100029884 -0.00244964287 0.0445611663 0.00962666795 -0.00256789522 0.0442202203 0.0100029884 -0.00244964287 0.0445611663 0.00987753831 -0.00248906342 0.0446457453 0.00962666795 -0.00256789522 0.0442202203 0.00962666795 -0.00256789522 0.0442202203 0.00987753831 -0.00248906342 0.0446457453 0.00953142066 -0.0025978249 0.0442715846 0.00987753831 -0.00248906342 0.0446457453 0.00974555872 -0.00253053545 0.0447185971 0.00953142066 -0.0025978249 0.0442715846 0.00953142066 -0.0025978249 0.0442715846 0.00974555872 -0.00253053545 0.0447185971 0.00943230093 -0.00262897159 0.0443141423 0.00974555872 -0.00253053545 0.0447185971 0.00960804708 -0.00257374649 0.0447791629 0.00943230093 -0.00262897159 0.0443141423 0.00943230093 -0.00262897159 0.0443141423 0.00960804708 -0.00257374649 0.0447791629 0.00933004729 -0.00266110315 0.0443475805 0.00960804708 -0.00257374649 0.0447791629 0.00946603902 -0.00261837011 0.0448269956 0.00933004729 -0.00266110315 0.0443475805 0.00933004729 -0.00266110315 0.0443475805 0.00946603902 -0.00261837011 0.0448269956 0.00922542252 -0.00269397954 0.0443716422 0.00946603902 -0.00261837011 0.0448269956 0.00932060648 -0.00266406965 0.0448617302 0.00922542252 -0.00269397954 0.0443716422 0.00922542252 -0.00269397954 0.0443716422 0.00932060648 -0.00266406965 0.0448617302 0.00911920797 -0.00272735581 0.0443861485 0.00932060648 -0.00266406965 0.0448617302 0.00917284843 -0.00271050027 0.0448831059 0.00911920797 -0.00272735581 0.0443861485 0.00911920797 -0.00272735581 0.0443861485 0.00917284843 -0.00271050027 0.0448831059 0.00901219435 -0.00276098307 0.0443909988 0.00917284843 -0.00271050027 0.0448831059 0.00902387686 -0.00275731203 0.0448909588 0.00901219435 -0.00276098307 0.0443909988 0.00901219435 -0.00276098307 0.0443909988 0.00902387686 -0.00275731203 0.0448909588 0.00890518166 -0.0027946101 0.0443861485 0.00902387686 -0.00275731203 0.0448909588 0.00887481775 -0.00280415127 0.0448852293 0.00890518166 -0.0027946101 0.0443861485 0.00890518166 -0.0027946101 0.0443861485 0.00887481775 -0.00280415127 0.0448852293 0.00879896618 -0.00282798638 0.0443716422 0.00887481775 -0.00280415127 0.0448852293 0.0087267952 -0.00285066501 0.0448659658 0.00879896618 -0.00282798638 0.0443716422 0.00879896618 -0.00282798638 0.0443716422 0.0087267952 -0.00285066501 0.0448659658 0.00869434141 -0.00286086299 0.0443475805 0.0087267952 -0.00285066501 0.0448659658 0.00858092587 -0.00289650192 0.0448333062 0.00869434141 -0.00286086299 0.0443475805 0.00869434141 -0.00286086299 0.0443475805 0.00858092587 -0.00289650192 0.0448333062 0.00859208871 -0.00289299432 0.0443141423 0.00858092587 -0.00289650192 0.0448333062 0.00843831059 -0.00294131646 0.0447875075 0.00859208871 -0.00289299432 0.0443141423 0.00859208871 -0.00289299432 0.0443141423 0.00843831059 -0.00294131646 0.0447875075 0.00849296805 -0.00292414124 0.0442715846 0.00843831059 -0.00294131646 0.0447875075 0.00830002502 -0.00298477057 0.044728905 0.00849296805 -0.00292414124 0.0442715846 0.00849296805 -0.00292414124 0.0442715846 0.00830002502 -0.00298477057 0.044728905 0.00839772169 -0.00295407092 0.0442202203 0.00830002502 -0.00298477057 0.044728905 0.00816711225 -0.00302653597 0.0446579456 0.00839772169 -0.00295407092 0.0442202203 0.00839772169 -0.00295407092 0.0442202203 0.00816711225 -0.00302653597 0.0446579456 0.00830705836 -0.00298256031 0.0441604331 0.00816711225 -0.00302653597 0.0446579456 0.00804057624 -0.00306629785 0.0445751622 0.00830705836 -0.00298256031 0.0441604331 0.00830705836 -0.00298256031 0.0441604331 0.00804057624 -0.00306629785 0.0445751622 0.00822165515 -0.00300939707 0.0440926664 0.00804057624 -0.00306629785 0.0445751622 0.00792137068 -0.00310375635 0.0444811806 0.00822165515 -0.00300939707 0.0440926664 0.00822165515 -0.00300939707 0.0440926664 0.00792137068 -0.00310375635 0.0444811806 0.00814214814 -0.00303438073 0.0440174304 0.00792137068 -0.00310375635 0.0444811806 0.00781039475 -0.00313862856 0.0443767123 0.00814214814 -0.00303438073 0.0440174304 0.00814214814 -0.00303438073 0.0440174304 0.00781039475 -0.00313862856 0.0443767123 0.00806913152 -0.00305732503 0.0439352803 0.0102522522 -0.00237131561 0.0431114174 0.010252405 -0.00237126765 0.0430909991 0.0107294088 -0.0022213771 0.0430909991 0.010252405 -0.00237126765 0.0430909991 0.0102522522 -0.00237131561 0.0430705808 0.0107294088 -0.0022213771 0.0430909991 0.0107294088 -0.0022213771 0.0430909991 0.0102522522 -0.00237131561 0.0430705808 0.0107229305 -0.00222341274 0.0429347977 0.0102522522 -0.00237131561 0.0430705808 0.0102459462 -0.00237329723 0.042958498 0.0107229305 -0.00222341274 0.0429347977 0.0107229305 -0.00222341274 0.0429347977 0.0102459462 -0.00237329723 0.042958498 0.010703546 -0.00222950429 0.0427797735 0.0102459462 -0.00237329723 0.042958498 0.0102304379 -0.00237817061 0.0428474024 0.010703546 -0.00222950429 0.0427797735 0.010703546 -0.00222950429 0.0427797735 0.0102304379 -0.00237817061 0.0428474024 0.0106713995 -0.00223960564 0.0426270962 0.0102304379 -0.00237817061 0.0428474024 0.0102058416 -0.00238589942 0.0427381247 0.0106713995 -0.00223960564 0.0426270962 0.0106713995 -0.00223960564 0.0426270962 0.0102058416 -0.00238589942 0.0427381247 0.0106267342 -0.00225364091 0.0424779207 0.0102058416 -0.00238589942 0.0427381247 0.010172342 -0.00239642616 0.0426314808 0.0106267342 -0.00225364091 0.0424779207 0.0106267342 -0.00225364091 0.0424779207 0.010172342 -0.00239642616 0.0426314808 0.0105698882 -0.00227150391 0.0423333719 0.010172342 -0.00239642616 0.0426314808 0.0101301884 -0.00240967213 0.0425282642 0.0105698882 -0.00227150391 0.0423333719 0.0105698882 -0.00227150391 0.0423333719 0.0101301884 -0.00240967213 0.0425282642 0.0105012888 -0.00229305984 0.0421945378 0.0101301884 -0.00240967213 0.0425282642 0.0100796958 -0.00242553861 0.042429246 0.0105012888 -0.00229305984 0.0421945378 0.0105012888 -0.00229305984 0.0421945378 0.0100796958 -0.00242553861 0.042429246 0.0104214549 -0.00231814641 0.0420624651 0.0100796958 -0.00242553861 0.042429246 0.0100212405 -0.00244390732 0.0423351601 0.0104214549 -0.00231814641 0.0420624651 0.0104214549 -0.00231814641 0.0420624651 0.0100212405 -0.00244390732 0.0423351601 0.010330989 -0.0023465741 0.0419381559 0.0100212405 -0.00244390732 0.0423351601 0.00995525811 -0.00246464112 0.042246718 0.010330989 -0.0023465741 0.0419381559 0.010330989 -0.0023465741 0.0419381559 0.00995525811 -0.00246464112 0.042246718 0.010230572 -0.00237812824 0.0418225452 0.00995525811 -0.00246464112 0.042246718 0.00988224149 -0.00248758541 0.0421645679 0.010230572 -0.00237812824 0.0418225452 0.010230572 -0.00237812824 0.0418225452 0.00988224149 -0.00248758541 0.0421645679 0.0101209627 -0.00241257111 0.0417165011 0.00988224149 -0.00248758541 0.0421645679 0.00980273448 -0.00251256907 0.0420893319 0.0101209627 -0.00241257111 0.0417165011 0.0101209627 -0.00241257111 0.0417165011 0.00980273448 -0.00251256907 0.0420893319 0.0100029884 -0.00244964287 0.0416208319 0.00980273448 -0.00251256907 0.0420893319 0.00971733127 -0.00253940583 0.0420215651 0.0100029884 -0.00244964287 0.0416208319 0.0100029884 -0.00244964287 0.0416208319 0.00971733127 -0.00253940583 0.0420215651 0.00987753831 -0.00248906342 0.0415362492 0.00971733127 -0.00253940583 0.0420215651 0.00962666795 -0.00256789522 0.041961778 0.00987753831 -0.00248906342 0.0415362492 0.00987753831 -0.00248906342 0.0415362492 0.00962666795 -0.00256789522 0.041961778 0.00974555872 -0.00253053545 0.0414634012 0.00962666795 -0.00256789522 0.041961778 0.00953142066 -0.0025978249 0.0419104137 0.00974555872 -0.00253053545 0.0414634012 0.00974555872 -0.00253053545 0.0414634012 0.00953142066 -0.0025978249 0.0419104137 0.00960804708 -0.00257374649 0.0414028317 0.00953142066 -0.0025978249 0.0419104137 0.00943230093 -0.00262897159 0.0418678522 0.00960804708 -0.00257374649 0.0414028317 0.00960804708 -0.00257374649 0.0414028317 0.00943230093 -0.00262897159 0.0418678522 0.00946603902 -0.00261837011 0.0413550027 0.00943230093 -0.00262897159 0.0418678522 0.00933004729 -0.00266110315 0.0418344177 0.00946603902 -0.00261837011 0.0413550027 0.00946603902 -0.00261837011 0.0413550027 0.00933004729 -0.00266110315 0.0418344177 0.00932060648 -0.00266406965 0.0413202681 0.00933004729 -0.00266110315 0.0418344177 0.00922542252 -0.00269397954 0.0418103561 0.00932060648 -0.00266406965 0.0413202681 0.00932060648 -0.00266406965 0.0413202681 0.00922542252 -0.00269397954 0.0418103561 0.00917284843 -0.00271050027 0.0412988923 0.00922542252 -0.00269397954 0.0418103561 0.00911920797 -0.00272735581 0.0417958461 0.00917284843 -0.00271050027 0.0412988923 0.00917284843 -0.00271050027 0.0412988923 0.00911920797 -0.00272735581 0.0417958461 0.00902387686 -0.00275731203 0.0412910394 0.00911920797 -0.00272735581 0.0417958461 0.00901219435 -0.00276098307 0.0417909995 0.00902387686 -0.00275731203 0.0412910394 0.00902387686 -0.00275731203 0.0412910394 0.00901219435 -0.00276098307 0.0417909995 0.00887481775 -0.00280415127 0.0412967689 0.00901219435 -0.00276098307 0.0417909995 0.00890518166 -0.0027946101 0.0417958461 0.00887481775 -0.00280415127 0.0412967689 0.00887481775 -0.00280415127 0.0412967689 0.00890518166 -0.0027946101 0.0417958461 0.0087267952 -0.00285066501 0.0413160324 0.00890518166 -0.0027946101 0.0417958461 0.00879896618 -0.00282798638 0.0418103561 0.0087267952 -0.00285066501 0.0413160324 0.0087267952 -0.00285066501 0.0413160324 0.00879896618 -0.00282798638 0.0418103561 0.00858092587 -0.00289650192 0.0413486883 0.00879896618 -0.00282798638 0.0418103561 0.00869434141 -0.00286086299 0.0418344177 0.00858092587 -0.00289650192 0.0413486883 0.00858092587 -0.00289650192 0.0413486883 0.00869434141 -0.00286086299 0.0418344177 0.00843831059 -0.00294131646 0.0413944907 0.00869434141 -0.00286086299 0.0418344177 0.00859208871 -0.00289299432 0.0418678522 0.00843831059 -0.00294131646 0.0413944907 0.00843831059 -0.00294131646 0.0413944907 0.00859208871 -0.00289299432 0.0418678522 0.00830002502 -0.00298477057 0.0414530933 0.00859208871 -0.00289299432 0.0418678522 0.00816711225 -0.00302653597 0.0415240526 0.00830002502 -0.00298477057 0.0414530933 0.00440562284 -0.00420852145 0.0420893319 0.00432611583 -0.00423350511 0.0421645679 0.00262034079 -0.00476951618 0.0430909991 0.00432611583 -0.00423350511 0.0421645679 0.00425309921 -0.00425644917 0.042246718 0.00262034079 -0.00476951618 0.0430909991 0.00262034079 -0.00476951618 0.0430909991 0.00425309921 -0.00425644917 0.042246718 0.00418711687 -0.00427718321 0.0423351601 0.0040360149 -0.00432466436 0.0426314808 0.00400251569 -0.0043351911 0.0427381247 0.00262034079 -0.00476951618 0.0430909991 0.00400251569 -0.0043351911 0.0427381247 0.00397791946 -0.00434291968 0.0428474024 0.00262034079 -0.00476951618 0.0430909991 0.00262034079 -0.00476951618 0.0430909991 0.00397791946 -0.00434291968 0.0428474024 0.00396241108 -0.00434779329 0.042958498 0.00794469379 -0.00309642754 0.042429246 0.00789420027 -0.00311229401 0.0425282642 0.0063563101 -0.00359555031 0.0435505174 0.00789420027 -0.00311229401 0.0425282642 0.00785204675 -0.00312553998 0.0426314808 0.0063563101 -0.00359555031 0.0435505174 0.0063563101 -0.00359555031 0.0435505174 0.00785204675 -0.00312553998 0.0426314808 0.00781854801 -0.00313606672 0.0427381247 0.00781854801 -0.00313606672 0.0427381247 0.00779395178 -0.00314379553 0.0428474024 0.0063563101 -0.00359555031 0.0435505174 0.00779395178 -0.00314379553 0.0428474024 0.00777844293 -0.00314866891 0.042958498 0.0063563101 -0.00359555031 0.0435505174 0.0063563101 -0.00359555031 0.0435505174 0.00777844293 -0.00314866891 0.042958498 0.00777213695 -0.0031506503 0.0430705808 0.00620520813 -0.0036430317 0.0438468345 0.00626366353 -0.00362466299 0.0437527522 0.00781854801 -0.00313606672 0.0434438698 0.00626366353 -0.00362466299 0.0437527522 0.00631415658 -0.00360879651 0.043653734 0.00781854801 -0.00313606672 0.0434438698 0.00781854801 -0.00313606672 0.0434438698 0.00631415658 -0.00360879651 0.043653734 0.00779395178 -0.00314379553 0.0433345959 0.00631415658 -0.00360879651 0.043653734 0.00777844293 -0.00314866891 0.0432235003 0.00779395178 -0.00314379553 0.0433345959 0.00674340827 -0.0034739112 0.0441497639 0.00666735601 -0.0034978094 0.044182308 0.00598670216 -0.00371169345 0.0440926664 0.00781039475 -0.00313862856 0.0443767123 0.00774929859 -0.00315782707 0.0443191566 0.00806913152 -0.00305732503 0.0439352803 0.00774929859 -0.00315782707 0.0443191566 0.00768370507 -0.00317843864 0.0442673191 0.00806913152 -0.00305732503 0.0439352803 0.00806913152 -0.00305732503 0.0439352803 0.00768370507 -0.00317843864 0.0442673191 0.00800314918 -0.00307805883 0.0438468345 0.00768370507 -0.00317843864 0.0442673191 0.00761410035 -0.00320031075 0.0442215912 0.00800314918 -0.00307805883 0.0438468345 0.00800314918 -0.00307805883 0.0438468345 0.00761410035 -0.00320031075 0.0442215912 0.00754100131 -0.00322328089 0.044182308 0.00781039475 -0.00313862856 0.041805286 0.00792137068 -0.00310375635 0.0417008139 0.00859208871 -0.00289299432 0.0418678522 0.00792137068 -0.00310375635 0.0417008139 0.00804057624 -0.00306629785 0.041606836 0.00859208871 -0.00289299432 0.0418678522 0.00859208871 -0.00289299432 0.0418678522 0.00804057624 -0.00306629785 0.041606836 0.00816711225 -0.00302653597 0.0415240526 0.00349022704 -0.00449616928 0.0420761965 0.00357047562 -0.00447095232 0.042057801 0.00254027778 -0.00479467493 0.0426314808 0.00357047562 -0.00447095232 0.042057801 0.00364891696 -0.00444630347 0.0420322344 0.00254027778 -0.00479467493 0.0426314808 0.00254027778 -0.00479467493 0.0426314808 0.00364891696 -0.00444630347 0.0420322344 0.00477605639 -0.0040921187 0.0418678522 0.00364891696 -0.00444630347 0.0420322344 0.00372496923 -0.00442240527 0.0419996865 0.00477605639 -0.0040921187 0.0418678522 0.00372496923 -0.00442240527 0.0419996865 0.0037980685 -0.00439943513 0.041960407 0.00477605639 -0.0040921187 0.0418678522 0.0037980685 -0.00439943513 0.041960407 0.00386767299 -0.00437756302 0.0419146791 0.00477605639 -0.0040921187 0.0418678522 0.00477605639 -0.0040921187 0.0418678522 0.00386767299 -0.00437756302 0.0419146791 0.00393326627 -0.00435695145 0.0418628417 0.00244763168 -0.00482378714 0.0437527522 0.00292737596 -0.00467303582 0.0441497639 0.00238917605 -0.00484215608 0.0438468345 0.00292737596 -0.00467303582 0.0441497639 0.00285132369 -0.00469693355 0.044182308 0.00238917605 -0.00484215608 0.0438468345 0.00238917605 -0.00484215608 0.0438468345 0.00285132369 -0.00469693355 0.044182308 0.00277822441 -0.00471990416 0.0442215912 0.00407816842 -0.00431141816 0.043653734 0.00316752703 -0.00459757214 0.0440947041 0.00249812449 -0.00480792066 0.043653734 0.00316752703 -0.00459757214 0.0440947041 0.00308606587 -0.00462317001 0.044105798 0.00249812449 -0.00480792066 0.043653734 0.00249812449 -0.00480792066 0.043653734 0.00308606587 -0.00462317001 0.044105798 0.00244763168 -0.00482378714 0.0437527522 0.00308606587 -0.00462317001 0.044105798 0.0030058173 -0.00464838697 0.0441241972 0.00244763168 -0.00482378714 0.0437527522 0.00244763168 -0.00482378714 0.0437527522 0.0030058173 -0.00464838697 0.0441241972 0.00292737596 -0.00467303582 0.0441497639 0.00340876589 -0.00452176714 0.0440947041 0.00332669611 -0.00454755593 0.0440909974 0.00407816842 -0.00431141816 0.043653734 0.00332669611 -0.00454755593 0.0440909974 0.0032495968 -0.00457178336 0.0440909974 0.00407816842 -0.00431141816 0.043653734 0.00407816842 -0.00431141816 0.043653734 0.0032495968 -0.00457178336 0.0440909974 0.00316752703 -0.00459757214 0.0440947041 0.00777213695 -0.0031506503 0.0430705808 0.00777198421 -0.0031506985 0.0430909991 0.0063563101 -0.00359555031 0.0435505174 0.00777198421 -0.0031506985 0.0430909991 0.00777213695 -0.0031506503 0.0431114174 0.0063563101 -0.00359555031 0.0435505174 0.0063563101 -0.00359555031 0.0435505174 0.00777213695 -0.0031506503 0.0431114174 0.00777844293 -0.00314866891 0.0432235003 0.00789420027 -0.00311229401 0.043653734 0.00598670216 -0.00371169345 0.0440926664 0.00785204675 -0.00312553998 0.0435505174 0.00598670216 -0.00371169345 0.0440926664 0.00606620917 -0.0036867098 0.0440174304 0.00785204675 -0.00312553998 0.0435505174 0.00785204675 -0.00312553998 0.0435505174 0.00606620917 -0.0036867098 0.0440174304 0.00781854801 -0.00313606672 0.0434438698 0.00606620917 -0.0036867098 0.0440174304 0.00613922579 -0.0036637655 0.0439352803 0.00781854801 -0.00313606672 0.0434438698 0.00781854801 -0.00313606672 0.0434438698 0.00613922579 -0.0036637655 0.0439352803 0.00620520813 -0.0036430317 0.0438468345 0.00754100131 -0.00322328089 0.044182308 0.00746494904 -0.00324717909 0.0441497639 0.00794469379 -0.00309642754 0.0437527522 0.00746494904 -0.00324717909 0.0441497639 0.00738650793 -0.00327182794 0.0441241972 0.00794469379 -0.00309642754 0.0437527522 0.00794469379 -0.00309642754 0.0437527522 0.00738650793 -0.00327182794 0.0441241972 0.00789420027 -0.00311229401 0.043653734 0.00738650793 -0.00327182794 0.0441241972 0.00730625913 -0.00329704466 0.044105798 0.00789420027 -0.00311229401 0.043653734 0.00789420027 -0.00311229401 0.043653734 0.00730625913 -0.00329704466 0.044105798 0.00722479774 -0.00332264253 0.0440947041 0.00789420027 -0.00311229401 0.043653734 0.00690209819 -0.00342404563 0.044105798 0.00598670216 -0.00371169345 0.0440926664 0.00690209819 -0.00342404563 0.044105798 0.00682184938 -0.00344926235 0.0441241972 0.00598670216 -0.00371169345 0.0440926664 0.00598670216 -0.00371169345 0.0440926664 0.00682184938 -0.00344926235 0.0441241972 0.00674340827 -0.0034739112 0.0441497639 0.00666735601 -0.0034978094 0.044182308 0.0065942565 -0.00352077978 0.0442215912 0.00598670216 -0.00371169345 0.0440926664 0.0065942565 -0.00352077978 0.0442215912 0.00652465224 -0.00354265166 0.0442673191 0.00598670216 -0.00371169345 0.0440926664 0.00598670216 -0.00371169345 0.0440926664 0.00652465224 -0.00354265166 0.0442673191 0.00645905873 -0.00356326345 0.0443191566 0.00393326627 -0.00435695145 0.0418628417 0.00399436289 -0.0043377527 0.041805286 0.00477605639 -0.0040921187 0.0418678522 0.00399436289 -0.0043377527 0.041805286 0.00410433626 -0.00430319551 0.0417016819 0.00477605639 -0.0040921187 0.0418678522 0.00477605639 -0.0040921187 0.0418678522 0.00410433626 -0.00430319551 0.0417016819 0.00422240421 -0.00426609442 0.0416083783 0.00396241108 -0.00434779329 0.042958498 0.00395610509 -0.00434977468 0.0430705808 0.00262034079 -0.00476951618 0.0430909991 0.00395610509 -0.00434977468 0.0430705808 0.00395595189 -0.00434982264 0.0430909991 0.00262034079 -0.00476951618 0.0430909991 0.00262034079 -0.00476951618 0.0430909991 0.00395595189 -0.00434982264 0.0430909991 0.00262018782 -0.00476956461 0.0431114174 0.00395595189 -0.00434982264 0.0430909991 0.00395610509 -0.00434977468 0.0431114174 0.00262018782 -0.00476956461 0.0431114174 0.00262018782 -0.00476956461 0.0431114174 0.00395610509 -0.00434977468 0.0431114174 0.00261388207 -0.004771546 0.0432235003 0.00395610509 -0.00434977468 0.0431114174 0.00396241108 -0.00434779329 0.0432235003 0.00261388207 -0.004771546 0.0432235003 0.00261388207 -0.004771546 0.0432235003 0.00396241108 -0.00434779329 0.0432235003 0.00397791946 -0.00434291968 0.0433345959 0.00722479774 -0.00332264253 0.0440947041 0.00714272819 -0.00334843155 0.0440909974 0.00789420027 -0.00311229401 0.043653734 0.00714272819 -0.00334843155 0.0440909974 0.00706562866 -0.00337265874 0.0440909974 0.00789420027 -0.00311229401 0.043653734 0.00789420027 -0.00311229401 0.043653734 0.00706562866 -0.00337265874 0.0440909974 0.00698355911 -0.00339844776 0.0440947041 0.00645905873 -0.00356326345 0.0443191566 0.0063979621 -0.00358246197 0.0443767123 0.00598670216 -0.00371169345 0.0440926664 0.0063979621 -0.00358246197 0.0443767123 0.00628798874 -0.00361701916 0.0444803163 0.00598670216 -0.00371169345 0.0440926664 0.00598670216 -0.00371169345 0.0440926664 0.00628798874 -0.00361701916 0.0444803163 0.00590129895 -0.00373852998 0.0441604331 0.00628798874 -0.00361701916 0.0444803163 0.00616992079 -0.00365412026 0.04457362 0.00590129895 -0.00373852998 0.0441604331 0.00590129895 -0.00373852998 0.0441604331 0.00616992079 -0.00365412026 0.04457362 0.00581063563 -0.0037670196 0.0442202203 0.00616992079 -0.00365412026 0.04457362 0.00604463276 -0.00369348982 0.0446559303 0.00581063563 -0.0037670196 0.0442202203 0.00581063563 -0.0037670196 0.0442202203 0.00604463276 -0.00369348982 0.0446559303 0.0057153888 -0.00379694928 0.0442715846 0.00604463276 -0.00369348982 0.0446559303 0.00591305364 -0.00373483635 0.04472664 0.0057153888 -0.00379694928 0.0442715846 0.0057153888 -0.00379694928 0.0442715846 0.00591305364 -0.00373483635 0.04472664 0.00561626861 -0.00382809597 0.0443141423 0.00591305364 -0.00373483635 0.04472664 0.00577615993 -0.00377785298 0.0447852202 0.00561626861 -0.00382809597 0.0443141423 0.00561626861 -0.00382809597 0.0443141423 0.00577615993 -0.00377785298 0.0447852202 0.00551401544 -0.00386022753 0.0443475805 0.00577615993 -0.00377785298 0.0447852202 0.00563496538 -0.00382222096 0.0448312387 0.00551401544 -0.00386022753 0.0443475805 0.00551401544 -0.00386022753 0.0443475805 0.00563496538 -0.00382222096 0.0448312387 0.00540939067 -0.00389310392 0.0443716422 0.00563496538 -0.00382222096 0.0448312387 0.00549051771 -0.00386761106 0.0448643565 0.00540939067 -0.00389310392 0.0443716422 0.00540939067 -0.00389310392 0.0443716422 0.00549051771 -0.00386761106 0.0448643565 0.00530317565 -0.00392648019 0.0443861485 0.00549051771 -0.00386761106 0.0448643565 0.00534388795 -0.00391368708 0.0448843241 0.00530317565 -0.00392648019 0.0443861485 0.00530317565 -0.00392648019 0.0443861485 0.00534388795 -0.00391368708 0.0448843241 0.0051961625 -0.00396010745 0.0443909988 0.00534388795 -0.00391368708 0.0448843241 0.0051961625 -0.00396010745 0.0448909998 0.0051961625 -0.00396010745 0.0443909988 0.0051961625 -0.00396010745 0.0443909988 0.0051961625 -0.00396010745 0.0448909998 0.00508914934 -0.00399373472 0.0443861485 0.0051961625 -0.00396010745 0.0448909998 0.00504843704 -0.00400652736 0.0448843241 0.00508914934 -0.00399373472 0.0443861485 0.00508914934 -0.00399373472 0.0443861485 0.00504843704 -0.00400652736 0.0448843241 0.00498293433 -0.00402711099 0.0443716422 0.00504843704 -0.00400652736 0.0448843241 0.00490180729 -0.00405260362 0.0448643565 0.00498293433 -0.00402711099 0.0443716422 0.00498293433 -0.00402711099 0.0443716422 0.00490180729 -0.00405260362 0.0448643565 0.00487830956 -0.00405998714 0.0443475805 0.00490180729 -0.00405260362 0.0448643565 0.00475735962 -0.00409799395 0.0448312387 0.00487830956 -0.00405998714 0.0443475805 0.00487830956 -0.00405998714 0.0443475805 0.00475735962 -0.00409799395 0.0448312387 0.00477605639 -0.0040921187 0.0443141423 0.00475735962 -0.00409799395 0.0448312387 0.00461616507 -0.00414236169 0.0447852202 0.00477605639 -0.0040921187 0.0443141423 0.00477605639 -0.0040921187 0.0443141423 0.00461616507 -0.00414236169 0.0447852202 0.00467693619 -0.00412326539 0.0442715846 0.00461616507 -0.00414236169 0.0447852202 0.00447927136 -0.00418537855 0.04472664 0.00467693619 -0.00412326539 0.0442715846 0.00467693619 -0.00412326539 0.0442715846 0.00447927136 -0.00418537855 0.04472664 0.00458168937 -0.0041531953 0.0442202203 0.00447927136 -0.00418537855 0.04472664 0.00434769224 -0.00422672508 0.0446559303 0.00458168937 -0.0041531953 0.0442202203 0.00458168937 -0.0041531953 0.0442202203 0.00434769224 -0.00422672508 0.0446559303 0.00449102605 -0.00418168446 0.0441604331 0.00434769224 -0.00422672508 0.0446559303 0.00422240421 -0.00426609442 0.04457362 0.00449102605 -0.00418168446 0.0441604331 0.00449102605 -0.00418168446 0.0441604331 0.00422240421 -0.00426609442 0.04457362 0.00440562284 -0.00420852145 0.0440926664 0.00422240421 -0.00426609442 0.04457362 0.00410433626 -0.00430319551 0.0444803163 0.00440562284 -0.00420852145 0.0440926664 0.00440562284 -0.00420852145 0.0440926664 0.00410433626 -0.00430319551 0.0444803163 0.00432611583 -0.00423350511 0.0440174304 0.00410433626 -0.00430319551 0.0444803163 0.00399436289 -0.0043377527 0.0443767123 0.00432611583 -0.00423350511 0.0440174304 0.00432611583 -0.00423350511 0.0440174304 0.00399436289 -0.0043377527 0.0443767123 0.00425309921 -0.00425644917 0.0439352803 0.00399436289 -0.0043377527 0.0443767123 0.00393326627 -0.00435695145 0.0443191566 0.00425309921 -0.00425644917 0.0439352803 0.00425309921 -0.00425644917 0.0439352803 0.00393326627 -0.00435695145 0.0443191566 0.00386767299 -0.00437756302 0.0442673191 0.00422240421 -0.00426609442 0.0416083783 0.00434769224 -0.00422672508 0.041526068 0.00477605639 -0.0040921187 0.0418678522 0.00434769224 -0.00422672508 0.041526068 0.00447927136 -0.00418537855 0.0414553583 0.00477605639 -0.0040921187 0.0418678522 0.00477605639 -0.0040921187 0.0418678522 0.00447927136 -0.00418537855 0.0414553583 0.00461616507 -0.00414236169 0.0413967781 0.00399436289 -0.0043377527 0.0443767123 0.00339480047 -0.00242973678 0.0443767123 0.00393326627 -0.00435695145 0.0443191566 0.00339480047 -0.00242973678 0.0443767123 0.00333370431 -0.00244893529 0.0443191566 0.00393326627 -0.00435695145 0.0443191566 0.00393326627 -0.00435695145 0.0443191566 0.00333370431 -0.00244893529 0.0443191566 0.00386767299 -0.00437756302 0.0442673191 0.00333370431 -0.00244893529 0.0443191566 0.0032681108 -0.00246954709 0.0442673191 0.00386767299 -0.00437756302 0.0442673191 0.00386767299 -0.00437756302 0.0442673191 0.0032681108 -0.00246954709 0.0442673191 0.0037980685 -0.00439943513 0.0442215912 0.0032681108 -0.00246954709 0.0442673191 0.00319850631 -0.00249141897 0.0442215912 0.0037980685 -0.00439943513 0.0442215912 0.0037980685 -0.00439943513 0.0442215912 0.00319850631 -0.00249141897 0.0442215912 0.00372496923 -0.00442240527 0.044182308 0.00319850631 -0.00249141897 0.0442215912 0.00312540703 -0.00251438934 0.044182308 0.00372496923 -0.00442240527 0.044182308 0.00372496923 -0.00442240527 0.044182308 0.00312540703 -0.00251438934 0.044182308 0.00364891696 -0.00444630347 0.0441497639 0.00312540703 -0.00251438934 0.044182308 0.00304935477 -0.00253828731 0.0441497639 0.00364891696 -0.00444630347 0.0441497639 0.00364891696 -0.00444630347 0.0441497639 0.00304935477 -0.00253828731 0.0441497639 0.00357047562 -0.00447095232 0.0441241972 0.00304935477 -0.00253828731 0.0441497639 0.00297091343 -0.00256293616 0.0441241972 0.00357047562 -0.00447095232 0.0441241972 0.00357047562 -0.00447095232 0.0441241972 0.00297091343 -0.00256293616 0.0441241972 0.00349022704 -0.00449616928 0.044105798 0.00297091343 -0.00256293616 0.0441241972 0.00289066485 -0.00258815312 0.044105798 0.00349022704 -0.00449616928 0.044105798 0.00349022704 -0.00449616928 0.044105798 0.00289066485 -0.00258815312 0.044105798 0.00340876589 -0.00452176714 0.0440947041 0.00289066485 -0.00258815312 0.044105798 0.0028092037 -0.00261375098 0.0440947041 0.00340876589 -0.00452176714 0.0440947041 0.00340876589 -0.00452176714 0.0440947041 0.0028092037 -0.00261375098 0.0440947041 0.00332669611 -0.00454755593 0.0440909974 0.0028092037 -0.00261375098 0.0440947041 0.00272713415 -0.00263954001 0.0440909974 0.00332669611 -0.00454755593 0.0440909974 0.006543166 -0.00144041551 0.0420909971 0.00714272819 -0.00334843155 0.0420909971 0.00646606646 -0.00146464282 0.0420909971 0.00714272819 -0.00334843155 0.0420909971 0.00706562866 -0.00337265874 0.0420909971 0.00646606646 -0.00146464282 0.0420909971 0.00714272819 -0.00334843155 0.0420909971 0.006543166 -0.00144041551 0.0420909971 0.00722479774 -0.00332264253 0.0420872904 0.006543166 -0.00144041551 0.0420909971 0.00662523555 -0.00141462649 0.0420872904 0.00722479774 -0.00332264253 0.0420872904 0.00722479774 -0.00332264253 0.0420872904 0.00662523555 -0.00141462649 0.0420872904 0.00730625913 -0.00329704466 0.0420761965 0.00662523555 -0.00141462649 0.0420872904 0.00670669693 -0.00138902874 0.0420761965 0.00730625913 -0.00329704466 0.0420761965 0.00730625913 -0.00329704466 0.0420761965 0.00670669693 -0.00138902874 0.0420761965 0.00738650793 -0.00327182794 0.042057801 0.00670669693 -0.00138902874 0.0420761965 0.00678694574 -0.0013638119 0.042057801 0.00738650793 -0.00327182794 0.042057801 0.00738650793 -0.00327182794 0.042057801 0.00678694574 -0.0013638119 0.042057801 0.00746494904 -0.00324717909 0.0420322344 0.00678694574 -0.0013638119 0.042057801 0.00686538685 -0.00133916305 0.0420322344 0.00746494904 -0.00324717909 0.0420322344 0.00746494904 -0.00324717909 0.0420322344 0.00686538685 -0.00133916305 0.0420322344 0.00754100131 -0.00322328089 0.0419996865 0.00686538685 -0.00133916305 0.0420322344 0.00694143912 -0.00131526496 0.0419996865 0.00754100131 -0.00322328089 0.0419996865 0.00754100131 -0.00322328089 0.0419996865 0.00694143912 -0.00131526496 0.0419996865 0.00761410035 -0.00320031075 0.041960407 0.00694143912 -0.00131526496 0.0419996865 0.00701453816 -0.00129229471 0.041960407 0.00761410035 -0.00320031075 0.041960407 0.00761410035 -0.00320031075 0.041960407 0.00701453816 -0.00129229471 0.041960407 0.00768370507 -0.00317843864 0.0419146791 0.00701453816 -0.00129229471 0.041960407 0.00708414288 -0.00127042271 0.0419146791 0.00768370507 -0.00317843864 0.0419146791 0.00768370507 -0.00317843864 0.0419146791 0.00708414288 -0.00127042271 0.0419146791 0.00774929859 -0.00315782707 0.0418628417 0.00708414288 -0.00127042271 0.0419146791 0.0071497364 -0.00124981103 0.0418628417 0.00774929859 -0.00315782707 0.0418628417 0.00774929859 -0.00315782707 0.0418628417 0.0071497364 -0.00124981103 0.0418628417 0.00781039475 -0.00313862856 0.041805286 0.0071497364 -0.00124981103 0.0418628417 0.00721083255 -0.00123061251 0.041805286 0.00781039475 -0.00313862856 0.041805286 0.00781039475 -0.00313862856 0.041805286 0.00721083255 -0.00123061251 0.041805286 0.00732180802 -0.0011957403 0.0417008139 0.00781039475 -0.00313862856 0.041805286 0.00732180802 -0.0011957403 0.0417008139 0.00792137068 -0.00310375635 0.0417008139 0.00732180802 -0.0011957403 0.0417008139 0.00744101359 -0.00115828193 0.041606836 0.00792137068 -0.00310375635 0.0417008139 0.00792137068 -0.00310375635 0.0417008139 0.00744101359 -0.00115828193 0.041606836 0.00804057624 -0.00306629785 0.041606836 0.00744101359 -0.00115828193 0.041606836 0.00756755006 -0.00111851993 0.0415240526 0.00804057624 -0.00306629785 0.041606836 0.00804057624 -0.00306629785 0.041606836 0.00756755006 -0.00111851993 0.0415240526 0.00816711225 -0.00302653597 0.0415240526 0.00756755006 -0.00111851993 0.0415240526 0.00770046236 -0.00107675453 0.0414530933 0.00816711225 -0.00302653597 0.0415240526 0.00816711225 -0.00302653597 0.0415240526 0.00770046236 -0.00107675453 0.0414530933 0.00830002502 -0.00298477057 0.0414530933 0.00770046236 -0.00107675453 0.0414530933 0.0078387484 -0.00103330053 0.0413944907 0.00830002502 -0.00298477057 0.0414530933 0.00830002502 -0.00298477057 0.0414530933 0.0078387484 -0.00103330053 0.0413944907 0.00843831059 -0.00294131646 0.0413944907 0.0078387484 -0.00103330053 0.0413944907 0.00798136368 -0.00098848599 0.0413486883 0.00843831059 -0.00294131646 0.0413944907 0.00843831059 -0.00294131646 0.0413944907 0.00798136368 -0.00098848599 0.0413486883 0.00858092587 -0.00289650192 0.0413486883 0.00798136368 -0.00098848599 0.0413486883 0.00812723301 -0.000942648971 0.0413160324 0.00858092587 -0.00289650192 0.0413486883 0.00858092587 -0.00289650192 0.0413486883 0.00812723301 -0.000942648971 0.0413160324 0.0087267952 -0.00285066501 0.0413160324 0.00812723301 -0.000942648971 0.0413160324 0.00827525556 -0.000896135345 0.0412967689 0.0087267952 -0.00285066501 0.0413160324 0.0087267952 -0.00285066501 0.0413160324 0.00827525556 -0.000896135345 0.0412967689 0.00887481775 -0.00280415127 0.0412967689 0.00827525556 -0.000896135345 0.0412967689 0.00842431467 -0.00084929599 0.0412910394 0.00887481775 -0.00280415127 0.0412967689 0.00887481775 -0.00280415127 0.0412967689 0.00842431467 -0.00084929599 0.0412910394 0.00902387686 -0.00275731203 0.0412910394 0.00842431467 -0.00084929599 0.0412910394 0.00857328624 -0.000802484341 0.0412988923 0.00902387686 -0.00275731203 0.0412910394 0.00902387686 -0.00275731203 0.0412910394 0.00857328624 -0.000802484341 0.0412988923 0.00917284843 -0.00271050027 0.0412988923 0.00857328624 -0.000802484341 0.0412988923 0.00872104522 -0.000756053545 0.0413202681 0.00917284843 -0.00271050027 0.0412988923 0.00917284843 -0.00271050027 0.0412988923 0.00872104522 -0.000756053545 0.0413202681 0.00932060648 -0.00266406965 0.0413202681 0.00872104522 -0.000756053545 0.0413202681 0.00886647683 -0.000710354012 0.0413550027 0.00932060648 -0.00266406965 0.0413202681 0.00932060648 -0.00266406965 0.0413202681 0.00886647683 -0.000710354012 0.0413550027 0.00946603902 -0.00261837011 0.0413550027 0.00886647683 -0.000710354012 0.0413550027 0.00900848489 -0.000665730448 0.0414028317 0.00946603902 -0.00261837011 0.0413550027 0.00946603902 -0.00261837011 0.0413550027 0.00900848489 -0.000665730448 0.0414028317 0.00960804708 -0.00257374649 0.0414028317 0.00900848489 -0.000665730448 0.0414028317 0.00914599653 -0.000622519525 0.0414634012 0.00960804708 -0.00257374649 0.0414028317 0.00960804708 -0.00257374649 0.0414028317 0.00914599653 -0.000622519525 0.0414634012 0.00974555872 -0.00253053545 0.0414634012 0.00914599653 -0.000622519525 0.0414634012 0.00927797612 -0.000581047323 0.0415362492 0.00974555872 -0.00253053545 0.0414634012 0.00974555872 -0.00253053545 0.0414634012 0.00927797612 -0.000581047323 0.0415362492 0.00987753831 -0.00248906342 0.0415362492 0.00927797612 -0.000581047323 0.0415362492 0.0094034262 -0.000541626709 0.0416208319 0.00987753831 -0.00248906342 0.0415362492 0.00987753831 -0.00248906342 0.0415362492 0.0094034262 -0.000541626709 0.0416208319 0.0100029884 -0.00244964287 0.0416208319 0.0094034262 -0.000541626709 0.0416208319 0.00952140056 -0.000504555122 0.0417165011 0.0100029884 -0.00244964287 0.0416208319 0.0100029884 -0.00244964287 0.0416208319 0.00952140056 -0.000504555122 0.0417165011 0.0101209627 -0.00241257111 0.0417165011 0.00952140056 -0.000504555122 0.0417165011 0.00963100977 -0.000470112253 0.0418225452 0.0101209627 -0.00241257111 0.0417165011 0.0101209627 -0.00241257111 0.0417165011 0.00963100977 -0.000470112253 0.0418225452 0.010230572 -0.00237812824 0.0418225452 0.00963100977 -0.000470112253 0.0418225452 0.00973142684 -0.000438557996 0.0419381559 0.010230572 -0.00237812824 0.0418225452 0.010230572 -0.00237812824 0.0418225452 0.00973142684 -0.000438557996 0.0419381559 0.010330989 -0.0023465741 0.0419381559 0.00973142684 -0.000438557996 0.0419381559 0.00982189272 -0.000410130364 0.0420624651 0.010330989 -0.0023465741 0.0419381559 0.010330989 -0.0023465741 0.0419381559 0.00982189272 -0.000410130364 0.0420624651 0.0104214549 -0.00231814641 0.0420624651 0.00982189272 -0.000410130364 0.0420624651 0.00990172662 -0.000385043881 0.0421945378 0.0104214549 -0.00231814641 0.0420624651 0.0104214549 -0.00231814641 0.0420624651 0.00990172662 -0.000385043881 0.0421945378 0.0105012888 -0.00229305984 0.0421945378 0.00990172662 -0.000385043881 0.0421945378 0.00997032598 -0.000363487838 0.0423333719 0.0105012888 -0.00229305984 0.0421945378 0.0105012888 -0.00229305984 0.0421945378 0.00997032598 -0.000363487838 0.0423333719 0.0105698882 -0.00227150391 0.0423333719 0.00997032598 -0.000363487838 0.0423333719 0.010027172 -0.000345624838 0.0424779207 0.0105698882 -0.00227150391 0.0423333719 0.0105698882 -0.00227150391 0.0423333719 0.010027172 -0.000345624838 0.0424779207 0.0106267342 -0.00225364091 0.0424779207 0.010027172 -0.000345624838 0.0424779207 0.0100718373 -0.000331589661 0.0426270962 0.0106267342 -0.00225364091 0.0424779207 0.0106267342 -0.00225364091 0.0424779207 0.0100718373 -0.000331589661 0.0426270962 0.0106713995 -0.00223960564 0.0426270962 0.0100718373 -0.000331589661 0.0426270962 0.0101039838 -0.000321488187 0.0427797735 0.0106713995 -0.00223960564 0.0426270962 0.0106713995 -0.00223960564 0.0426270962 0.0101039838 -0.000321488187 0.0427797735 0.010703546 -0.00222950429 0.0427797735 0.0101039838 -0.000321488187 0.0427797735 0.0101233684 -0.000315396668 0.0429347977 0.010703546 -0.00222950429 0.0427797735 0.010703546 -0.00222950429 0.0427797735 0.0101233684 -0.000315396668 0.0429347977 0.0107229305 -0.00222341274 0.0429347977 0.0101233684 -0.000315396668 0.0429347977 0.0101298466 -0.00031336103 0.0430909991 0.0107229305 -0.00222341274 0.0429347977 0.0107229305 -0.00222341274 0.0429347977 0.0101298466 -0.00031336103 0.0430909991 0.0107294088 -0.0022213771 0.0430909991 0.0107294088 -0.0022213771 0.0430909991 0.0101298466 -0.00031336103 0.0430909991 0.0101233684 -0.000315396668 0.0432472005 0.0107294088 -0.0022213771 0.0430909991 0.0101233684 -0.000315396668 0.0432472005 0.0107229305 -0.00222341274 0.0432472005 0.0101233684 -0.000315396668 0.0432472005 0.0101039838 -0.000321488187 0.0434022248 0.0107229305 -0.00222341274 0.0432472005 0.0107229305 -0.00222341274 0.0432472005 0.0101039838 -0.000321488187 0.0434022248 0.010703546 -0.00222950429 0.0434022248 0.0101039838 -0.000321488187 0.0434022248 0.0100718373 -0.000331589661 0.0435549021 0.010703546 -0.00222950429 0.0434022248 0.010703546 -0.00222950429 0.0434022248 0.0100718373 -0.000331589661 0.0435549021 0.0106713995 -0.00223960564 0.0435549021 0.0100718373 -0.000331589661 0.0435549021 0.010027172 -0.000345624838 0.0437040776 0.0106713995 -0.00223960564 0.0435549021 0.0106713995 -0.00223960564 0.0435549021 0.010027172 -0.000345624838 0.0437040776 0.0106267342 -0.00225364091 0.0437040776 0.010027172 -0.000345624838 0.0437040776 0.00997032598 -0.000363487838 0.0438486263 0.0106267342 -0.00225364091 0.0437040776 0.0106267342 -0.00225364091 0.0437040776 0.00997032598 -0.000363487838 0.0438486263 0.0105698882 -0.00227150391 0.0438486263 0.00997032598 -0.000363487838 0.0438486263 0.00990172662 -0.000385043881 0.0439874604 0.0105698882 -0.00227150391 0.0438486263 0.0105698882 -0.00227150391 0.0438486263 0.00990172662 -0.000385043881 0.0439874604 0.0105012888 -0.00229305984 0.0439874604 0.00990172662 -0.000385043881 0.0439874604 0.00982189272 -0.000410130364 0.0441195332 0.0105012888 -0.00229305984 0.0439874604 0.0105012888 -0.00229305984 0.0439874604 0.00982189272 -0.000410130364 0.0441195332 0.0104214549 -0.00231814641 0.0441195332 0.00982189272 -0.000410130364 0.0441195332 0.00973142684 -0.000438557996 0.0442438424 0.0104214549 -0.00231814641 0.0441195332 0.0104214549 -0.00231814641 0.0441195332 0.00973142684 -0.000438557996 0.0442438424 0.010330989 -0.0023465741 0.0442438424 0.00973142684 -0.000438557996 0.0442438424 0.00963100977 -0.000470112253 0.044359453 0.010330989 -0.0023465741 0.0442438424 0.010330989 -0.0023465741 0.0442438424 0.00963100977 -0.000470112253 0.044359453 0.010230572 -0.00237812824 0.044359453 0.00963100977 -0.000470112253 0.044359453 0.00952140056 -0.000504555122 0.0444654971 0.010230572 -0.00237812824 0.044359453 0.010230572 -0.00237812824 0.044359453 0.00952140056 -0.000504555122 0.0444654971 0.0101209627 -0.00241257111 0.0444654971 0.00952140056 -0.000504555122 0.0444654971 0.0094034262 -0.000541626709 0.0445611663 0.0101209627 -0.00241257111 0.0444654971 0.0101209627 -0.00241257111 0.0444654971 0.0094034262 -0.000541626709 0.0445611663 0.0100029884 -0.00244964287 0.0445611663 0.0094034262 -0.000541626709 0.0445611663 0.00927797612 -0.000581047323 0.0446457453 0.0100029884 -0.00244964287 0.0445611663 0.0100029884 -0.00244964287 0.0445611663 0.00927797612 -0.000581047323 0.0446457453 0.00987753831 -0.00248906342 0.0446457453 0.00927797612 -0.000581047323 0.0446457453 0.00914599653 -0.000622519525 0.0447185971 0.00987753831 -0.00248906342 0.0446457453 0.00987753831 -0.00248906342 0.0446457453 0.00914599653 -0.000622519525 0.0447185971 0.00974555872 -0.00253053545 0.0447185971 0.00914599653 -0.000622519525 0.0447185971 0.00900848489 -0.000665730448 0.0447791629 0.00974555872 -0.00253053545 0.0447185971 0.00974555872 -0.00253053545 0.0447185971 0.00900848489 -0.000665730448 0.0447791629 0.00960804708 -0.00257374649 0.0447791629 0.00900848489 -0.000665730448 0.0447791629 0.00886647683 -0.000710354012 0.0448269956 0.00960804708 -0.00257374649 0.0447791629 0.00960804708 -0.00257374649 0.0447791629 0.00886647683 -0.000710354012 0.0448269956 0.00946603902 -0.00261837011 0.0448269956 0.00886647683 -0.000710354012 0.0448269956 0.00872104522 -0.000756053545 0.0448617302 0.00946603902 -0.00261837011 0.0448269956 0.00946603902 -0.00261837011 0.0448269956 0.00872104522 -0.000756053545 0.0448617302 0.00932060648 -0.00266406965 0.0448617302 0.00872104522 -0.000756053545 0.0448617302 0.00857328624 -0.000802484341 0.0448831059 0.00932060648 -0.00266406965 0.0448617302 0.00932060648 -0.00266406965 0.0448617302 0.00857328624 -0.000802484341 0.0448831059 0.00917284843 -0.00271050027 0.0448831059 0.00857328624 -0.000802484341 0.0448831059 0.00842431467 -0.00084929599 0.0448909588 0.00917284843 -0.00271050027 0.0448831059 0.00917284843 -0.00271050027 0.0448831059 0.00842431467 -0.00084929599 0.0448909588 0.00902387686 -0.00275731203 0.0448909588 0.00842431467 -0.00084929599 0.0448909588 0.00827525556 -0.000896135345 0.0448852293 0.00902387686 -0.00275731203 0.0448909588 0.00902387686 -0.00275731203 0.0448909588 0.00827525556 -0.000896135345 0.0448852293 0.00887481775 -0.00280415127 0.0448852293 0.00827525556 -0.000896135345 0.0448852293 0.00812723301 -0.000942648971 0.0448659658 0.00887481775 -0.00280415127 0.0448852293 0.00887481775 -0.00280415127 0.0448852293 0.00812723301 -0.000942648971 0.0448659658 0.0087267952 -0.00285066501 0.0448659658 0.00812723301 -0.000942648971 0.0448659658 0.00798136368 -0.00098848599 0.0448333062 0.0087267952 -0.00285066501 0.0448659658 0.0087267952 -0.00285066501 0.0448659658 0.00798136368 -0.00098848599 0.0448333062 0.00858092587 -0.00289650192 0.0448333062 0.00798136368 -0.00098848599 0.0448333062 0.0078387484 -0.00103330053 0.0447875075 0.00858092587 -0.00289650192 0.0448333062 0.00858092587 -0.00289650192 0.0448333062 0.0078387484 -0.00103330053 0.0447875075 0.00843831059 -0.00294131646 0.0447875075 0.0078387484 -0.00103330053 0.0447875075 0.00770046236 -0.00107675453 0.044728905 0.00843831059 -0.00294131646 0.0447875075 0.00843831059 -0.00294131646 0.0447875075 0.00770046236 -0.00107675453 0.044728905 0.00830002502 -0.00298477057 0.044728905 0.00770046236 -0.00107675453 0.044728905 0.00756755006 -0.00111851993 0.0446579456 0.00830002502 -0.00298477057 0.044728905 0.00830002502 -0.00298477057 0.044728905 0.00756755006 -0.00111851993 0.0446579456 0.00816711225 -0.00302653597 0.0446579456 0.00756755006 -0.00111851993 0.0446579456 0.00744101359 -0.00115828193 0.0445751622 0.00816711225 -0.00302653597 0.0446579456 0.00816711225 -0.00302653597 0.0446579456 0.00744101359 -0.00115828193 0.0445751622 0.00804057624 -0.00306629785 0.0445751622 0.00744101359 -0.00115828193 0.0445751622 0.00732180802 -0.0011957403 0.0444811806 0.00804057624 -0.00306629785 0.0445751622 0.00804057624 -0.00306629785 0.0445751622 0.00732180802 -0.0011957403 0.0444811806 0.00792137068 -0.00310375635 0.0444811806 0.00732180802 -0.0011957403 0.0444811806 0.00721083255 -0.00123061251 0.0443767123 0.00792137068 -0.00310375635 0.0444811806 0.00792137068 -0.00310375635 0.0444811806 0.00721083255 -0.00123061251 0.0443767123 0.00781039475 -0.00313862856 0.0443767123 -0.00231995783 -0.00422550412 0.0415909998 -0.00276962947 -0.00279449229 0.0415909998 -0.00276781432 -0.00279392186 0.0415474214 -0.00231995783 -0.00422550412 0.0415909998 -0.00276781432 -0.00279392186 0.0415474214 -0.00231814268 -0.00422493368 0.0415474214 -0.00276781432 -0.00279392186 0.0415474214 -0.00276238262 -0.00279221497 0.0415041745 -0.00231814268 -0.00422493368 0.0415474214 -0.00231814268 -0.00422493368 0.0415474214 -0.00276238262 -0.00279221497 0.0415041745 -0.00231271097 -0.00422322704 0.0415041745 -0.00276238262 -0.00279221497 0.0415041745 -0.00275337603 -0.00278938469 0.0414615907 -0.00231271097 -0.00422322704 0.0415041745 -0.00231271097 -0.00422322704 0.0415041745 -0.00275337603 -0.00278938469 0.0414615907 -0.00230370439 -0.00422039675 0.0414615907 -0.00275337603 -0.00278938469 0.0414615907 -0.00274086255 -0.00278545264 0.0414199904 -0.00230370439 -0.00422039675 0.0414615907 -0.00230370439 -0.00422039675 0.0414615907 -0.00274086255 -0.00278545264 0.0414199904 -0.0022911909 -0.0042164647 0.0414199904 -0.00274086255 -0.00278545264 0.0414199904 -0.00272493786 -0.00278044865 0.0413796902 -0.0022911909 -0.0042164647 0.0414199904 -0.0022911909 -0.0042164647 0.0414199904 -0.00272493786 -0.00278044865 0.0413796902 -0.00227526622 -0.00421146071 0.0413796902 -0.00272493786 -0.00278044865 0.0413796902 -0.00270572305 -0.00277441065 0.0413409993 -0.00227526622 -0.00421146071 0.0413796902 -0.00227526622 -0.00421146071 0.0413796902 -0.00270572305 -0.00277441065 0.0413409993 -0.0022560514 -0.00420542248 0.0413409993 -0.00270572305 -0.00277441065 0.0413409993 -0.00268336432 -0.00276738475 0.0413042121 -0.0022560514 -0.00420542248 0.0413409993 -0.0022560514 -0.00420542248 0.0413409993 -0.00268336432 -0.00276738475 0.0413042121 -0.00223369268 -0.00419839658 0.0413042121 -0.00268336432 -0.00276738475 0.0413042121 -0.00265803165 -0.0027594245 0.0412696041 -0.00223369268 -0.00419839658 0.0413042121 -0.00223369268 -0.00419839658 0.0413042121 -0.00265803165 -0.0027594245 0.0412696041 -0.00220836001 -0.00419043656 0.0412696041 -0.00265803165 -0.0027594245 0.0412696041 -0.00262991828 -0.00275059021 0.0412374437 -0.00220836001 -0.00419043656 0.0412696041 -0.00220836001 -0.00419043656 0.0412696041 -0.00262991828 -0.00275059021 0.0412374437 -0.00218024664 -0.0041816025 0.0412374437 -0.00262991828 -0.00275059021 0.0412374437 -0.00259923772 -0.00274094939 0.0412079766 -0.00218024664 -0.0041816025 0.0412374437 -0.00218024664 -0.0041816025 0.0412374437 -0.00259923772 -0.00274094939 0.0412079766 -0.00214956608 -0.00417196145 0.0412079766 -0.00259923772 -0.00274094939 0.0412079766 -0.00256622373 -0.00273057539 0.0411814228 -0.00214956608 -0.00417196145 0.0412079766 -0.00214956608 -0.00417196145 0.0412079766 -0.00256622373 -0.00273057539 0.0411814228 -0.00211655209 -0.00416158745 0.0411814228 -0.00256622373 -0.00273057539 0.0411814228 -0.00253112754 -0.0027195469 0.041157987 -0.00211655209 -0.00416158745 0.0411814228 -0.00211655209 -0.00416158745 0.0411814228 -0.00253112754 -0.0027195469 0.041157987 -0.0020814559 -0.00415055873 0.041157987 -0.00253112754 -0.0027195469 0.041157987 -0.00249421597 -0.00270794821 0.0411378443 -0.0020814559 -0.00415055873 0.041157987 -0.0020814559 -0.00415055873 0.041157987 -0.00249421597 -0.00270794821 0.0411378443 -0.00204454432 -0.00413896004 0.0411378443 -0.00249421597 -0.00270794821 0.0411378443 -0.0024557705 -0.00269586733 0.0411211513 -0.00204454432 -0.00413896004 0.0411378443 -0.00204454432 -0.00413896004 0.0411378443 -0.0024557705 -0.00269586733 0.0411211513 -0.00200609886 -0.00412687939 0.0411211513 -0.0024557705 -0.00269586733 0.0411211513 -0.00241608312 -0.00268339622 0.0411080346 -0.00200609886 -0.00412687939 0.0411211513 -0.00200609886 -0.00412687939 0.0411211513 -0.00241608312 -0.00268339622 0.0411080346 -0.00196641148 -0.00411440805 0.0411080346 -0.00241608312 -0.00268339622 0.0411080346 -0.00237545627 -0.00267062988 0.0410985947 -0.00196641148 -0.00411440805 0.0411080346 -0.00196641148 -0.00411440805 0.0411080346 -0.00237545627 -0.00267062988 0.0410985947 -0.00192578463 -0.00410164194 0.0410985947 -0.00237545627 -0.00267062988 0.0410985947 -0.00233419915 -0.00265766541 0.0410929024 -0.00192578463 -0.00410164194 0.0410985947 -0.00192578463 -0.00410164194 0.0410985947 -0.00233419915 -0.00265766541 0.0410929024 -0.00188452739 -0.00408867747 0.0410929024 -0.00233419915 -0.00265766541 0.0410929024 -0.00229262537 -0.00264460174 0.0410909988 -0.00188452739 -0.00408867747 0.0410929024 -0.00188452739 -0.00408867747 0.0410929024 -0.00229262537 -0.00264460174 0.0410909988 -0.00184295385 -0.0040756138 0.0410909988 -0.00184295385 -0.0040756138 0.0450909995 -0.00229262537 -0.00264460174 0.0450909995 -0.00233419915 -0.00265766541 0.0450890958 -0.00184295385 -0.0040756138 0.0450909995 -0.00233419915 -0.00265766541 0.0450890958 -0.00188452739 -0.00408867747 0.0450890958 -0.00233419915 -0.00265766541 0.0450890958 -0.00237545627 -0.00267062988 0.0450834036 -0.00188452739 -0.00408867747 0.0450890958 -0.00188452739 -0.00408867747 0.0450890958 -0.00237545627 -0.00267062988 0.0450834036 -0.00192578463 -0.00410164194 0.0450834036 -0.00237545627 -0.00267062988 0.0450834036 -0.00241608312 -0.00268339622 0.04507396 -0.00192578463 -0.00410164194 0.0450834036 -0.00192578463 -0.00410164194 0.0450834036 -0.00241608312 -0.00268339622 0.04507396 -0.00196641148 -0.00411440805 0.04507396 -0.00241608312 -0.00268339622 0.04507396 -0.0024557705 -0.00269586733 0.0450608432 -0.00196641148 -0.00411440805 0.04507396 -0.00196641148 -0.00411440805 0.04507396 -0.0024557705 -0.00269586733 0.0450608432 -0.00200609886 -0.00412687939 0.0450608432 -0.0024557705 -0.00269586733 0.0450608432 -0.00249421597 -0.00270794821 0.0450441539 -0.00200609886 -0.00412687939 0.0450608432 -0.00200609886 -0.00412687939 0.0450608432 -0.00249421597 -0.00270794821 0.0450441539 -0.00204454432 -0.00413896004 0.0450441539 -0.00249421597 -0.00270794821 0.0450441539 -0.00253112754 -0.0027195469 0.0450240113 -0.00204454432 -0.00413896004 0.0450441539 -0.00204454432 -0.00413896004 0.0450441539 -0.00253112754 -0.0027195469 0.0450240113 -0.0020814559 -0.00415055873 0.0450240113 -0.00253112754 -0.0027195469 0.0450240113 -0.00256622373 -0.00273057539 0.0450005755 -0.0020814559 -0.00415055873 0.0450240113 -0.0020814559 -0.00415055873 0.0450240113 -0.00256622373 -0.00273057539 0.0450005755 -0.00211655209 -0.00416158745 0.0450005755 -0.00256622373 -0.00273057539 0.0450005755 -0.00259923772 -0.00274094939 0.0449740216 -0.00211655209 -0.00416158745 0.0450005755 -0.00211655209 -0.00416158745 0.0450005755 -0.00259923772 -0.00274094939 0.0449740216 -0.00214956608 -0.00417196145 0.0449740216 -0.00259923772 -0.00274094939 0.0449740216 -0.00262991828 -0.00275059021 0.0449445508 -0.00214956608 -0.00417196145 0.0449740216 -0.00214956608 -0.00417196145 0.0449740216 -0.00262991828 -0.00275059021 0.0449445508 -0.00218024664 -0.0041816025 0.0449445508 -0.00262991828 -0.00275059021 0.0449445508 -0.00265803165 -0.0027594245 0.0449123941 -0.00218024664 -0.0041816025 0.0449445508 -0.00218024664 -0.0041816025 0.0449445508 -0.00265803165 -0.0027594245 0.0449123941 -0.00220836001 -0.00419043656 0.0449123941 -0.00265803165 -0.0027594245 0.0449123941 -0.00268336432 -0.00276738475 0.0448777862 -0.00220836001 -0.00419043656 0.0449123941 -0.00220836001 -0.00419043656 0.0449123941 -0.00268336432 -0.00276738475 0.0448777862 -0.00223369268 -0.00419839658 0.0448777862 -0.00268336432 -0.00276738475 0.0448777862 -0.00270572305 -0.00277441065 0.0448409989 -0.00223369268 -0.00419839658 0.0448777862 -0.00223369268 -0.00419839658 0.0448777862 -0.00270572305 -0.00277441065 0.0448409989 -0.0022560514 -0.00420542248 0.0448409989 -0.00270572305 -0.00277441065 0.0448409989 -0.00272493786 -0.00278044865 0.0448023081 -0.0022560514 -0.00420542248 0.0448409989 -0.0022560514 -0.00420542248 0.0448409989 -0.00272493786 -0.00278044865 0.0448023081 -0.00227526622 -0.00421146071 0.0448023081 -0.00272493786 -0.00278044865 0.0448023081 -0.00274086255 -0.00278545264 0.0447620079 -0.00227526622 -0.00421146071 0.0448023081 -0.00227526622 -0.00421146071 0.0448023081 -0.00274086255 -0.00278545264 0.0447620079 -0.0022911909 -0.0042164647 0.0447620079 -0.00274086255 -0.00278545264 0.0447620079 -0.00275337603 -0.00278938469 0.0447204076 -0.0022911909 -0.0042164647 0.0447620079 -0.0022911909 -0.0042164647 0.0447620079 -0.00275337603 -0.00278938469 0.0447204076 -0.00230370439 -0.00422039675 0.0447204076 -0.00275337603 -0.00278938469 0.0447204076 -0.00276238262 -0.00279221497 0.0446778238 -0.00230370439 -0.00422039675 0.0447204076 -0.00230370439 -0.00422039675 0.0447204076 -0.00276238262 -0.00279221497 0.0446778238 -0.00231271097 -0.00422322704 0.0446778238 -0.00276238262 -0.00279221497 0.0446778238 -0.00276781432 -0.00279392186 0.0446345769 -0.00231271097 -0.00422322704 0.0446778238 -0.00231271097 -0.00422322704 0.0446778238 -0.00276781432 -0.00279392186 0.0446345769 -0.00231814268 -0.00422493368 0.0446345769 -0.00276781432 -0.00279392186 0.0446345769 -0.00276962947 -0.00279449229 0.0445909984 -0.00231814268 -0.00422493368 0.0446345769 -0.00231814268 -0.00422493368 0.0446345769 -0.00276962947 -0.00279449229 0.0445909984 -0.00231995783 -0.00422550412 0.0445909984 -0.00148171862 -0.0023897877 0.0410909988 -0.00148171862 -0.0023897877 0.0450909995 -0.00180129509 -0.00137278368 0.0410909988 -0.00148171862 -0.0023897877 0.0450909995 -0.00180129509 -0.00137278368 0.0450909995 -0.00180129509 -0.00137278368 0.0410909988 -0.00180129509 -0.00137278368 0.0410909988 -0.00180129509 -0.00137278368 0.0450909995 -0.00208749762 -0.00146271801 0.0410909988 -0.00180129509 -0.00137278368 0.0450909995 -0.00208749762 -0.00146271801 0.0450909995 -0.00208749762 -0.00146271801 0.0410909988 -0.00246363436 -0.00126644992 0.0450909995 -0.00246363436 -0.00126644992 0.0410909988 -0.00245470693 -0.00129105197 0.0410909988 -0.00246363436 -0.00126644992 0.0450909995 -0.00245470693 -0.00129105197 0.0410909988 -0.00245470693 -0.00129105197 0.0450909995 -0.00245470693 -0.00129105197 0.0410909988 -0.00244366936 -0.00131478219 0.0410909988 -0.00245470693 -0.00129105197 0.0450909995 -0.00245470693 -0.00129105197 0.0450909995 -0.00244366936 -0.00131478219 0.0410909988 -0.00244366936 -0.00131478219 0.0450909995 -0.00244366936 -0.00131478219 0.0410909988 -0.00243060547 -0.00133746013 0.0410909988 -0.00244366936 -0.00131478219 0.0450909995 -0.00244366936 -0.00131478219 0.0450909995 -0.00243060547 -0.00133746013 0.0410909988 -0.00243060547 -0.00133746013 0.0450909995 -0.00243060547 -0.00133746013 0.0410909988 -0.0024156149 -0.00135891326 0.0410909988 -0.00243060547 -0.00133746013 0.0450909995 -0.00243060547 -0.00133746013 0.0450909995 -0.0024156149 -0.00135891326 0.0410909988 -0.0024156149 -0.00135891326 0.0450909995 -0.0024156149 -0.00135891326 0.0410909988 -0.00239881151 -0.00137897814 0.0410909988 -0.0024156149 -0.00135891326 0.0450909995 -0.0024156149 -0.00135891326 0.0450909995 -0.00239881151 -0.00137897814 0.0410909988 -0.00239881151 -0.00137897814 0.0450909995 -0.00239881151 -0.00137897814 0.0410909988 -0.00238032336 -0.00139750226 0.0410909988 -0.00239881151 -0.00137897814 0.0450909995 -0.00239881151 -0.00137897814 0.0450909995 -0.00238032336 -0.00139750226 0.0410909988 -0.00238032336 -0.00139750226 0.0450909995 -0.00238032336 -0.00139750226 0.0410909988 -0.00236029085 -0.00141434453 0.0410909988 -0.00238032336 -0.00139750226 0.0450909995 -0.00238032336 -0.00139750226 0.0450909995 -0.00236029085 -0.00141434453 0.0410909988 -0.00236029085 -0.00141434453 0.0450909995 -0.00236029085 -0.00141434453 0.0410909988 -0.00233886694 -0.00142937666 0.0410909988 -0.00236029085 -0.00141434453 0.0450909995 -0.00236029085 -0.00141434453 0.0450909995 -0.00233886694 -0.00142937666 0.0410909988 -0.00233886694 -0.00142937666 0.0450909995 -0.00233886694 -0.00142937666 0.0410909988 -0.00231621438 -0.00144248444 0.0410909988 -0.00233886694 -0.00142937666 0.0450909995 -0.00233886694 -0.00142937666 0.0450909995 -0.00231621438 -0.00144248444 0.0410909988 -0.00231621438 -0.00144248444 0.0450909995 -0.00231621438 -0.00144248444 0.0410909988 -0.00229250547 -0.00145356811 0.0410909988 -0.00231621438 -0.00144248444 0.0450909995 -0.00231621438 -0.00144248444 0.0450909995 -0.00229250547 -0.00145356811 0.0410909988 -0.00229250547 -0.00145356811 0.0450909995 -0.00229250547 -0.00145356811 0.0410909988 -0.00226792088 -0.00146254315 0.0410909988 -0.00229250547 -0.00145356811 0.0450909995 -0.00229250547 -0.00145356811 0.0450909995 -0.00226792088 -0.00146254315 0.0410909988 -0.00226792088 -0.00146254315 0.0450909995 -0.00226792088 -0.00146254315 0.0410909988 -0.00224264758 -0.00146934134 0.0410909988 -0.00226792088 -0.00146254315 0.0450909995 -0.00226792088 -0.00146254315 0.0450909995 -0.00224264758 -0.00146934134 0.0410909988 -0.00224264758 -0.00146934134 0.0450909995 -0.00224264758 -0.00146934134 0.0410909988 -0.00221687811 -0.00147391099 0.0410909988 -0.00224264758 -0.00146934134 0.0450909995 -0.00224264758 -0.00146934134 0.0450909995 -0.00221687811 -0.00147391099 0.0410909988 -0.00221687811 -0.00147391099 0.0450909995 -0.00221687811 -0.00147391099 0.0410909988 -0.0021908083 -0.00147621729 0.0410909988 -0.00221687811 -0.00147391099 0.0450909995 -0.00221687811 -0.00147391099 0.0450909995 -0.0021908083 -0.00147621729 0.0410909988 -0.0021908083 -0.00147621729 0.0450909995 -0.0021908083 -0.00147621729 0.0410909988 -0.00216463651 -0.00147624267 0.0410909988 -0.0021908083 -0.00147621729 0.0450909995 -0.0021908083 -0.00147621729 0.0450909995 -0.00216463651 -0.00147624267 0.0410909988 -0.00216463651 -0.00147624267 0.0450909995 -0.00216463651 -0.00147624267 0.0410909988 -0.00213856227 -0.00147398689 0.0410909988 -0.00216463651 -0.00147624267 0.0450909995 -0.00216463651 -0.00147624267 0.0450909995 -0.00213856227 -0.00147398689 0.0410909988 -0.00213856227 -0.00147398689 0.0450909995 -0.00213856227 -0.00147398689 0.0410909988 -0.00211278396 -0.0014694673 0.0410909988 -0.00213856227 -0.00147398689 0.0450909995 -0.00213856227 -0.00147398689 0.0450909995 -0.00211278396 -0.0014694673 0.0410909988 -0.00211278396 -0.0014694673 0.0450909995 -0.00211278396 -0.0014694673 0.0410909988 -0.00208749762 -0.00146271801 0.0410909988 -0.00211278396 -0.0014694673 0.0450909995 -0.00211278396 -0.0014694673 0.0450909995 -0.00208749762 -0.00146271801 0.0410909988 -0.00208749762 -0.00146271801 0.0450909995 -0.00264350302 -0.000694045157 0.0450909995 -0.00264350302 -0.000694045157 0.0410909988 -0.00246363436 -0.00126644992 0.0450909995 -0.00264350302 -0.000694045157 0.0410909988 -0.00246363436 -0.00126644992 0.0410909988 -0.00246363436 -0.00126644992 0.0450909995 -0.00264350302 -0.000694045157 0.0410909988 -0.00264350302 -0.000694045157 0.0450909995 -0.00265025208 -0.000668758759 0.0450909995 -0.00264350302 -0.000694045157 0.0410909988 -0.00265025208 -0.000668758759 0.0450909995 -0.00265025208 -0.000668758759 0.0410909988 -0.00265025208 -0.000668758759 0.0450909995 -0.00265477179 -0.000642980332 0.0450909995 -0.00265025208 -0.000668758759 0.0410909988 -0.00265025208 -0.000668758759 0.0410909988 -0.00265477179 -0.000642980332 0.0450909995 -0.00265477179 -0.000642980332 0.0410909988 -0.00265477179 -0.000642980332 0.0450909995 -0.00265702745 -0.000616906094 0.0450909995 -0.00265477179 -0.000642980332 0.0410909988 -0.00265477179 -0.000642980332 0.0410909988 -0.00265702745 -0.000616906094 0.0450909995 -0.00265702745 -0.000616906094 0.0410909988 -0.00265702745 -0.000616906094 0.0450909995 -0.00265700207 -0.000590734475 0.0450909995 -0.00265702745 -0.000616906094 0.0410909988 -0.00265702745 -0.000616906094 0.0410909988 -0.00265700207 -0.000590734475 0.0450909995 -0.00265700207 -0.000590734475 0.0410909988 -0.00265700207 -0.000590734475 0.0450909995 -0.00265469588 -0.00056466466 0.0450909995 -0.00265700207 -0.000590734475 0.0410909988 -0.00265700207 -0.000590734475 0.0410909988 -0.00265469588 -0.00056466466 0.0450909995 -0.00265469588 -0.00056466466 0.0410909988 -0.00265469588 -0.00056466466 0.0450909995 -0.00265012635 -0.000538895023 0.0450909995 -0.00265469588 -0.00056466466 0.0410909988 -0.00265469588 -0.00056466466 0.0410909988 -0.00265012635 -0.000538895023 0.0450909995 -0.00265012635 -0.000538895023 0.0410909988 -0.00265012635 -0.000538895023 0.0450909995 -0.00264332793 -0.000513621781 0.0450909995 -0.00265012635 -0.000538895023 0.0410909988 -0.00265012635 -0.000538895023 0.0410909988 -0.00264332793 -0.000513621781 0.0450909995 -0.00264332793 -0.000513621781 0.0410909988 -0.00264332793 -0.000513621781 0.0450909995 -0.002634353 -0.000489037135 0.0450909995 -0.00264332793 -0.000513621781 0.0410909988 -0.00264332793 -0.000513621781 0.0410909988 -0.002634353 -0.000489037135 0.0450909995 -0.002634353 -0.000489037135 0.0410909988 -0.002634353 -0.000489037135 0.0450909995 -0.00262326933 -0.000465328339 0.0450909995 -0.002634353 -0.000489037135 0.0410909988 -0.002634353 -0.000489037135 0.0410909988 -0.00262326933 -0.000465328339 0.0450909995 -0.00262326933 -0.000465328339 0.0410909988 -0.00262326933 -0.000465328339 0.0450909995 -0.00261016167 -0.000442675722 0.0450909995 -0.00262326933 -0.000465328339 0.0410909988 -0.00262326933 -0.000465328339 0.0410909988 -0.00261016167 -0.000442675722 0.0450909995 -0.00261016167 -0.000442675722 0.0410909988 -0.00261016167 -0.000442675722 0.0450909995 -0.00259512942 -0.000421251752 0.0450909995 -0.00261016167 -0.000442675722 0.0410909988 -0.00261016167 -0.000442675722 0.0410909988 -0.00259512942 -0.000421251752 0.0450909995 -0.00259512942 -0.000421251752 0.0410909988 -0.00259512942 -0.000421251752 0.0450909995 -0.00257828715 -0.00040121944 0.0450909995 -0.00259512942 -0.000421251752 0.0410909988 -0.00259512942 -0.000421251752 0.0410909988 -0.00257828715 -0.00040121944 0.0450909995 -0.00257828715 -0.00040121944 0.0410909988 -0.00257828715 -0.00040121944 0.0450909995 -0.00255976315 -0.000382731232 0.0450909995 -0.00257828715 -0.00040121944 0.0410909988 -0.00257828715 -0.00040121944 0.0410909988 -0.00255976315 -0.000382731232 0.0450909995 -0.00255976315 -0.000382731232 0.0410909988 -0.00255976315 -0.000382731232 0.0450909995 -0.00253969803 -0.000365927874 0.0450909995 -0.00255976315 -0.000382731232 0.0410909988 -0.00255976315 -0.000382731232 0.0410909988 -0.00253969803 -0.000365927874 0.0450909995 -0.00253969803 -0.000365927874 0.0410909988 -0.00253969803 -0.000365927874 0.0450909995 -0.00251824502 -0.000350937247 0.0450909995 -0.00253969803 -0.000365927874 0.0410909988 -0.00253969803 -0.000365927874 0.0410909988 -0.00251824502 -0.000350937247 0.0450909995 -0.00251824502 -0.000350937247 0.0410909988 -0.00251824502 -0.000350937247 0.0450909995 -0.00249556708 -0.000337873411 0.0450909995 -0.00251824502 -0.000350937247 0.0410909988 -0.00251824502 -0.000350937247 0.0410909988 -0.00249556708 -0.000337873411 0.0450909995 -0.00249556708 -0.000337873411 0.0410909988 -0.00249556708 -0.000337873411 0.0450909995 -0.00247183675 -0.000326835812 0.0450909995 -0.00249556708 -0.000337873411 0.0410909988 -0.00249556708 -0.000337873411 0.0410909988 -0.00247183675 -0.000326835812 0.0450909995 -0.00247183675 -0.000326835812 0.0410909988 -0.00247183675 -0.000326835812 0.0450909995 -0.00244723493 -0.000317908416 0.0450909995 -0.00247183675 -0.000326835812 0.0410909988 -0.00247183675 -0.000326835812 0.0410909988 -0.00244723493 -0.000317908416 0.0450909995 -0.00244723493 -0.000317908416 0.0410909988 -0.00216103252 -0.000227974087 0.0450909995 -0.00216103252 -0.000227974087 0.0410909988 -0.00244723493 -0.000317908416 0.0450909995 -0.00216103252 -0.000227974087 0.0410909988 -0.00244723493 -0.000317908416 0.0410909988 -0.00244723493 -0.000317908416 0.0450909995 0.00162240851 8.5482985e-05 0.0450909995 0.00305285724 0.000413057045 0.0450909995 0.00304761878 0.000411740446 0.0441604331 0.00304761878 0.000411740446 0.0441604331 0.00304114423 0.000409985369 0.0441557691 0.00162240851 8.5482985e-05 0.0450909995 0.00304114423 0.000409985369 0.0441557691 0.00296519301 0.000389567722 0.044096157 0.00162240851 8.5482985e-05 0.0450909995 0.00162240851 8.5482985e-05 0.0450909995 0.00296519301 0.000389567722 0.044096157 0.00296109333 0.00038847496 0.0440926664 0.00296109333 0.00038847496 0.0440926664 0.00289030373 0.000369773945 0.0440273583 0.00162240851 8.5482985e-05 0.0450909995 0.00289030373 0.000369773945 0.0440273583 0.00288042403 0.000367191213 0.0440174304 0.00162240851 8.5482985e-05 0.0450909995 0.00162240851 8.5482985e-05 0.0450909995 0.00288042403 0.000367191213 0.0440174304 0.00282172137 0.000351955445 0.0439536236 0.00282172137 0.000351955445 0.0439536236 0.00280623883 0.000347965542 0.0439352803 0.00162240851 8.5482985e-05 0.0450909995 0.00280623883 0.000347965542 0.0439352803 0.00275941007 0.000335981342 0.0438752547 0.00162240851 8.5482985e-05 0.0450909995 0.00162240851 8.5482985e-05 0.0450909995 0.00275941007 0.000335981342 0.0438752547 0.00273912493 0.000330833631 0.0438468345 0.00273912493 0.000330833631 0.0438468345 0.00270333607 0.000321825151 0.0437924229 0.00162240851 8.5482985e-05 0.0450909995 0.00270333607 0.000321825151 0.0437924229 0.00267958851 0.000315904326 0.0437527522 0.00162240851 8.5482985e-05 0.0450909995 0.00162240851 8.5482985e-05 0.0450909995 0.00267958851 0.000315904326 0.0437527522 0.00265400088 0.0003095789 0.0437061042 0.00265400088 0.0003095789 0.0437061042 0.00262809312 0.000303229637 0.043653734 0.00162240851 8.5482985e-05 0.0450909995 0.00262809312 0.000303229637 0.043653734 0.00260748621 0.000298206927 0.0436073504 0.00162240851 8.5482985e-05 0.0450909995 0.00162240851 8.5482985e-05 0.0450909995 0.00260748621 0.000298206927 0.0436073504 0.00258507207 0.000292743935 0.0435505174 0.00258507207 0.000292743935 0.0435505174 0.00257248804 0.000289683579 0.0435147434 0.00162240851 8.5482985e-05 0.0450909995 0.00257248804 0.000289683579 0.0435147434 0.00255087251 0.000284444221 0.0434438735 0.00162240851 8.5482985e-05 0.0450909995 0.00162240851 8.5482985e-05 0.0450909995 0.00255087251 0.000284444221 0.0434438735 0.00254189991 0.000282277208 0.0434094146 0.00254189991 0.000282277208 0.0434094146 0.00252574962 0.00027839205 0.0433345959 0.00162240851 8.5482985e-05 0.0450909995 0.00252574962 0.00027839205 0.0433345959 0.00252006482 0.000277030456 0.0433017388 0.00162240851 8.5482985e-05 0.0450909995 0.00162240851 8.5482985e-05 0.0450909995 0.00252006482 0.000277030456 0.0433017388 0.00250989897 0.000274606689 0.0432235003 0.00250989897 0.000274606689 0.0432235003 0.00250717346 0.000273960235 0.043192599 0.00162240851 8.5482985e-05 0.0450909995 0.00250717346 0.000273960235 0.043192599 0.0025032931 0.000273044599 0.0430909991 0.00162240851 8.5482985e-05 0.0450909995 0.00162240851 8.5482985e-05 0.0450909995 0.0025032931 0.000273044599 0.0430909991 0.00162240851 8.5482985e-05 0.0410909988 0.0025032931 0.000273044599 0.0430909991 0.0025063497 0.00027376425 0.0430008173 0.00162240851 8.5482985e-05 0.0410909988 0.0025063497 0.00027376425 0.0430008173 0.00250989967 0.000274604739 0.042958498 0.00162240851 8.5482985e-05 0.0410909988 0.00250989967 0.000274604739 0.042958498 0.00251758751 0.00027643441 0.0428963639 0.00162240851 8.5482985e-05 0.0410909988 0.00162240851 8.5482985e-05 0.0410909988 0.00251758751 0.00027643441 0.0428963639 0.00252575125 0.000278387073 0.0428474024 0.00252575125 0.000278387073 0.0428474024 0.00253703585 0.000281097949 0.0427930467 0.00162240851 8.5482985e-05 0.0410909988 0.00253703585 0.000281097949 0.0427930467 0.00255087484 0.000284436799 0.0427381247 0.00162240851 8.5482985e-05 0.0410909988 0.00162240851 8.5482985e-05 0.0410909988 0.00255087484 0.000284436799 0.0427381247 0.00256459485 0.00028775903 0.04269154 0.00256459485 0.00028775903 0.04269154 0.00258507463 0.000292736047 0.0426314808 0.00162240851 8.5482985e-05 0.0410909988 0.00258507463 0.000292736047 0.0426314808 0.00259897648 0.000296124548 0.0425953381 0.00162240851 8.5482985e-05 0.0410909988 0.00162240851 8.5482985e-05 0.0410909988 0.00259897648 0.000296124548 0.0425953381 0.00262809428 0.000303224981 0.0425282642 0.00262809428 0.000303224981 0.0425282642 0.00263578026 0.00030510439 0.0425121076 0.00162240851 8.5482985e-05 0.0410909988 0.00263578026 0.00030510439 0.0425121076 0.00267969817 0.000315932062 0.0424290523 0.00162240851 8.5482985e-05 0.0410909988 0.00162240851 8.5482985e-05 0.0410909988 0.00267969817 0.000315932062 0.0424290523 0.00273067364 0.000328699767 0.0423474908 0.00273067364 0.000328699767 0.0423474908 0.002739124 0.000330835581 0.0423351601 0.00162240851 8.5482985e-05 0.0410909988 0.002739124 0.000330835581 0.0423351601 0.00278830621 0.000343361171 0.0422688574 0.00162240851 8.5482985e-05 0.0410909988 0.00162240851 8.5482985e-05 0.0410909988 0.00278830621 0.000343361171 0.0422688574 0.00280623906 0.000347964873 0.0422467142 0.00280623906 0.000347964873 0.0422467142 0.00285505527 0.00036058214 0.0421910919 0.00162240851 8.5482985e-05 0.0410909988 0.00285505527 0.00036058214 0.0421910919 0.00288042589 0.000367184228 0.0421645679 0.00162240851 8.5482985e-05 0.0410909988 0.00162240851 8.5482985e-05 0.0410909988 0.00288042589 0.000367184228 0.0421645679 0.00292630051 0.0003792317 0.0421202034 0.00304762297 0.000411726127 0.0420215651 0.00305285724 0.000413057045 0.0410909988 0.0030020026 0.000399408716 0.0420557894 0.00305285724 0.000413057045 0.0410909988 0.00162240851 8.5482985e-05 0.0410909988 0.0030020026 0.000399408716 0.0420557894 0.0030020026 0.000399408716 0.0420557894 0.00162240851 8.5482985e-05 0.0410909988 0.00296109659 0.000388463144 0.0420893319 0.00162240851 8.5482985e-05 0.0410909988 0.00292630051 0.0003792317 0.0421202034 0.00296109659 0.000388463144 0.0420893319 0.00434237253 0.00081386324 0.044235453 0.00445284182 0.000852978847 0.0450909995 0.00436829776 0.000823004346 0.0442202203 0.00445284182 0.000852978847 0.0450909995 0.00442390749 0.000842740235 0.0441844799 0.00436829776 0.000823004346 0.0442202203 0.00434237253 0.00081386324 0.044235453 0.00427402882 0.000789962825 0.0442715846 0.00445284182 0.000852978847 0.0450909995 0.00427402882 0.000789962825 0.0442715846 0.00425955793 0.00078494288 0.0442785248 0.00445284182 0.000852978847 0.0450909995 0.00445284182 0.000852978847 0.0450909995 0.00425955793 0.00078494288 0.0442785248 0.00417752378 0.000756786903 0.0443134643 0.00417752378 0.000756786903 0.0443134643 0.00417573703 0.00075617875 0.0443141423 0.00445284182 0.000852978847 0.0450909995 0.00417573703 0.00075617875 0.0443141423 0.00407797284 0.000723210513 0.0443465039 0.00445284182 0.000852978847 0.0450909995 0.00445284182 0.000852978847 0.0450909995 0.00407797284 0.000723210513 0.0443465039 0.0040741479 0.000721932855 0.0443475805 0.0040741479 0.000721932855 0.0443475805 0.00397586403 0.000689405191 0.0443705507 0.00445284182 0.000852978847 0.0450909995 0.00397586403 0.000689405191 0.0443705507 0.00397001626 0.000687488297 0.0443716422 0.00445284182 0.000852978847 0.0450909995 0.00445284182 0.000852978847 0.0450909995 0.00397001626 0.000687488297 0.0443716422 0.00387194124 0.000655649637 0.0443854108 0.00387194124 0.000655649637 0.0443854108 0.00386410905 0.000653132447 0.0443861485 0.00445284182 0.000852978847 0.0450909995 0.00386410905 0.000653132447 0.0443861485 0.00376903103 0.000622883963 0.0443909392 0.00445284182 0.000852978847 0.0450909995 0.00445284182 0.000852978847 0.0450909995 0.00376903103 0.000622883963 0.0443909392 0.00305285724 0.000413057045 0.0450909995 0.00376903103 0.000622883963 0.0443909392 0.00375720346 0.000619161816 0.0443909988 0.00305285724 0.000413057045 0.0450909995 0.00375720346 0.000619161816 0.0443909988 0.00366892247 0.00059166766 0.0443877056 0.00305285724 0.000413057045 0.0450909995 0.00305285724 0.000413057045 0.0450909995 0.00366892247 0.00059166766 0.0443877056 0.003650086 0.000585865404 0.0443861485 0.003650086 0.000585865404 0.0443861485 0.00356910122 0.000561167893 0.0443760119 0.00305285724 0.000413057045 0.0450909995 0.00356910122 0.000561167893 0.0443760119 0.00354356482 0.000553462596 0.0443716422 0.00305285724 0.000413057045 0.0450909995 0.00305285724 0.000413057045 0.0450909995 0.00354356482 0.000553462596 0.0443716422 0.00347021571 0.000531547179 0.0443558954 0.00347021571 0.000531547179 0.0443558954 0.0034384469 0.000522155024 0.0443475768 0.00305285724 0.000413057045 0.0450909995 0.0034384469 0.000522155024 0.0443475768 0.00337182009 0.000502654701 0.0443270914 0.00305285724 0.000413057045 0.0450909995 0.00305285724 0.000413057045 0.0450909995 0.00337182009 0.000502654701 0.0443270914 0.00333552621 0.000492146355 0.0443141423 0.00333552621 0.000492146355 0.0443141423 0.00327973673 0.000476154499 0.0442916714 0.00305285724 0.000413057045 0.0450909995 0.00327973673 0.000476154499 0.0442916714 0.00323557341 0.000463651115 0.0442715846 0.00305285724 0.000413057045 0.0450909995 0.00305285724 0.000413057045 0.0450909995 0.00323557341 0.000463651115 0.0442715846 0.0032000104 0.000453679007 0.0442538559 0.0032000104 0.000453679007 0.0442538559 0.00313934777 0.00043683796 0.0442202203 0.00305285724 0.000413057045 0.0450909995 0.00313934777 0.00043683796 0.0442202203 0.00311987102 0.000431472698 0.0442084633 0.00305285724 0.000413057045 0.0450909995 0.00305285724 0.000413057045 0.0450909995 0.00311987102 0.000431472698 0.0442084633 0.00304761878 0.000411740446 0.0441604331 0.00581355393 0.00140248041 0.0410909988 0.00445284182 0.000852978847 0.0410909988 0.00445789658 0.000854879967 0.0420215651 0.00445789658 0.000854879967 0.0420215651 0.00446391106 0.000857036095 0.0420260057 0.00581355393 0.00140248041 0.0410909988 0.00446391106 0.000857036095 0.0420260057 0.00453789765 0.000883735309 0.0420855843 0.00581355393 0.00140248041 0.0410909988 0.00581355393 0.00140248041 0.0410909988 0.00453789765 0.000883735309 0.0420855843 0.00454217708 0.000885290036 0.0420893319 0.00454217708 0.000885290036 0.0420893319 0.00461093942 0.000910445466 0.04215464 0.00581355393 0.00140248041 0.0410909988 0.00461093942 0.000910445466 0.04215464 0.00462051947 0.000913978438 0.0421645679 0.00581355393 0.00140248041 0.0410909988 0.00581355393 0.00140248041 0.0410909988 0.00462051947 0.000913978438 0.0421645679 0.00467735436 0.000935052463 0.0422283374 0.00467735436 0.000935052463 0.0422283374 0.00469236588 0.000940647791 0.0422467142 0.00581355393 0.00140248041 0.0410909988 0.00469236588 0.000940647791 0.0422467142 0.00473761791 0.000957600423 0.0423067249 0.00581355393 0.00140248041 0.0410909988 0.00581355393 0.00140248041 0.0410909988 0.00473761791 0.000957600423 0.0423067249 0.00475721527 0.000964986626 0.0423351601 0.00475721527 0.000964986626 0.0423351601 0.00479173381 0.000978071825 0.0423895903 0.00581355393 0.00140248041 0.0410909988 0.00479173381 0.000978071825 0.0423895903 0.00481458986 0.000986793893 0.042429246 0.00581355393 0.00140248041 0.0410909988 0.00581355393 0.00140248041 0.0410909988 0.00481458986 0.000986793893 0.042429246 0.00483925361 0.000996261369 0.0424760059 0.00483925361 0.000996261369 0.0424760059 0.00486408081 0.00100584817 0.0425282642 0.00581355393 0.00140248041 0.0410909988 0.00486408081 0.00100584817 0.0425282642 0.00488383323 0.00101350422 0.0425745882 0.00581355393 0.00140248041 0.0410909988 0.00581355393 0.00140248041 0.0410909988 0.00488383323 0.00101350422 0.0425745882 0.00490536774 0.00102185248 0.0426314808 0.00490536774 0.00102185248 0.0426314808 0.00491738413 0.00102651818 0.0426670797 0.00581355393 0.00140248041 0.0410909988 0.00491738413 0.00102651818 0.0426670797 0.00493816752 0.00103460648 0.0427381247 0.00581355393 0.00140248041 0.0410909988 0.00581355393 0.00140248041 0.0410909988 0.00493816752 0.00103460648 0.0427381247 0.00494673848 0.00103795051 0.0427724607 0.00494673848 0.00103795051 0.0427724607 0.00496223615 0.00104401377 0.0428474024 0.00581355393 0.00140248041 0.0410909988 0.00496223615 0.00104401377 0.0428474024 0.00496766856 0.00104614545 0.0428801998 0.00581355393 0.00140248041 0.0410909988 0.00581355393 0.00140248041 0.0410909988 0.00496766856 0.00104614545 0.0428801998 0.00497740228 0.00104997703 0.042958498 0.00497740228 0.00104997703 0.042958498 0.00498000812 0.00105100649 0.0429894067 0.00581355393 0.00140248041 0.0410909988 0.00498000812 0.00105100649 0.0429894067 0.00498371385 0.00105247542 0.0430909991 0.00581355393 0.00140248041 0.0410909988 0.00581355393 0.00140248041 0.0410909988 0.00498371385 0.00105247542 0.0430909991 0.00581355393 0.00140248041 0.0450909995 0.00498371385 0.00105247542 0.0430909991 0.00498079881 0.00105131837 0.0431811288 0.00581355393 0.00140248041 0.0450909995 0.00498079881 0.00105131837 0.0431811288 0.00497740274 0.00104997563 0.0432235003 0.00581355393 0.00140248041 0.0450909995 0.00497740274 0.00104997563 0.0432235003 0.00497006346 0.00104708376 0.0432855412 0.00581355393 0.00140248041 0.0450909995 0.00581355393 0.00140248041 0.0450909995 0.00497006346 0.00104708376 0.0432855412 0.00496223709 0.00104401028 0.0433345959 0.00496223709 0.00104401028 0.0433345959 0.00495145889 0.00103979022 0.0433888212 0.00581355393 0.00140248041 0.0450909995 0.00495145889 0.00103979022 0.0433888212 0.00493816892 0.00103460194 0.0434438735 0.00581355393 0.00140248041 0.0450909995 0.00581355393 0.00140248041 0.0450909995 0.00493816892 0.00103460194 0.0434438735 0.00492506335 0.00102949853 0.0434902944 0.00492506335 0.00102949853 0.0434902944 0.00490536913 0.00102184864 0.0435505174 0.00581355393 0.00140248041 0.0450909995 0.00490536913 0.00102184864 0.0435505174 0.00489209034 0.00101670146 0.0435864963 0.00581355393 0.00140248041 0.0450909995 0.00581355393 0.00140248041 0.0450909995 0.00489209034 0.00101670146 0.0435864963 0.00486408081 0.00100584945 0.043653734 0.00486408081 0.00100584945 0.043653734 0.00485666888 0.00100298377 0.0436699577 0.00581355393 0.00140248041 0.0450909995 0.00485666888 0.00100298377 0.0436699577 0.00481427042 0.0009866826 0.0437533259 0.00581355393 0.00140248041 0.0450909995 0.00581355393 0.00140248041 0.0450909995 0.00481427042 0.0009866826 0.0437533259 0.00476499414 0.000967942935 0.0438350737 0.00476499414 0.000967942935 0.0438350737 0.00475721061 0.000965001585 0.0438468345 0.00581355393 0.00140248041 0.0450909995 0.00475721061 0.000965001585 0.0438468345 0.00470917718 0.000946948188 0.0439138301 0.00581355393 0.00140248041 0.0450909995 0.00581355393 0.00140248041 0.0450909995 0.00470917718 0.000946948188 0.0439138301 0.00469236076 0.000940663798 0.0439352803 0.00469236076 0.000940663798 0.0439352803 0.00464471709 0.000922946667 0.043991331 0.00581355393 0.00140248041 0.0450909995 0.00464471709 0.000922946667 0.043991331 0.00462051574 0.000913991942 0.0440174304 0.00581355393 0.00140248041 0.0450909995 0.00581355393 0.00140248041 0.0450909995 0.00462051574 0.000913991942 0.0440174304 0.00457554916 0.00089746929 0.0440622158 0.00457554916 0.00089746929 0.0440622158 0.00454217428 0.000885300804 0.0440926664 0.00581355393 0.00140248041 0.0450909995 0.00454217428 0.000885300804 0.0440926664 0.00450189039 0.000870710472 0.0441265889 0.00581355393 0.00140248041 0.0450909995 0.00581355393 0.00140248041 0.0450909995 0.00450189039 0.000870710472 0.0441265889 0.00445284182 0.000852978847 0.0450909995 0.00450189039 0.000870710472 0.0441265889 0.00445789471 0.000854887592 0.0441604294 0.00445284182 0.000852978847 0.0450909995 0.00445284182 0.000852978847 0.0450909995 0.00445789471 0.000854887592 0.0441604294 0.00442390749 0.000842740235 0.0441844799 0.00304762297 0.000411726127 0.0420215651 0.00308195571 0.000421068835 0.0419978462 0.00305285724 0.000413057045 0.0410909988 0.00308195571 0.000421068835 0.0419978462 0.00313935173 0.000436824543 0.041961778 0.00305285724 0.000413057045 0.0410909988 0.00305285724 0.000413057045 0.0410909988 0.00313935173 0.000436824543 0.041961778 0.00316535775 0.000444020669 0.0419468172 0.00316535775 0.000444020669 0.0419468172 0.00323557598 0.000463644014 0.0419104137 0.00305285724 0.000413057045 0.0410909988 0.00323557598 0.000463644014 0.0419104137 0.00325055514 0.000467870675 0.0419033654 0.00305285724 0.000413057045 0.0410909988 0.00305285724 0.000413057045 0.0410909988 0.00325055514 0.000467870675 0.0419033654 0.00333378348 0.000491649902 0.0418685079 0.00333378348 0.000491649902 0.0418685079 0.00333552551 0.000492152409 0.0418678522 0.00305285724 0.000413057045 0.0410909988 0.00333552551 0.000492152409 0.0418678522 0.00343459216 0.00052103668 0.0418354906 0.00305285724 0.000413057045 0.0410909988 0.00305285724 0.000413057045 0.0410909988 0.00343459216 0.00052103668 0.0418354906 0.00343844271 0.000522171264 0.0418344177 0.00343844271 0.000522171264 0.0418344177 0.00353762135 0.000551698497 0.041811455 0.00305285724 0.000413057045 0.0410909988 0.00353762135 0.000551698497 0.041811455 0.00354355853 0.000553484599 0.0418103561 0.00305285724 0.000413057045 0.0410909988 0.00305285724 0.000413057045 0.0410909988 0.00354355853 0.000553484599 0.0418103561 0.00364210224 0.000583438086 0.0417965986 0.00364210224 0.000583438086 0.0417965986 0.00365007925 0.000585888454 0.0417958461 0.00305285724 0.000413057045 0.0410909988 0.00365007925 0.000585888454 0.0417958461 0.00374515797 0.000615401892 0.0417910591 0.00305285724 0.000413057045 0.0410909988 0.00305285724 0.000413057045 0.0410909988 0.00374515797 0.000615401892 0.0417910591 0.00445284182 0.000852978847 0.0410909988 0.00374515797 0.000615401892 0.0417910591 0.00375719788 0.000619180501 0.0417909995 0.00445284182 0.000852978847 0.0410909988 0.00375719788 0.000619180501 0.0417909995 0.00384515082 0.000647069071 0.0417942777 0.00445284182 0.000852978847 0.0410909988 0.00445284182 0.000852978847 0.0410909988 0.00384515082 0.000647069071 0.0417942777 0.00386410579 0.000653143681 0.0417958461 0.00386410579 0.000653143681 0.0417958461 0.00394450687 0.000679156801 0.0418059602 0.00445284182 0.000852978847 0.0410909988 0.00394450687 0.000679156801 0.0418059602 0.00397001533 0.000687492546 0.0418103561 0.00445284182 0.000852978847 0.0410909988 0.00445284182 0.000852978847 0.0410909988 0.00397001533 0.000687492546 0.0418103561 0.00404259469 0.000711426314 0.0418260694 0.00404259469 0.000711426314 0.0418260694 0.0040741493 0.000721931981 0.0418344177 0.00445284182 0.000852978847 0.0410909988 0.0040741493 0.000721931981 0.0418344177 0.00413948158 0.000743879355 0.0418547429 0.00445284182 0.000852978847 0.0410909988 0.00445284182 0.000852978847 0.0410909988 0.00413948158 0.000743879355 0.0418547429 0.00417573936 0.000756175723 0.0418678559 0.00417573936 0.000756175723 0.0418678559 0.0042302967 0.000774839893 0.0418901704 0.00445284182 0.000852978847 0.0410909988 0.0042302967 0.000774839893 0.0418901704 0.00427402975 0.000789960905 0.0419104137 0.00445284182 0.000852978847 0.0410909988 0.00445284182 0.000852978847 0.0410909988 0.00427402975 0.000789960905 0.0419104137 0.00430856925 0.000802001799 0.0419279635 0.00430856925 0.000802001799 0.0419279635 0.00436829915 0.000823000213 0.041961778 0.00445284182 0.000852978847 0.0410909988 0.00436829915 0.000823000213 0.041961778 0.00438702526 0.000829626049 0.0419733338 0.00445284182 0.000852978847 0.0410909988 0.00445284182 0.000852978847 0.0410909988 0.00438702526 0.000829626049 0.0419733338 0.00445789658 0.000854879967 0.0420215651 -0.0013827387 -0.00022732724 0.0436831452 -0.00216103252 -0.000227974087 0.0450909995 -0.00134280918 -0.000226445321 0.0437527783 -0.00216103252 -0.000227974087 0.0450909995 -0.00132684596 -0.000226060889 0.0437780619 -0.00134280918 -0.000226445321 0.0437527783 -0.0013827387 -0.00022732724 0.0436831452 -0.00139791775 -0.000227633747 0.0436537564 -0.00216103252 -0.000227974087 0.0450909995 -0.00139791775 -0.000227633747 0.0436537564 -0.00142672344 -0.00022817991 0.0435921364 -0.00216103252 -0.000227974087 0.0450909995 -0.00216103252 -0.000227974087 0.0450909995 -0.00142672344 -0.00022817991 0.0435921364 -0.00144396443 -0.000228494246 0.0435505435 -0.00144396443 -0.000228494246 0.0435505435 -0.00146441162 -0.000228862264 0.0434948355 -0.00216103252 -0.000227974087 0.0450909995 -0.00146441162 -0.000228862264 0.0434948355 -0.00148057065 -0.000229146433 0.0434438922 -0.00216103252 -0.000227974087 0.0450909995 -0.00216103252 -0.000227974087 0.0450909995 -0.00148057065 -0.000229146433 0.0434438922 -0.00149407727 -0.000229376514 0.043394234 -0.00149407727 -0.000229376514 0.043394234 -0.00150745781 -0.000229594196 0.0433346108 -0.00216103252 -0.000227974087 0.0450909995 -0.00150745781 -0.000229594196 0.0433346108 -0.00151517999 -0.000229712983 0.0432919636 -0.00216103252 -0.000227974087 0.0450909995 -0.00216103252 -0.000227974087 0.0450909995 -0.00151517999 -0.000229712983 0.0432919636 -0.00152442139 -0.000229844954 0.0432235114 -0.00152437272 -0.00022999983 0.0429584868 -0.00151523238 -0.000230021527 0.0428909473 -0.00216103252 -0.000227974087 0.0410909988 -0.00152442139 -0.000229844954 0.0432235114 -0.00152765366 -0.000229887111 0.04318868 -0.00216103252 -0.000227974087 0.0450909995 -0.00152765366 -0.000229887111 0.04318868 -0.00153149164 -0.000229931931 0.0430909991 -0.00216103252 -0.000227974087 0.0450909995 -0.00216103252 -0.000227974087 0.0450909995 -0.00153149164 -0.000229931931 0.0430909991 -0.00216103252 -0.000227974087 0.0410909988 -0.00153149164 -0.000229931931 0.0430909991 -0.0015275121 -0.000229978192 0.042991899 -0.00216103252 -0.000227974087 0.0410909988 -0.00216103252 -0.000227974087 0.0410909988 -0.0015275121 -0.000229978192 0.042991899 -0.00152437272 -0.00022999983 0.0429584868 -0.00151523238 -0.000230021527 0.0428909473 -0.00150732871 -0.000230005404 0.0428473875 -0.00216103252 -0.000227974087 0.0410909988 -0.00150732871 -0.000230005404 0.0428473875 -0.00149459986 -0.000229930476 0.0427905507 -0.00216103252 -0.000227974087 0.0410909988 -0.00216103252 -0.000227974087 0.0410909988 -0.00149459986 -0.000229930476 0.0427905507 -0.00148036843 -0.000229791578 0.0427381061 -0.00148036843 -0.000229791578 0.0427381061 -0.00146561756 -0.000229599216 0.0426913835 -0.00216103252 -0.000227974087 0.0410909988 -0.00146561756 -0.000229599216 0.0426913835 -0.0014437309 -0.000229241428 0.0426314585 -0.00216103252 -0.000227974087 0.0410909988 -0.00216103252 -0.000227974087 0.0410909988 -0.0014437309 -0.000229241428 0.0426314585 -0.00142834499 -0.000228947305 0.0425941348 -0.00142834499 -0.000228947305 0.0425941348 -0.00139771588 -0.000228277378 0.0425282419 -0.00216103252 -0.000227974087 0.0410909988 -0.00139771588 -0.000228277378 0.0425282419 -0.00138289912 -0.000227919372 0.0424994975 -0.00216103252 -0.000227974087 0.0410909988 -0.00216103252 -0.000227974087 0.0410909988 -0.00138289912 -0.000227919372 0.0424994975 -0.00134268228 -0.000226857999 0.0424292237 -6.7934765e-05 -0.000151366883 0.0443854667 0.000170496263 -0.0001276822 0.0450909995 3.75301788e-05 -0.000141047858 0.0443716422 0.000170496263 -0.0001276822 0.0450909995 4.06547333e-05 -0.000140732547 0.044371102 3.75301788e-05 -0.000141047858 0.0443716422 -6.7934765e-05 -0.000151366883 0.0443854667 -7.57029848e-05 -0.000152101085 0.0443861522 0.000170496263 -0.0001276822 0.0450909995 -7.57029848e-05 -0.000152101085 0.0443861522 -0.000175223176 -0.000161168631 0.0443909168 0.000170496263 -0.0001276822 0.0450909995 0.000170496263 -0.0001276822 0.0450909995 -0.000175223176 -0.000161168631 0.0443909168 -0.000190037448 -0.000162462151 0.0443909988 -0.000418643293 -0.000180480449 0.0443716422 -0.000482234405 -0.000185163371 0.0443592444 -0.00129374373 -0.000225097232 0.0450909995 -0.000190037448 -0.000162462151 0.0443909988 -0.00027930722 -0.000169739491 0.0443880595 0.000170496263 -0.0001276822 0.0450909995 -0.00027930722 -0.000169739491 0.0443880595 -0.000304688787 -0.00017173987 0.0443861485 0.000170496263 -0.0001276822 0.0450909995 0.000170496263 -0.0001276822 0.0450909995 -0.000304688787 -0.00017173987 0.0443861485 -0.00129374373 -0.000225097232 0.0450909995 -0.000304688787 -0.00017173987 0.0443861485 -0.000387482898 -0.000178131188 0.0443765819 -0.00129374373 -0.000225097232 0.0450909995 -0.00129374373 -0.000225097232 0.0450909995 -0.000387482898 -0.000178131188 0.0443765819 -0.000418643293 -0.000180480449 0.0443716422 -0.000482234405 -0.000185163371 0.0443592444 -0.000531034369 -0.000188639751 0.0443475768 -0.00129374373 -0.000225097232 0.0450909995 -0.000531034369 -0.000188639751 0.0443475768 -0.000578680949 -0.000191918545 0.0443343371 -0.00129374373 -0.000225097232 0.0450909995 -0.00129374373 -0.000225097232 0.0450909995 -0.000578680949 -0.000191918545 0.0443343371 -0.000641068444 -0.000196010122 0.0443141423 -0.000641068444 -0.000196010122 0.0443141423 -0.000682005601 -0.000198551512 0.0442990661 -0.00129374373 -0.000225097232 0.0450909995 -0.000682005601 -0.000198551512 0.0442990661 -0.000747956568 -0.00020240841 0.0442715883 -0.00129374373 -0.000225097232 0.0450909995 -0.00129374373 -0.000225097232 0.0450909995 -0.000747956568 -0.00020240841 0.0442715883 -0.000774944201 -0.000203928706 0.0442591533 -0.000774944201 -0.000203928706 0.0442591533 -0.000850847166 -0.000208011377 0.044220224 -0.00129374373 -0.000225097232 0.0450909995 -0.000850847166 -0.000208011377 0.044220224 -0.00086929329 -0.000208956364 0.0442098342 -0.00129374373 -0.000225097232 0.0450909995 -0.00129374373 -0.000225097232 0.0450909995 -0.00086929329 -0.000208956364 0.0442098342 -0.000948959845 -0.000212801126 0.0441604368 -0.000948959845 -0.000212801126 0.0441604368 -0.000959116558 -0.000213262203 0.0441535749 -0.00129374373 -0.000225097232 0.0450909995 -0.000959116558 -0.000213262203 0.0441535749 -0.0010415595 -0.000216750981 0.0440926664 -0.00129374373 -0.000225097232 0.0450909995 -0.00129374373 -0.000225097232 0.0450909995 -0.0010415595 -0.000216750981 0.0440926664 -0.00104374217 -0.000216837274 0.0440909192 -0.00104374217 -0.000216837274 0.0440909192 -0.00111830165 -0.000219621317 0.0440264642 -0.00129374373 -0.000225097232 0.0450909995 -0.00111830165 -0.000219621317 0.0440264642 -0.00112789962 -0.000219961352 0.0440174378 -0.00129374373 -0.000225097232 0.0450909995 -0.00129374373 -0.000225097232 0.0450909995 -0.00112789962 -0.000219961352 0.0440174378 -0.00118998543 -0.000222087605 0.0439544283 -0.00118998543 -0.000222087605 0.0439544283 -0.00120727427 -0.0002226488 0.0439353026 -0.00129374373 -0.000225097232 0.0450909995 -0.00120727427 -0.0002226488 0.0439353026 -0.00126243732 -0.000224332282 0.0438688062 -0.00129374373 -0.000225097232 0.0450909995 -0.00129374373 -0.000225097232 0.0450909995 -0.00126243732 -0.000224332282 0.0438688062 -0.00216103252 -0.000227974087 0.0450909995 -0.00126243732 -0.000224332282 0.0438688062 -0.0012790953 -0.000224805437 0.0438468568 -0.00216103252 -0.000227974087 0.0450909995 -0.00216103252 -0.000227974087 0.0450909995 -0.0012790953 -0.000224805437 0.0438468568 -0.00132684596 -0.000226060889 0.0437780619 0.000148837789 -0.000129475826 0.041834414 0.000238653491 -0.000119711091 0.0418613218 0.000170496263 -0.0001276822 0.0410909988 0.000238653491 -0.000119711091 0.0418613218 0.000257461419 -0.000117617819 0.0418678485 0.000170496263 -0.0001276822 0.0410909988 0.000257461419 -0.000117617819 0.0418678485 0.000343073072 -0.000107883454 0.0419016965 0.000170496263 -0.0001276822 0.0410909988 0.000170496263 -0.0001276822 0.0410909988 0.000343073072 -0.000107883454 0.0419016965 0.00162240851 8.5482985e-05 0.0410909988 0.000343073072 -0.000107883454 0.0419016965 0.000362597115 -0.000105616709 0.0419104062 0.00162240851 8.5482985e-05 0.0410909988 0.000362597115 -0.000105616709 0.0419104062 0.000443277939 -9.6065567e-05 0.0419505909 0.00162240851 8.5482985e-05 0.0410909988 0.000443277939 -9.6065567e-05 0.0419505909 0.000463481061 -9.36269789e-05 0.0419617705 0.00162240851 8.5482985e-05 0.0410909988 0.00162240851 8.5482985e-05 0.0410909988 0.000463481061 -9.36269789e-05 0.0419617705 0.000538570865 -8.43926682e-05 0.0420075879 0.000538570865 -8.43926682e-05 0.0420075879 0.000559375563 -8.17846594e-05 0.0420215577 0.00162240851 8.5482985e-05 0.0410909988 0.000559375563 -8.17846594e-05 0.0420215577 0.00062823802 -7.29859166e-05 0.042072162 0.00162240851 8.5482985e-05 0.0410909988 0.00162240851 8.5482985e-05 0.0410909988 0.00062823802 -7.29859166e-05 0.042072162 0.000649574271 -7.02038524e-05 0.0420893207 0.000649574271 -7.02038524e-05 0.0420893207 0.000707957137 -6.24375025e-05 0.0421403013 0.00162240851 8.5482985e-05 0.0410909988 0.000707957137 -6.24375025e-05 0.0421403013 0.000733403256 -5.89735791e-05 0.0421645567 0.00162240851 8.5482985e-05 0.0410909988 0.00162240851 8.5482985e-05 0.0410909988 0.000733403256 -5.89735791e-05 0.0421645567 0.000780631963 -5.24193565e-05 0.0422133207 0.000780631963 -5.24193565e-05 0.0422133207 0.00081025908 -4.82413998e-05 0.0422467031 0.00162240851 8.5482985e-05 0.0410909988 0.00081025908 -4.82413998e-05 0.0422467031 0.000849570672 -4.26208826e-05 0.0422948673 0.00162240851 8.5482985e-05 0.0410909988 0.00162240851 8.5482985e-05 0.0410909988 0.000849570672 -4.26208826e-05 0.0422948673 0.000879624276 -3.82656326e-05 0.0423351489 0.000879624276 -3.82656326e-05 0.0423351489 0.000911449722 -3.35990335e-05 0.0423816927 0.00162240851 8.5482985e-05 0.0410909988 0.000911449722 -3.35990335e-05 0.0423816927 0.000941010134 -2.92146378e-05 0.0424292348 0.00162240851 8.5482985e-05 0.0410909988 0.00162240851 8.5482985e-05 0.0410909988 0.000941010134 -2.92146378e-05 0.0424292348 0.000965904852 -2.54851075e-05 0.0424732082 0.000965904852 -2.54851075e-05 0.0424732082 0.000993984286 -2.1237729e-05 0.042528253 0.00162240851 8.5482985e-05 0.0410909988 0.000993984286 -2.1237729e-05 0.042528253 0.00101261539 -1.83955926e-05 0.042568814 0.00162240851 8.5482985e-05 0.0410909988 0.00162240851 8.5482985e-05 0.0410909988 0.00101261539 -1.83955926e-05 0.042568814 0.0010381738 -1.44653814e-05 0.0426314734 0.0010381738 -1.44653814e-05 0.0426314734 0.00105130568 -1.24317303e-05 0.0426678695 0.00162240851 8.5482985e-05 0.0410909988 0.00105130568 -1.24317303e-05 0.0426678695 0.00107326778 -9.00834584e-06 0.042738121 0.00162240851 8.5482985e-05 0.0410909988 0.00162240851 8.5482985e-05 0.0410909988 0.00107326778 -9.00834584e-06 0.042738121 0.00108174619 -7.67909842e-06 0.0427697301 0.00108174619 -7.67909842e-06 0.0427697301 0.00109902024 -4.95691347e-06 0.0428473987 0.00162240851 8.5482985e-05 0.0410909988 0.00109902024 -4.95691347e-06 0.0428473987 0.00110375532 -4.2072711e-06 0.0428737253 0.00162240851 8.5482985e-05 0.0410909988 0.00162240851 8.5482985e-05 0.0410909988 0.00110375532 -4.2072711e-06 0.0428737253 0.00111525122 -2.38033158e-06 0.0429584943 0.0011182779 -1.89782941e-06 0.0431895144 0.00162240851 8.5482985e-05 0.0450909995 0.00112200878 -1.30072181e-06 0.0430909991 0.00162240851 8.5482985e-05 0.0450909995 0.00162240851 8.5482985e-05 0.0410909988 0.00112200878 -1.30072181e-06 0.0430909991 0.00112200878 -1.30072181e-06 0.0430909991 0.00162240851 8.5482985e-05 0.0410909988 0.00111720047 -2.06945106e-06 0.0429791845 0.00162240851 8.5482985e-05 0.0410909988 0.00111525122 -2.38033158e-06 0.0429584943 0.00111720047 -2.06945106e-06 0.0429791845 0.0011182779 -1.89782941e-06 0.0431895144 0.00111525133 -2.38095254e-06 0.043223504 0.00162240851 8.5482985e-05 0.0450909995 0.00111525133 -2.38095254e-06 0.043223504 0.00110582367 -3.88065382e-06 0.0432956778 0.00162240851 8.5482985e-05 0.0450909995 0.00162240851 8.5482985e-05 0.0450909995 0.00110582367 -3.88065382e-06 0.0432956778 0.00109902059 -4.95862332e-06 0.0433345996 0.00109902059 -4.95862332e-06 0.0433345996 0.00108468975 -7.21903189e-06 0.0434004851 0.00162240851 8.5482985e-05 0.0450909995 0.00108468975 -7.21903189e-06 0.0434004851 0.00107326848 -9.01110798e-06 0.0434438772 0.00162240851 8.5482985e-05 0.0450909995 0.00162240851 8.5482985e-05 0.0450909995 0.00107326848 -9.01110798e-06 0.0434438772 0.00105499674 -1.18615881e-05 0.0435032472 0.00105499674 -1.18615881e-05 0.0435032472 0.00103817461 -1.44686237e-05 0.0435505249 0.00162240851 8.5482985e-05 0.0450909995 0.00103817461 -1.44686237e-05 0.0435505249 0.00101691531 -1.77401416e-05 0.0436032712 0.00162240851 8.5482985e-05 0.0450909995 0.00162240851 8.5482985e-05 0.0450909995 0.00101691531 -1.77401416e-05 0.0436032712 0.000993984984 -2.1240332e-05 0.0436537415 0.000993984984 -2.1240332e-05 0.0436537415 0.000970665191 -2.47699409e-05 0.0436999016 0.00162240851 8.5482985e-05 0.0450909995 0.000970665191 -2.47699409e-05 0.0436999016 0.000941010308 -2.92149198e-05 0.0437527634 0.00162240851 8.5482985e-05 0.0450909995 0.00162240851 8.5482985e-05 0.0450909995 0.000941010308 -2.92149198e-05 0.0437527634 0.00091651408 -3.28499482e-05 0.0437924787 0.00091651408 -3.28499482e-05 0.0437924787 0.000879623287 -3.82613434e-05 0.0438468494 0.00162240851 8.5482985e-05 0.0450909995 0.000879623287 -3.82613434e-05 0.0438468494 0.000854765589 -4.18647433e-05 0.0438803919 0.00162240851 8.5482985e-05 0.0450909995 0.00162240851 8.5482985e-05 0.0450909995 0.000854765589 -4.18647433e-05 0.0438803919 0.000810254947 -4.82298601e-05 0.0439352952 0.000810254947 -4.82298601e-05 0.0439352952 0.000783051888 -5.20641988e-05 0.0439660326 0.00162240851 8.5482985e-05 0.0450909995 0.000783051888 -5.20641988e-05 0.0439660326 0.000733394292 -5.89514821e-05 0.0440174416 0.00162240851 8.5482985e-05 0.0450909995 0.00162240851 8.5482985e-05 0.0450909995 0.000733394292 -5.89514821e-05 0.0440174416 0.000705402868 -6.27558475e-05 0.0440440513 0.000705402868 -6.27558475e-05 0.0440440513 0.000649564317 -7.01764293e-05 0.0440926775 0.00162240851 8.5482985e-05 0.0450909995 0.000649564317 -7.01764293e-05 0.0440926775 0.000624987588 -7.33789784e-05 0.0441123769 0.00162240851 8.5482985e-05 0.0450909995 0.00162240851 8.5482985e-05 0.0450909995 0.000624987588 -7.33789784e-05 0.0441123769 0.000559369044 -8.17609325e-05 0.0441604406 0.000559369044 -8.17609325e-05 0.0441604406 0.00053877919 -8.43439193e-05 0.0441742688 0.00162240851 8.5482985e-05 0.0450909995 0.00053877919 -8.43439193e-05 0.0441742688 0.000463479548 -9.36124707e-05 0.0442202277 0.00162240851 8.5482985e-05 0.0450909995 0.00162240851 8.5482985e-05 0.0450909995 0.000463479548 -9.36124707e-05 0.0442202277 0.000447303639 -9.55684081e-05 0.0442292131 0.000447303639 -9.55684081e-05 0.0442292131 0.000362602004 -0.000105613908 0.0442715883 0.00162240851 8.5482985e-05 0.0450909995 0.000362602004 -0.000105613908 0.0442715883 0.000351129536 -0.000106949403 0.0442767516 0.00162240851 8.5482985e-05 0.0450909995 0.00162240851 8.5482985e-05 0.0450909995 0.000351129536 -0.000106949403 0.0442767516 0.000170496263 -0.0001276822 0.0450909995 0.000351129536 -0.000106949403 0.0442767516 0.000257473323 -0.000117626914 0.044314146 0.000170496263 -0.0001276822 0.0450909995 0.000170496263 -0.0001276822 0.0450909995 0.000257473323 -0.000117626914 0.044314146 0.00025086393 -0.000118365148 0.0443164743 0.00025086393 -0.000118365148 0.0443164743 0.000148856532 -0.000129495151 0.0443475805 0.000170496263 -0.0001276822 0.0450909995 0.000148856532 -0.000129495151 0.0443475805 0.000147148428 -0.00012967721 0.0443480238 0.000170496263 -0.0001276822 0.0450909995 0.000170496263 -0.0001276822 0.0450909995 0.000147148428 -0.00012967721 0.0443480238 4.06547333e-05 -0.000140732547 0.044371102 -0.00120728556 -0.000222650982 0.0422467105 -0.00120242825 -0.000222488248 0.0422412567 -0.00129374373 -0.000225097232 0.0410909988 -0.00134268228 -0.000226857999 0.0424292237 -0.00132945483 -0.000226484641 0.0424081571 -0.00216103252 -0.000227974087 0.0410909988 -0.00132945483 -0.000226484641 0.0424081571 -0.00127904699 -0.000224975054 0.0423351452 -0.00216103252 -0.000227974087 0.0410909988 -0.00216103252 -0.000227974087 0.0410909988 -0.00127904699 -0.000224975054 0.0423351452 -0.00129374373 -0.000225097232 0.0410909988 -0.00127904699 -0.000224975054 0.0423351452 -0.0012682348 -0.000224636184 0.0423207767 -0.00129374373 -0.000225097232 0.0410909988 -0.00129374373 -0.000225097232 0.0410909988 -0.0012682348 -0.000224636184 0.0423207767 -0.00120728556 -0.000222650982 0.0422467105 -0.00120242825 -0.000222488248 0.0422412567 -0.00113113283 -0.000220047426 0.04216763 -0.00129374373 -0.000225097232 0.0410909988 -0.00113113283 -0.000220047426 0.04216763 -0.00112791464 -0.000219935144 0.0421645641 -0.00129374373 -0.000225097232 0.0410909988 -0.00129374373 -0.000225097232 0.0410909988 -0.00112791464 -0.000219935144 0.0421645641 -0.00105589943 -0.000217304128 0.0421009474 -0.00105589943 -0.000217304128 0.0421009474 -0.00104155298 -0.000216744898 0.0420893244 -0.00129374373 -0.000225097232 0.0410909988 -0.00104155298 -0.000216744898 0.0420893244 -0.00097403914 -0.000213929816 0.0420387462 -0.00129374373 -0.000225097232 0.0410909988 -0.00129374373 -0.000225097232 0.0410909988 -0.00097403914 -0.000213929816 0.0420387462 -0.00094895222 -0.000212805506 0.0420215577 -0.00094895222 -0.000212805506 0.0420215577 -0.000886141264 -0.000209810809 0.0419819839 -0.00129374373 -0.000225097232 0.0410909988 -0.000886141264 -0.000209810809 0.0419819839 -0.000850840821 -0.000208021331 0.0419617705 -0.00129374373 -0.000225097232 0.0410909988 -0.00129374373 -0.000225097232 0.0410909988 -0.000850840821 -0.000208021331 0.0419617705 -0.000797587156 -0.000205189746 0.0419338383 -0.000797587156 -0.000205189746 0.0419338383 -0.000747948361 -0.000202421303 0.0419104062 -0.00129374373 -0.000225097232 0.0410909988 -0.000747948361 -0.000202421303 0.0419104062 -0.000696474919 -0.000199429574 0.041888617 -0.00129374373 -0.000225097232 0.0410909988 -0.00129374373 -0.000225097232 0.0410909988 -0.000696474919 -0.000199429574 0.041888617 -0.000641070481 -0.000196003035 0.0418678522 -0.000641070481 -0.000196003035 0.0418678522 -0.000595136196 -0.000193001324 0.0418526642 -0.00129374373 -0.000225097232 0.0410909988 -0.000595136196 -0.000193001324 0.0418526642 -0.000531044963 -0.000188605365 0.0418344177 -0.00129374373 -0.000225097232 0.0410909988 -0.00129374373 -0.000225097232 0.0410909988 -0.000531044963 -0.000188605365 0.0418344177 -0.000493554573 -0.000185937228 0.041825287 -0.000493554573 -0.000185937228 0.041825287 -0.000418659009 -0.000180429357 0.0418103561 -0.00129374373 -0.000225097232 0.0410909988 -0.000418659009 -0.000180429357 0.0418103561 -0.000392360904 -0.000178447095 0.0418061391 -0.00129374373 -0.000225097232 0.0410909988 -0.00129374373 -0.000225097232 0.0410909988 -0.000392360904 -0.000178447095 0.0418061391 0.000170496263 -0.0001276822 0.0410909988 -0.000392360904 -0.000178447095 0.0418061391 -0.000304702437 -0.000171690117 0.0417958461 0.000170496263 -0.0001276822 0.0410909988 -0.000304702437 -0.000171690117 0.0417958461 -0.000292873796 -0.000170762156 0.0417948961 0.000170496263 -0.0001276822 0.0410909988 -0.000292873796 -0.000170762156 0.0417948961 -0.000197431247 -0.000163071352 0.0417910181 0.000170496263 -0.0001276822 0.0410909988 0.000170496263 -0.0001276822 0.0410909988 -0.000197431247 -0.000163071352 0.0417910181 -0.000190036269 -0.000162432392 0.0417909995 -0.000190036269 -0.000162432392 0.0417909995 -9.24737615e-05 -0.000153641464 0.0417945273 0.000170496263 -0.0001276822 0.0410909988 -9.24737615e-05 -0.000153641464 0.0417945273 -7.57193193e-05 -0.000152070585 0.0417958461 0.000170496263 -0.0001276822 0.0410909988 0.000170496263 -0.0001276822 0.0410909988 -7.57193193e-05 -0.000152070585 0.0417958461 2.01127878e-05 -0.00014276593 0.0418074839 2.01127878e-05 -0.00014276593 0.0418074839 3.7510832e-05 -0.000141020864 0.0418103561 0.000170496263 -0.0001276822 0.0410909988 3.7510832e-05 -0.000141020864 0.0418103561 0.000130747983 -0.000131394991 0.0418298207 0.000170496263 -0.0001276822 0.0410909988 0.000170496263 -0.0001276822 0.0410909988 0.000130747983 -0.000131394991 0.0418298207 0.000148837789 -0.000129475826 0.041834414 0.00714523019 0.0020689955 0.0443475842 0.00706570596 0.00202549598 0.0443205759 0.00712643052 0.00205810391 0.0450909995 0.00706570596 0.00202549598 0.0443205759 0.00704934448 0.00201660069 0.0443141498 0.00712643052 0.00205810391 0.0450909995 0.00704934448 0.00201660069 0.0443141498 0.00697334902 0.00197551819 0.0442802012 0.00712643052 0.00205810391 0.0450909995 0.00712643052 0.00205810391 0.0450909995 0.00697334902 0.00197551819 0.0442802012 0.00581355393 0.00140248041 0.0450909995 0.00697334902 0.00197551819 0.0442802012 0.00695623737 0.00196632021 0.0442715921 0.00581355393 0.00140248041 0.0450909995 0.00695623737 0.00196632021 0.0442715921 0.00688445289 0.0019279418 0.0442313217 0.00581355393 0.00140248041 0.0450909995 0.00688445289 0.0019279418 0.0442313217 0.00686662458 0.00191846245 0.0442202277 0.00581355393 0.00140248041 0.0450909995 0.00581355393 0.00140248041 0.0450909995 0.00686662458 0.00191846245 0.0442202277 0.00679966575 0.00188305147 0.0441743471 0.00679966575 0.00188305147 0.0441743471 0.00678118924 0.00187333522 0.0441604406 0.00581355393 0.00140248041 0.0450909995 0.00678118924 0.00187333522 0.0441604406 0.00671963859 0.0018411515 0.0441098064 0.00581355393 0.00140248041 0.0450909995 0.00581355393 0.00140248041 0.0450909995 0.00671963859 0.0018411515 0.0441098064 0.00670057721 0.00183124607 0.0440926775 0.00670057721 0.00183124607 0.0440926775 0.0066482746 0.00180423446 0.0440417267 0.00581355393 0.00140248041 0.0450909995 0.0066482746 0.00180423446 0.0440417267 0.00662539387 0.00179250364 0.0440174416 0.00581355393 0.00140248041 0.0450909995 0.00581355393 0.00140248041 0.0450909995 0.00662539387 0.00179250364 0.0440174416 0.00658279238 0.00177079905 0.0439685397 0.00658279238 0.00177079905 0.0439685397 0.00655621709 0.00175733352 0.0439352952 0.00581355393 0.00140248041 0.0450909995 0.00655621709 0.00175733352 0.0439352952 0.00652066944 0.00173940836 0.0438870005 0.00581355393 0.00140248041 0.0450909995 0.00581355393 0.00140248041 0.0450909995 0.00652066944 0.00173940836 0.0438870005 0.00649361592 0.001725832 0.0438468494 0.00649361592 0.001725832 0.0438468494 0.00646477658 0.00171142071 0.0438001938 0.00581355393 0.00140248041 0.0450909995 0.00646477658 0.00171142071 0.0438001938 0.00643808767 0.00169814017 0.0437527634 0.00581355393 0.00140248041 0.0450909995 0.00581355393 0.00140248041 0.0450909995 0.00643808767 0.00169814017 0.0437527634 0.00641548773 0.0016869359 0.0437086932 0.00641548773 0.0016869359 0.0437086932 0.00639007287 0.00167438167 0.0436537415 0.00581355393 0.00140248041 0.0450909995 0.00639007287 0.00167438167 0.0436537415 0.00637313351 0.00166604121 0.043613106 0.00581355393 0.00140248041 0.0450909995 0.00581355393 0.00140248041 0.0450909995 0.00637313351 0.00166604121 0.043613106 0.00634995149 0.00165466208 0.0435505249 0.00634995149 0.00165466208 0.0435505249 0.00633799797 0.00164881058 0.0435140692 0.00581355393 0.00140248041 0.0450909995 0.00633799797 0.00164881058 0.0435140692 0.00631804299 0.00163906743 0.0434438772 0.00581355393 0.00140248041 0.0450909995 0.00581355393 0.00140248041 0.0450909995 0.00631804299 0.00163906743 0.0434438772 0.00631031813 0.0016353043 0.0434122272 0.00631031813 0.0016353043 0.0434122272 0.00629460113 0.0016276635 0.0433345996 0.00581355393 0.00140248041 0.0450909995 0.00629460113 0.0016276635 0.0433345996 0.00629028445 0.00162556884 0.0433082469 0.00581355393 0.00140248041 0.0450909995 0.00581355393 0.00140248041 0.0450909995 0.00629028445 0.00162556884 0.0433082469 0.00627981313 0.00162049558 0.043223504 0.00627633557 0.00161881384 0.0430034883 0.00581355393 0.00140248041 0.0410909988 0.00627365196 0.00161751709 0.0430909991 0.00581355393 0.00140248041 0.0410909988 0.00581355393 0.00140248041 0.0450909995 0.00627365196 0.00161751709 0.0430909991 0.00627365196 0.00161751709 0.0430909991 0.00581355393 0.00140248041 0.0450909995 0.0062780357 0.00161963562 0.0432028063 0.00581355393 0.00140248041 0.0450909995 0.00627981313 0.00162049558 0.043223504 0.0062780357 0.00161963562 0.0432028063 0.00627633557 0.00161881384 0.0430034883 0.00627981266 0.00162049592 0.0429584943 0.00581355393 0.00140248041 0.0410909988 0.00627981266 0.00162049592 0.0429584943 0.00628686557 0.00162391213 0.0428972244 0.00581355393 0.00140248041 0.0410909988 0.00581355393 0.00140248041 0.0410909988 0.00628686557 0.00162391213 0.0428972244 0.00629460067 0.00162766478 0.0428473987 0.00629460067 0.00162766478 0.0428473987 0.0063053011 0.00163286494 0.042792242 0.00581355393 0.00140248041 0.0410909988 0.0063053011 0.00163286494 0.042792242 0.00631804252 0.00163906964 0.042738121 0.00581355393 0.00140248041 0.0410909988 0.00581355393 0.00140248041 0.0410909988 0.00631804252 0.00163906964 0.042738121 0.00633151969 0.00164564699 0.0426892377 0.00633151969 0.00164564699 0.0426892377 0.00634995056 0.0016546651 0.0426314734 0.00581355393 0.00140248041 0.0410909988 0.00634995056 0.0016546651 0.0426314734 0.00636534626 0.00166221801 0.042588897 0.00581355393 0.00140248041 0.0410909988 0.00581355393 0.00140248041 0.0410909988 0.00636534626 0.00166221801 0.042588897 0.00639007147 0.00167438493 0.0425282568 0.00639007147 0.00167438493 0.0425282568 0.00640655821 0.00168252341 0.0424918868 0.00581355393 0.00140248041 0.0410909988 0.00640655821 0.00168252341 0.0424918868 0.00643808581 0.00169814273 0.0424292348 0.00581355393 0.00140248041 0.0410909988 0.00581355393 0.00140248041 0.0410909988 0.00643808581 0.00169814273 0.0424292348 0.00645488314 0.00170649437 0.0423988625 0.00645488314 0.00170649437 0.0423988625 0.00649361406 0.0017258327 0.0423351526 0.00581355393 0.00140248041 0.0410909988 0.00649361406 0.0017258327 0.0423351526 0.00651000766 0.00173405232 0.0423104391 0.00581355393 0.00140248041 0.0410909988 0.00581355393 0.00140248041 0.0410909988 0.00651000766 0.00173405232 0.0423104391 0.0065562157 0.00175733143 0.0422467068 0.0065562157 0.00175733143 0.0422467068 0.0065735341 0.0017660989 0.0422247872 0.00581355393 0.00140248041 0.0410909988 0.0065735341 0.0017660989 0.0422247872 0.0066253948 0.00179249782 0.0421645567 0.00581355393 0.00140248041 0.0410909988 0.00581355393 0.00140248041 0.0410909988 0.0066253948 0.00179249782 0.0421645567 0.0066435989 0.00180182548 0.042145133 0.0066435989 0.00180182548 0.042145133 0.00670057721 0.00183123874 0.0420893207 0.00581355393 0.00140248041 0.0410909988 0.00670057721 0.00183123874 0.0420893207 0.0067150942 0.00183878024 0.0420762114 0.00581355393 0.00140248041 0.0410909988 0.00581355393 0.00140248041 0.0410909988 0.0067150942 0.00183878024 0.0420762114 0.00678118505 0.00187332917 0.0420215614 0.00678118505 0.00187332917 0.0420215614 0.00679158233 0.0018787944 0.0420136638 0.00581355393 0.00140248041 0.0410909988 0.00679158233 0.0018787944 0.0420136638 0.00686661573 0.00191845978 0.0419617742 0.00581355393 0.00140248041 0.0410909988 0.00581355393 0.00140248041 0.0410909988 0.00686661573 0.00191845978 0.0419617742 0.0068725897 0.00192163419 0.041958008 0.00704603828 0.0020148214 0.0418691821 0.00712643052 0.00205810391 0.0410909988 0.00695759617 0.00196705898 0.0419097058 0.00712643052 0.00205810391 0.0410909988 0.00581355393 0.00140248041 0.0410909988 0.00695759617 0.00196705898 0.0419097058 0.00695759617 0.00196705898 0.0419097058 0.00581355393 0.00140248041 0.0410909988 0.0069562234 0.00196632184 0.0419104137 0.00581355393 0.00140248041 0.0410909988 0.0068725897 0.00192163419 0.041958008 0.0069562234 0.00196632184 0.0419104137 0.00837109424 0.00280742301 0.0438468382 0.00831399392 0.00277029327 0.0439311005 0.00838321261 0.00281572458 0.0450909995 0.00831399392 0.00277029327 0.0439311005 0.00831089448 0.00276828231 0.0439352877 0.00838321261 0.00281572458 0.0450909995 0.00831089448 0.00276828231 0.0439352877 0.00825437345 0.00273167365 0.0440058298 0.00838321261 0.00281572458 0.0450909995 0.00825437345 0.00273167365 0.0440058298 0.00824422669 0.00272511132 0.0440174416 0.00838321261 0.00281572458 0.0450909995 0.00838321261 0.00281572458 0.0450909995 0.00824422669 0.00272511132 0.0440174416 0.00819186773 0.002691356 0.0440729596 0.00819186773 0.002691356 0.0440729596 0.0081715649 0.00267833471 0.0440926775 0.00838321261 0.00281572458 0.0450909995 0.0081715649 0.00267833471 0.0440926775 0.00812349562 0.00264768628 0.0441357754 0.00838321261 0.00281572458 0.0450909995 0.00838321261 0.00281572458 0.0450909995 0.00812349562 0.00264768628 0.0441357754 0.00809335615 0.00262860092 0.0441604406 0.00809335615 0.00262860092 0.0441604406 0.00804972555 0.0026011467 0.0441932306 0.00838321261 0.00281572458 0.0450909995 0.00804972555 0.0026011467 0.0441932306 0.00801014435 0.00257640635 0.0442202277 0.00838321261 0.00281572458 0.0450909995 0.00838321261 0.00281572458 0.0450909995 0.00801014435 0.00257640635 0.0442202277 0.00797329005 0.00255350163 0.044243183 0.00797329005 0.00255350163 0.044243183 0.00792254321 0.0025221454 0.0442715921 0.00838321261 0.00281572458 0.0450909995 0.00792254321 0.0025221454 0.0442715921 0.00788719021 0.00250041345 0.0442893207 0.00838321261 0.00281572458 0.0450909995 0.00838321261 0.00281572458 0.0450909995 0.00788719021 0.00250041345 0.0442893207 0.00783120282 0.00246628094 0.0443141423 0.00783120282 0.00246628094 0.0443141423 0.00779901911 0.00244681817 0.0443266891 0.00838321261 0.00281572458 0.0450909995 0.00779901911 0.00244681817 0.0443266891 0.00773672108 0.00240941858 0.0443475805 0.00838321261 0.00281572458 0.0450909995 0.00838321261 0.00281572458 0.0450909995 0.00773672108 0.00240941858 0.0443475805 0.00771179376 0.0023945414 0.0443547294 0.0074496353 0.00224016304 0.044390969 0.00744204875 0.00223579141 0.0443909988 0.00712643052 0.00205810391 0.0450909995 0.0074496353 0.00224016304 0.044390969 0.00712643052 0.00205810391 0.0450909995 0.0075344732 0.00228975061 0.0443868041 0.00771179376 0.0023945414 0.0443547294 0.00763985934 0.00235183863 0.0443716422 0.00838321261 0.00281572458 0.0450909995 0.00763985934 0.00235183863 0.0443716422 0.00762462663 0.00234283344 0.0443745293 0.00838321261 0.00281572458 0.0450909995 0.00838321261 0.00281572458 0.0450909995 0.00762462663 0.00234283344 0.0443745293 0.00712643052 0.00205810391 0.0450909995 0.00762462663 0.00234283344 0.0443745293 0.0075413906 0.00229381188 0.0443861485 0.00712643052 0.00205810391 0.0450909995 0.00712643052 0.00205810391 0.0450909995 0.0075413906 0.00229381188 0.0443861485 0.0075344732 0.00228975061 0.0443868041 0.00744204875 0.00223579141 0.0443909988 0.00735655148 0.00218694215 0.0443874337 0.00712643052 0.00205810391 0.0450909995 0.00735655148 0.00218694215 0.0443874337 0.00734235207 0.00217889808 0.0443861522 0.00712643052 0.00205810391 0.0450909995 0.00712643052 0.00205810391 0.0450909995 0.00734235207 0.00217889808 0.0443861522 0.00725803571 0.00213150051 0.0443744436 0.00725803571 0.00213150051 0.0443744436 0.00724315317 0.00212319684 0.0443716422 0.00712643052 0.00205810391 0.0450909995 0.00724315317 0.00212319684 0.0443716422 0.00716084009 0.00207758718 0.0443520844 0.00712643052 0.00205810391 0.0450909995 0.00712643052 0.00205810391 0.0450909995 0.00716084009 0.00207758718 0.0443520844 0.00714523019 0.0020689955 0.0443475842 0.00845252909 0.00286077661 0.0424873903 0.00847032387 0.00287255086 0.0425282381 0.00909626205 0.00330944266 0.0410909988 0.00847032387 0.00287255086 0.0425282381 0.00849229656 0.00288716401 0.0425843783 0.00909626205 0.00330944266 0.0410909988 0.00909626205 0.00330944266 0.0410909988 0.00849229656 0.00288716401 0.0425843783 0.00850861985 0.00289808586 0.0426314548 0.00850861985 0.00289808586 0.0426314548 0.00852477644 0.00290896418 0.0426842906 0.00909626205 0.00330944266 0.0410909988 0.00852477644 0.00290896418 0.0426842906 0.00853898469 0.00291859894 0.0427381024 0.00909626205 0.00330944266 0.0410909988 0.00909626205 0.00330944266 0.0410909988 0.00853898469 0.00291859894 0.0427381024 0.00854987744 0.00292603998 0.0427863821 0.00854987744 0.00292603998 0.0427863821 0.00856121909 0.00293385377 0.0428473875 0.00909626205 0.00330944266 0.0410909988 0.00856121909 0.00293385377 0.0428473875 0.00856757071 0.00293826731 0.0428899042 0.00909626205 0.00330944266 0.0410909988 0.00909626205 0.00330944266 0.0410909988 0.00856757071 0.00293826731 0.0428899042 0.00857519358 0.00294361543 0.0429584868 0.00857519358 0.00294361543 0.0429584868 0.00857789535 0.0029455293 0.042994041 0.00909626205 0.00330944266 0.0410909988 0.00857789535 0.0029455293 0.042994041 0.00858099293 0.00294774747 0.0430909991 0.00909626205 0.00330944266 0.0410909988 0.00909626205 0.00330944266 0.0410909988 0.00858099293 0.00294774747 0.0430909991 0.00909626205 0.00330944266 0.0450909995 0.00858099293 0.00294774747 0.0430909991 0.00857893471 0.00294627179 0.043170061 0.00909626205 0.00330944266 0.0450909995 0.00909626205 0.00330944266 0.0450909995 0.00857893471 0.00294627179 0.043170061 0.00857519265 0.00294361915 0.0432235114 0.00857519265 0.00294361915 0.0432235114 0.00857025012 0.00294014765 0.043271035 0.00909626205 0.00330944266 0.0450909995 0.00857025012 0.00294014765 0.043271035 0.00856121629 0.00293386448 0.0433346108 0.00909626205 0.00330944266 0.0450909995 0.00909626205 0.00330944266 0.0450909995 0.00856121629 0.00293386448 0.0433346108 0.00855465699 0.00292933988 0.0433715954 0.00855465699 0.00292933988 0.0433715954 0.00853898097 0.0029186185 0.0434438884 0.00909626205 0.00330944266 0.0450909995 0.00853898097 0.0029186185 0.0434438884 0.00853208452 0.00291393488 0.043471057 0.00909626205 0.00330944266 0.0450909995 0.00909626205 0.00330944266 0.0450909995 0.00853208452 0.00291393488 0.043471057 0.0085086152 0.0028981138 0.0435505286 0.0085086152 0.0028981138 0.0435505286 0.00850252248 0.00289403088 0.0435687378 0.00909626205 0.00330944266 0.0450909995 0.00850252248 0.00289403088 0.0435687378 0.00847032201 0.00287258625 0.0436537415 0.00909626205 0.00330944266 0.0450909995 0.00909626205 0.00330944266 0.0450909995 0.00847032201 0.00287258625 0.0436537415 0.00846602395 0.0028697378 0.043663945 0.00846602395 0.0028697378 0.043663945 0.00842437055 0.00284227519 0.043752756 0.00909626205 0.00330944266 0.0450909995 0.00842437055 0.00284227519 0.043752756 0.00842270069 0.00284117856 0.043755997 0.00909626205 0.00330944266 0.0450909995 0.00909626205 0.00330944266 0.0450909995 0.00842270069 0.00284117856 0.043755997 0.00838321261 0.00281572458 0.0450909995 0.00842270069 0.00284117856 0.043755997 0.00837273896 0.00280849473 0.0438441895 0.00838321261 0.00281572458 0.0450909995 0.00838321261 0.00281572458 0.0450909995 0.00837273896 0.00280849473 0.0438441895 0.00837109424 0.00280742301 0.0438468382 0.00704603828 0.0020148214 0.0418691821 0.00704933051 0.0020166093 0.0418678522 0.00712643052 0.00205810391 0.0410909988 0.00704933051 0.0020166093 0.0418678522 0.00713731488 0.00206466787 0.0418367945 0.00712643052 0.00205810391 0.0410909988 0.00712643052 0.00205810391 0.0410909988 0.00713731488 0.00206466787 0.0418367945 0.00714521855 0.0020690118 0.0418344177 0.00714521855 0.0020690118 0.0418344177 0.00723079033 0.00211633998 0.0418128483 0.00712643052 0.00205810391 0.0410909988 0.00723079033 0.00211633998 0.0418128483 0.00724314386 0.00212321919 0.0418103561 0.00712643052 0.00205810391 0.0410909988 0.00712643052 0.00205810391 0.0410909988 0.00724314386 0.00212321919 0.0418103561 0.0073258169 0.00216958323 0.0417975895 0.0073258169 0.00216958323 0.0417975895 0.00734234462 0.00217892369 0.0417958461 0.00712643052 0.00205810391 0.0410909988 0.00734234462 0.00217892369 0.0417958461 0.00741896406 0.00222255965 0.0417912602 0.00712643052 0.00205810391 0.0410909988 0.00712643052 0.00205810391 0.0410909988 0.00741896406 0.00222255965 0.0417912602 0.0074420576 0.00223582657 0.0417909995 0.0074420576 0.00223582657 0.0417909995 0.00751478458 0.00227818382 0.041793596 0.00712643052 0.00205810391 0.0410909988 0.00751478458 0.00227818382 0.041793596 0.00754140224 0.0022937844 0.0417958461 0.00712643052 0.00205810391 0.0410909988 0.00712643052 0.00205810391 0.0410909988 0.00754140224 0.0022937844 0.0417958461 0.00838321261 0.00281572458 0.0410909988 0.00754140224 0.0022937844 0.0417958461 0.00760723371 0.00233250903 0.0418044589 0.00838321261 0.00281572458 0.0410909988 0.00838321261 0.00281572458 0.0410909988 0.00760723371 0.00233250903 0.0418044589 0.0076398761 0.00235178857 0.0418103561 0.0076398761 0.00235178857 0.0418103561 0.00768876541 0.00238077738 0.0418212563 0.00838321261 0.00281572458 0.0410909988 0.00768876541 0.00238077738 0.0418212563 0.00773673505 0.00240937481 0.0418344177 0.00838321261 0.00281572458 0.0410909988 0.00838321261 0.00281572458 0.0410909988 0.00773673505 0.00240937481 0.0418344177 0.00777168479 0.00243032281 0.0418455973 0.00777168479 0.00243032281 0.0418455973 0.00783121027 0.00246625952 0.0418678522 0.00838321261 0.00281572458 0.0410909988 0.00783121027 0.00246625952 0.0418678522 0.007860207 0.00248390227 0.0418802239 0.00838321261 0.00281572458 0.0410909988 0.00838321261 0.00281572458 0.0410909988 0.007860207 0.00248390227 0.0418802239 0.00792254973 0.0025221433 0.0419104099 0.00792254973 0.0025221433 0.0419104099 0.0079402877 0.00253307889 0.0419199318 0.00838321261 0.00281572458 0.0410909988 0.0079402877 0.00253307889 0.0419199318 0.00801015273 0.00257639866 0.0419617742 0.00838321261 0.00281572458 0.0410909988 0.00838321261 0.00281572458 0.0410909988 0.00801015273 0.00257639866 0.0419617742 0.00802079495 0.00258303504 0.0419687852 0.00802079495 0.00258303504 0.0419687852 0.00809337012 0.00262859603 0.0420215651 0.00838321261 0.00281572458 0.0410909988 0.00809337012 0.00262859603 0.0420215651 0.00809720904 0.00263102166 0.0420246124 0.00838321261 0.00281572458 0.0410909988 0.00838321261 0.00281572458 0.0410909988 0.00809720904 0.00263102166 0.0420246124 0.00816896837 0.00267666252 0.042086862 0.00816896837 0.00267666252 0.042086862 0.00817157701 0.00267833285 0.0420893282 0.00838321261 0.00281572458 0.0410909988 0.00817157701 0.00267833285 0.0420893282 0.00823311787 0.00271792104 0.0421521738 0.00838321261 0.00281572458 0.0410909988 0.00838321261 0.00281572458 0.0410909988 0.00823311787 0.00271792104 0.0421521738 0.00824422855 0.00272509968 0.0421645567 0.00824422855 0.00272509968 0.0421645567 0.0082914615 0.00275566056 0.0422212519 0.00838321261 0.00281572458 0.0410909988 0.0082914615 0.00275566056 0.0422212519 0.00831088703 0.00276824995 0.0422466919 0.00838321261 0.00281572458 0.0410909988 0.00838321261 0.00281572458 0.0410909988 0.00831088703 0.00276824995 0.0422466919 0.00835184939 0.00279485411 0.0423051156 0.00835184939 0.00279485411 0.0423051156 0.00837108959 0.00280738366 0.042335134 0.00838321261 0.00281572458 0.0410909988 0.00837108959 0.00280738366 0.042335134 0.008405637 0.00282995193 0.0423940606 0.00838321261 0.00281572458 0.0410909988 0.00838321261 0.00281572458 0.0410909988 0.008405637 0.00282995193 0.0423940606 0.00909626205 0.00330944266 0.0410909988 0.008405637 0.00282995193 0.0423940606 0.00842436869 0.00284223468 0.0424292162 0.00909626205 0.00330944266 0.0410909988 0.00909626205 0.00330944266 0.0410909988 0.00842436869 0.00284223468 0.0424292162 0.00845252909 0.00286077661 0.0424873903 0.00909626205 0.00330944266 0.0410909988 0.00909626205 0.00330944266 0.0450909995 0.00938246492 0.00339937699 0.0410909988 0.00909626205 0.00330944266 0.0450909995 0.00938246492 0.00339937699 0.0450909995 0.00938246492 0.00339937699 0.0410909988 0.00975860097 0.00320310891 0.0450909995 0.00975860097 0.00320310891 0.0410909988 0.00974967424 0.00322771096 0.0410909988 0.00975860097 0.00320310891 0.0450909995 0.00974967424 0.00322771096 0.0410909988 0.00974967424 0.00322771096 0.0450909995 0.00974967424 0.00322771096 0.0410909988 0.0097386362 0.00325144129 0.0410909988 0.00974967424 0.00322771096 0.0450909995 0.00974967424 0.00322771096 0.0450909995 0.0097386362 0.00325144129 0.0410909988 0.0097386362 0.00325144129 0.0450909995 0.0097386362 0.00325144129 0.0410909988 0.00972557254 0.00327411923 0.0410909988 0.0097386362 0.00325144129 0.0450909995 0.0097386362 0.00325144129 0.0450909995 0.00972557254 0.00327411923 0.0410909988 0.00972557254 0.00327411923 0.0450909995 0.00972557254 0.00327411923 0.0410909988 0.00971058197 0.00329557224 0.0410909988 0.00972557254 0.00327411923 0.0450909995 0.00972557254 0.00327411923 0.0450909995 0.00971058197 0.00329557224 0.0410909988 0.00971058197 0.00329557224 0.0450909995 0.00971058197 0.00329557224 0.0410909988 0.00969377812 0.00331563712 0.0410909988 0.00971058197 0.00329557224 0.0450909995 0.00971058197 0.00329557224 0.0450909995 0.00969377812 0.00331563712 0.0410909988 0.00969377812 0.00331563712 0.0450909995 0.00969377812 0.00331563712 0.0410909988 0.00967529044 0.00333416136 0.0410909988 0.00969377812 0.00331563712 0.0450909995 0.00969377812 0.00331563712 0.0450909995 0.00967529044 0.00333416136 0.0410909988 0.00967529044 0.00333416136 0.0450909995 0.00967529044 0.00333416136 0.0410909988 0.00965525769 0.0033510034 0.0410909988 0.00967529044 0.00333416136 0.0450909995 0.00967529044 0.00333416136 0.0450909995 0.00965525769 0.0033510034 0.0410909988 0.00965525769 0.0033510034 0.0450909995 0.00965525769 0.0033510034 0.0410909988 0.00963383447 0.00336603564 0.0410909988 0.00965525769 0.0033510034 0.0450909995 0.00965525769 0.0033510034 0.0450909995 0.00963383447 0.00336603564 0.0410909988 0.00963383447 0.00336603564 0.0450909995 0.00963383447 0.00336603564 0.0410909988 0.00961118098 0.00337914354 0.0410909988 0.00963383447 0.00336603564 0.0450909995 0.00963383447 0.00336603564 0.0450909995 0.00961118098 0.00337914354 0.0410909988 0.00961118098 0.00337914354 0.0450909995 0.00961118098 0.00337914354 0.0410909988 0.0095874723 0.00339022698 0.0410909988 0.00961118098 0.00337914354 0.0450909995 0.00961118098 0.00337914354 0.0450909995 0.0095874723 0.00339022698 0.0410909988 0.0095874723 0.00339022698 0.0450909995 0.0095874723 0.00339022698 0.0410909988 0.00956288818 0.00339920213 0.0410909988 0.0095874723 0.00339022698 0.0450909995 0.0095874723 0.00339022698 0.0450909995 0.00956288818 0.00339920213 0.0410909988 0.00956288818 0.00339920213 0.0450909995 0.00956288818 0.00339920213 0.0410909988 0.00953761488 0.00340600032 0.0410909988 0.00956288818 0.00339920213 0.0450909995 0.00956288818 0.00339920213 0.0450909995 0.00953761488 0.00340600032 0.0410909988 0.00953761488 0.00340600032 0.0450909995 0.00953761488 0.00340600032 0.0410909988 0.00951184519 0.00341057009 0.0410909988 0.00953761488 0.00340600032 0.0450909995 0.00953761488 0.00340600032 0.0450909995 0.00951184519 0.00341057009 0.0410909988 0.00951184519 0.00341057009 0.0450909995 0.00951184519 0.00341057009 0.0410909988 0.0094857756 0.00341287628 0.0410909988 0.00951184519 0.00341057009 0.0450909995 0.00951184519 0.00341057009 0.0450909995 0.0094857756 0.00341287628 0.0410909988 0.0094857756 0.00341287628 0.0450909995 0.0094857756 0.00341287628 0.0410909988 0.00945960358 0.00341290166 0.0410909988 0.0094857756 0.00341287628 0.0450909995 0.0094857756 0.00341287628 0.0450909995 0.00945960358 0.00341290166 0.0410909988 0.00945960358 0.00341290166 0.0450909995 0.00945960358 0.00341290166 0.0410909988 0.00943352934 0.00341064599 0.0410909988 0.00945960358 0.00341290166 0.0450909995 0.00945960358 0.00341290166 0.0450909995 0.00943352934 0.00341064599 0.0410909988 0.00943352934 0.00341064599 0.0450909995 0.00943352934 0.00341064599 0.0410909988 0.00940775126 0.00340612628 0.0410909988 0.00943352934 0.00341064599 0.0450909995 0.00943352934 0.00341064599 0.0450909995 0.00940775126 0.00340612628 0.0410909988 0.00940775126 0.00340612628 0.0450909995 0.00940775126 0.00340612628 0.0410909988 0.00938246492 0.00339937699 0.0410909988 0.00940775126 0.00340612628 0.0450909995 0.00940775126 0.00340612628 0.0450909995 0.00938246492 0.00339937699 0.0410909988 0.00938246492 0.00339937699 0.0450909995 0.00975860097 0.00320310891 0.0410909988 0.00975860097 0.00320310891 0.0450909995 0.00993847009 0.00263070408 0.0410909988 0.00975860097 0.00320310891 0.0450909995 0.00993847009 0.00263070408 0.0450909995 0.00993847009 0.00263070408 0.0410909988 0.00993847009 0.00263070408 0.0410909988 0.00993847009 0.00263070408 0.0450909995 0.00994521938 0.00260541774 0.0450909995 0.00993847009 0.00263070408 0.0410909988 0.00994521938 0.00260541774 0.0450909995 0.00994521938 0.00260541774 0.0410909988 0.00994521938 0.00260541774 0.0450909995 0.00994973909 0.00257963943 0.0450909995 0.00994521938 0.00260541774 0.0410909988 0.00994521938 0.00260541774 0.0410909988 0.00994973909 0.00257963943 0.0450909995 0.00994973909 0.00257963943 0.0410909988 0.00994973909 0.00257963943 0.0450909995 0.00995199475 0.00255356519 0.0450909995 0.00994973909 0.00257963943 0.0410909988 0.00994973909 0.00257963943 0.0410909988 0.00995199475 0.00255356519 0.0450909995 0.00995199475 0.00255356519 0.0410909988 0.00995199475 0.00255356519 0.0450909995 0.00995196961 0.0025273934 0.0450909995 0.00995199475 0.00255356519 0.0410909988 0.00995199475 0.00255356519 0.0410909988 0.00995196961 0.0025273934 0.0450909995 0.00995196961 0.0025273934 0.0410909988 0.00995196961 0.0025273934 0.0450909995 0.00994966272 0.00250132359 0.0450909995 0.00995196961 0.0025273934 0.0410909988 0.00995196961 0.0025273934 0.0410909988 0.00994966272 0.00250132359 0.0450909995 0.00994966272 0.00250132359 0.0410909988 0.00994966272 0.00250132359 0.0450909995 0.00994509365 0.00247555412 0.0450909995 0.00994966272 0.00250132359 0.0410909988 0.00994966272 0.00250132359 0.0410909988 0.00994509365 0.00247555412 0.0450909995 0.00994509365 0.00247555412 0.0410909988 0.00994509365 0.00247555412 0.0450909995 0.009938295 0.00245028082 0.0450909995 0.00994509365 0.00247555412 0.0410909988 0.00994509365 0.00247555412 0.0410909988 0.009938295 0.00245028082 0.0450909995 0.009938295 0.00245028082 0.0410909988 0.009938295 0.00245028082 0.0450909995 0.00992931984 0.00242569624 0.0450909995 0.009938295 0.00245028082 0.0410909988 0.009938295 0.00245028082 0.0410909988 0.00992931984 0.00242569624 0.0450909995 0.00992931984 0.00242569624 0.0410909988 0.00992931984 0.00242569624 0.0450909995 0.00991823617 0.00240198732 0.0450909995 0.00992931984 0.00242569624 0.0410909988 0.00992931984 0.00242569624 0.0410909988 0.00991823617 0.00240198732 0.0450909995 0.00991823617 0.00240198732 0.0410909988 0.00991823617 0.00240198732 0.0450909995 0.00990512874 0.00237933476 0.0450909995 0.00991823617 0.00240198732 0.0410909988 0.00991823617 0.00240198732 0.0410909988 0.00990512874 0.00237933476 0.0450909995 0.00990512874 0.00237933476 0.0410909988 0.00990512874 0.00237933476 0.0450909995 0.00989009626 0.00235791085 0.0450909995 0.00990512874 0.00237933476 0.0410909988 0.00990512874 0.00237933476 0.0410909988 0.00989009626 0.00235791085 0.0450909995 0.00989009626 0.00235791085 0.0410909988 0.00989009626 0.00235791085 0.0450909995 0.00987325422 0.00233787834 0.0450909995 0.00989009626 0.00235791085 0.0410909988 0.00989009626 0.00235791085 0.0410909988 0.00987325422 0.00233787834 0.0450909995 0.00987325422 0.00233787834 0.0410909988 0.00987325422 0.00233787834 0.0450909995 0.00985473022 0.00231939019 0.0450909995 0.00987325422 0.00233787834 0.0410909988 0.00987325422 0.00233787834 0.0410909988 0.00985473022 0.00231939019 0.0450909995 0.00985473022 0.00231939019 0.0410909988 0.00985473022 0.00231939019 0.0450909995 0.00983466487 0.0023025868 0.0450909995 0.00985473022 0.00231939019 0.0410909988 0.00985473022 0.00231939019 0.0410909988 0.00983466487 0.0023025868 0.0450909995 0.00983466487 0.0023025868 0.0410909988 0.00983466487 0.0023025868 0.0450909995 0.00981321186 0.00228759623 0.0450909995 0.00983466487 0.0023025868 0.0410909988 0.00983466487 0.0023025868 0.0410909988 0.00981321186 0.00228759623 0.0450909995 0.00981321186 0.00228759623 0.0410909988 0.00981321186 0.00228759623 0.0450909995 0.00979053415 0.00227453234 0.0450909995 0.00981321186 0.00228759623 0.0410909988 0.00981321186 0.00228759623 0.0410909988 0.00979053415 0.00227453234 0.0450909995 0.00979053415 0.00227453234 0.0410909988 0.00979053415 0.00227453234 0.0450909995 0.00976680405 0.00226349477 0.0450909995 0.00979053415 0.00227453234 0.0410909988 0.00979053415 0.00227453234 0.0410909988 0.00976680405 0.00226349477 0.0450909995 0.00976680405 0.00226349477 0.0410909988 0.00976680405 0.00226349477 0.0450909995 0.00974220224 0.00225456734 0.0450909995 0.00976680405 0.00226349477 0.0410909988 0.00976680405 0.00226349477 0.0410909988 0.00974220224 0.00225456734 0.0450909995 0.00974220224 0.00225456734 0.0410909988 0.00945599936 0.00216463301 0.0450909995 0.00945599936 0.00216463301 0.0410909988 0.00974220224 0.00225456734 0.0450909995 0.00945599936 0.00216463301 0.0410909988 0.00974220224 0.00225456734 0.0410909988 0.00974220224 0.00225456734 0.0450909995 0.00977557618 0.00114762911 0.0410909988 0.00945599936 0.00216463301 0.0410909988 0.00977557618 0.00114762911 0.0450909995 0.00945599936 0.00216463301 0.0410909988 0.00945599936 0.00216463301 0.0450909995 0.00977557618 0.00114762911 0.0450909995 0.0075344732 0.00228975061 0.0443868041 0.0075413906 0.00229381188 0.0443861485 0.00911920797 -0.00272735581 0.0443861485 0.00858099293 0.00294774747 0.0430909991 0.010252405 -0.00237126765 0.0430909991 0.00857893471 0.00294627179 0.043170061 0.010252405 -0.00237126765 0.0430909991 0.0102522522 -0.00237131561 0.0431114174 0.00857893471 0.00294627179 0.043170061 0.00857893471 0.00294627179 0.043170061 0.0102522522 -0.00237131561 0.0431114174 0.0102459462 -0.00237329723 0.0432235003 0.0102304379 -0.00237817061 0.0433345959 0.00857025012 0.00294014765 0.043271035 0.0102459462 -0.00237329723 0.0432235003 0.00857025012 0.00294014765 0.043271035 0.00857519265 0.00294361915 0.0432235114 0.0102459462 -0.00237329723 0.0432235003 0.0102459462 -0.00237329723 0.0432235003 0.00857519265 0.00294361915 0.0432235114 0.00857893471 0.00294627179 0.043170061 0.0102058416 -0.00238589942 0.0434438698 0.00855465699 0.00292933988 0.0433715954 0.0102304379 -0.00237817061 0.0433345959 0.00855465699 0.00292933988 0.0433715954 0.00856121629 0.00293386448 0.0433346108 0.0102304379 -0.00237817061 0.0433345959 0.0102304379 -0.00237817061 0.0433345959 0.00856121629 0.00293386448 0.0433346108 0.00857025012 0.00294014765 0.043271035 0.010172342 -0.00239642616 0.0435505174 0.00853208452 0.00291393488 0.043471057 0.0102058416 -0.00238589942 0.0434438698 0.00853208452 0.00291393488 0.043471057 0.00853898097 0.0029186185 0.0434438884 0.0102058416 -0.00238589942 0.0434438698 0.0102058416 -0.00238589942 0.0434438698 0.00853898097 0.0029186185 0.0434438884 0.00855465699 0.00292933988 0.0433715954 0.0101301884 -0.00240967213 0.043653734 0.00850252248 0.00289403088 0.0435687378 0.010172342 -0.00239642616 0.0435505174 0.00850252248 0.00289403088 0.0435687378 0.0085086152 0.0028981138 0.0435505286 0.010172342 -0.00239642616 0.0435505174 0.010172342 -0.00239642616 0.0435505174 0.0085086152 0.0028981138 0.0435505286 0.00853208452 0.00291393488 0.043471057 0.0100796958 -0.00242553861 0.0437527522 0.00846602395 0.0028697378 0.043663945 0.0101301884 -0.00240967213 0.043653734 0.00846602395 0.0028697378 0.043663945 0.00847032201 0.00287258625 0.0436537415 0.0101301884 -0.00240967213 0.043653734 0.0101301884 -0.00240967213 0.043653734 0.00847032201 0.00287258625 0.0436537415 0.00850252248 0.00289403088 0.0435687378 0.00837273896 0.00280849473 0.0438441895 0.00842270069 0.00284117856 0.043755997 0.0100796958 -0.00242553861 0.0437527522 0.00842270069 0.00284117856 0.043755997 0.00842437055 0.00284227519 0.043752756 0.0100796958 -0.00242553861 0.0437527522 0.0100796958 -0.00242553861 0.0437527522 0.00842437055 0.00284227519 0.043752756 0.00846602395 0.0028697378 0.043663945 0.00837273896 0.00280849473 0.0438441895 0.0100796958 -0.00242553861 0.0437527522 0.00837109424 0.00280742301 0.0438468382 0.0100796958 -0.00242553861 0.0437527522 0.0100212405 -0.00244390732 0.0438468345 0.00837109424 0.00280742301 0.0438468382 0.00837109424 0.00280742301 0.0438468382 0.0100212405 -0.00244390732 0.0438468345 0.00831399392 0.00277029327 0.0439311005 0.0100212405 -0.00244390732 0.0438468345 0.00995525811 -0.00246464112 0.0439352803 0.00831399392 0.00277029327 0.0439311005 0.00831399392 0.00277029327 0.0439311005 0.00995525811 -0.00246464112 0.0439352803 0.00831089448 0.00276828231 0.0439352877 0.00831089448 0.00276828231 0.0439352877 0.00995525811 -0.00246464112 0.0439352803 0.00825437345 0.00273167365 0.0440058298 0.00995525811 -0.00246464112 0.0439352803 0.00988224149 -0.00248758541 0.0440174304 0.00825437345 0.00273167365 0.0440058298 0.00825437345 0.00273167365 0.0440058298 0.00988224149 -0.00248758541 0.0440174304 0.00824422669 0.00272511132 0.0440174416 0.00824422669 0.00272511132 0.0440174416 0.00988224149 -0.00248758541 0.0440174304 0.00819186773 0.002691356 0.0440729596 0.00988224149 -0.00248758541 0.0440174304 0.00980273448 -0.00251256907 0.0440926664 0.00819186773 0.002691356 0.0440729596 0.00819186773 0.002691356 0.0440729596 0.00980273448 -0.00251256907 0.0440926664 0.0081715649 0.00267833471 0.0440926775 0.0081715649 0.00267833471 0.0440926775 0.00980273448 -0.00251256907 0.0440926664 0.00812349562 0.00264768628 0.0441357754 0.00980273448 -0.00251256907 0.0440926664 0.00971733127 -0.00253940583 0.0441604331 0.00812349562 0.00264768628 0.0441357754 0.00812349562 0.00264768628 0.0441357754 0.00971733127 -0.00253940583 0.0441604331 0.00809335615 0.00262860092 0.0441604406 0.00809335615 0.00262860092 0.0441604406 0.00971733127 -0.00253940583 0.0441604331 0.00804972555 0.0026011467 0.0441932306 0.00971733127 -0.00253940583 0.0441604331 0.00962666795 -0.00256789522 0.0442202203 0.00804972555 0.0026011467 0.0441932306 0.00804972555 0.0026011467 0.0441932306 0.00962666795 -0.00256789522 0.0442202203 0.00801014435 0.00257640635 0.0442202277 0.00801014435 0.00257640635 0.0442202277 0.00962666795 -0.00256789522 0.0442202203 0.00797329005 0.00255350163 0.044243183 0.00962666795 -0.00256789522 0.0442202203 0.00953142066 -0.0025978249 0.0442715846 0.00797329005 0.00255350163 0.044243183 0.00797329005 0.00255350163 0.044243183 0.00953142066 -0.0025978249 0.0442715846 0.00792254321 0.0025221454 0.0442715921 0.00792254321 0.0025221454 0.0442715921 0.00953142066 -0.0025978249 0.0442715846 0.00788719021 0.00250041345 0.0442893207 0.00953142066 -0.0025978249 0.0442715846 0.00943230093 -0.00262897159 0.0443141423 0.00788719021 0.00250041345 0.0442893207 0.00788719021 0.00250041345 0.0442893207 0.00943230093 -0.00262897159 0.0443141423 0.00783120282 0.00246628094 0.0443141423 0.00933004729 -0.00266110315 0.0443475805 0.00773672108 0.00240941858 0.0443475805 0.00943230093 -0.00262897159 0.0443141423 0.00773672108 0.00240941858 0.0443475805 0.00779901911 0.00244681817 0.0443266891 0.00943230093 -0.00262897159 0.0443141423 0.00943230093 -0.00262897159 0.0443141423 0.00779901911 0.00244681817 0.0443266891 0.00783120282 0.00246628094 0.0443141423 0.00911920797 -0.00272735581 0.0443861485 0.0075413906 0.00229381188 0.0443861485 0.00922542252 -0.00269397954 0.0443716422 0.0075413906 0.00229381188 0.0443861485 0.00762462663 0.00234283344 0.0443745293 0.00922542252 -0.00269397954 0.0443716422 0.00762462663 0.00234283344 0.0443745293 0.00763985934 0.00235183863 0.0443716422 0.00922542252 -0.00269397954 0.0443716422 0.00922542252 -0.00269397954 0.0443716422 0.00763985934 0.00235183863 0.0443716422 0.00933004729 -0.00266110315 0.0443475805 0.00763985934 0.00235183863 0.0443716422 0.00771179376 0.0023945414 0.0443547294 0.00933004729 -0.00266110315 0.0443475805 0.00933004729 -0.00266110315 0.0443475805 0.00771179376 0.0023945414 0.0443547294 0.00773672108 0.00240941858 0.0443475805 0.00901219435 -0.00276098307 0.0443909988 0.00890518166 -0.0027946101 0.0443861485 0.00734235207 0.00217889808 0.0443861522 0.00734235207 0.00217889808 0.0443861522 0.00735655148 0.00218694215 0.0443874337 0.00901219435 -0.00276098307 0.0443909988 0.00735655148 0.00218694215 0.0443874337 0.00744204875 0.00223579141 0.0443909988 0.00901219435 -0.00276098307 0.0443909988 0.00901219435 -0.00276098307 0.0443909988 0.00744204875 0.00223579141 0.0443909988 0.00911920797 -0.00272735581 0.0443861485 0.00744204875 0.00223579141 0.0443909988 0.0074496353 0.00224016304 0.044390969 0.00911920797 -0.00272735581 0.0443861485 0.00911920797 -0.00272735581 0.0443861485 0.0074496353 0.00224016304 0.044390969 0.0075344732 0.00228975061 0.0443868041 0.00879896618 -0.00282798638 0.0443716422 0.00869434141 -0.00286086299 0.0443475805 0.00714523019 0.0020689955 0.0443475842 0.00714523019 0.0020689955 0.0443475842 0.00716084009 0.00207758718 0.0443520844 0.00879896618 -0.00282798638 0.0443716422 0.00716084009 0.00207758718 0.0443520844 0.00724315317 0.00212319684 0.0443716422 0.00879896618 -0.00282798638 0.0443716422 0.00879896618 -0.00282798638 0.0443716422 0.00724315317 0.00212319684 0.0443716422 0.00890518166 -0.0027946101 0.0443861485 0.00724315317 0.00212319684 0.0443716422 0.00725803571 0.00213150051 0.0443744436 0.00890518166 -0.0027946101 0.0443861485 0.00890518166 -0.0027946101 0.0443861485 0.00725803571 0.00213150051 0.0443744436 0.00734235207 0.00217889808 0.0443861522 0.00859208871 -0.00289299432 0.0443141423 0.00849296805 -0.00292414124 0.0442715846 0.00695623737 0.00196632021 0.0442715921 0.00695623737 0.00196632021 0.0442715921 0.00697334902 0.00197551819 0.0442802012 0.00859208871 -0.00289299432 0.0443141423 0.00697334902 0.00197551819 0.0442802012 0.00704934448 0.00201660069 0.0443141498 0.00859208871 -0.00289299432 0.0443141423 0.00859208871 -0.00289299432 0.0443141423 0.00704934448 0.00201660069 0.0443141498 0.00869434141 -0.00286086299 0.0443475805 0.00704934448 0.00201660069 0.0443141498 0.00706570596 0.00202549598 0.0443205759 0.00869434141 -0.00286086299 0.0443475805 0.00869434141 -0.00286086299 0.0443475805 0.00706570596 0.00202549598 0.0443205759 0.00714523019 0.0020689955 0.0443475842 0.00839772169 -0.00295407092 0.0442202203 0.00830705836 -0.00298256031 0.0441604331 0.00678118924 0.00187333522 0.0441604406 0.00678118924 0.00187333522 0.0441604406 0.00679966575 0.00188305147 0.0441743471 0.00839772169 -0.00295407092 0.0442202203 0.00679966575 0.00188305147 0.0441743471 0.00686662458 0.00191846245 0.0442202277 0.00839772169 -0.00295407092 0.0442202203 0.00839772169 -0.00295407092 0.0442202203 0.00686662458 0.00191846245 0.0442202277 0.00849296805 -0.00292414124 0.0442715846 0.00686662458 0.00191846245 0.0442202277 0.00688445289 0.0019279418 0.0442313217 0.00849296805 -0.00292414124 0.0442715846 0.00849296805 -0.00292414124 0.0442715846 0.00688445289 0.0019279418 0.0442313217 0.00695623737 0.00196632021 0.0442715921 0.00822165515 -0.00300939707 0.0440926664 0.00814214814 -0.00303438073 0.0440174304 0.00662539387 0.00179250364 0.0440174416 0.00662539387 0.00179250364 0.0440174416 0.0066482746 0.00180423446 0.0440417267 0.00822165515 -0.00300939707 0.0440926664 0.0066482746 0.00180423446 0.0440417267 0.00670057721 0.00183124607 0.0440926775 0.00822165515 -0.00300939707 0.0440926664 0.00822165515 -0.00300939707 0.0440926664 0.00670057721 0.00183124607 0.0440926775 0.00830705836 -0.00298256031 0.0441604331 0.00670057721 0.00183124607 0.0440926775 0.00671963859 0.0018411515 0.0441098064 0.00830705836 -0.00298256031 0.0441604331 0.00830705836 -0.00298256031 0.0441604331 0.00671963859 0.0018411515 0.0441098064 0.00678118924 0.00187333522 0.0441604406 0.00806913152 -0.00305732503 0.0439352803 0.00800314918 -0.00307805883 0.0438468345 0.00649361592 0.001725832 0.0438468494 0.00649361592 0.001725832 0.0438468494 0.00652066944 0.00173940836 0.0438870005 0.00806913152 -0.00305732503 0.0439352803 0.00652066944 0.00173940836 0.0438870005 0.00655621709 0.00175733352 0.0439352952 0.00806913152 -0.00305732503 0.0439352803 0.00806913152 -0.00305732503 0.0439352803 0.00655621709 0.00175733352 0.0439352952 0.00814214814 -0.00303438073 0.0440174304 0.00655621709 0.00175733352 0.0439352952 0.00658279238 0.00177079905 0.0439685397 0.00814214814 -0.00303438073 0.0440174304 0.00814214814 -0.00303438073 0.0440174304 0.00658279238 0.00177079905 0.0439685397 0.00662539387 0.00179250364 0.0440174416 0.00794469379 -0.00309642754 0.0437527522 0.00789420027 -0.00311229401 0.043653734 0.00639007287 0.00167438167 0.0436537415 0.00639007287 0.00167438167 0.0436537415 0.00641548773 0.0016869359 0.0437086932 0.00794469379 -0.00309642754 0.0437527522 0.00641548773 0.0016869359 0.0437086932 0.00643808767 0.00169814017 0.0437527634 0.00794469379 -0.00309642754 0.0437527522 0.00794469379 -0.00309642754 0.0437527522 0.00643808767 0.00169814017 0.0437527634 0.00800314918 -0.00307805883 0.0438468345 0.00643808767 0.00169814017 0.0437527634 0.00646477658 0.00171142071 0.0438001938 0.00800314918 -0.00307805883 0.0438468345 0.00800314918 -0.00307805883 0.0438468345 0.00646477658 0.00171142071 0.0438001938 0.00649361592 0.001725832 0.0438468494 0.00785204675 -0.00312553998 0.0435505174 0.00781854801 -0.00313606672 0.0434438698 0.00631804299 0.00163906743 0.0434438772 0.00631804299 0.00163906743 0.0434438772 0.00633799797 0.00164881058 0.0435140692 0.00785204675 -0.00312553998 0.0435505174 0.00633799797 0.00164881058 0.0435140692 0.00634995149 0.00165466208 0.0435505249 0.00785204675 -0.00312553998 0.0435505174 0.00785204675 -0.00312553998 0.0435505174 0.00634995149 0.00165466208 0.0435505249 0.00789420027 -0.00311229401 0.043653734 0.00634995149 0.00165466208 0.0435505249 0.00637313351 0.00166604121 0.043613106 0.00789420027 -0.00311229401 0.043653734 0.00789420027 -0.00311229401 0.043653734 0.00637313351 0.00166604121 0.043613106 0.00639007287 0.00167438167 0.0436537415 0.00627981313 0.00162049558 0.043223504 0.00629028445 0.00162556884 0.0433082469 0.00779395178 -0.00314379553 0.0433345959 0.00629028445 0.00162556884 0.0433082469 0.00629460113 0.0016276635 0.0433345996 0.00779395178 -0.00314379553 0.0433345959 0.00779395178 -0.00314379553 0.0433345959 0.00629460113 0.0016276635 0.0433345996 0.00781854801 -0.00313606672 0.0434438698 0.00629460113 0.0016276635 0.0433345996 0.00631031813 0.0016353043 0.0434122272 0.00781854801 -0.00313606672 0.0434438698 0.00781854801 -0.00313606672 0.0434438698 0.00631031813 0.0016353043 0.0434122272 0.00631804299 0.00163906743 0.0434438772 0.00779395178 -0.00314379553 0.0433345959 0.00777844293 -0.00314866891 0.0432235003 0.00627981313 0.00162049558 0.043223504 0.00777844293 -0.00314866891 0.0432235003 0.00777213695 -0.0031506503 0.0431114174 0.00627981313 0.00162049558 0.043223504 0.00627981313 0.00162049558 0.043223504 0.00777213695 -0.0031506503 0.0431114174 0.0062780357 0.00161963562 0.0432028063 0.00777213695 -0.0031506503 0.0431114174 0.00777198421 -0.0031506985 0.0430909991 0.0062780357 0.00161963562 0.0432028063 0.0062780357 0.00161963562 0.0432028063 0.00777198421 -0.0031506985 0.0430909991 0.00627365196 0.00161751709 0.0430909991 0.00627365196 0.00161751709 0.0430909991 0.00777198421 -0.0031506985 0.0430909991 0.00627633557 0.00161881384 0.0430034883 0.00777198421 -0.0031506985 0.0430909991 0.00777213695 -0.0031506503 0.0430705808 0.00627633557 0.00161881384 0.0430034883 0.00627633557 0.00161881384 0.0430034883 0.00777213695 -0.0031506503 0.0430705808 0.00777844293 -0.00314866891 0.042958498 0.00779395178 -0.00314379553 0.0428474024 0.00628686557 0.00162391213 0.0428972244 0.00777844293 -0.00314866891 0.042958498 0.00628686557 0.00162391213 0.0428972244 0.00627981266 0.00162049592 0.0429584943 0.00777844293 -0.00314866891 0.042958498 0.00777844293 -0.00314866891 0.042958498 0.00627981266 0.00162049592 0.0429584943 0.00627633557 0.00161881384 0.0430034883 0.00781854801 -0.00313606672 0.0427381247 0.0063053011 0.00163286494 0.042792242 0.00779395178 -0.00314379553 0.0428474024 0.0063053011 0.00163286494 0.042792242 0.00629460067 0.00162766478 0.0428473987 0.00779395178 -0.00314379553 0.0428474024 0.00779395178 -0.00314379553 0.0428474024 0.00629460067 0.00162766478 0.0428473987 0.00628686557 0.00162391213 0.0428972244 0.00785204675 -0.00312553998 0.0426314808 0.00633151969 0.00164564699 0.0426892377 0.00781854801 -0.00313606672 0.0427381247 0.00633151969 0.00164564699 0.0426892377 0.00631804252 0.00163906964 0.042738121 0.00781854801 -0.00313606672 0.0427381247 0.00781854801 -0.00313606672 0.0427381247 0.00631804252 0.00163906964 0.042738121 0.0063053011 0.00163286494 0.042792242 0.00789420027 -0.00311229401 0.0425282642 0.00636534626 0.00166221801 0.042588897 0.00785204675 -0.00312553998 0.0426314808 0.00636534626 0.00166221801 0.042588897 0.00634995056 0.0016546651 0.0426314734 0.00785204675 -0.00312553998 0.0426314808 0.00785204675 -0.00312553998 0.0426314808 0.00634995056 0.0016546651 0.0426314734 0.00633151969 0.00164564699 0.0426892377 0.00794469379 -0.00309642754 0.042429246 0.00640655821 0.00168252341 0.0424918868 0.00789420027 -0.00311229401 0.0425282642 0.00640655821 0.00168252341 0.0424918868 0.00639007147 0.00167438493 0.0425282568 0.00789420027 -0.00311229401 0.0425282642 0.00789420027 -0.00311229401 0.0425282642 0.00639007147 0.00167438493 0.0425282568 0.00636534626 0.00166221801 0.042588897 0.00800314918 -0.00307805883 0.0423351601 0.00645488314 0.00170649437 0.0423988625 0.00794469379 -0.00309642754 0.042429246 0.00645488314 0.00170649437 0.0423988625 0.00643808581 0.00169814273 0.0424292348 0.00794469379 -0.00309642754 0.042429246 0.00794469379 -0.00309642754 0.042429246 0.00643808581 0.00169814273 0.0424292348 0.00640655821 0.00168252341 0.0424918868 0.00806913152 -0.00305732503 0.042246718 0.00651000766 0.00173405232 0.0423104391 0.00800314918 -0.00307805883 0.0423351601 0.00651000766 0.00173405232 0.0423104391 0.00649361406 0.0017258327 0.0423351526 0.00800314918 -0.00307805883 0.0423351601 0.00800314918 -0.00307805883 0.0423351601 0.00649361406 0.0017258327 0.0423351526 0.00645488314 0.00170649437 0.0423988625 0.00814214814 -0.00303438073 0.0421645679 0.0065735341 0.0017660989 0.0422247872 0.00806913152 -0.00305732503 0.042246718 0.0065735341 0.0017660989 0.0422247872 0.0065562157 0.00175733143 0.0422467068 0.00806913152 -0.00305732503 0.042246718 0.00806913152 -0.00305732503 0.042246718 0.0065562157 0.00175733143 0.0422467068 0.00651000766 0.00173405232 0.0423104391 0.00822165515 -0.00300939707 0.0420893319 0.0066435989 0.00180182548 0.042145133 0.00814214814 -0.00303438073 0.0421645679 0.0066435989 0.00180182548 0.042145133 0.0066253948 0.00179249782 0.0421645567 0.00814214814 -0.00303438073 0.0421645679 0.00814214814 -0.00303438073 0.0421645679 0.0066253948 0.00179249782 0.0421645567 0.0065735341 0.0017660989 0.0422247872 0.00830705836 -0.00298256031 0.0420215651 0.0067150942 0.00183878024 0.0420762114 0.00822165515 -0.00300939707 0.0420893319 0.0067150942 0.00183878024 0.0420762114 0.00670057721 0.00183123874 0.0420893207 0.00822165515 -0.00300939707 0.0420893319 0.00822165515 -0.00300939707 0.0420893319 0.00670057721 0.00183123874 0.0420893207 0.0066435989 0.00180182548 0.042145133 0.00839772169 -0.00295407092 0.041961778 0.00679158233 0.0018787944 0.0420136638 0.00830705836 -0.00298256031 0.0420215651 0.00679158233 0.0018787944 0.0420136638 0.00678118505 0.00187332917 0.0420215614 0.00830705836 -0.00298256031 0.0420215651 0.00830705836 -0.00298256031 0.0420215651 0.00678118505 0.00187332917 0.0420215614 0.0067150942 0.00183878024 0.0420762114 0.00695759617 0.00196705898 0.0419097058 0.0069562234 0.00196632184 0.0419104137 0.00849296805 -0.00292414124 0.0419104137 0.0069562234 0.00196632184 0.0419104137 0.0068725897 0.00192163419 0.041958008 0.00849296805 -0.00292414124 0.0419104137 0.00849296805 -0.00292414124 0.0419104137 0.0068725897 0.00192163419 0.041958008 0.00839772169 -0.00295407092 0.041961778 0.0068725897 0.00192163419 0.041958008 0.00686661573 0.00191845978 0.0419617742 0.00839772169 -0.00295407092 0.041961778 0.00839772169 -0.00295407092 0.041961778 0.00686661573 0.00191845978 0.0419617742 0.00679158233 0.0018787944 0.0420136638 0.00859208871 -0.00289299432 0.0418678522 0.00869434141 -0.00286086299 0.0418344177 0.00714521855 0.0020690118 0.0418344177 0.00714521855 0.0020690118 0.0418344177 0.00713731488 0.00206466787 0.0418367945 0.00859208871 -0.00289299432 0.0418678522 0.00713731488 0.00206466787 0.0418367945 0.00704933051 0.0020166093 0.0418678522 0.00859208871 -0.00289299432 0.0418678522 0.00859208871 -0.00289299432 0.0418678522 0.00704933051 0.0020166093 0.0418678522 0.00849296805 -0.00292414124 0.0419104137 0.00704933051 0.0020166093 0.0418678522 0.00704603828 0.0020148214 0.0418691821 0.00849296805 -0.00292414124 0.0419104137 0.00849296805 -0.00292414124 0.0419104137 0.00704603828 0.0020148214 0.0418691821 0.00695759617 0.00196705898 0.0419097058 0.00879896618 -0.00282798638 0.0418103561 0.00890518166 -0.0027946101 0.0417958461 0.00734234462 0.00217892369 0.0417958461 0.00734234462 0.00217892369 0.0417958461 0.0073258169 0.00216958323 0.0417975895 0.00879896618 -0.00282798638 0.0418103561 0.0073258169 0.00216958323 0.0417975895 0.00724314386 0.00212321919 0.0418103561 0.00879896618 -0.00282798638 0.0418103561 0.00879896618 -0.00282798638 0.0418103561 0.00724314386 0.00212321919 0.0418103561 0.00869434141 -0.00286086299 0.0418344177 0.00724314386 0.00212321919 0.0418103561 0.00723079033 0.00211633998 0.0418128483 0.00869434141 -0.00286086299 0.0418344177 0.00869434141 -0.00286086299 0.0418344177 0.00723079033 0.00211633998 0.0418128483 0.00714521855 0.0020690118 0.0418344177 0.00911920797 -0.00272735581 0.0417958461 0.00751478458 0.00227818382 0.041793596 0.00901219435 -0.00276098307 0.0417909995 0.00751478458 0.00227818382 0.041793596 0.0074420576 0.00223582657 0.0417909995 0.00901219435 -0.00276098307 0.0417909995 0.00901219435 -0.00276098307 0.0417909995 0.0074420576 0.00223582657 0.0417909995 0.00890518166 -0.0027946101 0.0417958461 0.0074420576 0.00223582657 0.0417909995 0.00741896406 0.00222255965 0.0417912602 0.00890518166 -0.0027946101 0.0417958461 0.00890518166 -0.0027946101 0.0417958461 0.00741896406 0.00222255965 0.0417912602 0.00734234462 0.00217892369 0.0417958461 0.00922542252 -0.00269397954 0.0418103561 0.00760723371 0.00233250903 0.0418044589 0.00911920797 -0.00272735581 0.0417958461 0.00760723371 0.00233250903 0.0418044589 0.00754140224 0.0022937844 0.0417958461 0.00911920797 -0.00272735581 0.0417958461 0.00911920797 -0.00272735581 0.0417958461 0.00754140224 0.0022937844 0.0417958461 0.00751478458 0.00227818382 0.041793596 0.00933004729 -0.00266110315 0.0418344177 0.00768876541 0.00238077738 0.0418212563 0.00922542252 -0.00269397954 0.0418103561 0.00768876541 0.00238077738 0.0418212563 0.0076398761 0.00235178857 0.0418103561 0.00922542252 -0.00269397954 0.0418103561 0.00922542252 -0.00269397954 0.0418103561 0.0076398761 0.00235178857 0.0418103561 0.00760723371 0.00233250903 0.0418044589 0.00943230093 -0.00262897159 0.0418678522 0.00777168479 0.00243032281 0.0418455973 0.00933004729 -0.00266110315 0.0418344177 0.00777168479 0.00243032281 0.0418455973 0.00773673505 0.00240937481 0.0418344177 0.00933004729 -0.00266110315 0.0418344177 0.00933004729 -0.00266110315 0.0418344177 0.00773673505 0.00240937481 0.0418344177 0.00768876541 0.00238077738 0.0418212563 0.00953142066 -0.0025978249 0.0419104137 0.007860207 0.00248390227 0.0418802239 0.00943230093 -0.00262897159 0.0418678522 0.007860207 0.00248390227 0.0418802239 0.00783121027 0.00246625952 0.0418678522 0.00943230093 -0.00262897159 0.0418678522 0.00943230093 -0.00262897159 0.0418678522 0.00783121027 0.00246625952 0.0418678522 0.00777168479 0.00243032281 0.0418455973 0.00962666795 -0.00256789522 0.041961778 0.0079402877 0.00253307889 0.0419199318 0.00953142066 -0.0025978249 0.0419104137 0.0079402877 0.00253307889 0.0419199318 0.00792254973 0.0025221433 0.0419104099 0.00953142066 -0.0025978249 0.0419104137 0.00953142066 -0.0025978249 0.0419104137 0.00792254973 0.0025221433 0.0419104099 0.007860207 0.00248390227 0.0418802239 0.00971733127 -0.00253940583 0.0420215651 0.00802079495 0.00258303504 0.0419687852 0.00962666795 -0.00256789522 0.041961778 0.00802079495 0.00258303504 0.0419687852 0.00801015273 0.00257639866 0.0419617742 0.00962666795 -0.00256789522 0.041961778 0.00962666795 -0.00256789522 0.041961778 0.00801015273 0.00257639866 0.0419617742 0.0079402877 0.00253307889 0.0419199318 0.00817157701 0.00267833285 0.0420893282 0.00816896837 0.00267666252 0.042086862 0.00980273448 -0.00251256907 0.0420893319 0.00816896837 0.00267666252 0.042086862 0.00809720904 0.00263102166 0.0420246124 0.00980273448 -0.00251256907 0.0420893319 0.00980273448 -0.00251256907 0.0420893319 0.00809720904 0.00263102166 0.0420246124 0.00971733127 -0.00253940583 0.0420215651 0.00809720904 0.00263102166 0.0420246124 0.00809337012 0.00262859603 0.0420215651 0.00971733127 -0.00253940583 0.0420215651 0.00971733127 -0.00253940583 0.0420215651 0.00809337012 0.00262859603 0.0420215651 0.00802079495 0.00258303504 0.0419687852 0.00817157701 0.00267833285 0.0420893282 0.00980273448 -0.00251256907 0.0420893319 0.00823311787 0.00271792104 0.0421521738 0.00980273448 -0.00251256907 0.0420893319 0.00988224149 -0.00248758541 0.0421645679 0.00823311787 0.00271792104 0.0421521738 0.00823311787 0.00271792104 0.0421521738 0.00988224149 -0.00248758541 0.0421645679 0.00824422855 0.00272509968 0.0421645567 0.00824422855 0.00272509968 0.0421645567 0.00988224149 -0.00248758541 0.0421645679 0.0082914615 0.00275566056 0.0422212519 0.00988224149 -0.00248758541 0.0421645679 0.00995525811 -0.00246464112 0.042246718 0.0082914615 0.00275566056 0.0422212519 0.0082914615 0.00275566056 0.0422212519 0.00995525811 -0.00246464112 0.042246718 0.00831088703 0.00276824995 0.0422466919 0.00831088703 0.00276824995 0.0422466919 0.00995525811 -0.00246464112 0.042246718 0.00835184939 0.00279485411 0.0423051156 0.00995525811 -0.00246464112 0.042246718 0.0100212405 -0.00244390732 0.0423351601 0.00835184939 0.00279485411 0.0423051156 0.00835184939 0.00279485411 0.0423051156 0.0100212405 -0.00244390732 0.0423351601 0.00837108959 0.00280738366 0.042335134 0.00837108959 0.00280738366 0.042335134 0.0100212405 -0.00244390732 0.0423351601 0.008405637 0.00282995193 0.0423940606 0.0100212405 -0.00244390732 0.0423351601 0.0100796958 -0.00242553861 0.042429246 0.008405637 0.00282995193 0.0423940606 0.008405637 0.00282995193 0.0423940606 0.0100796958 -0.00242553861 0.042429246 0.00842436869 0.00284223468 0.0424292162 0.00842436869 0.00284223468 0.0424292162 0.0100796958 -0.00242553861 0.042429246 0.00845252909 0.00286077661 0.0424873903 0.0100796958 -0.00242553861 0.042429246 0.0101301884 -0.00240967213 0.0425282642 0.00845252909 0.00286077661 0.0424873903 0.00845252909 0.00286077661 0.0424873903 0.0101301884 -0.00240967213 0.0425282642 0.00847032387 0.00287255086 0.0425282381 0.00847032387 0.00287255086 0.0425282381 0.0101301884 -0.00240967213 0.0425282642 0.00849229656 0.00288716401 0.0425843783 0.0101301884 -0.00240967213 0.0425282642 0.010172342 -0.00239642616 0.0426314808 0.00849229656 0.00288716401 0.0425843783 0.00849229656 0.00288716401 0.0425843783 0.010172342 -0.00239642616 0.0426314808 0.00850861985 0.00289808586 0.0426314548 0.00850861985 0.00289808586 0.0426314548 0.010172342 -0.00239642616 0.0426314808 0.00852477644 0.00290896418 0.0426842906 0.010172342 -0.00239642616 0.0426314808 0.0102058416 -0.00238589942 0.0427381247 0.00852477644 0.00290896418 0.0426842906 0.00852477644 0.00290896418 0.0426842906 0.0102058416 -0.00238589942 0.0427381247 0.00853898469 0.00291859894 0.0427381024 0.00853898469 0.00291859894 0.0427381024 0.0102058416 -0.00238589942 0.0427381247 0.00854987744 0.00292603998 0.0427863821 0.0102058416 -0.00238589942 0.0427381247 0.0102304379 -0.00237817061 0.0428474024 0.00854987744 0.00292603998 0.0427863821 0.00854987744 0.00292603998 0.0427863821 0.0102304379 -0.00237817061 0.0428474024 0.00856121909 0.00293385377 0.0428473875 0.00856121909 0.00293385377 0.0428473875 0.0102304379 -0.00237817061 0.0428474024 0.00856757071 0.00293826731 0.0428899042 0.0102304379 -0.00237817061 0.0428474024 0.0102459462 -0.00237329723 0.042958498 0.00856757071 0.00293826731 0.0428899042 0.00856757071 0.00293826731 0.0428899042 0.0102459462 -0.00237329723 0.042958498 0.00857519358 0.00294361543 0.0429584868 0.0102459462 -0.00237329723 0.042958498 0.0102522522 -0.00237131561 0.0430705808 0.00857519358 0.00294361543 0.0429584868 0.00857519358 0.00294361543 0.0429584868 0.0102522522 -0.00237131561 0.0430705808 0.00857789535 0.0029455293 0.042994041 0.0102522522 -0.00237131561 0.0430705808 0.010252405 -0.00237126765 0.0430909991 0.00857789535 0.0029455293 0.042994041 0.00857789535 0.0029455293 0.042994041 0.010252405 -0.00237126765 0.0430909991 0.00858099293 0.00294774747 0.0430909991 0.00112200878 -1.30072181e-06 0.0430909991 0.00262034079 -0.00476951618 0.0430909991 0.0011182779 -1.89782941e-06 0.0431895144 0.00262034079 -0.00476951618 0.0430909991 0.00262018782 -0.00476956461 0.0431114174 0.0011182779 -1.89782941e-06 0.0431895144 0.0011182779 -1.89782941e-06 0.0431895144 0.00262018782 -0.00476956461 0.0431114174 0.00261388207 -0.004771546 0.0432235003 0.00259837322 -0.00477641914 0.0433345959 0.00110582367 -3.88065382e-06 0.0432956778 0.00261388207 -0.004771546 0.0432235003 0.00110582367 -3.88065382e-06 0.0432956778 0.00111525133 -2.38095254e-06 0.043223504 0.00261388207 -0.004771546 0.0432235003 0.00261388207 -0.004771546 0.0432235003 0.00111525133 -2.38095254e-06 0.043223504 0.0011182779 -1.89782941e-06 0.0431895144 0.00257377746 -0.00478414819 0.0434438698 0.00108468975 -7.21903189e-06 0.0434004851 0.00259837322 -0.00477641914 0.0433345959 0.00108468975 -7.21903189e-06 0.0434004851 0.00109902059 -4.95862332e-06 0.0433345996 0.00259837322 -0.00477641914 0.0433345959 0.00259837322 -0.00477641914 0.0433345959 0.00109902059 -4.95862332e-06 0.0433345996 0.00110582367 -3.88065382e-06 0.0432956778 0.00254027778 -0.00479467493 0.0435505174 0.00105499674 -1.18615881e-05 0.0435032472 0.00257377746 -0.00478414819 0.0434438698 0.00105499674 -1.18615881e-05 0.0435032472 0.00107326848 -9.01110798e-06 0.0434438772 0.00257377746 -0.00478414819 0.0434438698 0.00257377746 -0.00478414819 0.0434438698 0.00107326848 -9.01110798e-06 0.0434438772 0.00108468975 -7.21903189e-06 0.0434004851 0.00249812449 -0.00480792066 0.043653734 0.00101691531 -1.77401416e-05 0.0436032712 0.00254027778 -0.00479467493 0.0435505174 0.00101691531 -1.77401416e-05 0.0436032712 0.00103817461 -1.44686237e-05 0.0435505249 0.00254027778 -0.00479467493 0.0435505174 0.00254027778 -0.00479467493 0.0435505174 0.00103817461 -1.44686237e-05 0.0435505249 0.00105499674 -1.18615881e-05 0.0435032472 0.00244763168 -0.00482378714 0.0437527522 0.000970665191 -2.47699409e-05 0.0436999016 0.00249812449 -0.00480792066 0.043653734 0.000970665191 -2.47699409e-05 0.0436999016 0.000993984984 -2.1240332e-05 0.0436537415 0.00249812449 -0.00480792066 0.043653734 0.00249812449 -0.00480792066 0.043653734 0.000993984984 -2.1240332e-05 0.0436537415 0.00101691531 -1.77401416e-05 0.0436032712 0.00238917605 -0.00484215608 0.0438468345 0.00091651408 -3.28499482e-05 0.0437924787 0.00244763168 -0.00482378714 0.0437527522 0.00091651408 -3.28499482e-05 0.0437924787 0.000941010308 -2.92149198e-05 0.0437527634 0.00244763168 -0.00482378714 0.0437527522 0.00244763168 -0.00482378714 0.0437527522 0.000941010308 -2.92149198e-05 0.0437527634 0.000970665191 -2.47699409e-05 0.0436999016 0.00232319371 -0.00486288965 0.0439352803 0.000854765589 -4.18647433e-05 0.0438803919 0.00238917605 -0.00484215608 0.0438468345 0.000854765589 -4.18647433e-05 0.0438803919 0.000879623287 -3.82613434e-05 0.0438468494 0.00238917605 -0.00484215608 0.0438468345 0.00238917605 -0.00484215608 0.0438468345 0.000879623287 -3.82613434e-05 0.0438468494 0.00091651408 -3.28499482e-05 0.0437924787 0.00225017709 -0.00488583418 0.0440174304 0.000783051888 -5.20641988e-05 0.0439660326 0.00232319371 -0.00486288965 0.0439352803 0.000783051888 -5.20641988e-05 0.0439660326 0.000810254947 -4.82298601e-05 0.0439352952 0.00232319371 -0.00486288965 0.0439352803 0.00232319371 -0.00486288965 0.0439352803 0.000810254947 -4.82298601e-05 0.0439352952 0.000854765589 -4.18647433e-05 0.0438803919 0.00217067031 -0.00491081784 0.0440926664 0.000705402868 -6.27558475e-05 0.0440440513 0.00225017709 -0.00488583418 0.0440174304 0.000705402868 -6.27558475e-05 0.0440440513 0.000733394292 -5.89514821e-05 0.0440174416 0.00225017709 -0.00488583418 0.0440174304 0.00225017709 -0.00488583418 0.0440174304 0.000733394292 -5.89514821e-05 0.0440174416 0.000783051888 -5.20641988e-05 0.0439660326 0.00208526687 -0.00493765436 0.0441604331 0.000624987588 -7.33789784e-05 0.0441123769 0.00217067031 -0.00491081784 0.0440926664 0.000624987588 -7.33789784e-05 0.0441123769 0.000649564317 -7.01764293e-05 0.0440926775 0.00217067031 -0.00491081784 0.0440926664 0.00217067031 -0.00491081784 0.0440926664 0.000649564317 -7.01764293e-05 0.0440926775 0.000705402868 -6.27558475e-05 0.0440440513 0.00199460331 -0.00496614398 0.0442202203 0.00053877919 -8.43439193e-05 0.0441742688 0.00208526687 -0.00493765436 0.0441604331 0.00053877919 -8.43439193e-05 0.0441742688 0.000559369044 -8.17609325e-05 0.0441604406 0.00208526687 -0.00493765436 0.0441604331 0.00208526687 -0.00493765436 0.0441604331 0.000559369044 -8.17609325e-05 0.0441604406 0.000624987588 -7.33789784e-05 0.0441123769 0.0018993566 -0.00499607343 0.0442715846 0.000447303639 -9.55684081e-05 0.0442292131 0.00199460331 -0.00496614398 0.0442202203 0.000447303639 -9.55684081e-05 0.0442292131 0.000463479548 -9.36124707e-05 0.0442202277 0.00199460331 -0.00496614398 0.0442202203 0.00199460331 -0.00496614398 0.0442202203 0.000463479548 -9.36124707e-05 0.0442202277 0.00053877919 -8.43439193e-05 0.0441742688 0.00180023676 -0.00502722012 0.0443141423 0.000351129536 -0.000106949403 0.0442767516 0.0018993566 -0.00499607343 0.0442715846 0.000351129536 -0.000106949403 0.0442767516 0.000362602004 -0.000105613908 0.0442715883 0.0018993566 -0.00499607343 0.0442715846 0.0018993566 -0.00499607343 0.0442715846 0.000362602004 -0.000105613908 0.0442715883 0.000447303639 -9.55684081e-05 0.0442292131 0.00169798313 -0.00505935168 0.0443475805 0.00025086393 -0.000118365148 0.0443164743 0.00180023676 -0.00502722012 0.0443141423 0.00025086393 -0.000118365148 0.0443164743 0.000257473323 -0.000117626914 0.044314146 0.00180023676 -0.00502722012 0.0443141423 0.00180023676 -0.00502722012 0.0443141423 0.000257473323 -0.000117626914 0.044314146 0.000351129536 -0.000106949403 0.0442767516 0.0015933587 -0.0050922283 0.0443716422 3.75301788e-05 -0.000141047858 0.0443716422 0.00169798313 -0.00505935168 0.0443475805 3.75301788e-05 -0.000141047858 0.0443716422 4.06547333e-05 -0.000140732547 0.044371102 0.00169798313 -0.00505935168 0.0443475805 4.06547333e-05 -0.000140732547 0.044371102 0.000147148428 -0.00012967721 0.0443480238 0.00169798313 -0.00505935168 0.0443475805 0.000147148428 -0.00012967721 0.0443480238 0.000148856532 -0.000129495151 0.0443475805 0.00169798313 -0.00505935168 0.0443475805 0.00169798313 -0.00505935168 0.0443475805 0.000148856532 -0.000129495151 0.0443475805 0.00025086393 -0.000118365148 0.0443164743 0.00148714369 -0.00512560457 0.0443861485 0.00138013042 -0.00515923183 0.0443909988 -0.000190037448 -0.000162462151 0.0443909988 -0.000190037448 -0.000162462151 0.0443909988 -0.000175223176 -0.000161168631 0.0443909168 0.00148714369 -0.00512560457 0.0443861485 -0.000175223176 -0.000161168631 0.0443909168 -7.57029848e-05 -0.000152101085 0.0443861522 0.00148714369 -0.00512560457 0.0443861485 0.00148714369 -0.00512560457 0.0443861485 -7.57029848e-05 -0.000152101085 0.0443861522 0.0015933587 -0.0050922283 0.0443716422 -7.57029848e-05 -0.000152101085 0.0443861522 -6.7934765e-05 -0.000151366883 0.0443854667 0.0015933587 -0.0050922283 0.0443716422 0.0015933587 -0.0050922283 0.0443716422 -6.7934765e-05 -0.000151366883 0.0443854667 3.75301788e-05 -0.000141047858 0.0443716422 0.00116690213 -0.00522623537 0.0443716422 -0.000387482898 -0.000178131188 0.0443765819 0.00127311714 -0.00519285863 0.0443861485 -0.000387482898 -0.000178131188 0.0443765819 -0.000304688787 -0.00017173987 0.0443861485 0.00127311714 -0.00519285863 0.0443861485 0.00127311714 -0.00519285863 0.0443861485 -0.000304688787 -0.00017173987 0.0443861485 0.00138013042 -0.00515923183 0.0443909988 -0.000304688787 -0.00017173987 0.0443861485 -0.00027930722 -0.000169739491 0.0443880595 0.00138013042 -0.00515923183 0.0443909988 0.00138013042 -0.00515923183 0.0443909988 -0.00027930722 -0.000169739491 0.0443880595 -0.000190037448 -0.000162462151 0.0443909988 0.0010622777 -0.00525911152 0.0443475805 -0.000482234405 -0.000185163371 0.0443592444 0.00116690213 -0.00522623537 0.0443716422 -0.000482234405 -0.000185163371 0.0443592444 -0.000418643293 -0.000180480449 0.0443716422 0.00116690213 -0.00522623537 0.0443716422 0.00116690213 -0.00522623537 0.0443716422 -0.000418643293 -0.000180480449 0.0443716422 -0.000387482898 -0.000178131188 0.0443765819 0.000960024132 -0.00529124308 0.0443141423 -0.000578680949 -0.000191918545 0.0443343371 0.0010622777 -0.00525911152 0.0443475805 -0.000578680949 -0.000191918545 0.0443343371 -0.000531034369 -0.000188639751 0.0443475768 0.0010622777 -0.00525911152 0.0443475805 0.0010622777 -0.00525911152 0.0443475805 -0.000531034369 -0.000188639751 0.0443475768 -0.000482234405 -0.000185163371 0.0443592444 0.000860904227 -0.00532238977 0.0442715846 -0.000682005601 -0.000198551512 0.0442990661 0.000960024132 -0.00529124308 0.0443141423 -0.000682005601 -0.000198551512 0.0442990661 -0.000641068444 -0.000196010122 0.0443141423 0.000960024132 -0.00529124308 0.0443141423 0.000960024132 -0.00529124308 0.0443141423 -0.000641068444 -0.000196010122 0.0443141423 -0.000578680949 -0.000191918545 0.0443343371 0.000765657402 -0.00535231968 0.0442202203 -0.000774944201 -0.000203928706 0.0442591533 0.000860904227 -0.00532238977 0.0442715846 -0.000774944201 -0.000203928706 0.0442591533 -0.000747956568 -0.00020240841 0.0442715883 0.000860904227 -0.00532238977 0.0442715846 0.000860904227 -0.00532238977 0.0442715846 -0.000747956568 -0.00020240841 0.0442715883 -0.000682005601 -0.000198551512 0.0442990661 0.00067499408 -0.00538080884 0.0441604331 -0.00086929329 -0.000208956364 0.0442098342 0.000765657402 -0.00535231968 0.0442202203 -0.00086929329 -0.000208956364 0.0442098342 -0.000850847166 -0.000208011377 0.044220224 0.000765657402 -0.00535231968 0.0442202203 0.000765657402 -0.00535231968 0.0442202203 -0.000850847166 -0.000208011377 0.044220224 -0.000774944201 -0.000203928706 0.0442591533 0.00058959052 -0.00540764583 0.0440926664 -0.000959116558 -0.000213262203 0.0441535749 0.00067499408 -0.00538080884 0.0441604331 -0.000959116558 -0.000213262203 0.0441535749 -0.000948959845 -0.000212801126 0.0441604368 0.00067499408 -0.00538080884 0.0441604331 0.00067499408 -0.00538080884 0.0441604331 -0.000948959845 -0.000212801126 0.0441604368 -0.00086929329 -0.000208956364 0.0442098342 -0.00112789962 -0.000219961352 0.0440174378 -0.00111830165 -0.000219621317 0.0440264642 0.000510083803 -0.00543262949 0.0440174304 -0.00111830165 -0.000219621317 0.0440264642 -0.00104374217 -0.000216837274 0.0440909192 0.000510083803 -0.00543262949 0.0440174304 0.000510083803 -0.00543262949 0.0440174304 -0.00104374217 -0.000216837274 0.0440909192 0.00058959052 -0.00540764583 0.0440926664 -0.00104374217 -0.000216837274 0.0440909192 -0.0010415595 -0.000216750981 0.0440926664 0.00058959052 -0.00540764583 0.0440926664 0.00058959052 -0.00540764583 0.0440926664 -0.0010415595 -0.000216750981 0.0440926664 -0.000959116558 -0.000213262203 0.0441535749 -0.00112789962 -0.000219961352 0.0440174378 0.000510083803 -0.00543262949 0.0440174304 -0.00118998543 -0.000222087605 0.0439544283 0.000510083803 -0.00543262949 0.0440174304 0.000437067007 -0.00545557356 0.0439352803 -0.00118998543 -0.000222087605 0.0439544283 -0.00118998543 -0.000222087605 0.0439544283 0.000437067007 -0.00545557356 0.0439352803 -0.00120727427 -0.0002226488 0.0439353026 -0.00120727427 -0.0002226488 0.0439353026 0.000437067007 -0.00545557356 0.0439352803 -0.00126243732 -0.000224332282 0.0438688062 0.000437067007 -0.00545557356 0.0439352803 0.000371084723 -0.00547630759 0.0438468345 -0.00126243732 -0.000224332282 0.0438688062 -0.00126243732 -0.000224332282 0.0438688062 0.000371084723 -0.00547630759 0.0438468345 -0.0012790953 -0.000224805437 0.0438468568 -0.0012790953 -0.000224805437 0.0438468568 0.000371084723 -0.00547630759 0.0438468345 -0.00132684596 -0.000226060889 0.0437780619 0.000371084723 -0.00547630759 0.0438468345 0.000312629185 -0.00549467606 0.0437527522 -0.00132684596 -0.000226060889 0.0437780619 -0.00132684596 -0.000226060889 0.0437780619 0.000312629185 -0.00549467606 0.0437527522 -0.00134280918 -0.000226445321 0.0437527783 -0.00134280918 -0.000226445321 0.0437527783 0.000312629185 -0.00549467606 0.0437527522 -0.0013827387 -0.00022732724 0.0436831452 0.000312629185 -0.00549467606 0.0437527522 0.000262136396 -0.00551054254 0.043653734 -0.0013827387 -0.00022732724 0.0436831452 -0.0013827387 -0.00022732724 0.0436831452 0.000262136396 -0.00551054254 0.043653734 -0.00139791775 -0.000227633747 0.0436537564 -0.00139791775 -0.000227633747 0.0436537564 0.000262136396 -0.00551054254 0.043653734 -0.00142672344 -0.00022817991 0.0435921364 0.000262136396 -0.00551054254 0.043653734 0.000219982976 -0.00552378874 0.0435505174 -0.00142672344 -0.00022817991 0.0435921364 -0.00142672344 -0.00022817991 0.0435921364 0.000219982976 -0.00552378874 0.0435505174 -0.00144396443 -0.000228494246 0.0435505435 -0.00144396443 -0.000228494246 0.0435505435 0.000219982976 -0.00552378874 0.0435505174 -0.00146441162 -0.000228862264 0.0434948355 0.000219982976 -0.00552378874 0.0435505174 0.000186483405 -0.00553431548 0.0434438698 -0.00146441162 -0.000228862264 0.0434948355 -0.00146441162 -0.000228862264 0.0434948355 0.000186483405 -0.00553431548 0.0434438698 -0.00148057065 -0.000229146433 0.0434438922 -0.00148057065 -0.000229146433 0.0434438922 0.000186483405 -0.00553431548 0.0434438698 -0.00149407727 -0.000229376514 0.043394234 0.000186483405 -0.00553431548 0.0434438698 0.000161887525 -0.00554204406 0.0433345959 -0.00149407727 -0.000229376514 0.043394234 -0.00149407727 -0.000229376514 0.043394234 0.000161887525 -0.00554204406 0.0433345959 -0.00150745781 -0.000229594196 0.0433346108 -0.00150745781 -0.000229594196 0.0433346108 0.000161887525 -0.00554204406 0.0433345959 -0.00151517999 -0.000229712983 0.0432919636 0.000161887525 -0.00554204406 0.0433345959 0.000146378836 -0.00554691767 0.0432235003 -0.00151517999 -0.000229712983 0.0432919636 -0.00151517999 -0.000229712983 0.0432919636 0.000146378836 -0.00554691767 0.0432235003 -0.00152442139 -0.000229844954 0.0432235114 0.000146378836 -0.00554691767 0.0432235003 0.000140072996 -0.00554889906 0.0431114174 -0.00152442139 -0.000229844954 0.0432235114 -0.00152442139 -0.000229844954 0.0432235114 0.000140072996 -0.00554889906 0.0431114174 -0.00152765366 -0.000229887111 0.04318868 0.000140072996 -0.00554889906 0.0431114174 0.000139919997 -0.00554894703 0.0430909991 -0.00152765366 -0.000229887111 0.04318868 -0.00152765366 -0.000229887111 0.04318868 0.000139919997 -0.00554894703 0.0430909991 -0.00153149164 -0.000229931931 0.0430909991 -0.000292873796 -0.000170762156 0.0417948961 -0.000304702437 -0.000171690117 0.0417958461 0.00127311714 -0.00519285863 0.0417958461 -0.00153149164 -0.000229931931 0.0430909991 0.000139919997 -0.00554894703 0.0430909991 -0.0015275121 -0.000229978192 0.042991899 0.000139919997 -0.00554894703 0.0430909991 0.000140072996 -0.00554889906 0.0430705808 -0.0015275121 -0.000229978192 0.042991899 -0.0015275121 -0.000229978192 0.042991899 0.000140072996 -0.00554889906 0.0430705808 0.000146378836 -0.00554691767 0.042958498 0.000161887525 -0.00554204406 0.0428474024 -0.00151523238 -0.000230021527 0.0428909473 0.000146378836 -0.00554691767 0.042958498 -0.00151523238 -0.000230021527 0.0428909473 -0.00152437272 -0.00022999983 0.0429584868 0.000146378836 -0.00554691767 0.042958498 0.000146378836 -0.00554691767 0.042958498 -0.00152437272 -0.00022999983 0.0429584868 -0.0015275121 -0.000229978192 0.042991899 0.000186483405 -0.00553431548 0.0427381247 -0.00149459986 -0.000229930476 0.0427905507 0.000161887525 -0.00554204406 0.0428474024 -0.00149459986 -0.000229930476 0.0427905507 -0.00150732871 -0.000230005404 0.0428473875 0.000161887525 -0.00554204406 0.0428474024 0.000161887525 -0.00554204406 0.0428474024 -0.00150732871 -0.000230005404 0.0428473875 -0.00151523238 -0.000230021527 0.0428909473 0.000219982976 -0.00552378874 0.0426314808 -0.00146561756 -0.000229599216 0.0426913835 0.000186483405 -0.00553431548 0.0427381247 -0.00146561756 -0.000229599216 0.0426913835 -0.00148036843 -0.000229791578 0.0427381061 0.000186483405 -0.00553431548 0.0427381247 0.000186483405 -0.00553431548 0.0427381247 -0.00148036843 -0.000229791578 0.0427381061 -0.00149459986 -0.000229930476 0.0427905507 0.000262136396 -0.00551054254 0.0425282642 -0.00142834499 -0.000228947305 0.0425941348 0.000219982976 -0.00552378874 0.0426314808 -0.00142834499 -0.000228947305 0.0425941348 -0.0014437309 -0.000229241428 0.0426314585 0.000219982976 -0.00552378874 0.0426314808 0.000219982976 -0.00552378874 0.0426314808 -0.0014437309 -0.000229241428 0.0426314585 -0.00146561756 -0.000229599216 0.0426913835 0.000312629185 -0.00549467606 0.042429246 -0.00138289912 -0.000227919372 0.0424994975 0.000262136396 -0.00551054254 0.0425282642 -0.00138289912 -0.000227919372 0.0424994975 -0.00139771588 -0.000228277378 0.0425282419 0.000262136396 -0.00551054254 0.0425282642 0.000262136396 -0.00551054254 0.0425282642 -0.00139771588 -0.000228277378 0.0425282419 -0.00142834499 -0.000228947305 0.0425941348 0.000371084723 -0.00547630759 0.0423351601 -0.00132945483 -0.000226484641 0.0424081571 0.000312629185 -0.00549467606 0.042429246 -0.00132945483 -0.000226484641 0.0424081571 -0.00134268228 -0.000226857999 0.0424292237 0.000312629185 -0.00549467606 0.042429246 0.000312629185 -0.00549467606 0.042429246 -0.00134268228 -0.000226857999 0.0424292237 -0.00138289912 -0.000227919372 0.0424994975 0.000437067007 -0.00545557356 0.042246718 -0.0012682348 -0.000224636184 0.0423207767 0.000371084723 -0.00547630759 0.0423351601 -0.0012682348 -0.000224636184 0.0423207767 -0.00127904699 -0.000224975054 0.0423351452 0.000371084723 -0.00547630759 0.0423351601 0.000371084723 -0.00547630759 0.0423351601 -0.00127904699 -0.000224975054 0.0423351452 -0.00132945483 -0.000226484641 0.0424081571 -0.00113113283 -0.000220047426 0.04216763 -0.00120242825 -0.000222488248 0.0422412567 0.000437067007 -0.00545557356 0.042246718 -0.00120242825 -0.000222488248 0.0422412567 -0.00120728556 -0.000222650982 0.0422467105 0.000437067007 -0.00545557356 0.042246718 0.000437067007 -0.00545557356 0.042246718 -0.00120728556 -0.000222650982 0.0422467105 -0.0012682348 -0.000224636184 0.0423207767 -0.00113113283 -0.000220047426 0.04216763 0.000437067007 -0.00545557356 0.042246718 -0.00112791464 -0.000219935144 0.0421645641 0.000437067007 -0.00545557356 0.042246718 0.000510083803 -0.00543262949 0.0421645679 -0.00112791464 -0.000219935144 0.0421645641 -0.00112791464 -0.000219935144 0.0421645641 0.000510083803 -0.00543262949 0.0421645679 -0.00105589943 -0.000217304128 0.0421009474 0.000510083803 -0.00543262949 0.0421645679 0.00058959052 -0.00540764583 0.0420893319 -0.00105589943 -0.000217304128 0.0421009474 -0.00105589943 -0.000217304128 0.0421009474 0.00058959052 -0.00540764583 0.0420893319 -0.00104155298 -0.000216744898 0.0420893244 -0.00104155298 -0.000216744898 0.0420893244 0.00058959052 -0.00540764583 0.0420893319 -0.00097403914 -0.000213929816 0.0420387462 0.00058959052 -0.00540764583 0.0420893319 0.00067499408 -0.00538080884 0.0420215651 -0.00097403914 -0.000213929816 0.0420387462 -0.00097403914 -0.000213929816 0.0420387462 0.00067499408 -0.00538080884 0.0420215651 -0.00094895222 -0.000212805506 0.0420215577 -0.00094895222 -0.000212805506 0.0420215577 0.00067499408 -0.00538080884 0.0420215651 -0.000886141264 -0.000209810809 0.0419819839 0.00067499408 -0.00538080884 0.0420215651 0.000765657402 -0.00535231968 0.041961778 -0.000886141264 -0.000209810809 0.0419819839 -0.000886141264 -0.000209810809 0.0419819839 0.000765657402 -0.00535231968 0.041961778 -0.000850840821 -0.000208021331 0.0419617705 -0.000850840821 -0.000208021331 0.0419617705 0.000765657402 -0.00535231968 0.041961778 -0.000797587156 -0.000205189746 0.0419338383 0.000765657402 -0.00535231968 0.041961778 0.000860904227 -0.00532238977 0.0419104137 -0.000797587156 -0.000205189746 0.0419338383 -0.000797587156 -0.000205189746 0.0419338383 0.000860904227 -0.00532238977 0.0419104137 -0.000747948361 -0.000202421303 0.0419104062 -0.000747948361 -0.000202421303 0.0419104062 0.000860904227 -0.00532238977 0.0419104137 -0.000696474919 -0.000199429574 0.041888617 0.000860904227 -0.00532238977 0.0419104137 0.000960024132 -0.00529124308 0.0418678522 -0.000696474919 -0.000199429574 0.041888617 -0.000696474919 -0.000199429574 0.041888617 0.000960024132 -0.00529124308 0.0418678522 -0.000641070481 -0.000196003035 0.0418678522 0.0010622777 -0.00525911152 0.0418344177 -0.000531044963 -0.000188605365 0.0418344177 0.000960024132 -0.00529124308 0.0418678522 -0.000531044963 -0.000188605365 0.0418344177 -0.000595136196 -0.000193001324 0.0418526642 0.000960024132 -0.00529124308 0.0418678522 0.000960024132 -0.00529124308 0.0418678522 -0.000595136196 -0.000193001324 0.0418526642 -0.000641070481 -0.000196003035 0.0418678522 0.00127311714 -0.00519285863 0.0417958461 -0.000304702437 -0.000171690117 0.0417958461 0.00116690213 -0.00522623537 0.0418103561 -0.000304702437 -0.000171690117 0.0417958461 -0.000392360904 -0.000178447095 0.0418061391 0.00116690213 -0.00522623537 0.0418103561 -0.000392360904 -0.000178447095 0.0418061391 -0.000418659009 -0.000180429357 0.0418103561 0.00116690213 -0.00522623537 0.0418103561 0.00116690213 -0.00522623537 0.0418103561 -0.000418659009 -0.000180429357 0.0418103561 0.0010622777 -0.00525911152 0.0418344177 -0.000418659009 -0.000180429357 0.0418103561 -0.000493554573 -0.000185937228 0.041825287 0.0010622777 -0.00525911152 0.0418344177 0.0010622777 -0.00525911152 0.0418344177 -0.000493554573 -0.000185937228 0.041825287 -0.000531044963 -0.000188605365 0.0418344177 0.00138013042 -0.00515923183 0.0417909995 0.00148714369 -0.00512560457 0.0417958461 -7.57193193e-05 -0.000152070585 0.0417958461 -7.57193193e-05 -0.000152070585 0.0417958461 -9.24737615e-05 -0.000153641464 0.0417945273 0.00138013042 -0.00515923183 0.0417909995 -9.24737615e-05 -0.000153641464 0.0417945273 -0.000190036269 -0.000162432392 0.0417909995 0.00138013042 -0.00515923183 0.0417909995 0.00138013042 -0.00515923183 0.0417909995 -0.000190036269 -0.000162432392 0.0417909995 0.00127311714 -0.00519285863 0.0417958461 -0.000190036269 -0.000162432392 0.0417909995 -0.000197431247 -0.000163071352 0.0417910181 0.00127311714 -0.00519285863 0.0417958461 0.00127311714 -0.00519285863 0.0417958461 -0.000197431247 -0.000163071352 0.0417910181 -0.000292873796 -0.000170762156 0.0417948961 0.0015933587 -0.0050922283 0.0418103561 0.00169798313 -0.00505935168 0.0418344177 0.000148837789 -0.000129475826 0.041834414 0.000148837789 -0.000129475826 0.041834414 0.000130747983 -0.000131394991 0.0418298207 0.0015933587 -0.0050922283 0.0418103561 0.000130747983 -0.000131394991 0.0418298207 3.7510832e-05 -0.000141020864 0.0418103561 0.0015933587 -0.0050922283 0.0418103561 0.0015933587 -0.0050922283 0.0418103561 3.7510832e-05 -0.000141020864 0.0418103561 0.00148714369 -0.00512560457 0.0417958461 3.7510832e-05 -0.000141020864 0.0418103561 2.01127878e-05 -0.00014276593 0.0418074839 0.00148714369 -0.00512560457 0.0417958461 0.00148714369 -0.00512560457 0.0417958461 2.01127878e-05 -0.00014276593 0.0418074839 -7.57193193e-05 -0.000152070585 0.0417958461 0.00180023676 -0.00502722012 0.0418678522 0.0018993566 -0.00499607343 0.0419104137 0.000362597115 -0.000105616709 0.0419104062 0.000362597115 -0.000105616709 0.0419104062 0.000343073072 -0.000107883454 0.0419016965 0.00180023676 -0.00502722012 0.0418678522 0.000343073072 -0.000107883454 0.0419016965 0.000257461419 -0.000117617819 0.0418678485 0.00180023676 -0.00502722012 0.0418678522 0.00180023676 -0.00502722012 0.0418678522 0.000257461419 -0.000117617819 0.0418678485 0.00169798313 -0.00505935168 0.0418344177 0.000257461419 -0.000117617819 0.0418678485 0.000238653491 -0.000119711091 0.0418613218 0.00169798313 -0.00505935168 0.0418344177 0.00169798313 -0.00505935168 0.0418344177 0.000238653491 -0.000119711091 0.0418613218 0.000148837789 -0.000129475826 0.041834414 0.00199460331 -0.00496614398 0.041961778 0.00208526687 -0.00493765436 0.0420215651 0.000559375563 -8.17846594e-05 0.0420215577 0.000559375563 -8.17846594e-05 0.0420215577 0.000538570865 -8.43926682e-05 0.0420075879 0.00199460331 -0.00496614398 0.041961778 0.000538570865 -8.43926682e-05 0.0420075879 0.000463481061 -9.36269789e-05 0.0419617705 0.00199460331 -0.00496614398 0.041961778 0.00199460331 -0.00496614398 0.041961778 0.000463481061 -9.36269789e-05 0.0419617705 0.0018993566 -0.00499607343 0.0419104137 0.000463481061 -9.36269789e-05 0.0419617705 0.000443277939 -9.6065567e-05 0.0419505909 0.0018993566 -0.00499607343 0.0419104137 0.0018993566 -0.00499607343 0.0419104137 0.000443277939 -9.6065567e-05 0.0419505909 0.000362597115 -0.000105616709 0.0419104062 0.00217067031 -0.00491081784 0.0420893319 0.00225017709 -0.00488583418 0.0421645679 0.000733403256 -5.89735791e-05 0.0421645567 0.000733403256 -5.89735791e-05 0.0421645567 0.000707957137 -6.24375025e-05 0.0421403013 0.00217067031 -0.00491081784 0.0420893319 0.000707957137 -6.24375025e-05 0.0421403013 0.000649574271 -7.02038524e-05 0.0420893207 0.00217067031 -0.00491081784 0.0420893319 0.00217067031 -0.00491081784 0.0420893319 0.000649574271 -7.02038524e-05 0.0420893207 0.00208526687 -0.00493765436 0.0420215651 0.000649574271 -7.02038524e-05 0.0420893207 0.00062823802 -7.29859166e-05 0.042072162 0.00208526687 -0.00493765436 0.0420215651 0.00208526687 -0.00493765436 0.0420215651 0.00062823802 -7.29859166e-05 0.042072162 0.000559375563 -8.17846594e-05 0.0420215577 0.00232319371 -0.00486288965 0.042246718 0.00238917605 -0.00484215608 0.0423351601 0.000879624276 -3.82656326e-05 0.0423351489 0.000879624276 -3.82656326e-05 0.0423351489 0.000849570672 -4.26208826e-05 0.0422948673 0.00232319371 -0.00486288965 0.042246718 0.000849570672 -4.26208826e-05 0.0422948673 0.00081025908 -4.82413998e-05 0.0422467031 0.00232319371 -0.00486288965 0.042246718 0.00232319371 -0.00486288965 0.042246718 0.00081025908 -4.82413998e-05 0.0422467031 0.00225017709 -0.00488583418 0.0421645679 0.00081025908 -4.82413998e-05 0.0422467031 0.000780631963 -5.24193565e-05 0.0422133207 0.00225017709 -0.00488583418 0.0421645679 0.00225017709 -0.00488583418 0.0421645679 0.000780631963 -5.24193565e-05 0.0422133207 0.000733403256 -5.89735791e-05 0.0421645567 0.00244763168 -0.00482378714 0.042429246 0.00249812449 -0.00480792066 0.0425282642 0.000993984286 -2.1237729e-05 0.042528253 0.000993984286 -2.1237729e-05 0.042528253 0.000965904852 -2.54851075e-05 0.0424732082 0.00244763168 -0.00482378714 0.042429246 0.000965904852 -2.54851075e-05 0.0424732082 0.000941010134 -2.92146378e-05 0.0424292348 0.00244763168 -0.00482378714 0.042429246 0.00244763168 -0.00482378714 0.042429246 0.000941010134 -2.92146378e-05 0.0424292348 0.00238917605 -0.00484215608 0.0423351601 0.000941010134 -2.92146378e-05 0.0424292348 0.000911449722 -3.35990335e-05 0.0423816927 0.00238917605 -0.00484215608 0.0423351601 0.00238917605 -0.00484215608 0.0423351601 0.000911449722 -3.35990335e-05 0.0423816927 0.000879624276 -3.82656326e-05 0.0423351489 0.00254027778 -0.00479467493 0.0426314808 0.00257377746 -0.00478414819 0.0427381247 0.00107326778 -9.00834584e-06 0.042738121 0.00107326778 -9.00834584e-06 0.042738121 0.00105130568 -1.24317303e-05 0.0426678695 0.00254027778 -0.00479467493 0.0426314808 0.00105130568 -1.24317303e-05 0.0426678695 0.0010381738 -1.44653814e-05 0.0426314734 0.00254027778 -0.00479467493 0.0426314808 0.00254027778 -0.00479467493 0.0426314808 0.0010381738 -1.44653814e-05 0.0426314734 0.00249812449 -0.00480792066 0.0425282642 0.0010381738 -1.44653814e-05 0.0426314734 0.00101261539 -1.83955926e-05 0.042568814 0.00249812449 -0.00480792066 0.0425282642 0.00249812449 -0.00480792066 0.0425282642 0.00101261539 -1.83955926e-05 0.042568814 0.000993984286 -2.1237729e-05 0.042528253 0.00111525122 -2.38033158e-06 0.0429584943 0.00110375532 -4.2072711e-06 0.0428737253 0.00259837322 -0.00477641914 0.0428474024 0.00110375532 -4.2072711e-06 0.0428737253 0.00109902024 -4.95691347e-06 0.0428473987 0.00259837322 -0.00477641914 0.0428474024 0.00259837322 -0.00477641914 0.0428474024 0.00109902024 -4.95691347e-06 0.0428473987 0.00257377746 -0.00478414819 0.0427381247 0.00109902024 -4.95691347e-06 0.0428473987 0.00108174619 -7.67909842e-06 0.0427697301 0.00257377746 -0.00478414819 0.0427381247 0.00257377746 -0.00478414819 0.0427381247 0.00108174619 -7.67909842e-06 0.0427697301 0.00107326778 -9.00834584e-06 0.042738121 0.00259837322 -0.00477641914 0.0428474024 0.00261388207 -0.004771546 0.042958498 0.00111525122 -2.38033158e-06 0.0429584943 0.00261388207 -0.004771546 0.042958498 0.00262018782 -0.00476956461 0.0430705808 0.00111525122 -2.38033158e-06 0.0429584943 0.00111525122 -2.38033158e-06 0.0429584943 0.00262018782 -0.00476956461 0.0430705808 0.00111720047 -2.06945106e-06 0.0429791845 0.00262018782 -0.00476956461 0.0430705808 0.00262034079 -0.00476951618 0.0430909991 0.00111720047 -2.06945106e-06 0.0429791845 0.00111720047 -2.06945106e-06 0.0429791845 0.00262034079 -0.00476951618 0.0430909991 0.00112200878 -1.30072181e-06 0.0430909991 0.00289030373 0.000369773945 0.0440273583 0.00296109333 0.00038847496 0.0440926664 0.00440562284 -0.00420852145 0.0440926664 0.00425955793 0.00078494288 0.0442785248 0.00427402882 0.000789962825 0.0442715846 0.0057153888 -0.00379694928 0.0442715846 0.00498079881 0.00105131837 0.0431811288 0.00498371385 0.00105247542 0.0430909991 0.00643637311 -0.00357039203 0.0430909991 0.00643637311 -0.00357039203 0.0430909991 0.0064362199 -0.00357043999 0.0431114174 0.00498079881 0.00105131837 0.0431811288 0.0064362199 -0.00357043999 0.0431114174 0.00642991392 -0.00357242161 0.0432235003 0.00498079881 0.00105131837 0.0431811288 0.00498079881 0.00105131837 0.0431811288 0.00642991392 -0.00357242161 0.0432235003 0.00497740274 0.00104997563 0.0432235003 0.00497740274 0.00104997563 0.0432235003 0.00642991392 -0.00357242161 0.0432235003 0.00497006346 0.00104708376 0.0432855412 0.00642991392 -0.00357242161 0.0432235003 0.00641440554 -0.00357729499 0.0433345959 0.00497006346 0.00104708376 0.0432855412 0.00497006346 0.00104708376 0.0432855412 0.00641440554 -0.00357729499 0.0433345959 0.00496223709 0.00104401028 0.0433345959 0.00496223709 0.00104401028 0.0433345959 0.00641440554 -0.00357729499 0.0433345959 0.00495145889 0.00103979022 0.0433888212 0.00641440554 -0.00357729499 0.0433345959 0.00638980931 -0.00358502381 0.0434438698 0.00495145889 0.00103979022 0.0433888212 0.00495145889 0.00103979022 0.0433888212 0.00638980931 -0.00358502381 0.0434438698 0.00493816892 0.00103460194 0.0434438735 0.00493816892 0.00103460194 0.0434438735 0.00638980931 -0.00358502381 0.0434438698 0.00492506335 0.00102949853 0.0434902944 0.00638980931 -0.00358502381 0.0434438698 0.0063563101 -0.00359555031 0.0435505174 0.00492506335 0.00102949853 0.0434902944 0.00492506335 0.00102949853 0.0434902944 0.0063563101 -0.00359555031 0.0435505174 0.00490536913 0.00102184864 0.0435505174 0.00490536913 0.00102184864 0.0435505174 0.0063563101 -0.00359555031 0.0435505174 0.00489209034 0.00101670146 0.0435864963 0.0063563101 -0.00359555031 0.0435505174 0.00631415658 -0.00360879651 0.043653734 0.00489209034 0.00101670146 0.0435864963 0.00489209034 0.00101670146 0.0435864963 0.00631415658 -0.00360879651 0.043653734 0.00486408081 0.00100584945 0.043653734 0.00486408081 0.00100584945 0.043653734 0.00631415658 -0.00360879651 0.043653734 0.00485666888 0.00100298377 0.0436699577 0.00631415658 -0.00360879651 0.043653734 0.00626366353 -0.00362466299 0.0437527522 0.00485666888 0.00100298377 0.0436699577 0.00485666888 0.00100298377 0.0436699577 0.00626366353 -0.00362466299 0.0437527522 0.00481427042 0.0009866826 0.0437533259 0.00481427042 0.0009866826 0.0437533259 0.00626366353 -0.00362466299 0.0437527522 0.00476499414 0.000967942935 0.0438350737 0.00626366353 -0.00362466299 0.0437527522 0.00620520813 -0.0036430317 0.0438468345 0.00476499414 0.000967942935 0.0438350737 0.00476499414 0.000967942935 0.0438350737 0.00620520813 -0.0036430317 0.0438468345 0.00475721061 0.000965001585 0.0438468345 0.00475721061 0.000965001585 0.0438468345 0.00620520813 -0.0036430317 0.0438468345 0.00470917718 0.000946948188 0.0439138301 0.00620520813 -0.0036430317 0.0438468345 0.00613922579 -0.0036637655 0.0439352803 0.00470917718 0.000946948188 0.0439138301 0.00470917718 0.000946948188 0.0439138301 0.00613922579 -0.0036637655 0.0439352803 0.00469236076 0.000940663798 0.0439352803 0.00469236076 0.000940663798 0.0439352803 0.00613922579 -0.0036637655 0.0439352803 0.00464471709 0.000922946667 0.043991331 0.00613922579 -0.0036637655 0.0439352803 0.00606620917 -0.0036867098 0.0440174304 0.00464471709 0.000922946667 0.043991331 0.00464471709 0.000922946667 0.043991331 0.00606620917 -0.0036867098 0.0440174304 0.00462051574 0.000913991942 0.0440174304 0.00598670216 -0.00371169345 0.0440926664 0.00590129895 -0.00373852998 0.0441604331 0.00445789471 0.000854887592 0.0441604294 0.00445789471 0.000854887592 0.0441604294 0.00450189039 0.000870710472 0.0441265889 0.00598670216 -0.00371169345 0.0440926664 0.00450189039 0.000870710472 0.0441265889 0.00454217428 0.000885300804 0.0440926664 0.00598670216 -0.00371169345 0.0440926664 0.00598670216 -0.00371169345 0.0440926664 0.00454217428 0.000885300804 0.0440926664 0.00606620917 -0.0036867098 0.0440174304 0.00454217428 0.000885300804 0.0440926664 0.00457554916 0.00089746929 0.0440622158 0.00606620917 -0.0036867098 0.0440174304 0.00606620917 -0.0036867098 0.0440174304 0.00457554916 0.00089746929 0.0440622158 0.00462051574 0.000913991942 0.0440174304 0.0057153888 -0.00379694928 0.0442715846 0.00427402882 0.000789962825 0.0442715846 0.00581063563 -0.0037670196 0.0442202203 0.00427402882 0.000789962825 0.0442715846 0.00434237253 0.00081386324 0.044235453 0.00581063563 -0.0037670196 0.0442202203 0.00434237253 0.00081386324 0.044235453 0.00436829776 0.000823004346 0.0442202203 0.00581063563 -0.0037670196 0.0442202203 0.00581063563 -0.0037670196 0.0442202203 0.00436829776 0.000823004346 0.0442202203 0.00590129895 -0.00373852998 0.0441604331 0.00436829776 0.000823004346 0.0442202203 0.00442390749 0.000842740235 0.0441844799 0.00590129895 -0.00373852998 0.0441604331 0.00590129895 -0.00373852998 0.0441604331 0.00442390749 0.000842740235 0.0441844799 0.00445789471 0.000854887592 0.0441604294 0.00561626861 -0.00382809597 0.0443141423 0.00417573703 0.00075617875 0.0443141423 0.0057153888 -0.00379694928 0.0442715846 0.00417573703 0.00075617875 0.0443141423 0.00417752378 0.000756786903 0.0443134643 0.0057153888 -0.00379694928 0.0442715846 0.0057153888 -0.00379694928 0.0442715846 0.00417752378 0.000756786903 0.0443134643 0.00425955793 0.00078494288 0.0442785248 0.00551401544 -0.00386022753 0.0443475805 0.00540939067 -0.00389310392 0.0443716422 0.00397001626 0.000687488297 0.0443716422 0.00397001626 0.000687488297 0.0443716422 0.00397586403 0.000689405191 0.0443705507 0.00551401544 -0.00386022753 0.0443475805 0.00397586403 0.000689405191 0.0443705507 0.0040741479 0.000721932855 0.0443475805 0.00551401544 -0.00386022753 0.0443475805 0.00551401544 -0.00386022753 0.0443475805 0.0040741479 0.000721932855 0.0443475805 0.00561626861 -0.00382809597 0.0443141423 0.0040741479 0.000721932855 0.0443475805 0.00407797284 0.000723210513 0.0443465039 0.00561626861 -0.00382809597 0.0443141423 0.00561626861 -0.00382809597 0.0443141423 0.00407797284 0.000723210513 0.0443465039 0.00417573703 0.00075617875 0.0443141423 0.00530317565 -0.00392648019 0.0443861485 0.0051961625 -0.00396010745 0.0443909988 0.00375720346 0.000619161816 0.0443909988 0.00375720346 0.000619161816 0.0443909988 0.00376903103 0.000622883963 0.0443909392 0.00530317565 -0.00392648019 0.0443861485 0.00376903103 0.000622883963 0.0443909392 0.00386410905 0.000653132447 0.0443861485 0.00530317565 -0.00392648019 0.0443861485 0.00530317565 -0.00392648019 0.0443861485 0.00386410905 0.000653132447 0.0443861485 0.00540939067 -0.00389310392 0.0443716422 0.00386410905 0.000653132447 0.0443861485 0.00387194124 0.000655649637 0.0443854108 0.00540939067 -0.00389310392 0.0443716422 0.00540939067 -0.00389310392 0.0443716422 0.00387194124 0.000655649637 0.0443854108 0.00397001626 0.000687488297 0.0443716422 0.00498293433 -0.00402711099 0.0443716422 0.00356910122 0.000561167893 0.0443760119 0.00508914934 -0.00399373472 0.0443861485 0.00356910122 0.000561167893 0.0443760119 0.003650086 0.000585865404 0.0443861485 0.00508914934 -0.00399373472 0.0443861485 0.00508914934 -0.00399373472 0.0443861485 0.003650086 0.000585865404 0.0443861485 0.0051961625 -0.00396010745 0.0443909988 0.003650086 0.000585865404 0.0443861485 0.00366892247 0.00059166766 0.0443877056 0.0051961625 -0.00396010745 0.0443909988 0.0051961625 -0.00396010745 0.0443909988 0.00366892247 0.00059166766 0.0443877056 0.00375720346 0.000619161816 0.0443909988 0.00487830956 -0.00405998714 0.0443475805 0.00347021571 0.000531547179 0.0443558954 0.00498293433 -0.00402711099 0.0443716422 0.00347021571 0.000531547179 0.0443558954 0.00354356482 0.000553462596 0.0443716422 0.00498293433 -0.00402711099 0.0443716422 0.00498293433 -0.00402711099 0.0443716422 0.00354356482 0.000553462596 0.0443716422 0.00356910122 0.000561167893 0.0443760119 0.00477605639 -0.0040921187 0.0443141423 0.00337182009 0.000502654701 0.0443270914 0.00487830956 -0.00405998714 0.0443475805 0.00337182009 0.000502654701 0.0443270914 0.0034384469 0.000522155024 0.0443475768 0.00487830956 -0.00405998714 0.0443475805 0.00487830956 -0.00405998714 0.0443475805 0.0034384469 0.000522155024 0.0443475768 0.00347021571 0.000531547179 0.0443558954 0.00467693619 -0.00412326539 0.0442715846 0.00327973673 0.000476154499 0.0442916714 0.00477605639 -0.0040921187 0.0443141423 0.00327973673 0.000476154499 0.0442916714 0.00333552621 0.000492146355 0.0443141423 0.00477605639 -0.0040921187 0.0443141423 0.00477605639 -0.0040921187 0.0443141423 0.00333552621 0.000492146355 0.0443141423 0.00337182009 0.000502654701 0.0443270914 0.00458168937 -0.0041531953 0.0442202203 0.0032000104 0.000453679007 0.0442538559 0.00467693619 -0.00412326539 0.0442715846 0.0032000104 0.000453679007 0.0442538559 0.00323557341 0.000463651115 0.0442715846 0.00467693619 -0.00412326539 0.0442715846 0.00467693619 -0.00412326539 0.0442715846 0.00323557341 0.000463651115 0.0442715846 0.00327973673 0.000476154499 0.0442916714 0.00449102605 -0.00418168446 0.0441604331 0.00311987102 0.000431472698 0.0442084633 0.00458168937 -0.0041531953 0.0442202203 0.00311987102 0.000431472698 0.0442084633 0.00313934777 0.00043683796 0.0442202203 0.00458168937 -0.0041531953 0.0442202203 0.00458168937 -0.0041531953 0.0442202203 0.00313934777 0.00043683796 0.0442202203 0.0032000104 0.000453679007 0.0442538559 0.00296109333 0.00038847496 0.0440926664 0.00296519301 0.000389567722 0.044096157 0.00440562284 -0.00420852145 0.0440926664 0.00296519301 0.000389567722 0.044096157 0.00304114423 0.000409985369 0.0441557691 0.00440562284 -0.00420852145 0.0440926664 0.00440562284 -0.00420852145 0.0440926664 0.00304114423 0.000409985369 0.0441557691 0.00449102605 -0.00418168446 0.0441604331 0.00304114423 0.000409985369 0.0441557691 0.00304761878 0.000411740446 0.0441604331 0.00449102605 -0.00418168446 0.0441604331 0.00449102605 -0.00418168446 0.0441604331 0.00304761878 0.000411740446 0.0441604331 0.00311987102 0.000431472698 0.0442084633 0.00289030373 0.000369773945 0.0440273583 0.00440562284 -0.00420852145 0.0440926664 0.00288042403 0.000367191213 0.0440174304 0.00440562284 -0.00420852145 0.0440926664 0.00432611583 -0.00423350511 0.0440174304 0.00288042403 0.000367191213 0.0440174304 0.00288042403 0.000367191213 0.0440174304 0.00432611583 -0.00423350511 0.0440174304 0.00282172137 0.000351955445 0.0439536236 0.00432611583 -0.00423350511 0.0440174304 0.00425309921 -0.00425644917 0.0439352803 0.00282172137 0.000351955445 0.0439536236 0.00282172137 0.000351955445 0.0439536236 0.00425309921 -0.00425644917 0.0439352803 0.00280623883 0.000347965542 0.0439352803 0.00280623883 0.000347965542 0.0439352803 0.00425309921 -0.00425644917 0.0439352803 0.00275941007 0.000335981342 0.0438752547 0.00425309921 -0.00425644917 0.0439352803 0.00418711687 -0.00427718321 0.0438468345 0.00275941007 0.000335981342 0.0438752547 0.00275941007 0.000335981342 0.0438752547 0.00418711687 -0.00427718321 0.0438468345 0.00273912493 0.000330833631 0.0438468345 0.00273912493 0.000330833631 0.0438468345 0.00418711687 -0.00427718321 0.0438468345 0.00270333607 0.000321825151 0.0437924229 0.00418711687 -0.00427718321 0.0438468345 0.00412866147 -0.00429555168 0.0437527522 0.00270333607 0.000321825151 0.0437924229 0.00270333607 0.000321825151 0.0437924229 0.00412866147 -0.00429555168 0.0437527522 0.00267958851 0.000315904326 0.0437527522 0.00267958851 0.000315904326 0.0437527522 0.00412866147 -0.00429555168 0.0437527522 0.00265400088 0.0003095789 0.0437061042 0.00412866147 -0.00429555168 0.0437527522 0.00407816842 -0.00431141816 0.043653734 0.00265400088 0.0003095789 0.0437061042 0.00265400088 0.0003095789 0.0437061042 0.00407816842 -0.00431141816 0.043653734 0.00262809312 0.000303229637 0.043653734 0.00262809312 0.000303229637 0.043653734 0.00407816842 -0.00431141816 0.043653734 0.00260748621 0.000298206927 0.0436073504 0.00407816842 -0.00431141816 0.043653734 0.0040360149 -0.00432466436 0.0435505174 0.00260748621 0.000298206927 0.0436073504 0.00260748621 0.000298206927 0.0436073504 0.0040360149 -0.00432466436 0.0435505174 0.00258507207 0.000292743935 0.0435505174 0.00258507207 0.000292743935 0.0435505174 0.0040360149 -0.00432466436 0.0435505174 0.00257248804 0.000289683579 0.0435147434 0.0040360149 -0.00432466436 0.0435505174 0.00400251569 -0.0043351911 0.0434438698 0.00257248804 0.000289683579 0.0435147434 0.00257248804 0.000289683579 0.0435147434 0.00400251569 -0.0043351911 0.0434438698 0.00255087251 0.000284444221 0.0434438735 0.00255087251 0.000284444221 0.0434438735 0.00400251569 -0.0043351911 0.0434438698 0.00254189991 0.000282277208 0.0434094146 0.00400251569 -0.0043351911 0.0434438698 0.00397791946 -0.00434291968 0.0433345959 0.00254189991 0.000282277208 0.0434094146 0.00254189991 0.000282277208 0.0434094146 0.00397791946 -0.00434291968 0.0433345959 0.00252574962 0.00027839205 0.0433345959 0.00252574962 0.00027839205 0.0433345959 0.00397791946 -0.00434291968 0.0433345959 0.00252006482 0.000277030456 0.0433017388 0.00397791946 -0.00434291968 0.0433345959 0.00396241108 -0.00434779329 0.0432235003 0.00252006482 0.000277030456 0.0433017388 0.00252006482 0.000277030456 0.0433017388 0.00396241108 -0.00434779329 0.0432235003 0.00250989897 0.000274606689 0.0432235003 0.00396241108 -0.00434779329 0.0432235003 0.00395610509 -0.00434977468 0.0431114174 0.00250989897 0.000274606689 0.0432235003 0.00250989897 0.000274606689 0.0432235003 0.00395610509 -0.00434977468 0.0431114174 0.00250717346 0.000273960235 0.043192599 0.00395610509 -0.00434977468 0.0431114174 0.00395595189 -0.00434982264 0.0430909991 0.00250717346 0.000273960235 0.043192599 0.00250717346 0.000273960235 0.043192599 0.00395595189 -0.00434982264 0.0430909991 0.0025032931 0.000273044599 0.0430909991 </float_array>
          <technique_common>
            <accessor count="8688" offset="0" source="#mesh_0-positions-array" stride="3">
              <param name="X" type="float" />
              <param name="Y" type="float" />
              <param name="Z" type="float" />
            </accessor>
          </technique_common>
        </source>
        <source id="mesh_0-normals" name="mesh_0-normals">
          <float_array id="mesh_0-normals-array" count="26064"> 0.637709439 0.200389534 0.743754447 0.637709439 0.200389534 0.743754447 0.637709439 0.200389534 0.743754447 0.637709558 0.200389579 0.743754387 0.637709558 0.200389579 0.743754387 0.637709558 0.200389579 0.743754387 0.574308336 0.180466816 0.798499644 0.574308336 0.180466816 0.798499644 0.574308336 0.180466816 0.798499644 0.574308217 0.180466771 0.798499703 0.574308217 0.180466771 0.798499703 0.574308217 0.180466771 0.798499703 0.506641984 0.159203768 0.847329974 0.506641984 0.159203768 0.847329974 0.506641984 0.159203768 0.847329974 0.506642044 0.159203812 0.847329915 0.506642044 0.159203812 0.847329915 0.506642044 0.159203812 0.847329915 0.435233712 0.136764929 0.889869094 0.435233712 0.136764929 0.889869094 0.435233712 0.136764929 0.889869094 0.435233623 0.136764899 0.889869094 0.435233623 0.136764899 0.889869094 0.435233623 0.136764899 0.889869094 0.360577434 0.113305427 0.925821662 0.360577434 0.113305427 0.925821662 0.360577434 0.113305427 0.925821662 0.360577494 0.113305457 0.925821662 0.360577494 0.113305457 0.925821662 0.360577494 0.113305457 0.925821662 0.283255905 0.0890084431 0.954905033 0.283255905 0.0890084431 0.954905033 0.283255905 0.0890084431 0.954905033 0.283255845 0.0890084207 0.954905033 0.283255845 0.0890084207 0.954905033 0.283255845 0.0890084207 0.954905033 0.203848496 0.0640559793 0.976904631 0.203848496 0.0640559793 0.976904631 0.203848496 0.0640559793 0.976904631 0.203848585 0.0640560165 0.976904571 0.203848585 0.0640560165 0.976904571 0.203848585 0.0640560165 0.976904571 0.122905821 0.0386211053 0.991666555 0.122905821 0.0386211053 0.991666555 0.122905821 0.0386211053 0.991666555 0.122905821 0.0386211053 0.991666555 0.122905821 0.0386211053 0.991666555 0.122905821 0.0386211053 0.991666555 0.0410907157 0.0129120722 0.999071956 0.0410907157 0.0129120722 0.999071956 0.0410907157 0.0129120722 0.999071956 0.0410906971 0.0129120648 0.999072015 0.0410906971 0.0129120648 0.999072015 0.0410906971 0.0129120648 0.999072015 -0.0410907157 -0.0129120713 0.999071956 -0.0410907157 -0.0129120713 0.999071956 -0.0410907157 -0.0129120713 0.999071956 -0.0410907343 -0.0129120778 0.999071956 -0.0410907343 -0.0129120778 0.999071956 -0.0410907343 -0.0129120778 0.999071956 -0.122905768 -0.0386210904 0.991666555 -0.122905768 -0.0386210904 0.991666555 -0.122905768 -0.0386210904 0.991666555 -0.122905768 -0.0386210904 0.991666555 -0.122905768 -0.0386210904 0.991666555 -0.122905768 -0.0386210904 0.991666555 -0.203848585 -0.0640560165 0.976904571 -0.203848585 -0.0640560165 0.976904571 -0.203848585 -0.0640560165 0.976904571 -0.203848496 -0.0640559793 0.976904631 -0.203848496 -0.0640559793 0.976904631 -0.203848496 -0.0640559793 0.976904631 -0.283255845 -0.0890084207 0.954905033 -0.283255845 -0.0890084207 0.954905033 -0.283255845 -0.0890084207 0.954905033 -0.283255965 -0.0890084654 0.954904974 -0.283255965 -0.0890084654 0.954904974 -0.283255965 -0.0890084654 0.954904974 -0.360577494 -0.113305464 0.925821662 -0.360577494 -0.113305464 0.925821662 -0.360577494 -0.113305464 0.925821662 -0.360577345 -0.113305405 0.925821722 -0.360577345 -0.113305405 0.925821722 -0.360577345 -0.113305405 0.925821722 -0.435234189 -0.136765063 0.889868796 -0.435234189 -0.136765063 0.889868796 -0.435234189 -0.136765063 0.889868796 -0.435233653 -0.136764839 0.889869094 -0.435233653 -0.136764839 0.889869094 -0.435233653 -0.136764839 0.889869094 -0.506642044 -0.159203738 0.847329915 -0.506642044 -0.159203738 0.847329915 -0.506642044 -0.159203738 0.847329915 -0.506642282 -0.159203827 0.847329795 -0.506642282 -0.159203827 0.847329795 -0.506642282 -0.159203827 0.847329795 -0.574306965 -0.180466309 0.798500776 -0.574306965 -0.180466309 0.798500776 -0.574306965 -0.180466309 0.798500776 -0.574308217 -0.180466846 0.798499703 -0.574308217 -0.180466846 0.798499703 -0.574308217 -0.180466846 0.798499703 -0.637709498 -0.200389653 0.743754387 -0.637709498 -0.200389653 0.743754387 -0.637709498 -0.200389653 0.743754387 -0.637709498 -0.200389653 0.743754387 -0.637709498 -0.200389653 0.743754387 -0.637709498 -0.200389653 0.743754387 0.0410678908 0.0129049001 0.999073029 0.0410678908 0.0129049001 0.999073029 0.0410678908 0.0129049001 0.999073029 0.0410678908 0.0129049001 0.999073029 0.0410678908 0.0129049001 0.999073029 0.0410678908 0.0129049001 0.999073029 0.122914881 0.0386239514 0.991665304 0.122914881 0.0386239514 0.991665304 0.122914881 0.0386239514 0.991665304 0.122914933 0.0386239663 0.991665304 0.122914933 0.0386239663 0.991665304 0.122914933 0.0386239663 0.991665304 0.203852728 0.0640573204 0.976903617 0.203852728 0.0640573204 0.976903617 0.203852728 0.0640573204 0.976903617 0.203852654 0.064057298 0.976903677 0.203852654 0.064057298 0.976903677 0.203852654 0.064057298 0.976903677 0.283265173 0.0890113562 0.954901993 0.283265173 0.0890113562 0.954901993 0.283265173 0.0890113562 0.954901993 0.283265173 0.0890113562 0.954901993 0.283265173 0.0890113562 0.954901993 0.283265173 0.0890113562 0.954901993 0.360572696 0.113303959 0.925823689 0.360572696 0.113303959 0.925823689 0.360572696 0.113303959 0.925823689 0.360572845 0.113303997 0.925823629 0.360572845 0.113303997 0.925823629 0.360572845 0.113303997 0.925823629 0.435233533 0.136764869 0.889869153 0.435233533 0.136764869 0.889869153 0.435233533 0.136764869 0.889869153 0.435233682 0.136764914 0.889869094 0.435233682 0.136764914 0.889869094 0.435233682 0.136764914 0.889869094 0.506643176 0.159204155 0.84732914 0.506643176 0.159204155 0.84732914 0.506643176 0.159204155 0.84732914 0.506642818 0.159204066 0.847329378 0.506642818 0.159204066 0.847329378 0.506642818 0.159204066 0.847329378 0.574321687 0.180471018 0.798489094 0.574321687 0.180471018 0.798489094 0.574321687 0.180471018 0.798489094 0.574322045 0.180471107 0.798488796 0.574322045 0.180471107 0.798488796 0.574322045 0.180471107 0.798488796 0.637695074 0.200385034 0.743767977 0.637695074 0.200385034 0.743767977 0.637695074 0.200385034 0.743767977 0.637695074 0.200385034 0.743767977 0.637695074 0.200385034 0.743767977 0.637695074 0.200385034 0.743767977 0 0 1 0 0 1 0 0 1 -0 0 1 -0 0 1 -0 0 1 0.04106782 0.0129048759 0.999073029 0.04106782 0.0129048759 0.999073029 0.04106782 0.0129048759 0.999073029 0.0410677865 0.0129048666 0.999073029 0.0410677865 0.0129048666 0.999073029 0.0410677865 0.0129048666 0.999073029 0.122914568 0.0386238545 0.991665363 0.122914568 0.0386238545 0.991665363 0.122914568 0.0386238545 0.991665363 0.122914664 0.0386238806 0.991665363 0.122914664 0.0386238806 0.991665363 0.122914664 0.0386238806 0.991665363 0.203853086 0.0640574247 0.976903558 0.203853086 0.0640574247 0.976903558 0.203853086 0.0640574247 0.976903558 0.203853086 0.0640574247 0.976903558 0.203853086 0.0640574247 0.976903558 0.203853086 0.0640574247 0.976903558 0.283264488 0.0890111253 0.954902232 0.283264488 0.0890111253 0.954902232 0.283264488 0.0890111253 0.954902232 0.283264488 0.0890111253 0.954902232 0.283264488 0.0890111253 0.954902232 0.283264488 0.0890111253 0.954902232 0.360573262 0.113304116 0.92582345 0.360573262 0.113304116 0.92582345 0.360573262 0.113304116 0.92582345 0.360573858 0.113304272 0.925823212 0.360573858 0.113304272 0.925823212 0.360573858 0.113304272 0.925823212 0.435234219 0.136765048 0.889868796 0.435234219 0.136765048 0.889868796 0.435234219 0.136765048 0.889868796 0.435233533 0.136764854 0.889869153 0.435233533 0.136764854 0.889869153 0.435233533 0.136764854 0.889869153 0.506641746 0.159203693 0.847330093 0.506641746 0.159203693 0.847330093 0.506641746 0.159203693 0.847330093 0.506641746 0.159203693 0.847330093 0.506641746 0.159203693 0.847330093 0.506641746 0.159203693 0.847330093 0.574322045 0.180471107 0.798488796 0.574322045 0.180471107 0.798488796 0.574322045 0.180471107 0.798488796 0.574322045 0.180471107 0.798488796 0.574322045 0.180471107 0.798488796 0.574322045 0.180471107 0.798488796 0.637697935 0.200385913 0.743765295 0.637697935 0.200385913 0.743765295 0.637697935 0.200385913 0.743765295 0.637697518 0.200385824 0.743765652 0.637697518 0.200385824 0.743765652 0.637697518 0.200385824 0.743765652 0.637439668 0.200304791 0.744008482 0.637439668 0.200304791 0.744008482 0.637439668 0.200304791 0.744008482 0.637439191 0.200304568 0.744009018 0.637439191 0.200304568 0.744009018 0.637439191 0.200304568 0.744009018 0.573448062 0.180196434 0.79917866 0.573448062 0.180196434 0.79917866 0.573448062 0.180196434 0.79917866 0.57344836 0.180196568 0.799178421 0.57344836 0.180196568 0.799178421 0.57344836 0.180196568 0.799178421 0.505120814 0.158725768 0.848327279 0.505120814 0.158725768 0.848327279 0.505120814 0.158725768 0.848327279 0.505121291 0.158725962 0.848326921 0.505121291 0.158725962 0.848326921 0.505121291 0.158725962 0.848326921 0.432976395 0.136055648 0.891078174 0.432976395 0.136055648 0.891078174 0.432976395 0.136055648 0.891078174 0.432975709 0.13605535 0.891078532 0.432975709 0.13605535 0.891078532 0.432975709 0.13605535 0.891078532 0.357577056 0.112362593 0.927099407 0.357577056 0.112362593 0.927099407 0.357577056 0.112362593 0.927099407 0.357577443 0.11236275 0.927099228 0.357577443 0.11236275 0.927099228 0.357577443 0.11236275 0.927099228 0.279453695 0.087813668 0.956135154 0.279453695 0.087813668 0.956135154 0.279453695 0.087813668 0.956135154 0.279453576 0.0878136158 0.956135154 0.279453576 0.0878136158 0.956135154 0.279453576 0.0878136158 0.956135154 0.19927977 0.0626203343 0.977939785 0.19927977 0.0626203343 0.977939785 0.19927977 0.0626203343 0.977939785 0.199279845 0.0626203716 0.977939785 0.199279845 0.0626203716 0.977939785 0.199279845 0.0626203716 0.977939785 0.117540903 0.0369352698 0.992380917 0.117540903 0.0369352698 0.992380917 0.117540903 0.0369352698 0.992380917 0.117540903 0.0369352698 0.992380917 0.117540903 0.0369352698 0.992380917 0.117540903 0.0369352698 0.992380917 0.0349598788 0.0109855589 0.999328315 0.0349598788 0.0109855589 0.999328315 0.0349598788 0.0109855589 0.999328315 0.0349598899 0.0109855635 0.999328315 0.0349598899 0.0109855635 0.999328315 0.0349598899 0.0109855635 0.999328315 -0.0479164571 -0.0150569491 0.998737872 -0.0479164571 -0.0150569491 0.998737872 -0.0479164571 -0.0150569491 0.998737872 -0.0479164235 -0.0150569351 0.998737872 -0.0479164235 -0.0150569351 0.998737872 -0.0479164235 -0.0150569351 0.998737872 -0.13042888 -0.0409851 0.990610182 -0.13042888 -0.0409851 0.990610182 -0.13042888 -0.0409851 0.990610182 -0.130428851 -0.0409850851 0.990610182 -0.130428851 -0.0409850851 0.990610182 -0.130428851 -0.0409850851 0.990610182 -0.211941406 -0.0665990412 0.975010455 -0.211941406 -0.0665990412 0.975010455 -0.211941406 -0.0665990412 0.975010455 -0.211941451 -0.0665990561 0.975010455 -0.211941451 -0.0665990561 0.975010455 -0.211941451 -0.0665990561 0.975010455 -0.291862428 -0.0917128921 0.95205307 -0.291862428 -0.0917128921 0.95205307 -0.291862428 -0.0917128921 0.95205307 -0.291862547 -0.0917129368 0.95205301 -0.291862547 -0.0917129368 0.95205301 -0.291862547 -0.0917129368 0.95205301 -0.369559556 -0.116127931 0.921921909 -0.369559556 -0.116127931 0.921921909 -0.369559556 -0.116127931 0.921921909 -0.369559377 -0.116127856 0.921922028 -0.369559377 -0.116127856 0.921922028 -0.369559377 -0.116127856 0.921922028 -0.444518805 -0.139682591 0.884811759 -0.444518805 -0.139682591 0.884811759 -0.444518805 -0.139682591 0.884811759 -0.444518834 -0.139682621 0.884811699 -0.444518834 -0.139682621 0.884811699 -0.444518834 -0.139682621 0.884811699 -0.516079545 -0.162169382 0.841048717 -0.516079545 -0.162169382 0.841048717 -0.516079545 -0.162169382 0.841048717 -0.516079545 -0.162169367 0.841048777 -0.516079545 -0.162169367 0.841048777 -0.516079545 -0.162169367 0.841048777 -0.583753586 -0.183434814 0.790938318 -0.583753586 -0.183434814 0.790938318 -0.583753586 -0.183434814 0.790938318 -0.583753586 -0.183434799 0.790938318 -0.583753586 -0.183434799 0.790938318 -0.583753586 -0.183434799 0.790938318 -0.647047341 -0.203323811 0.734839559 -0.647047341 -0.203323811 0.734839559 -0.647047341 -0.203323811 0.734839559 -0.647047579 -0.203323916 0.73483932 -0.647047579 -0.203323916 0.73483932 -0.647047579 -0.203323916 0.73483932 -0.705431461 -0.221670076 0.673222721 -0.705431461 -0.221670076 0.673222721 -0.705431461 -0.221670076 0.673222721 -0.705431461 -0.221670061 0.673222721 -0.705431461 -0.221670061 0.673222721 -0.705431461 -0.221670061 0.673222721 -0.758506298 -0.238347948 0.606513321 -0.758506298 -0.238347948 0.606513321 -0.758506298 -0.238347948 0.606513321 -0.758506417 -0.238347992 0.606513202 -0.758506417 -0.238347992 0.606513202 -0.758506417 -0.238347992 0.606513202 -0.80586338 -0.253229141 0.535218835 -0.80586338 -0.253229141 0.535218835 -0.80586338 -0.253229141 0.535218835 -0.805863142 -0.253229022 0.535219252 -0.805863142 -0.253229022 0.535219252 -0.805863142 -0.253229022 0.535219252 -0.847129405 -0.266196251 0.459903598 -0.847129405 -0.266196251 0.459903598 -0.847129405 -0.266196251 0.459903598 -0.847129524 -0.266196311 0.4599033 -0.847129524 -0.266196311 0.4599033 -0.847129524 -0.266196311 0.4599033 -0.882006824 -0.277155936 0.381114841 -0.882006824 -0.277155936 0.381114841 -0.882006824 -0.277155936 0.381114841 -0.882006645 -0.277155846 0.381115317 -0.882006645 -0.277155846 0.381115317 -0.882006645 -0.277155846 0.381115317 -0.910232127 -0.286025196 0.299444616 -0.910232127 -0.286025196 0.299444616 -0.910232127 -0.286025196 0.299444616 -0.910232186 -0.286025256 0.299444288 -0.910232186 -0.286025256 0.299444288 -0.910232186 -0.286025256 0.299444288 -0.931589305 -0.292736381 0.215515211 -0.931589305 -0.292736381 0.215515211 -0.931589305 -0.292736381 0.215515211 -0.931589305 -0.292736351 0.215515301 -0.931589305 -0.292736351 0.215515301 -0.931589305 -0.292736351 0.215515301 -0.945916772 -0.297238559 0.129964098 -0.945916772 -0.297238559 0.129964098 -0.945916772 -0.297238559 0.129964098 -0.945916831 -0.297238588 0.129963651 -0.945916831 -0.297238588 0.129963651 -0.945916831 -0.297238588 0.129963651 -0.953107834 -0.29949826 0.043430768 -0.953107834 -0.29949826 0.043430768 -0.953107834 -0.29949826 0.043430768 -0.953107834 -0.2994982 0.0434313901 -0.953107834 -0.2994982 0.0434313901 -0.953107834 -0.2994982 0.0434313901 -0.953107834 -0.2994982 -0.043430768 -0.953107834 -0.2994982 -0.043430768 -0.953107834 -0.2994982 -0.043430768 -0.953107834 -0.29949823 -0.0434313901 -0.953107834 -0.29949823 -0.0434313901 -0.953107834 -0.29949823 -0.0434313901 -0.945916772 -0.297238588 -0.129964098 -0.945916772 -0.297238588 -0.129964098 -0.945916772 -0.297238588 -0.129964098 -0.945916831 -0.297238559 -0.129963651 -0.945916831 -0.297238559 -0.129963651 -0.945916831 -0.297238559 -0.129963651 -0.931589305 -0.292736381 -0.215515211 -0.931589305 -0.292736381 -0.215515211 -0.931589305 -0.292736381 -0.215515211 -0.931589246 -0.292736381 -0.215515301 -0.931589246 -0.292736381 -0.215515301 -0.931589246 -0.292736381 -0.215515301 -0.910232127 -0.286025226 -0.299444616 -0.910232127 -0.286025226 -0.299444616 -0.910232127 -0.286025226 -0.299444616 -0.910232186 -0.286025256 -0.299444288 -0.910232186 -0.286025256 -0.299444288 -0.910232186 -0.286025256 -0.299444288 -0.882006824 -0.277155906 -0.381114841 -0.882006824 -0.277155906 -0.381114841 -0.882006824 -0.277155906 -0.381114841 -0.882006645 -0.277155876 -0.381115317 -0.882006645 -0.277155876 -0.381115317 -0.882006645 -0.277155876 -0.381115317 -0.847129405 -0.266196281 -0.459903598 -0.847129405 -0.266196281 -0.459903598 -0.847129405 -0.266196281 -0.459903598 -0.847129583 -0.266196311 -0.4599033 -0.847129583 -0.266196311 -0.4599033 -0.847129583 -0.266196311 -0.4599033 -0.80586338 -0.253229082 -0.535218835 -0.80586338 -0.253229082 -0.535218835 -0.80586338 -0.253229082 -0.535218835 -0.805863142 -0.253229052 -0.535219252 -0.805863142 -0.253229052 -0.535219252 -0.805863142 -0.253229052 -0.535219252 -0.758506298 -0.238347962 -0.606513321 -0.758506298 -0.238347962 -0.606513321 -0.758506298 -0.238347962 -0.606513321 -0.758506417 -0.238347977 -0.606513202 -0.758506417 -0.238347977 -0.606513202 -0.758506417 -0.238347977 -0.606513202 -0.705431461 -0.221670076 -0.673222721 -0.705431461 -0.221670076 -0.673222721 -0.705431461 -0.221670076 -0.673222721 -0.705431461 -0.221670061 -0.673222721 -0.705431461 -0.221670061 -0.673222721 -0.705431461 -0.221670061 -0.673222721 -0.647047341 -0.203323826 -0.734839559 -0.647047341 -0.203323826 -0.734839559 -0.647047341 -0.203323826 -0.734839559 -0.647047579 -0.203323886 -0.73483932 -0.647047579 -0.203323886 -0.73483932 -0.647047579 -0.203323886 -0.73483932 -0.583753586 -0.183434799 -0.790938318 -0.583753586 -0.183434799 -0.790938318 -0.583753586 -0.183434799 -0.790938318 -0.583753586 -0.183434799 -0.790938318 -0.583753586 -0.183434799 -0.790938318 -0.583753586 -0.183434799 -0.790938318 -0.516095638 -0.162174433 -0.841037869 -0.516095638 -0.162174433 -0.841037869 -0.516095638 -0.162174433 -0.841037869 -0.516095579 -0.162174419 -0.841037929 -0.516095579 -0.162174419 -0.841037929 -0.516095579 -0.162174419 -0.841037929 -0.444500983 -0.139677003 -0.884821534 -0.444500983 -0.139677003 -0.884821534 -0.444500983 -0.139677003 -0.884821534 -0.444501042 -0.139677018 -0.884821534 -0.444501042 -0.139677018 -0.884821534 -0.444501042 -0.139677018 -0.884821534 -0.369578898 -0.116133988 -0.921913385 -0.369578898 -0.116133988 -0.921913385 -0.369578898 -0.116133988 -0.921913385 -0.369578689 -0.116133943 -0.921913505 -0.369578689 -0.116133943 -0.921913505 -0.369578689 -0.116133943 -0.921913505 -0.291841835 -0.091706425 -0.952060044 -0.291841835 -0.091706425 -0.952060044 -0.291841835 -0.091706425 -0.952060044 -0.291841954 -0.0917064548 -0.952059984 -0.291841954 -0.0917064548 -0.952059984 -0.291841954 -0.0917064548 -0.952059984 -0.211941406 -0.0665990487 -0.975010455 -0.211941406 -0.0665990487 -0.975010455 -0.211941406 -0.0665990487 -0.975010455 -0.211941451 -0.0665990561 -0.975010455 -0.211941451 -0.0665990561 -0.975010455 -0.211941451 -0.0665990561 -0.975010455 -0.130428895 -0.0409850962 -0.990610182 -0.130428895 -0.0409850962 -0.990610182 -0.130428895 -0.0409850962 -0.990610182 -0.130428851 -0.0409850888 -0.990610182 -0.130428851 -0.0409850888 -0.990610182 -0.130428851 -0.0409850888 -0.990610182 -0.0479164571 -0.0150569463 -0.998737872 -0.0479164571 -0.0150569463 -0.998737872 -0.0479164571 -0.0150569463 -0.998737872 -0.0479164235 -0.0150569379 -0.998737872 -0.0479164235 -0.0150569379 -0.998737872 -0.0479164235 -0.0150569379 -0.998737872 0.0349598788 0.0109855598 -0.999328315 0.0349598788 0.0109855598 -0.999328315 0.0349598788 0.0109855598 -0.999328315 0.0349598899 0.0109855626 -0.999328315 0.0349598899 0.0109855626 -0.999328315 0.0349598899 0.0109855626 -0.999328315 0.117540903 0.0369352698 -0.992380917 0.117540903 0.0369352698 -0.992380917 0.117540903 0.0369352698 -0.992380917 0.117540903 0.0369352698 -0.992380917 0.117540903 0.0369352698 -0.992380917 0.117540903 0.0369352698 -0.992380917 0.199258029 0.0626135096 -0.977944672 0.199258029 0.0626135096 -0.977944672 0.199258029 0.0626135096 -0.977944672 0.199258119 0.0626135319 -0.977944672 0.199258119 0.0626135319 -0.977944672 0.199258119 0.0626135319 -0.977944672 0.279474467 0.0878201872 -0.956128478 0.279474467 0.0878201872 -0.956128478 0.279474467 0.0878201872 -0.956128478 0.279474348 0.0878201574 -0.956128478 0.279474348 0.0878201574 -0.956128478 0.279474348 0.0878201574 -0.956128478 0.357577056 0.112362631 -0.927099407 0.357577056 0.112362631 -0.927099407 0.357577056 0.112362631 -0.927099407 0.357577443 0.112362713 -0.927099228 0.357577443 0.112362713 -0.927099228 0.357577443 0.112362713 -0.927099228 0.432976425 0.136055574 -0.891078174 0.432976425 0.136055574 -0.891078174 0.432976425 0.136055574 -0.891078174 0.43297568 0.13605541 -0.891078532 0.43297568 0.13605541 -0.891078532 0.43297568 0.13605541 -0.891078532 0.505120754 0.158725813 -0.848327279 0.505120754 0.158725813 -0.848327279 0.505120754 0.158725813 -0.848327279 0.505121291 0.158725917 -0.848326921 0.505121291 0.158725917 -0.848326921 0.505121291 0.158725917 -0.848326921 0.573433518 0.180191904 -0.799190104 0.573433518 0.180191904 -0.799190104 0.573433518 0.180191904 -0.799190104 0.573433876 0.180191979 -0.799189866 0.573433876 0.180191979 -0.799189866 0.573433876 0.180191979 -0.799189866 0.637452304 0.200308695 -0.74399662 0.637452304 0.200308695 -0.74399662 0.637452304 0.200308695 -0.74399662 0.637451708 0.200308576 -0.743997157 0.637451708 0.200308576 -0.743997157 0.637451708 0.200308576 -0.743997157 0.637697935 0.200385943 -0.743765295 0.637697935 0.200385943 -0.743765295 0.637697935 0.200385943 -0.743765295 0.637697518 0.200385794 -0.743765652 0.637697518 0.200385794 -0.743765652 0.637697518 0.200385794 -0.743765652 0.574322045 0.180471107 -0.798488796 0.574322045 0.180471107 -0.798488796 0.574322045 0.180471107 -0.798488796 0.574322045 0.180471107 -0.798488796 0.574322045 0.180471107 -0.798488796 0.574322045 0.180471107 -0.798488796 0.506641746 0.159203693 -0.847330093 0.506641746 0.159203693 -0.847330093 0.506641746 0.159203693 -0.847330093 0.506641746 0.159203693 -0.847330093 0.506641746 0.159203693 -0.847330093 0.506641746 0.159203693 -0.847330093 0.435201526 0.136754811 -0.889886379 0.435201526 0.136754811 -0.889886379 0.435201526 0.136754811 -0.889886379 0.43520084 0.136754557 -0.889886737 0.43520084 0.136754557 -0.889886737 0.43520084 0.136754557 -0.889886737 0.360608637 0.11331521 -0.925808311 0.360608637 0.11331521 -0.925808311 0.360608637 0.11331521 -0.925808311 0.360609204 0.113315418 -0.925808072 0.360609204 0.113315418 -0.925808072 0.360609204 0.113315418 -0.925808072 0.283264488 0.0890111253 -0.954902232 0.283264488 0.0890111253 -0.954902232 0.283264488 0.0890111253 -0.954902232 0.283264488 0.0890111253 -0.954902232 0.283264488 0.0890111253 -0.954902232 0.283264488 0.0890111253 -0.954902232 0.203813702 0.0640450493 -0.976912618 0.203813702 0.0640450493 -0.976912618 0.203813702 0.0640450493 -0.976912618 0.203813702 0.0640450493 -0.976912618 0.203813702 0.0640450493 -0.976912618 0.203813702 0.0640450493 -0.976912618 0.122914568 0.0386238471 -0.991665363 0.122914568 0.0386238471 -0.991665363 0.122914568 0.0386238471 -0.991665363 0.122914664 0.0386238843 -0.991665363 0.122914664 0.0386238843 -0.991665363 0.122914664 0.0386238843 -0.991665363 0.04106782 0.0129048778 -0.999073029 0.04106782 0.0129048778 -0.999073029 0.04106782 0.0129048778 -0.999073029 0.0410677865 0.0129048657 -0.999073029 0.0410677865 0.0129048657 -0.999073029 0.0410677865 0.0129048657 -0.999073029 0 0 -1 0 0 -1 0 0 -1 0 -0 -1 0 -0 -1 0 -0 -1 -0.04106782 -0.0129048731 -0.999073029 -0.04106782 -0.0129048731 -0.999073029 -0.04106782 -0.0129048731 -0.999073029 -0.0410678908 -0.0129048992 -0.999073029 -0.0410678908 -0.0129048992 -0.999073029 -0.0410678908 -0.0129048992 -0.999073029 -0.122914568 -0.0386238471 -0.991665363 -0.122914568 -0.0386238471 -0.991665363 -0.122914568 -0.0386238471 -0.991665363 -0.122914568 -0.0386238471 -0.991665363 -0.122914568 -0.0386238471 -0.991665363 -0.122914568 -0.0386238471 -0.991665363 -0.203813702 -0.0640450493 -0.976912618 -0.203813702 -0.0640450493 -0.976912618 -0.203813702 -0.0640450493 -0.976912618 -0.203813702 -0.0640450493 -0.976912618 -0.203813702 -0.0640450493 -0.976912618 -0.203813702 -0.0640450493 -0.976912618 -0.283264488 -0.0890111253 -0.954902232 -0.283264488 -0.0890111253 -0.954902232 -0.283264488 -0.0890111253 -0.954902232 -0.283264488 -0.0890111253 -0.954902232 -0.283264488 -0.0890111253 -0.954902232 -0.283264488 -0.0890111253 -0.954902232 -0.360608101 -0.113315068 -0.925808549 -0.360608101 -0.113315068 -0.925808549 -0.360608101 -0.113315068 -0.925808549 -0.360608339 -0.113315165 -0.92580843 -0.360608339 -0.113315165 -0.92580843 -0.360608339 -0.113315165 -0.92580843 -0.435202152 -0.136755019 -0.889886022 -0.435202152 -0.136755019 -0.889886022 -0.435202152 -0.136755019 -0.889886022 -0.435201824 -0.1367549 -0.8898862 -0.435201824 -0.1367549 -0.8898862 -0.435201824 -0.1367549 -0.8898862 -0.506641746 -0.159203693 -0.847330093 -0.506641746 -0.159203693 -0.847330093 -0.506641746 -0.159203693 -0.847330093 -0.506642103 -0.159203827 -0.847329915 -0.506642103 -0.159203827 -0.847329915 -0.506642103 -0.159203827 -0.847329915 -0.574323237 -0.180471495 -0.798487842 -0.574323237 -0.180471495 -0.798487842 -0.574323237 -0.180471495 -0.798487842 -0.574321687 -0.180470929 -0.798489094 -0.574321687 -0.180470929 -0.798489094 -0.574321687 -0.180470929 -0.798489094 -0.637694716 -0.20038484 -0.743768334 -0.637694716 -0.20038484 -0.743768334 -0.637694716 -0.20038484 -0.743768334 -0.637697518 -0.200385883 -0.743765652 -0.637697518 -0.200385883 -0.743765652 -0.637697518 -0.200385883 -0.743765652 0.637695074 0.200385034 -0.743767977 0.637695074 0.200385034 -0.743767977 0.637695074 0.200385034 -0.743767977 0.637695074 0.200385034 -0.743767977 0.637695074 0.200385034 -0.743767977 0.637695074 0.200385034 -0.743767977 0.574321687 0.180470988 -0.798489094 0.574321687 0.180470988 -0.798489094 0.574321687 0.180470988 -0.798489094 0.574322045 0.180471122 -0.798488796 0.574322045 0.180471122 -0.798488796 0.574322045 0.180471122 -0.798488796 0.506643176 0.15920417 -0.84732914 0.506643176 0.15920417 -0.84732914 0.506643176 0.15920417 -0.84732914 0.506642818 0.159204051 -0.847329378 0.506642818 0.159204051 -0.847329378 0.506642818 0.159204051 -0.847329378 0.43520084 0.136754587 -0.889886737 0.43520084 0.136754587 -0.889886737 0.43520084 0.136754587 -0.889886737 0.435200989 0.136754647 -0.889886677 0.435200989 0.136754647 -0.889886677 0.435200989 0.136754647 -0.889886677 0.360608071 0.113315068 -0.925808549 0.360608071 0.113315068 -0.925808549 0.360608071 0.113315068 -0.925808549 0.36060822 0.11331512 -0.925808489 0.36060822 0.11331512 -0.925808489 0.36060822 0.11331512 -0.925808489 0.283265173 0.0890113562 -0.954901993 0.283265173 0.0890113562 -0.954901993 0.283265173 0.0890113562 -0.954901993 0.283265173 0.0890113562 -0.954901993 0.283265173 0.0890113562 -0.954901993 0.283265173 0.0890113562 -0.954901993 0.203813344 0.0640449449 -0.976912677 0.203813344 0.0640449449 -0.976912677 0.203813344 0.0640449449 -0.976912677 0.203813255 0.0640449151 -0.976912677 0.203813255 0.0640449151 -0.976912677 0.203813255 0.0640449151 -0.976912677 0.122914881 0.0386239514 -0.991665304 0.122914881 0.0386239514 -0.991665304 0.122914881 0.0386239514 -0.991665304 0.122914933 0.0386239663 -0.991665304 0.122914933 0.0386239663 -0.991665304 0.122914933 0.0386239663 -0.991665304 0.0410678908 0.0129049001 -0.999073029 0.0410678908 0.0129049001 -0.999073029 0.0410678908 0.0129049001 -0.999073029 0.0410678908 0.0129049001 -0.999073029 0.0410678908 0.0129049001 -0.999073029 0.0410678908 0.0129049001 -0.999073029 -0.637709498 -0.200389653 -0.743754387 -0.637709498 -0.200389653 -0.743754387 -0.637709498 -0.200389653 -0.743754387 -0.637709498 -0.200389653 -0.743754387 -0.637709498 -0.200389653 -0.743754387 -0.637709498 -0.200389653 -0.743754387 -0.574306905 -0.180466443 -0.798500776 -0.574306905 -0.180466443 -0.798500776 -0.574306905 -0.180466443 -0.798500776 -0.574308276 -0.180466726 -0.798499703 -0.574308276 -0.180466726 -0.798499703 -0.574308276 -0.180466726 -0.798499703 -0.506642044 -0.159203753 -0.847329915 -0.506642044 -0.159203753 -0.847329915 -0.506642044 -0.159203753 -0.847329915 -0.506642282 -0.159203798 -0.847329795 -0.506642282 -0.159203798 -0.847329795 -0.506642282 -0.159203798 -0.847329795 -0.435234189 -0.136765018 -0.889868796 -0.435234189 -0.136765018 -0.889868796 -0.435234189 -0.136765018 -0.889868796 -0.435233623 -0.136764899 -0.889869094 -0.435233623 -0.136764899 -0.889869094 -0.435233623 -0.136764899 -0.889869094 -0.360577494 -0.113305449 -0.925821662 -0.360577494 -0.113305449 -0.925821662 -0.360577494 -0.113305449 -0.925821662 -0.360577345 -0.11330542 -0.925821722 -0.360577345 -0.11330542 -0.925821722 -0.360577345 -0.11330542 -0.925821722 -0.283276767 -0.0890149996 -0.954898238 -0.283276767 -0.0890149996 -0.954898238 -0.283276767 -0.0890149996 -0.954898238 -0.283276886 -0.0890150294 -0.954898179 -0.283276886 -0.0890150294 -0.954898179 -0.283276886 -0.0890150294 -0.954898179 -0.203826696 -0.0640491322 -0.976909637 -0.203826696 -0.0640491322 -0.976909637 -0.203826696 -0.0640491322 -0.976909637 -0.203826606 -0.0640491098 -0.976909637 -0.203826606 -0.0640491098 -0.976909637 -0.203826606 -0.0640491098 -0.976909637 -0.122928321 -0.0386281759 -0.991663516 -0.122928321 -0.0386281759 -0.991663516 -0.122928321 -0.0386281759 -0.991663516 -0.122928321 -0.0386281759 -0.991663516 -0.122928321 -0.0386281759 -0.991663516 -0.122928321 -0.0386281759 -0.991663516 -0.0410678275 -0.0129048806 -0.999073029 -0.0410678275 -0.0129048806 -0.999073029 -0.0410678275 -0.0129048806 -0.999073029 -0.0410678461 -0.0129048852 -0.999073029 -0.0410678461 -0.0129048852 -0.999073029 -0.0410678461 -0.0129048852 -0.999073029 0.0410678275 0.0129048787 -0.999073029 0.0410678275 0.0129048787 -0.999073029 0.0410678275 0.0129048787 -0.999073029 0.0410678089 0.012904875 -0.999073029 0.0410678089 0.012904875 -0.999073029 0.0410678089 0.012904875 -0.999073029 0.122928374 0.0386281908 -0.991663516 0.122928374 0.0386281908 -0.991663516 0.122928374 0.0386281908 -0.991663516 0.122928374 0.0386281908 -0.991663516 0.122928374 0.0386281908 -0.991663516 0.122928374 0.0386281908 -0.991663516 0.203826606 0.0640491098 -0.976909637 0.203826606 0.0640491098 -0.976909637 0.203826606 0.0640491098 -0.976909637 0.203826696 0.0640491322 -0.976909637 0.203826696 0.0640491322 -0.976909637 0.203826696 0.0640491322 -0.976909637 0.283276826 0.089015007 -0.954898179 0.283276826 0.089015007 -0.954898179 0.283276826 0.089015007 -0.954898179 0.283276767 0.0890149921 -0.954898238 0.283276767 0.0890149921 -0.954898238 0.283276767 0.0890149921 -0.954898238 0.360577404 0.113305435 -0.925821662 0.360577404 0.113305435 -0.925821662 0.360577404 0.113305435 -0.925821662 0.360577494 0.113305449 -0.925821662 0.360577494 0.113305449 -0.925821662 0.360577494 0.113305449 -0.925821662 0.435233712 0.136764914 -0.889869094 0.435233712 0.136764914 -0.889869094 0.435233712 0.136764914 -0.889869094 0.435233623 0.136764899 -0.889869094 0.435233623 0.136764899 -0.889869094 0.435233623 0.136764899 -0.889869094 0.506641924 0.159203783 -0.847329974 0.506641924 0.159203783 -0.847329974 0.506641924 0.159203783 -0.847329974 0.506642044 0.159203798 -0.847329915 0.506642044 0.159203798 -0.847329915 0.506642044 0.159203798 -0.847329915 0.574308336 0.180466801 -0.798499644 0.574308336 0.180466801 -0.798499644 0.574308336 0.180466801 -0.798499644 0.574308217 0.180466771 -0.798499703 0.574308217 0.180466771 -0.798499703 0.574308217 0.180466771 -0.798499703 0.637709439 0.200389549 -0.743754447 0.637709439 0.200389549 -0.743754447 0.637709439 0.200389549 -0.743754447 0.637709558 0.200389564 -0.743754387 0.637709558 0.200389564 -0.743754387 0.637709558 0.200389564 -0.743754387 0.0416339338 0.0130827883 -0.999047279 0.0416339338 0.0130827883 -0.999047279 0.0416339338 0.0130827883 -0.999047279 0.0416347757 0.0130830258 -0.99904722 0.0416347757 0.0130830258 -0.99904722 0.0416347757 0.0130830258 -0.99904722 0.124498114 0.0391214341 -0.991448283 0.124498114 0.0391214341 -0.991448283 0.124498114 0.0391214341 -0.991448283 0.124495648 0.0391207375 -0.991448641 0.124495648 0.0391207375 -0.991448641 0.124495648 0.0391207375 -0.991448641 0.206461698 0.0648772418 -0.976301432 0.206461698 0.0648772418 -0.976301432 0.206461698 0.0648772418 -0.976301432 0.206465721 0.0648783743 -0.976300538 0.206465721 0.0648783743 -0.976300538 0.206465721 0.0648783743 -0.976300538 0.286877811 0.0901465118 -0.953716278 0.286877811 0.0901465118 -0.953716278 0.286877811 0.0901465118 -0.953716278 0.2868779 0.0901465416 -0.953716218 0.2868779 0.0901465416 -0.953716218 0.2868779 0.0901465416 -0.953716218 0.365092248 0.114724085 -0.92387557 0.365092248 0.114724085 -0.92387557 0.365092248 0.114724085 -0.92387557 0.365092218 0.114724077 -0.92387557 0.365092218 0.114724077 -0.92387557 0.365092218 0.114724077 -0.92387557 0.44053936 0.138432071 -0.886995852 0.44053936 0.138432071 -0.886995852 0.44053936 0.138432071 -0.886995852 0.44053939 0.138432071 -0.886995852 0.44053939 0.138432071 -0.886995852 0.44053939 0.138432071 -0.886995852 0.512577415 0.161068812 -0.843398631 0.512577415 0.161068812 -0.843398631 0.512577415 0.161068812 -0.843398631 0.512568414 0.161066309 -0.843404591 0.512568414 0.161066309 -0.843404591 0.512568414 0.161066309 -0.843404591 0.580759585 0.182494298 -0.79335624 0.580759585 0.182494298 -0.79335624 0.580759585 0.182494298 -0.79335624 0.580769122 0.182496905 -0.79334867 0.580769122 0.182496905 -0.79334867 0.580769122 0.182496905 -0.79334867 0.644496739 0.202522233 -0.73729825 0.644496739 0.202522233 -0.73729825 0.644496739 0.202522233 -0.73729825 0.644496679 0.202522233 -0.73729825 0.644496679 0.202522233 -0.73729825 0.644496679 0.202522233 -0.73729825 0.703383267 0.221026331 -0.675573349 0.703383267 0.221026331 -0.675573349 0.703383267 0.221026331 -0.675573349 0.703373373 0.221023694 -0.675584495 0.703373373 0.221023694 -0.675584495 0.703373373 0.221023694 -0.675584495 0.756880641 0.237837493 -0.608740509 0.756880641 0.237837493 -0.608740509 0.756880641 0.237837493 -0.608740509 0.756890297 0.237840027 -0.608727515 0.756890297 0.237840027 -0.608727515 0.756890297 0.237840027 -0.608727515 0.804592133 0.252829522 -0.537316263 0.804592133 0.252829522 -0.537316263 0.804592133 0.252829522 -0.537316263 0.804592192 0.252829522 -0.537316144 0.804592192 0.252829522 -0.537316144 0.804592192 0.252829522 -0.537316144 0.846221983 0.265910983 -0.461735517 0.846221983 0.265910983 -0.461735517 0.846221983 0.265910983 -0.461735517 0.846213698 0.265908957 -0.461751878 0.846213698 0.265908957 -0.461751878 0.846213698 0.265908957 -0.461751878 0.881392002 0.276963145 -0.382674217 0.881392002 0.276963145 -0.382674217 0.881392002 0.276963145 -0.382674217 0.881392121 0.276963174 -0.382673979 0.881392121 0.276963174 -0.382673979 0.881392121 0.276963174 -0.382673979 0.909853518 0.285906732 -0.300705761 0.909853518 0.285906732 -0.300705761 0.909853518 0.285906732 -0.300705761 0.909853578 0.285906732 -0.300705463 0.909853578 0.285906732 -0.300705463 0.909853578 0.285906732 -0.300705463 0.931392193 0.292674899 -0.216448605 0.931392193 0.292674899 -0.216448605 0.931392193 0.292674899 -0.216448605 0.931392133 0.292674869 -0.216448948 0.931392133 0.292674869 -0.216448948 0.931392133 0.292674869 -0.216448948 0.945844352 0.297216266 -0.130540878 0.945844352 0.297216266 -0.130540878 0.945844352 0.297216266 -0.130540878 0.945847034 0.297216505 -0.130521059 0.945847034 0.297216505 -0.130521059 0.945847034 0.297216505 -0.130521059 0.953100085 0.299495637 -0.0436192751 0.953100085 0.299495637 -0.0436192751 0.953100085 0.299495637 -0.0436192751 0.953100085 0.299495637 -0.0436188765 0.953100085 0.299495637 -0.0436188765 0.953100085 0.299495637 -0.0436188765 -0.63540417 -0.199665114 0.745919168 -0.63540417 -0.199665114 0.745919168 -0.63540417 -0.199665114 0.745919168 0.393694431 0.123711944 0.910878718 0.393694431 0.123711944 0.910878718 0.393694431 0.123711944 0.910878718 0.953433275 0.299600482 0.0347062424 0.953433275 0.299600482 0.0347062424 0.953433275 0.299600482 0.0347062424 0.954128325 0.2992948 0.0078620594 0.954128325 0.2992948 0.0078620594 0.954128325 0.2992948 0.0078620594 0.952282727 0.299485773 0.0588714592 0.952282727 0.299485773 0.0588714592 0.952282727 0.299485773 0.0588714592 0.950501084 0.298679084 0.085665077 0.950501084 0.298679084 0.085665077 0.950501084 0.298679084 0.085665077 0.946421981 0.297397316 0.125857994 0.946421981 0.297397316 0.125857994 0.946421981 0.297397316 0.125857994 0.943881869 0.296857953 0.144783869 0.943881869 0.296857953 0.144783869 0.943881869 0.296857953 0.144783869 0.940354645 0.295490682 0.168577492 0.940354645 0.295490682 0.168577492 0.940354645 0.295490682 0.168577492 0.933074653 0.293203086 0.208335325 0.933074653 0.293203086 0.208335325 0.933074653 0.293203086 0.208335325 0.928440928 0.292009443 0.229625732 0.928440928 0.292009443 0.229625732 0.928440928 0.292009443 0.229625732 0.923622072 0.290232807 0.250374168 0.923622072 0.290232807 0.250374168 0.923622072 0.290232807 0.250374168 0.913180947 0.28695187 0.289411724 0.913180947 0.28695187 0.289411724 0.913180947 0.28695187 0.289411724 0.906077266 0.284977496 0.312748849 0.906077266 0.284977496 0.312748849 0.906077266 0.284977496 0.312748849 0.900405467 0.282937258 0.330479175 0.900405467 0.282937258 0.330479175 0.900405467 0.282937258 0.330479175 0.887279928 0.278812766 0.367420435 0.887279928 0.278812766 0.367420435 0.887279928 0.278812766 0.367420435 0.876957297 0.275806814 0.393543512 0.876957297 0.275806814 0.393543512 0.876957297 0.275806814 0.393543512 0.871317267 0.273796827 0.407236457 0.871317267 0.273796827 0.407236457 0.871317267 0.273796827 0.407236457 0.857126236 0.269337535 0.439080685 0.857126236 0.269337535 0.439080685 0.857126236 0.269337535 0.439080685 0.841316342 0.264510989 0.471403003 0.841316342 0.264510989 0.471403003 0.841316342 0.264510989 0.471403003 0.838193238 0.263386756 0.477555811 0.838193238 0.263386756 0.477555811 0.838193238 0.263386756 0.477555811 0.802373469 0.252134591 0.540948212 0.802373469 0.252134591 0.540948212 0.802373469 0.252134591 0.540948212 0.799390197 0.251317114 0.545724332 0.799390197 0.251317114 0.545724332 0.799390197 0.251317114 0.545724332 0.779454887 0.24493067 0.576592624 0.779454887 0.24493067 0.576592624 0.779454887 0.24493067 0.576592624 0.757972181 0.238180086 0.607246578 0.757972181 0.238180086 0.607246578 0.757972181 0.238180086 0.607246578 0.751443923 0.236329615 0.616019785 0.751443923 0.236329615 0.616019785 0.751443923 0.236329615 0.616019785 0.732310116 0.230116725 0.640911996 0.732310116 0.230116725 0.640911996 0.732310116 0.230116725 0.640911996 0.707250476 0.222242191 0.671122313 0.707250476 0.222242191 0.671122313 0.707250476 0.222242191 0.671122313 0.697945118 0.219551548 0.681666851 0.697945118 0.219551548 0.681666851 0.697945118 0.219551548 0.681666851 0.678937078 0.213344663 0.702515841 0.678937078 0.213344663 0.702515841 0.678937078 0.213344663 0.702515841 0.575805068 0.180937186 0.797314405 0.575805068 0.180937186 0.797314405 0.575805068 0.180937186 0.797314405 0.559770107 0.176405117 0.809653401 0.559770107 0.176405117 0.809653401 0.559770107 0.176405117 0.809653401 0.592701912 0.186246753 0.783592105 0.592701912 0.186246753 0.783592105 0.592701912 0.186246753 0.783592105 0.639276683 0.200882107 0.742274642 0.639276683 0.200882107 0.742274642 0.639276683 0.200882107 0.742274642 0.621232927 0.195821613 0.758764505 0.621232927 0.195821613 0.758764505 0.621232927 0.195821613 0.758764505 0.65208739 0.204907581 0.729928017 0.65208739 0.204907581 0.729928017 0.65208739 0.204907581 0.729928017 0.436439365 0.137143835 0.889219999 0.436439365 0.137143835 0.889219999 0.436439365 0.137143835 0.889219999 0.426267415 0.134237692 0.894581676 0.426267415 0.134237692 0.894581676 0.426267415 0.134237692 0.894581676 0.462810278 0.145430461 0.874446452 0.462810278 0.145430461 0.874446452 0.462810278 0.145430461 0.874446452 0.508009493 0.159633562 0.846429825 0.508009493 0.159633562 0.846429825 0.508009493 0.159633562 0.846429825 0.494560063 0.155809149 0.855063677 0.494560063 0.155809149 0.855063677 0.494560063 0.155809149 0.855063677 0.529434681 0.166366071 0.831878126 0.529434681 0.166366071 0.831878126 0.529434681 0.166366071 0.831878126 0.361636877 0.113638371 0.925367534 0.361636877 0.113638371 0.925367534 0.361636877 0.113638371 0.925367534 0.324239105 0.102907456 0.940361142 0.324239105 0.102907456 0.940361142 0.324239105 0.102907456 0.940361142 0.356434673 0.112161644 0.927563548 0.356434673 0.112161644 0.927563548 0.356434673 0.112161644 0.927563548 0.204449579 0.0642448738 0.976766586 0.204449579 0.0642448738 0.976766586 0.204449579 0.0642448738 0.976766586 0.166242287 0.0532319918 0.984647095 0.166242287 0.0532319918 0.984647095 0.166242287 0.0532319918 0.984647095 0.206692591 0.0649496987 0.976247787 0.206692591 0.0649496987 0.976247787 0.206692591 0.0649496987 0.976247787 0.284091175 0.0892709121 0.954632342 0.284091175 0.0892709121 0.954632342 0.284091175 0.0892709121 0.954632342 0.246095285 0.078339383 0.966074586 0.246095285 0.078339383 0.966074586 0.246095285 0.078339383 0.966074586 0.285530627 0.0897232518 0.954160333 0.285530627 0.0897232518 0.954160333 0.285530627 0.0897232518 0.954160333 0.0411812104 0.0129405065 0.999067903 0.0411812104 0.0129405065 0.999067903 0.0411812104 0.0129405065 0.999067903 0.00423685601 0.00227401382 0.999988437 0.00423685601 0.00227401382 0.999988437 0.00423685601 0.00227401382 0.999988437 0.0458202586 0.0143982507 0.998845935 0.0458202586 0.0143982507 0.998845935 0.0458202586 0.0143982507 0.998845935 0.123290174 0.0387418792 0.991614163 0.123290174 0.0387418792 0.991614163 0.123290174 0.0387418792 0.991614163 0.0854104534 0.0278107785 0.995957613 0.0854104534 0.0278107785 0.995957613 0.0854104534 0.0278107785 0.995957613 0.126314089 0.0396920927 0.991195917 0.126314089 0.0396920927 0.991195917 0.126314089 0.0396920927 0.991195917 -0.123345815 -0.0385647975 0.991614103 -0.123345815 -0.0385647975 0.991614103 -0.123345815 -0.0385647975 0.991614103 -0.113377973 -0.035627123 0.992912948 -0.113377973 -0.035627123 0.992912948 -0.113377973 -0.035627123 0.992912948 -0.0411812104 -0.0129405037 0.999067903 -0.0411812104 -0.0129405037 0.999067903 -0.0411812104 -0.0129405037 0.999067903 -0.075191386 -0.0227585305 0.99690938 -0.075191386 -0.0227585305 0.99690938 -0.075191386 -0.0227585305 0.99690938 -0.0338741541 -0.0106443865 0.999369442 -0.0338741541 -0.0106443865 0.999369442 -0.0338741541 -0.0106443865 0.999369442 -0.204513639 -0.0640405416 0.976766586 -0.204513639 -0.0640405416 0.976766586 -0.204513639 -0.0640405416 0.976766586 -0.192150101 -0.0603799336 0.979506314 -0.192150101 -0.0603799336 0.979506314 -0.192150101 -0.0603799336 0.979506314 -0.154225275 -0.0484626926 0.986846447 -0.154225275 -0.0484626926 0.986846447 -0.154225275 -0.0484626926 0.986846447 -0.284160852 -0.089049153 0.954632342 -0.284160852 -0.089049153 0.954632342 -0.284160852 -0.089049153 0.954632342 -0.269903123 -0.0848124996 0.95914501 -0.269903123 -0.0848124996 0.95914501 -0.269903123 -0.0848124996 0.95914501 -0.232302397 -0.0729971007 0.969900548 -0.232302397 -0.0729971007 0.969900548 -0.232302397 -0.0729971007 0.969900548 -0.361711651 -0.113400392 0.925367534 -0.361711651 -0.113400392 0.925367534 -0.361711651 -0.113400392 0.925367534 -0.344403833 -0.108223796 0.932562947 -0.344403833 -0.108223796 0.932562947 -0.344403833 -0.108223796 0.932562947 -0.309189886 -0.0971584246 0.946024239 -0.309189886 -0.0971584246 0.946024239 -0.309189886 -0.0971584246 0.946024239 -0.43650946 -0.136921585 0.88921988 -0.43650946 -0.136921585 0.88921988 -0.43650946 -0.136921585 0.88921988 -0.412843466 -0.129729092 0.901515722 -0.412843466 -0.129729092 0.901515722 -0.412843466 -0.129729092 0.901515722 -0.382492393 -0.120191775 0.916107774 -0.382492393 -0.120191775 0.916107774 -0.382492393 -0.120191775 0.916107774 -0.50805819 -0.159476757 0.846430182 -0.50805819 -0.159476757 0.846430182 -0.50805819 -0.159476757 0.846430182 -0.479953438 -0.15081729 0.864233077 -0.479953438 -0.15081729 0.864233077 -0.479953438 -0.15081729 0.864233077 -0.449631512 -0.141289145 0.881968737 -0.449631512 -0.141289145 0.881968737 -0.449631512 -0.141289145 0.881968737 -0.606630504 -0.190623462 0.771791518 -0.606630504 -0.190623462 0.771791518 -0.606630504 -0.190623462 0.771791518 -0.576361835 -0.18106018 0.79688412 -0.576361835 -0.18106018 0.79688412 -0.576361835 -0.18106018 0.79688412 -0.575825095 -0.180875331 0.797313929 -0.575825095 -0.180875331 0.797313929 -0.575825095 -0.180875331 0.797313929 -0.544745743 -0.171177253 0.820944846 -0.544745743 -0.171177253 0.820944846 -0.544745743 -0.171177253 0.820944846 -0.515129268 -0.161870778 0.841688573 -0.515129268 -0.161870778 0.841688573 -0.515129268 -0.161870778 0.841688573 -0.665736794 -0.208278269 0.716529608 -0.665736794 -0.208278269 0.716529608 -0.665736794 -0.208278269 0.716529608 -0.639276743 -0.200882062 0.742274642 -0.639276743 -0.200882062 0.742274642 -0.639276743 -0.200882062 0.742274642 -0.691885531 -0.2174135 0.688495338 -0.691885531 -0.2174135 0.688495338 -0.691885531 -0.2174135 0.688495338 -0.698062956 -0.219175637 0.681667209 -0.698062956 -0.219175637 0.681667209 -0.698062956 -0.219175637 0.681667209 -0.719538927 -0.226102561 0.656613529 -0.719538927 -0.226102561 0.656613529 -0.719538927 -0.226102561 0.656613529 -0.74347645 -0.233624533 0.626627743 -0.74347645 -0.233624533 0.626627743 -0.74347645 -0.233624533 0.626627743 -0.751566529 -0.235940412 0.616019428 -0.751566529 -0.235940412 0.616019428 -0.751566529 -0.235940412 0.616019428 -0.768570602 -0.241510496 0.592428803 -0.768570602 -0.241510496 0.592428803 -0.768570602 -0.241510496 0.592428803 -0.789965212 -0.248233378 0.560656011 -0.789965212 -0.248233378 0.560656011 -0.789965212 -0.248233378 0.560656011 -0.799497902 -0.250973314 0.54572475 -0.799497902 -0.250973314 0.54572475 -0.799497902 -0.250973314 0.54572475 -0.812342048 -0.255264968 0.524347425 -0.812342048 -0.255264968 0.524347425 -0.812342048 -0.255264968 0.524347425 -0.830994666 -0.26112625 0.491183221 -0.830994666 -0.26112625 0.491183221 -0.830994666 -0.26112625 0.491183221 -0.841431797 -0.264143378 0.471403003 -0.841431797 -0.264143378 0.471403003 -0.841431797 -0.264143378 0.471403003 -0.85047245 -0.267246902 0.453073621 -0.85047245 -0.267246902 0.453073621 -0.85047245 -0.267246902 0.453073621 -0.867911875 -0.272726953 0.415149361 -0.867911875 -0.272726953 0.415149361 -0.867911875 -0.272726953 0.415149361 -0.877099752 -0.275353521 0.393543512 -0.877099752 -0.275353521 0.393543512 -0.877099752 -0.275353521 0.393543512 -0.88421315 -0.277849346 0.375455499 -0.88421315 -0.277849346 0.375455499 -0.88421315 -0.277849346 0.375455499 -0.89723736 -0.28194198 0.339814365 -0.89723736 -0.28194198 0.339814365 -0.89723736 -0.28194198 0.339814365 -0.906218231 -0.284529418 0.312748313 -0.906218231 -0.284529418 0.312748313 -0.906218231 -0.284529418 0.312748313 -0.910396457 -0.286076903 0.298895091 -0.910396457 -0.286076903 0.298895091 -0.910396457 -0.286076903 0.298895091 -0.921642125 -0.289610684 0.258266151 -0.921642125 -0.289610684 0.258266151 -0.921642125 -0.289610684 0.258266151 -0.928580761 -0.291563869 0.229626328 -0.928580761 -0.291563869 0.229626328 -0.928580761 -0.291563869 0.229626328 -0.931424677 -0.292684704 0.216295421 -0.931424677 -0.292684704 0.216295421 -0.931424677 -0.292684704 0.216295421 -0.939325213 -0.295167327 0.174769565 -0.939325213 -0.295167327 0.174769565 -0.939325213 -0.295167327 0.174769565 -0.944018602 -0.296423227 0.144783258 -0.944018602 -0.296423227 0.144783258 -0.944018602 -0.296423227 0.144783258 -0.945647359 -0.29715392 0.132100597 -0.945647359 -0.29715392 0.132100597 -0.945647359 -0.29715392 0.132100597 -0.952353299 -0.299261153 0.0588720813 -0.952353299 -0.299261153 0.0588720813 -0.952353299 -0.299261153 0.0588720813 -0.950349629 -0.297872365 0.090042755 -0.950349629 -0.297872365 0.090042755 -0.950349629 -0.297872365 0.090042755 -0.953781784 -0.300397307 0.00786204915 -0.953781784 -0.300397307 0.00786204915 -0.953781784 -0.300397307 0.00786204915 -0.953278363 -0.299551874 0.039103467 -0.953278363 -0.299551874 0.039103467 -0.953278363 -0.299551874 0.039103467 -0.954007983 -0.299781144 0 -0.954007983 -0.299781144 0 -0.954007983 -0.299781144 0 -0.954007983 -0.299781144 0 -0.954007983 -0.299781144 0 -0.954007983 -0.299781144 0 -0.299781233 0.954007983 0 -0.299781233 0.954007983 0 -0.299781233 0.954007983 0 -0.299781233 0.954007983 -0 -0.299781233 0.954007983 -0 -0.299781233 0.954007983 -0 -0.299778819 0.954008758 1.47133403e-06 -0.299778819 0.954008758 1.47133403e-06 -0.299778819 0.954008758 1.47133403e-06 -0.299781442 0.954007924 3.48578084e-07 -0.299781442 0.954007924 3.48578084e-07 -0.299781442 0.954007924 3.48578084e-07 -0.29978013 0.954008341 1.2523891e-06 -0.29978013 0.954008341 1.2523891e-06 -0.29978013 0.954008341 1.2523891e-06 -0.299783796 0.954007149 -2.58712771e-06 -0.299783796 0.954007149 -2.58712771e-06 -0.299783796 0.954007149 -2.58712771e-06 -0.299788922 0.954005539 -3.46414845e-06 -0.299788922 0.954005539 -3.46414845e-06 -0.299788922 0.954005539 -3.46414845e-06 -0.299772143 0.954010844 3.80931783e-06 -0.299772143 0.954010844 3.80931783e-06 -0.299772143 0.954010844 3.80931783e-06 -0.299777448 0.954009175 1.79490587e-06 -0.299777448 0.954009175 1.79490587e-06 -0.299777448 0.954009175 1.79490587e-06 -0.299809784 0.953998983 -1.41152095e-05 -0.299809784 0.953998983 -1.41152095e-05 -0.299809784 0.953998983 -1.41152095e-05 -0.299781829 0.954007804 6.77840774e-07 -0.299781829 0.954007804 6.77840774e-07 -0.299781829 0.954007804 6.77840774e-07 -0.299783796 0.954007149 2.58712771e-06 -0.299783796 0.954007149 2.58712771e-06 -0.299783796 0.954007149 2.58712771e-06 -0.29978013 0.954008341 -1.2523891e-06 -0.29978013 0.954008341 -1.2523891e-06 -0.29978013 0.954008341 -1.2523891e-06 -0.299776673 0.954009414 -4.58665954e-06 -0.299776673 0.954009414 -4.58665954e-06 -0.299776673 0.954009414 -4.58665954e-06 -0.299781054 0.954008043 0 -0.299781054 0.954008043 0 -0.299781054 0.954008043 0 -0.299781054 0.954008043 -0 -0.299781054 0.954008043 -0 -0.299781054 0.954008043 -0 -0.299776673 0.954009414 4.58665954e-06 -0.299776673 0.954009414 4.58665954e-06 -0.299776673 0.954009414 4.58665954e-06 -0.299781829 0.954007804 -6.77772562e-07 -0.299781829 0.954007804 -6.77772562e-07 -0.299781829 0.954007804 -6.77772562e-07 -0.299781442 0.954007924 -3.48574076e-07 -0.299781442 0.954007924 -3.48574076e-07 -0.299781442 0.954007924 -3.48574076e-07 -0.299782425 0.954007626 -1.14342276e-06 -0.299782425 0.954007626 -1.14342276e-06 -0.299782425 0.954007626 -1.14342276e-06 -0.299775511 0.954009771 3.93672099e-06 -0.299775511 0.954009771 3.93672099e-06 -0.299775511 0.954009771 3.93672099e-06 -0.299784899 0.954006851 -2.3337243e-06 -0.299784899 0.954006851 -2.3337243e-06 -0.299784899 0.954006851 -2.3337243e-06 -0.299776763 0.954009354 2.58716045e-06 -0.299776763 0.954009354 2.58716045e-06 -0.299776763 0.954009354 2.58716045e-06 -0.299787551 0.954006016 -3.24399844e-06 -0.299787551 0.954006016 -3.24399844e-06 -0.299787551 0.954006016 -3.24399844e-06 -0.299793988 0.95400399 -6.77091975e-06 -0.299793988 0.95400399 -6.77091975e-06 -0.299793988 0.95400399 -6.77091975e-06 -0.299768865 0.954011858 5.51922994e-06 -0.299768865 0.954011858 5.51922994e-06 -0.299768865 0.954011858 5.51922994e-06 -0.29978925 0.95400548 5.19599371e-06 -0.29978925 0.95400548 5.19599371e-06 -0.29978925 0.95400548 5.19599371e-06 -0.299776763 0.954009354 -2.58716045e-06 -0.299776763 0.954009354 -2.58716045e-06 -0.299776763 0.954009354 -2.58716045e-06 -0.299749136 0.954018056 -1.01013529e-05 -0.299749136 0.954018056 -1.01013529e-05 -0.299749136 0.954018056 -1.01013529e-05 -0.299784899 0.954006851 2.3337243e-06 -0.299784899 0.954006851 2.3337243e-06 -0.299784899 0.954006851 2.3337243e-06 -0.299775511 0.954009771 -3.93672099e-06 -0.299775511 0.954009771 -3.93672099e-06 -0.299775511 0.954009771 -3.93672099e-06 -0.299782425 0.954007626 1.14331851e-06 -0.299782425 0.954007626 1.14331851e-06 -0.299782425 0.954007626 1.14331851e-06 -0.299771994 0.954010844 -2.54416022e-06 -0.299771994 0.954010844 -2.54416022e-06 -0.299771994 0.954010844 -2.54416022e-06 -0.299786925 0.954006195 1.64806272e-06 -0.299786925 0.954006195 1.64806272e-06 -0.299786925 0.954006195 1.64806272e-06 -0.299783409 0.954007268 4.80969732e-07 -0.299783409 0.954007268 4.80969732e-07 -0.299783409 0.954007268 4.80969732e-07 -0.299772143 0.954010844 -3.80931783e-06 -0.299772143 0.954010844 -3.80931783e-06 -0.299772143 0.954010844 -3.80931783e-06 -0.299788922 0.954005539 3.46381739e-06 -0.299788922 0.954005539 3.46381739e-06 -0.299788922 0.954005539 3.46381739e-06 -0.299778819 0.954008758 -1.47150365e-06 -0.299778819 0.954008758 -1.47150365e-06 -0.299778819 0.954008758 -1.47150365e-06 0 0 1 0 0 1 0 0 1 -0 0 1 -0 0 1 -0 0 1 -0 -0 1 -0 -0 1 -0 -0 1 0 0 1 0 0 1 0 0 1 -0 -0 1 -0 -0 1 -0 -0 1 -0 -0 1 -0 -0 1 -0 -0 1 -0 -0 1 -0 -0 1 -0 -0 1 0 -0 1 0 -0 1 0 -0 1 -0 -0 1 -0 -0 1 -0 -0 1 0 0 1 0 0 1 0 0 1 -0 -0 1 -0 -0 1 -0 -0 1 0 0 1 0 0 1 0 0 1 0 0 1 0 0 1 0 0 1 -0 0 1 -0 0 1 -0 0 1 0 0 1 0 0 1 0 0 1 -0 0 1 -0 0 1 -0 0 1 0 0 1 0 0 1 0 0 1 0 -0 1 0 -0 1 0 -0 1 -0 -0 1 -0 -0 1 -0 -0 1 0 -0 1 0 -0 1 0 -0 1 -0 -0 1 -0 -0 1 -0 -0 1 0 0 1 0 0 1 0 0 1 0 0 1 0 0 1 0 0 1 -0 -0 1 -0 -0 1 -0 -0 1 0 0 1 0 0 1 0 0 1 0 0 1 0 0 1 0 0 1 -0 -0 1 -0 -0 1 -0 -0 1 0 0 1 0 0 1 0 0 1 -0 -0 1 -0 -0 1 -0 -0 1 0 0 1 0 0 1 0 0 1 -0 0 1 -0 0 1 -0 0 1 0 0 1 0 0 1 0 0 1 -0 -0 1 -0 -0 1 -0 -0 1 0 0 1 0 0 1 0 0 1 0 0 1 0 0 1 0 0 1 -0 -0 1 -0 -0 1 -0 -0 1 0 0 1 0 0 1 0 0 1 0 0 1 0 0 1 0 0 1 -0 -0 1 -0 -0 1 -0 -0 1 0 0 1 0 0 1 0 0 1 0 0 1 0 0 1 0 0 1 -0 -0 1 -0 -0 1 -0 -0 1 0 0 1 0 0 1 0 0 1 -0 -0 1 -0 -0 1 -0 -0 1 -0 -0 1 -0 -0 1 -0 -0 1 -0 -0 1 -0 -0 1 -0 -0 1 0 0 1 0 0 1 0 0 1 0 0 1 0 0 1 0 0 1 -0 -0 1 -0 -0 1 -0 -0 1 0 0 1 0 0 1 0 0 1 0 0 1 0 0 1 0 0 1 0 -0 1 0 -0 1 0 -0 1 0 -0 1 0 -0 1 0 -0 1 0 0 1 0 0 1 0 0 1 0 -0 1 0 -0 1 0 -0 1 0 -0 1 0 -0 1 0 -0 1 0 0 1 0 0 1 0 0 1 0 0 1 0 0 1 0 0 1 -0 -0 1 -0 -0 1 -0 -0 1 -0 0 1 -0 0 1 -0 0 1 -0 -0 1 -0 -0 1 -0 -0 1 0 0 1 0 0 1 0 0 1 -0 0 1 -0 0 1 -0 0 1 0 0 1 0 0 1 0 0 1 -0 -0 1 -0 -0 1 -0 -0 1 0 0 1 0 0 1 0 0 1 -0 -0 1 -0 -0 1 -0 -0 1 0 0 1 0 0 1 0 0 1 0 0 1 0 0 1 0 0 1 -0 -0 1 -0 -0 1 -0 -0 1 0 0 1 0 0 1 0 0 1 -0 -0 1 -0 -0 1 -0 -0 1 0 0 1 0 0 1 0 0 1 -0 -0 1 -0 -0 1 -0 -0 1 0 0 1 0 0 1 0 0 1 0 0 1 0 0 1 0 0 1 0 0 1 0 0 1 0 0 1 0 0 1 0 0 1 0 0 1 0 0 1 0 0 1 0 0 1 0 0 1 0 0 1 0 0 1 0 0 1 0 0 1 0 0 1 -0 -0 1 -0 -0 1 -0 -0 1 0 -0 1 0 -0 1 0 -0 1 -0 -0 1 -0 -0 1 -0 -0 1 0 0 1 0 0 1 0 0 1 0 0 1 0 0 1 0 0 1 -0 -0 1 -0 -0 1 -0 -0 1 0 0 1 0 0 1 0 0 1 0 0 1 0 0 1 0 0 1 -0 -0 1 -0 -0 1 -0 -0 1 0 -0 1 0 -0 1 0 -0 1 -0 -0 1 -0 -0 1 -0 -0 1 0.953100085 0.299495637 0.0436192751 0.953100085 0.299495637 0.0436192751 0.953100085 0.299495637 0.0436192751 0.953100085 0.299495637 0.0436188765 0.953100085 0.299495637 0.0436188765 0.953100085 0.299495637 0.0436188765 0.945844531 0.2972157 0.130540878 0.945844531 0.2972157 0.130540878 0.945844531 0.2972157 0.130540878 0.945846856 0.297217041 0.130521059 0.945846856 0.297217041 0.130521059 0.945846856 0.297217041 0.130521059 0.931392193 0.292674899 0.216448605 0.931392193 0.292674899 0.216448605 0.931392193 0.292674899 0.216448605 0.931392133 0.292674869 0.216448948 0.931392133 0.292674869 0.216448948 0.931392133 0.292674869 0.216448948 0.909853518 0.285906702 0.300705761 0.909853518 0.285906702 0.300705761 0.909853518 0.285906702 0.300705761 0.909853578 0.285906762 0.300705463 0.909853578 0.285906762 0.300705463 0.909853578 0.285906762 0.300705463 0.881392002 0.276963145 0.382674217 0.881392002 0.276963145 0.382674217 0.881392002 0.276963145 0.382674217 0.881392121 0.276963204 0.382673979 0.881392121 0.276963204 0.382673979 0.881392121 0.276963204 0.382673979 0.846221805 0.26591152 0.461735517 0.846221805 0.26591152 0.461735517 0.846221805 0.26591152 0.461735517 0.846213877 0.26590845 0.461751878 0.846213877 0.26590845 0.461751878 0.846213877 0.26590845 0.461751878 0.804592133 0.252829492 0.537316263 0.804592133 0.252829492 0.537316263 0.804592133 0.252829492 0.537316263 0.804592192 0.252829522 0.537316144 0.804592192 0.252829522 0.537316144 0.804592192 0.252829522 0.537316144 0.75688082 0.237837031 0.608740509 0.75688082 0.237837031 0.608740509 0.75688082 0.237837031 0.608740509 0.756890178 0.237840474 0.608727515 0.756890178 0.237840474 0.608727515 0.756890178 0.237840474 0.608727515 0.703345895 0.221015066 0.675615907 0.703345895 0.221015066 0.675615907 0.703345895 0.221015066 0.675615907 0.703336298 0.221011579 0.675627053 0.703336298 0.221011579 0.675627053 0.703336298 0.221011579 0.675627053 0.644541025 0.202536166 0.737255692 0.644541025 0.202536166 0.737255692 0.644541025 0.202536166 0.737255692 0.644540966 0.202536136 0.737255752 0.644540966 0.202536136 0.737255752 0.644540966 0.202536136 0.737255752 0.580759704 0.18249394 0.79335624 0.580759704 0.18249394 0.79335624 0.580759704 0.18249394 0.79335624 0.580769002 0.182497248 0.79334867 0.580769002 0.182497248 0.79334867 0.580769002 0.182497248 0.79334867 0.512577295 0.16106911 0.843398631 0.512577295 0.16106911 0.843398631 0.512577295 0.16106911 0.843398631 0.512568474 0.161066011 0.843404591 0.512568474 0.161066011 0.843404591 0.512568474 0.161066011 0.843404591 0.44053936 0.138432071 0.886995852 0.44053936 0.138432071 0.886995852 0.44053936 0.138432071 0.886995852 0.44053939 0.138432071 0.886995852 0.44053939 0.138432071 0.886995852 0.44053939 0.138432071 0.886995852 0.365022719 0.114702232 0.92390573 0.365022719 0.114702232 0.92390573 0.365022719 0.114702232 0.92390573 0.365022689 0.114702225 0.92390573 0.365022689 0.114702225 0.92390573 0.365022689 0.114702225 0.92390573 0.286877811 0.0901465118 0.953716278 0.286877811 0.0901465118 0.953716278 0.286877811 0.0901465118 0.953716278 0.2868779 0.0901465416 0.953716218 0.2868779 0.0901465416 0.953716218 0.2868779 0.0901465416 0.953716218 0.206539392 0.0649015233 0.976283371 0.206539392 0.0649015233 0.976283371 0.206539392 0.0649015233 0.976283371 0.206543341 0.0649028942 0.976282477 0.206543341 0.0649028942 0.976282477 0.206543341 0.0649028942 0.976282477 0.124498092 0.0391215086 0.991448283 0.124498092 0.0391215086 0.991448283 0.124498092 0.0391215086 0.991448283 0.12449567 0.0391206667 0.991448641 0.12449567 0.0391206667 0.991448641 0.12449567 0.0391206667 0.991448641 0.0416339412 0.0130827641 0.999047279 0.0416339412 0.0130827641 0.999047279 0.0416339412 0.0130827641 0.999047279 0.0416347682 0.013083051 0.99904722 0.0416347682 0.013083051 0.99904722 0.0416347682 0.013083051 0.99904722 0.954008043 0.299780935 0 0.954008043 0.299780935 0 0.954008043 0.299780935 0 0.954008043 0.299780935 0 0.954008043 0.299780935 0 0.954008043 0.299780935 0 -0.299781263 0.954007983 0 -0.299781263 0.954007983 0 -0.299781263 0.954007983 0 -0.299776047 0.954009593 -4.83340773e-06 -0.299776047 0.954009593 -4.83340773e-06 -0.299776047 0.954009593 -4.83340773e-06 -0.299780637 0.954008162 -0 -0.299780637 0.954008162 -0 -0.299780637 0.954008162 -0 -0.299787313 0.954006076 -5.99834493e-06 -0.299787313 0.954006076 -5.99834493e-06 -0.299787313 0.954006076 -5.99834493e-06 -0.299781024 0.954008043 5.61191627e-08 -0.299781024 0.954008043 5.61191627e-08 -0.299781024 0.954008043 5.61191627e-08 -0.299781263 0.954007983 -6.56923532e-07 -0.299781263 0.954007983 -6.56923532e-07 -0.299781263 0.954007983 -6.56923532e-07 -0.299776047 0.954009593 4.83340773e-06 -0.299776047 0.954009593 4.83340773e-06 -0.299776047 0.954009593 4.83340773e-06 -0.299776971 0.954009295 3.1024399e-06 -0.299776971 0.954009295 3.1024399e-06 -0.299776971 0.954009295 3.1024399e-06 -0.299781501 0.954007864 -5.4639429e-07 -0.299781501 0.954007864 -5.4639429e-07 -0.299781501 0.954007864 -5.4639429e-07 -0.299777836 0.954009056 2.15364298e-06 -0.299777836 0.954009056 2.15364298e-06 -0.299777836 0.954009056 2.15364298e-06 -0.299775004 0.95400995 3.85483872e-06 -0.299775004 0.95400995 3.85483872e-06 -0.299775004 0.95400995 3.85483872e-06 -0.299787819 0.954005897 -3.13252326e-06 -0.299787819 0.954005897 -3.13252326e-06 -0.299787819 0.954005897 -3.13252326e-06 -0.299779564 0.95400852 6.15535612e-07 -0.299779564 0.95400852 6.15535612e-07 -0.299779564 0.95400852 6.15535612e-07 -0.299790561 0.954005063 -4.15881505e-06 -0.299790561 0.954005063 -4.15881505e-06 -0.299790561 0.954005063 -4.15881505e-06 -0.299775869 0.954009652 1.44834735e-06 -0.299775869 0.954009652 1.44834735e-06 -0.299775869 0.954009652 1.44834735e-06 -0.299798965 0.95400238 -8.58716521e-06 -0.299798965 0.95400238 -8.58716521e-06 -0.299798965 0.95400238 -8.58716521e-06 -0.299784929 0.954006791 -2.59437275e-06 -0.299784929 0.954006791 -2.59437275e-06 -0.299784929 0.954006791 -2.59437275e-06 -0.299783438 0.954007268 -1.68885038e-06 -0.299783438 0.954007268 -1.68885038e-06 -0.299783438 0.954007268 -1.68885038e-06 -0.299776226 0.954009533 2.24145992e-06 -0.299776226 0.954009533 2.24145992e-06 -0.299776226 0.954009533 2.24145992e-06 -0.299785107 0.954006732 -5.41626423e-06 -0.299785107 0.954006732 -5.41626423e-06 -0.299785107 0.954006732 -5.41626423e-06 -0.299746305 0.95401895 2.30537498e-05 -0.299746305 0.95401895 2.30537498e-05 -0.299746305 0.95401895 2.30537498e-05 -0.29977569 0.954009712 3.44279965e-06 -0.29977569 0.954009712 3.44279965e-06 -0.29977569 0.954009712 3.44279965e-06 -0.299783766 0.954007208 2.2143945e-06 -0.299783766 0.954007208 2.2143945e-06 -0.299783766 0.954007208 2.2143945e-06 -0.299785227 0.954006732 3.20173308e-06 -0.299785227 0.954006732 3.20173308e-06 -0.299785227 0.954006732 3.20173308e-06 -0.299777776 0.954009056 -2.27300575e-06 -0.299777776 0.954009056 -2.27300575e-06 -0.299777776 0.954009056 -2.27300575e-06 -0.299781561 0.954007864 7.80575931e-07 -0.299781561 0.954007864 7.80575931e-07 -0.299781561 0.954007864 7.80575931e-07 -0.299779207 0.954008579 -1.29490456e-06 -0.299779207 0.954008579 -1.29490456e-06 -0.299779207 0.954008579 -1.29490456e-06 -0.299776971 0.954009295 -3.10216024e-06 -0.299776971 0.954009295 -3.10216024e-06 -0.299776971 0.954009295 -3.10216024e-06 -0.299787313 0.954006076 5.99834493e-06 -0.299787313 0.954006076 5.99834493e-06 -0.299787313 0.954006076 5.99834493e-06 -0.299776107 0.954009593 -2.41466705e-06 -0.299776107 0.954009593 -2.41466705e-06 -0.299776107 0.954009593 -2.41466705e-06 -0.299795359 0.954003513 8.0876971e-06 -0.299795359 0.954003513 8.0876971e-06 -0.299795359 0.954003513 8.0876971e-06 -0.299786747 0.954006255 2.88832757e-06 -0.299786747 0.954006255 2.88832757e-06 -0.299786747 0.954006255 2.88832757e-06 -0.299792171 0.954004526 1.01416254e-05 -0.299792171 0.954004526 1.01416254e-05 -0.299792171 0.954004526 1.01416254e-05 -0.299798369 0.954002559 1.60786058e-05 -0.299798369 0.954002559 1.60786058e-05 -0.299798369 0.954002559 1.60786058e-05 -0.299748033 0.954018414 -3.66906243e-05 -0.299748033 0.954018414 -3.66906243e-05 -0.299748033 0.954018414 -3.66906243e-05 -0.299778283 0.954008877 -2.77076606e-06 -0.299778283 0.954008877 -2.77076606e-06 -0.299778283 0.954008877 -2.77076606e-06 -0.299779803 0.9540084 -1.65317522e-06 -0.299779803 0.9540084 -1.65317522e-06 -0.299779803 0.9540084 -1.65317522e-06 -0.299767733 0.954012215 -1.13769956e-05 -0.299767733 0.954012215 -1.13769956e-05 -0.299767733 0.954012215 -1.13769956e-05 0 0 -1 0 0 -1 0 0 -1 0 0 -1 0 0 -1 0 0 -1 0 0 -1 0 0 -1 0 0 -1 -0 -0 -1 -0 -0 -1 -0 -0 -1 0 0 -1 0 0 -1 0 0 -1 -0 0 -1 -0 0 -1 -0 0 -1 -0 0 -1 -0 0 -1 -0 0 -1 0 0 -1 0 0 -1 0 0 -1 0 0 -1 0 0 -1 0 0 -1 0 -0 -1 0 -0 -1 0 -0 -1 0 0 -1 0 0 -1 0 0 -1 0 -0 -1 0 -0 -1 0 -0 -1 0 0 -1 0 0 -1 0 0 -1 0 -0 -1 0 -0 -1 0 -0 -1 0 0 -1 0 0 -1 0 0 -1 0 0 -1 0 0 -1 0 0 -1 0 0 -1 0 0 -1 0 0 -1 0 0 -1 0 0 -1 0 0 -1 0 0 -1 0 0 -1 0 0 -1 -0 0 -1 -0 0 -1 -0 0 -1 0 0 -1 0 0 -1 0 0 -1 -0 0 -1 -0 0 -1 -0 0 -1 -0 0 -1 -0 0 -1 -0 0 -1 0 -0 -1 0 -0 -1 0 -0 -1 -0 -0 -1 -0 -0 -1 -0 -0 -1 0 -0 -1 0 -0 -1 0 -0 -1 -0 -0 -1 -0 -0 -1 -0 -0 -1 0 -0 -1 0 -0 -1 0 -0 -1 0 0 -1 0 0 -1 0 0 -1 0 0 -1 0 0 -1 0 0 -1 -0 -0 -1 -0 -0 -1 -0 -0 -1 -0 0 -1 -0 0 -1 -0 0 -1 -0 0 -1 -0 0 -1 -0 0 -1 0 0 -1 0 0 -1 0 0 -1 0 0 -1 0 0 -1 0 0 -1 0 0 -1 0 0 -1 0 0 -1 0 0 -1 0 0 -1 0 0 -1 0 -0 -1 0 -0 -1 0 -0 -1 0 -0 -1 0 -0 -1 0 -0 -1 -0 -0 -1 -0 -0 -1 -0 -0 -1 0 0 -1 0 0 -1 0 0 -1 -0 -0 -1 -0 -0 -1 -0 -0 -1 -0 -0 -1 -0 -0 -1 -0 -0 -1 0 0 -1 0 0 -1 0 0 -1 0 -0 -1 0 -0 -1 0 -0 -1 -0 -0 -1 -0 -0 -1 -0 -0 -1 0 0 -1 0 0 -1 0 0 -1 0 0 -1 0 0 -1 0 0 -1 -0 -0 -1 -0 -0 -1 -0 -0 -1 0 0 -1 0 0 -1 0 0 -1 0 0 -1 0 0 -1 0 0 -1 -0 -0 -1 -0 -0 -1 -0 -0 -1 0 0 -1 0 0 -1 0 0 -1 0 0 -1 0 0 -1 0 0 -1 -0 -0 -1 -0 -0 -1 -0 -0 -1 0 0 -1 0 0 -1 0 0 -1 0 -0 -1 0 -0 -1 0 -0 -1 0 -0 -1 0 -0 -1 0 -0 -1 0 0 -1 0 0 -1 0 0 -1 -0 -0 -1 -0 -0 -1 -0 -0 -1 -0 0 -1 -0 0 -1 -0 0 -1 0 0 -1 0 0 -1 0 0 -1 0 0 -1 0 0 -1 0 0 -1 0 0 -1 0 0 -1 0 0 -1 0 0 -1 0 0 -1 0 0 -1 0 0 -1 0 0 -1 0 0 -1 0 0 -1 0 0 -1 0 0 -1 0 -0 -1 0 -0 -1 0 -0 -1 0 -0 -1 0 -0 -1 0 -0 -1 0 0 -1 0 0 -1 0 0 -1 0 0 -1 0 0 -1 0 0 -1 -0 -0 -1 -0 -0 -1 -0 -0 -1 0 0 -1 0 0 -1 0 0 -1 0 0 -1 0 0 -1 0 0 -1 -0 -0 -1 -0 -0 -1 -0 -0 -1 0 0 -1 0 0 -1 0 0 -1 0 0 -1 0 0 -1 0 0 -1 -0 -0 -1 -0 -0 -1 -0 -0 -1 0 0 -1 0 0 -1 0 0 -1 0 0 -1 0 0 -1 0 0 -1 -0 -0 -1 -0 -0 -1 -0 -0 -1 0 0 -1 0 0 -1 0 0 -1 0 -0 -1 0 -0 -1 0 -0 -1 0 -0 -1 0 -0 -1 0 -0 -1 0 -0 -1 0 -0 -1 0 -0 -1 -0 -0 -1 -0 -0 -1 -0 -0 -1 0 0 -1 0 0 -1 0 0 -1 0 -0 -1 0 -0 -1 0 -0 -1 0 0 -1 0 0 -1 0 0 -1 0 -0 -1 0 -0 -1 0 -0 -1 0 -0 -1 0 -0 -1 0 -0 -1 0 0 -1 0 0 -1 0 0 -1 0.299781084 -0.954008043 1.03055174e-06 0.299781084 -0.954008043 1.03055174e-06 0.299781084 -0.954008043 1.03055174e-06 0.299781054 -0.954008043 -2.28252929e-07 0.299781054 -0.954008043 -2.28252929e-07 0.299781054 -0.954008043 -2.28252929e-07 0.299781054 -0.954008043 1.73487621e-07 0.299781054 -0.954008043 1.73487621e-07 0.299781054 -0.954008043 1.73487621e-07 0.299781114 -0.954007983 8.28683326e-08 0.299781114 -0.954007983 8.28683326e-08 0.299781114 -0.954007983 8.28683326e-08 0.299781293 -0.954007924 -2.12199484e-06 0.299781293 -0.954007924 -2.12199484e-06 0.299781293 -0.954007924 -2.12199484e-06 0.299780607 -0.954008162 4.18990294e-06 0.299780607 -0.954008162 4.18990294e-06 0.299780607 -0.954008162 4.18990294e-06 0.299781293 -0.954007924 2.12200439e-06 0.299781293 -0.954007924 2.12200439e-06 0.299781293 -0.954007924 2.12200439e-06 0.299780607 -0.954008162 -4.1899284e-06 0.299780607 -0.954008162 -4.1899284e-06 0.299780607 -0.954008162 -4.1899284e-06 0.299781114 -0.954007983 -8.2868624e-08 0.299781114 -0.954007983 -8.2868624e-08 0.299781114 -0.954007983 -8.2868624e-08 0.299781084 -0.954008043 -1.0305547e-06 0.299781084 -0.954008043 -1.0305547e-06 0.299781084 -0.954008043 -1.0305547e-06 0.299781054 -0.954008043 2.28260518e-07 0.299781054 -0.954008043 2.28260518e-07 0.299781054 -0.954008043 2.28260518e-07 0.299780965 -0.954008043 -1.09739483e-06 0.299780965 -0.954008043 -1.09739483e-06 0.299780965 -0.954008043 -1.09739483e-06 0.299780935 -0.954008043 -1.41200201e-06 0.299780935 -0.954008043 -1.41200201e-06 0.299780935 -0.954008043 -1.41200201e-06 0.299781173 -0.954007983 1.03440948e-06 0.299781173 -0.954007983 1.03440948e-06 0.299781173 -0.954007983 1.03440948e-06 0.299781084 -0.954008043 -1.28696968e-07 0.299781084 -0.954008043 -1.28696968e-07 0.299781084 -0.954008043 -1.28696968e-07 0.299781084 -0.954008043 -6.97905591e-07 0.299781084 -0.954008043 -6.97905591e-07 0.299781084 -0.954008043 -6.97905591e-07 0.299781203 -0.954007983 1.39030612e-06 0.299781203 -0.954007983 1.39030612e-06 0.299781203 -0.954007983 1.39030612e-06 0.299780995 -0.954008043 0 0.299780995 -0.954008043 0 0.299780995 -0.954008043 0 0.299781322 -0.954007924 8.20389801e-07 0.299781322 -0.954007924 8.20389801e-07 0.299781322 -0.954007924 8.20389801e-07 0.299781144 -0.954007983 1.6310976e-07 0.299781144 -0.954007983 1.6310976e-07 0.299781144 -0.954007983 1.6310976e-07 0.299780726 -0.954008162 -1.61675973e-06 0.299780726 -0.954008162 -1.61675973e-06 0.299780726 -0.954008162 -1.61675973e-06 0.299781084 -0.954008043 6.97907637e-07 0.299781084 -0.954008043 6.97907637e-07 0.299781084 -0.954008043 6.97907637e-07 0.299781084 -0.954008043 1.28701245e-07 0.299781084 -0.954008043 1.28701245e-07 0.299781084 -0.954008043 1.28701245e-07 0.299781173 -0.954007983 -1.03440948e-06 0.299781173 -0.954007983 -1.03440948e-06 0.299781173 -0.954007983 -1.03440948e-06 0.299781054 -0.954008043 -1.73487621e-07 0.299781054 -0.954008043 -1.73487621e-07 0.299781054 -0.954008043 -1.73487621e-07 0.299781054 -0.954008043 1.22904498e-06 0.299781054 -0.954008043 1.22904498e-06 0.299781054 -0.954008043 1.22904498e-06 0.299781024 -0.954008043 1.76824392e-06 0.299781024 -0.954008043 1.76824392e-06 0.299781024 -0.954008043 1.76824392e-06 0.299781203 -0.954007983 -1.39031101e-06 0.299781203 -0.954007983 -1.39031101e-06 0.299781203 -0.954007983 -1.39031101e-06 0.299780965 -0.954008043 1.09739972e-06 0.299780965 -0.954008043 1.09739972e-06 0.299780965 -0.954008043 1.09739972e-06 0.299780935 -0.954008043 1.41201065e-06 0.299780935 -0.954008043 1.41201065e-06 0.299780935 -0.954008043 1.41201065e-06 0.299781829 -0.954007804 2.14949637e-06 0.299781829 -0.954007804 2.14949637e-06 0.299781829 -0.954007804 2.14949637e-06 0.299780101 -0.954008341 -2.28980616e-06 0.299780101 -0.954008341 -2.28980616e-06 0.299780101 -0.954008341 -2.28980616e-06 0.299781561 -0.954007864 1.97296981e-06 0.299781561 -0.954007864 1.97296981e-06 0.299781561 -0.954007864 1.97296981e-06 0.299779177 -0.954008639 -4.15418071e-06 0.299779177 -0.954008639 -4.15418071e-06 0.299779177 -0.954008639 -4.15418071e-06 0.299781442 -0.954007924 1.02428839e-06 0.299781442 -0.954007924 1.02428839e-06 0.299781442 -0.954007924 1.02428839e-06 0.299781203 -0.954007983 2.97817962e-07 0.299781203 -0.954007983 2.97817962e-07 0.299781203 -0.954007983 2.97817962e-07 0.299781054 -0.954008043 -2.81781695e-07 0.299781054 -0.954008043 -2.81781695e-07 0.299781054 -0.954008043 -2.81781695e-07 0.299781352 -0.954007924 2.40252871e-06 0.299781352 -0.954007924 2.40252871e-06 0.299781352 -0.954007924 2.40252871e-06 0.299781024 -0.954008043 -1.76824392e-06 0.299781024 -0.954008043 -1.76824392e-06 0.299781024 -0.954008043 -1.76824392e-06 0.299781054 -0.954008043 -1.22904498e-06 0.299781054 -0.954008043 -1.22904498e-06 0.299781054 -0.954008043 -1.22904498e-06 0.299780995 -0.954008043 -3.32664385e-09 0.299780995 -0.954008043 -3.32664385e-09 0.299780995 -0.954008043 -3.32664385e-09 0.299782366 -0.954007626 -2.77105346e-06 0.299782366 -0.954007626 -2.77105346e-06 0.299782366 -0.954007626 -2.77105346e-06 0.299780697 -0.954008162 -3.05254446e-07 0.299780697 -0.954008162 -3.05254446e-07 0.299780697 -0.954008162 -3.05254446e-07 0.299782187 -0.954007685 1.37996233e-06 0.299782187 -0.954007685 1.37996233e-06 0.299782187 -0.954007685 1.37996233e-06 0.299781054 -0.954008043 -8.36367278e-08 0.299781054 -0.954008043 -8.36367278e-08 0.299781054 -0.954008043 -8.36367278e-08 0.299781412 -0.954007924 2.15200203e-06 0.299781412 -0.954007924 2.15200203e-06 0.299781412 -0.954007924 2.15200203e-06 0.299780905 -0.954008102 -1.37742416e-06 0.299780905 -0.954008102 -1.37742416e-06 0.299780905 -0.954008102 -1.37742416e-06 0.299781233 -0.954007983 1.52642644e-06 0.299781233 -0.954007983 1.52642644e-06 0.299781233 -0.954007983 1.52642644e-06 0.299781293 -0.954007924 7.71192333e-07 0.299781293 -0.954007924 7.71192333e-07 0.299781293 -0.954007924 7.71192333e-07 0.299780875 -0.954008102 -1.45358683e-06 0.299780875 -0.954008102 -1.45358683e-06 0.299780875 -0.954008102 -1.45358683e-06 0.299780965 -0.954008043 -8.19440288e-07 0.299780965 -0.954008043 -8.19440288e-07 0.299780965 -0.954008043 -8.19440288e-07 0.299781352 -0.954007924 -2.40252871e-06 0.299781352 -0.954007924 -2.40252871e-06 0.299781352 -0.954007924 -2.40252871e-06 0.299780965 -0.954008043 8.19377476e-07 0.299780965 -0.954008043 8.19377476e-07 0.299780965 -0.954008043 8.19377476e-07 0.299780875 -0.954008102 1.45369802e-06 0.299780875 -0.954008102 1.45369802e-06 0.299780875 -0.954008102 1.45369802e-06 0.299781293 -0.954007924 -7.71192333e-07 0.299781293 -0.954007924 -7.71192333e-07 0.299781293 -0.954007924 -7.71192333e-07 0.299781054 -0.954008043 2.81754694e-07 0.299781054 -0.954008043 2.81754694e-07 0.299781054 -0.954008043 2.81754694e-07 0.299781203 -0.954007983 -2.97815149e-07 0.299781203 -0.954007983 -2.97815149e-07 0.299781203 -0.954007983 -2.97815149e-07 0.299781442 -0.954007924 -1.02427646e-06 0.299781442 -0.954007924 -1.02427646e-06 0.299781442 -0.954007924 -1.02427646e-06 0.299781829 -0.954007804 -2.1494684e-06 0.299781829 -0.954007804 -2.1494684e-06 0.299781829 -0.954007804 -2.1494684e-06 0.299780101 -0.954008341 2.28983095e-06 0.299780101 -0.954008341 2.28983095e-06 0.299780101 -0.954008341 2.28983095e-06 0.299781561 -0.954007864 -1.97293298e-06 0.299781561 -0.954007864 -1.97293298e-06 0.299781561 -0.954007864 -1.97293298e-06 0.299779177 -0.954008639 4.15407931e-06 0.299779177 -0.954008639 4.15407931e-06 0.299779177 -0.954008639 4.15407931e-06 0.299782187 -0.954007685 4.13644148e-06 0.299782187 -0.954007685 4.13644148e-06 0.299782187 -0.954007685 4.13644148e-06 0.299779803 -0.9540084 -4.63567039e-06 0.299779803 -0.9540084 -4.63567039e-06 0.299779803 -0.9540084 -4.63567039e-06 0.299780995 -0.954008043 -9.52589403e-07 0.299780995 -0.954008043 -9.52589403e-07 0.299780995 -0.954008043 -9.52589403e-07 0.299780726 -0.954008102 -2.36081883e-06 0.299780726 -0.954008102 -2.36081883e-06 0.299780726 -0.954008102 -2.36081883e-06 0.299781293 -0.954007924 1.32825642e-06 0.299781293 -0.954007924 1.32825642e-06 0.299781293 -0.954007924 1.32825642e-06 0.299781144 -0.954007983 -1.93663482e-06 0.299781144 -0.954007983 -1.93663482e-06 0.299781144 -0.954007983 -1.93663482e-06 0.299781084 -0.954008043 7.84319639e-07 0.299781084 -0.954008043 7.84319639e-07 0.299781084 -0.954008043 7.84319639e-07 0.299780458 -0.954008222 -8.33089598e-06 0.299780458 -0.954008222 -8.33089598e-06 0.299780458 -0.954008222 -8.33089598e-06 0.299781084 -0.954008043 7.14196631e-08 0.299781084 -0.954008043 7.14196631e-08 0.299781084 -0.954008043 7.14196631e-08 0.299781293 -0.954007983 1.77661252e-06 0.299781293 -0.954007983 1.77661252e-06 0.299781293 -0.954007983 1.77661252e-06 0.299771667 -0.954010963 -9.03809996e-05 0.299771667 -0.954010963 -9.03809996e-05 0.299771667 -0.954010963 -9.03809996e-05 0.299780875 -0.954008102 -1.08655024e-06 0.299780875 -0.954008102 -1.08655024e-06 0.299780875 -0.954008102 -1.08655024e-06 0.29978314 -0.954007387 1.4551224e-05 0.29978314 -0.954007387 1.4551224e-05 0.29978314 -0.954007387 1.4551224e-05 0.299781412 -0.954007924 2.29934631e-06 0.299781412 -0.954007924 2.29934631e-06 0.299781412 -0.954007924 2.29934631e-06 0.299781084 -0.954008043 8.66267236e-09 0.299781084 -0.954008043 8.66267236e-09 0.299781084 -0.954008043 8.66267236e-09 0.299782634 -0.954007506 5.40275651e-05 0.299782634 -0.954007506 5.40275651e-05 0.299782634 -0.954007506 5.40275651e-05 0.299781054 -0.954008043 -1.34154595e-06 0.299781054 -0.954008043 -1.34154595e-06 0.299781054 -0.954008043 -1.34154595e-06 0.299781084 -0.954008043 -1.03594368e-06 0.299781084 -0.954008043 -1.03594368e-06 0.299781084 -0.954008043 -1.03594368e-06 0.299782008 -0.954007745 -6.65742164e-06 0.299782008 -0.954007745 -6.65742164e-06 0.299782008 -0.954007745 -6.65742164e-06 0.29978022 -0.954008281 6.08181381e-06 0.29978022 -0.954008281 6.08181381e-06 0.29978022 -0.954008281 6.08181381e-06 0.299781114 -0.954007983 -1.44316829e-07 0.299781114 -0.954007983 -1.44316829e-07 0.299781114 -0.954007983 -1.44316829e-07 0.299779147 -0.954008639 1.89038819e-05 0.299779147 -0.954008639 1.89038819e-05 0.299779147 -0.954008639 1.89038819e-05 0.299781144 -0.954007983 -2.42694597e-07 0.299781144 -0.954007983 -2.42694597e-07 0.299781144 -0.954007983 -2.42694597e-07 0.299781144 -0.954007983 2.42695023e-07 0.299781144 -0.954007983 2.42695023e-07 0.299781144 -0.954007983 2.42695023e-07 0.299779147 -0.954008639 -1.89249749e-05 0.299779147 -0.954008639 -1.89249749e-05 0.299779147 -0.954008639 -1.89249749e-05 0.299781114 -0.954007983 1.44311826e-07 0.299781114 -0.954007983 1.44311826e-07 0.299781114 -0.954007983 1.44311826e-07 0.29978022 -0.954008281 -6.07975426e-06 0.29978022 -0.954008281 -6.07975426e-06 0.29978022 -0.954008281 -6.07975426e-06 0.299782008 -0.954007745 6.65843845e-06 0.299782008 -0.954007745 6.65843845e-06 0.299782008 -0.954007745 6.65843845e-06 0.299781054 -0.954008043 -9.92014066e-07 0.299781054 -0.954008043 -9.92014066e-07 0.299781054 -0.954008043 -9.92014066e-07 0.299781054 -0.954008043 -1.19085587e-06 0.299781054 -0.954008043 -1.19085587e-06 0.299781054 -0.954008043 -1.19085587e-06 0.299782574 -0.954007566 5.23024428e-05 0.299782574 -0.954007566 5.23024428e-05 0.299782574 -0.954007566 5.23024428e-05 0.299781084 -0.954008043 1.45587012e-06 0.299781084 -0.954008043 1.45587012e-06 0.299781084 -0.954008043 1.45587012e-06 0.299781084 -0.954008043 5.79936341e-07 0.299781084 -0.954008043 5.79936341e-07 0.299781084 -0.954008043 5.79936341e-07 0.299780577 -0.954008162 5.27179736e-07 0.299780577 -0.954008162 5.27179736e-07 0.299780577 -0.954008162 5.27179736e-07 0.299780995 -0.954008043 3.32614269e-09 0.299780995 -0.954008043 3.32614269e-09 0.299780995 -0.954008043 3.32614269e-09 0.299780369 -0.954008222 -1.26971497e-06 0.299780369 -0.954008222 -1.26971497e-06 0.299780369 -0.954008222 -1.26971497e-06 0.299782783 -0.954007506 4.22017365e-06 0.299782783 -0.954007506 4.22017365e-06 0.299782783 -0.954007506 4.22017365e-06 0.29978618 -0.954006433 1.11734962e-05 0.29978618 -0.954006433 1.11734962e-05 0.29978618 -0.954006433 1.11734962e-05 0.299772471 -0.954010725 -2.01072926e-05 0.299772471 -0.954010725 -2.01072926e-05 0.299772471 -0.954010725 -2.01072926e-05 0.299772471 -0.954010725 2.00889353e-05 0.299772471 -0.954010725 2.00889353e-05 0.299772471 -0.954010725 2.00889353e-05 0.29978618 -0.954006433 -1.11734962e-05 0.29978618 -0.954006433 -1.11734962e-05 0.29978618 -0.954006433 -1.11734962e-05 0.299779505 -0.95400852 2.48117931e-06 0.299779505 -0.95400852 2.48117931e-06 0.299779505 -0.95400852 2.48117931e-06 0.299763948 -0.954013407 -3.86198808e-05 0.299763948 -0.954013407 -3.86198808e-05 0.299763948 -0.954013407 -3.86198808e-05 0.299786061 -0.954006433 1.18851667e-05 0.299786061 -0.954006433 1.18851667e-05 0.299786061 -0.954006433 1.18851667e-05 0.299781919 -0.954007745 1.54818406e-06 0.299781919 -0.954007745 1.54818406e-06 0.299781919 -0.954007745 1.54818406e-06 0.299781501 -0.954007864 5.18890147e-07 0.299781501 -0.954007864 5.18890147e-07 0.299781501 -0.954007864 5.18890147e-07 0.299780846 -0.954008102 -1.43938303e-06 0.299780846 -0.954008102 -1.43938303e-06 0.299780846 -0.954008102 -1.43938303e-06 0.299780518 -0.954008222 -2.23845859e-06 0.299780518 -0.954008222 -2.23845859e-06 0.299780518 -0.954008222 -2.23845859e-06 0.299780786 -0.954008102 -1.52548046e-06 0.299780786 -0.954008102 -1.52548046e-06 0.299780786 -0.954008102 -1.52548046e-06 0.299781263 -0.954007983 1.00790976e-06 0.299781263 -0.954007983 1.00790976e-06 0.299781263 -0.954007983 1.00790976e-06 0.299781054 -0.954008043 -1.80490599e-06 0.299781054 -0.954008043 -1.80490599e-06 0.299781054 -0.954008043 -1.80490599e-06 0.299781173 -0.954007983 1.06044308e-06 0.299781173 -0.954007983 1.06044308e-06 0.299781173 -0.954007983 1.06044308e-06 0.299781829 -0.954007804 1.24728263e-06 0.299781829 -0.954007804 1.24728263e-06 0.299781829 -0.954007804 1.24728263e-06 0.299780697 -0.954008162 -6.80055962e-07 0.299780697 -0.954008162 -6.80055962e-07 0.299780697 -0.954008162 -6.80055962e-07 0.299781054 -0.954008043 7.99791806e-08 0.299781054 -0.954008043 7.99791806e-08 0.299781054 -0.954008043 7.99791806e-08 0.299781322 -0.954007924 -2.13481007e-06 0.299781322 -0.954007924 -2.13481007e-06 0.299781322 -0.954007924 -2.13481007e-06 0.299781054 -0.954008043 1.34154948e-06 0.299781054 -0.954008043 1.34154948e-06 0.299781054 -0.954008043 1.34154948e-06 0.299782634 -0.954007506 -5.39248904e-05 0.299782634 -0.954007506 -5.39248904e-05 0.299782634 -0.954007506 -5.39248904e-05 0.299781084 -0.954008043 -8.66331362e-09 0.299781084 -0.954008043 -8.66331362e-09 0.299781084 -0.954008043 -8.66331362e-09 0.299781084 -0.954008043 1.03594584e-06 0.299781084 -0.954008043 1.03594584e-06 0.299781084 -0.954008043 1.03594584e-06 0.299781293 -0.954007983 -1.7766157e-06 0.299781293 -0.954007983 -1.7766157e-06 0.299781293 -0.954007983 -1.7766157e-06 0.299771667 -0.954010963 9.04818517e-05 0.299771667 -0.954010963 9.04818517e-05 0.299771667 -0.954010963 9.04818517e-05 0.299780875 -0.954008102 1.0865125e-06 0.299780875 -0.954008102 1.0865125e-06 0.299780875 -0.954008102 1.0865125e-06 0.29978314 -0.954007387 -1.45462973e-05 0.29978314 -0.954007387 -1.45462973e-05 0.29978314 -0.954007387 -1.45462973e-05 0.299781412 -0.954007924 -2.29969737e-06 0.299781412 -0.954007924 -2.29969737e-06 0.299781412 -0.954007924 -2.29969737e-06 0.29978472 -0.954006851 -7.94246898e-06 0.29978472 -0.954006851 -7.94246898e-06 0.29978472 -0.954006851 -7.94246898e-06 0.299774796 -0.95401001 -1.11836525e-05 0.299774796 -0.95401001 -1.11836525e-05 0.299774796 -0.95401001 -1.11836525e-05 0.299780577 -0.954008162 -5.27179736e-07 0.299780577 -0.954008162 -5.27179736e-07 0.299780577 -0.954008162 -5.27179736e-07 0.29978472 -0.95400691 7.94127209e-06 0.29978472 -0.95400691 7.94127209e-06 0.29978472 -0.95400691 7.94127209e-06 0.299781054 -0.954008043 9.30191391e-07 0.299781054 -0.954008043 9.30191391e-07 0.299781054 -0.954008043 9.30191391e-07 0.299781233 -0.954007983 -5.8485341e-07 0.299781233 -0.954007983 -5.8485341e-07 0.299781233 -0.954007983 -5.8485341e-07 0.299780965 -0.954008043 1.13410806e-06 0.299780965 -0.954008043 1.13410806e-06 0.299780965 -0.954008043 1.13410806e-06 0.299781233 -0.954007983 -1.52642644e-06 0.299781233 -0.954007983 -1.52642644e-06 0.299781233 -0.954007983 -1.52642644e-06 0.299780905 -0.954008102 1.37734526e-06 0.299780905 -0.954008102 1.37734526e-06 0.299780905 -0.954008102 1.37734526e-06 0.299781412 -0.954007924 -2.15209366e-06 0.299781412 -0.954007924 -2.15209366e-06 0.299781412 -0.954007924 -2.15209366e-06 0.299781173 -0.954007983 -1.06044308e-06 0.299781173 -0.954007983 -1.06044308e-06 0.299781173 -0.954007983 -1.06044308e-06 0.299781054 -0.954008043 1.80490599e-06 0.299781054 -0.954008043 1.80490599e-06 0.299781054 -0.954008043 1.80490599e-06 0.299781263 -0.954007983 -1.00790976e-06 0.299781263 -0.954007983 -1.00790976e-06 0.299781263 -0.954007983 -1.00790976e-06 0.299779803 -0.9540084 4.63562674e-06 0.299779803 -0.9540084 4.63562674e-06 0.299779803 -0.9540084 4.63562674e-06 0.299782187 -0.954007685 -4.13604539e-06 0.299782187 -0.954007685 -4.13604539e-06 0.299782187 -0.954007685 -4.13604539e-06 0.299763948 -0.954013407 3.85846251e-05 0.299763948 -0.954013407 3.85846251e-05 0.299763948 -0.954013407 3.85846251e-05 0.299786061 -0.954006433 -1.18851667e-05 0.299786061 -0.954006433 -1.18851667e-05 0.299786061 -0.954006433 -1.18851667e-05 0.299774796 -0.95401001 1.11836525e-05 0.299774796 -0.95401001 1.11836525e-05 0.299774796 -0.95401001 1.11836525e-05 0.299781263 -0.954007983 -4.0832856e-07 0.299781263 -0.954007983 -4.0832856e-07 0.299781263 -0.954007983 -4.0832856e-07 0.299781054 -0.954008043 5.03134004e-07 0.299781054 -0.954008043 5.03134004e-07 0.299781054 -0.954008043 5.03134004e-07 0.299781531 -0.954007864 -1.14557713e-06 0.299781531 -0.954007864 -1.14557713e-06 0.299781531 -0.954007864 -1.14557713e-06 0.299781531 -0.954007864 1.14557713e-06 0.299781531 -0.954007864 1.14557713e-06 0.299781531 -0.954007864 1.14557713e-06 0.299781054 -0.954008043 -5.03148954e-07 0.299781054 -0.954008043 -5.03148954e-07 0.299781054 -0.954008043 -5.03148954e-07 0.299781263 -0.954007983 4.08313184e-07 0.299781263 -0.954007983 4.08313184e-07 0.299781263 -0.954007983 4.08313184e-07 0.299780726 -0.954008162 1.6166988e-06 0.299780726 -0.954008162 1.6166988e-06 0.299780726 -0.954008162 1.6166988e-06 0.299781144 -0.954007983 -1.6311462e-07 0.299781144 -0.954007983 -1.6311462e-07 0.299781144 -0.954007983 -1.6311462e-07 0.299781322 -0.954007924 -8.20389801e-07 0.299781322 -0.954007924 -8.20389801e-07 0.299781322 -0.954007924 -8.20389801e-07 0.299781054 -0.954008043 8.36367278e-08 0.299781054 -0.954008043 8.36367278e-08 0.299781054 -0.954008043 8.36367278e-08 0.299782187 -0.954007685 -1.37996233e-06 0.299782187 -0.954007685 -1.37996233e-06 0.299782187 -0.954007685 -1.37996233e-06 0.299780697 -0.954008162 3.05254446e-07 0.299780697 -0.954008162 3.05254446e-07 0.299780697 -0.954008162 3.05254446e-07 0.299781293 -0.954007924 -1.32815467e-06 0.299781293 -0.954007924 -1.32815467e-06 0.299781293 -0.954007924 -1.32815467e-06 0.299780726 -0.954008102 2.36099936e-06 0.299780726 -0.954008102 2.36099936e-06 0.299780726 -0.954008102 2.36099936e-06 0.299780995 -0.954008043 9.52589403e-07 0.299780995 -0.954008043 9.52589403e-07 0.299780995 -0.954008043 9.52589403e-07 0.299780786 -0.954008102 1.52546261e-06 0.299780786 -0.954008102 1.52546261e-06 0.299780786 -0.954008102 1.52546261e-06 0.299780518 -0.954008222 2.23842949e-06 0.299780518 -0.954008222 2.23842949e-06 0.299780518 -0.954008222 2.23842949e-06 0.299780846 -0.954008102 1.4393986e-06 0.299780846 -0.954008102 1.4393986e-06 0.299780846 -0.954008102 1.4393986e-06 0.299781501 -0.954007864 -5.18880483e-07 0.299781501 -0.954007864 -5.18880483e-07 0.299781501 -0.954007864 -5.18880483e-07 0.299781919 -0.954007745 -1.54814632e-06 0.299781919 -0.954007745 -1.54814632e-06 0.299781919 -0.954007745 -1.54814632e-06 0.299782872 -0.954007447 3.4432378e-06 0.299782872 -0.954007447 3.4432378e-06 0.299782872 -0.954007447 3.4432378e-06 0.299779773 -0.95400846 -2.41378893e-06 0.299779773 -0.95400846 -2.41378893e-06 0.299779773 -0.95400846 -2.41378893e-06 0.299780399 -0.954008222 -1.14473016e-06 0.299780399 -0.954008222 -1.14473016e-06 0.299780399 -0.954008222 -1.14473016e-06 0.299780995 -0.954008043 1.05207945e-07 0.299780995 -0.954008043 1.05207945e-07 0.299780995 -0.954008043 1.05207945e-07 0.299781233 -0.954007983 6.30518343e-07 0.299781233 -0.954007983 6.30518343e-07 0.299781233 -0.954007983 6.30518343e-07 0.299779654 -0.95400846 -1.84689088e-06 0.299779654 -0.95400846 -1.84689088e-06 0.299779654 -0.95400846 -1.84689088e-06 0.299782366 -0.954007626 1.90924175e-06 0.299782366 -0.954007626 1.90924175e-06 0.299782366 -0.954007626 1.90924175e-06 0.299778402 -0.954008877 -3.83952056e-06 0.299778402 -0.954008877 -3.83952056e-06 0.299778402 -0.954008877 -3.83952056e-06 0.299782932 -0.954007447 3.0793326e-06 0.299782932 -0.954007447 3.0793326e-06 0.299782932 -0.954007447 3.0793326e-06 0.299780816 -0.954008102 -3.37682394e-07 0.299780816 -0.954008102 -3.37682394e-07 0.299780816 -0.954008102 -3.37682394e-07 0.299779862 -0.9540084 -1.92449988e-06 0.299779862 -0.9540084 -1.92449988e-06 0.299779862 -0.9540084 -1.92449988e-06 0.299781144 -0.954007983 3.74034607e-06 0.299781144 -0.954007983 3.74034607e-06 0.299781144 -0.954007983 3.74034607e-06 0.299781054 -0.954008043 -6.77484695e-06 0.299781054 -0.954008043 -6.77484695e-06 0.299781054 -0.954008043 -6.77484695e-06 0.299781084 -0.954008043 1.23566576e-06 0.299781084 -0.954008043 1.23566576e-06 0.299781084 -0.954008043 1.23566576e-06 0.299782425 -0.954007626 -1.8755065e-05 0.299782425 -0.954007626 -1.8755065e-05 0.299782425 -0.954007626 -1.8755065e-05 0.299780726 -0.954008162 5.81109043e-06 0.299780726 -0.954008162 5.81109043e-06 0.299780726 -0.954008162 5.81109043e-06 0.299780965 -0.954008043 -1.13415626e-06 0.299780965 -0.954008043 -1.13415626e-06 0.299780965 -0.954008043 -1.13415626e-06 0.299781233 -0.954007983 5.84819986e-07 0.299781233 -0.954007983 5.84819986e-07 0.299781233 -0.954007983 5.84819986e-07 0.299781054 -0.954008043 -9.30191391e-07 0.299781054 -0.954008043 -9.30191391e-07 0.299781054 -0.954008043 -9.30191391e-07 0.299781322 -0.954007924 2.13481007e-06 0.299781322 -0.954007924 2.13481007e-06 0.299781322 -0.954007924 2.13481007e-06 0.299780726 -0.954008162 -5.81109043e-06 0.299780726 -0.954008162 -5.81109043e-06 0.299780726 -0.954008162 -5.81109043e-06 0.299781084 -0.954008043 -5.21244203e-07 0.299781084 -0.954008043 -5.21244203e-07 0.299781084 -0.954008043 -5.21244203e-07 0.299781322 -0.954007924 -1.32184196e-05 0.299781322 -0.954007924 -1.32184196e-05 0.299781322 -0.954007924 -1.32184196e-05 0.299781084 -0.954008043 -3.17347315e-07 0.299781084 -0.954008043 -3.17347315e-07 0.299781084 -0.954008043 -3.17347315e-07 0.299781054 -0.954008043 6.77484695e-06 0.299781054 -0.954008043 6.77484695e-06 0.299781054 -0.954008043 6.77484695e-06 0.299781144 -0.954007983 -3.73993248e-06 0.299781144 -0.954007983 -3.73993248e-06 0.299781144 -0.954007983 -3.73993248e-06 0.299781084 -0.954008043 6.39926895e-07 0.299781084 -0.954008043 6.39926895e-07 0.299781084 -0.954008043 6.39926895e-07 0.299781084 -0.954008043 3.3355891e-06 0.299781084 -0.954008043 3.3355891e-06 0.299781084 -0.954008043 3.3355891e-06 0.299781084 -0.954008043 -7.73830436e-07 0.299781084 -0.954008043 -7.73830436e-07 0.299781084 -0.954008043 -7.73830436e-07 0.299780458 -0.954008222 8.33089598e-06 0.299780458 -0.954008222 8.33089598e-06 0.299780458 -0.954008222 8.33089598e-06 0.299781084 -0.954008043 -7.14196631e-08 0.299781084 -0.954008043 -7.14196631e-08 0.299781084 -0.954008043 -7.14196631e-08 0.29978314 -0.954007387 3.03652632e-06 0.29978314 -0.954007387 3.03652632e-06 0.29978314 -0.954007387 3.03652632e-06 0.299779117 -0.954008639 -2.68899612e-06 0.299779117 -0.954008639 -2.68899612e-06 0.299779117 -0.954008639 -2.68899612e-06 0.299781024 -0.954008043 1.36361137e-07 0.299781024 -0.954008043 1.36361137e-07 0.299781024 -0.954008043 1.36361137e-07 0.29978472 -0.954006851 4.66860001e-06 0.29978472 -0.954006851 4.66860001e-06 0.29978472 -0.954006851 4.66860001e-06 0.299780488 -0.954008222 -7.38213032e-07 0.299780488 -0.954008222 -7.38213032e-07 0.299780488 -0.954008222 -7.38213032e-07 0.299781114 -0.954007983 -4.29723059e-07 0.299781114 -0.954007983 -4.29723059e-07 0.299781114 -0.954007983 -4.29723059e-07 0.299781114 -0.954007983 -4.53510239e-07 0.299781114 -0.954007983 -4.53510239e-07 0.299781114 -0.954007983 -4.53510239e-07 0.299781024 -0.954008043 2.86394038e-06 0.299781024 -0.954008043 2.86394038e-06 0.299781024 -0.954008043 2.86394038e-06 0.299781084 -0.954008043 -1.45576246e-06 0.299781084 -0.954008043 -1.45576246e-06 0.299781084 -0.954008043 -1.45576246e-06 0.299782574 -0.954007566 -5.24020288e-05 0.299782574 -0.954007566 -5.24020288e-05 0.299782574 -0.954007566 -5.24020288e-05 0.299781054 -0.954008043 1.19085269e-06 0.299781054 -0.954008043 1.19085269e-06 0.299781054 -0.954008043 1.19085269e-06 0.299781054 -0.954008043 9.92011906e-07 0.299781054 -0.954008043 9.92011906e-07 0.299781054 -0.954008043 9.92011906e-07 0.299780607 -0.954008162 -7.82220923e-07 0.299780607 -0.954008162 -7.82220923e-07 0.299780607 -0.954008162 -7.82220923e-07 0.299781233 -0.954007983 4.11429255e-07 0.299781233 -0.954007983 4.11429255e-07 0.299781233 -0.954007983 4.11429255e-07 0.299781024 -0.954008043 -6.28666683e-08 0.299781024 -0.954008043 -6.28666683e-08 0.299781024 -0.954008043 -6.28666683e-08 0.299780667 -0.954008162 -8.65986465e-07 0.299780667 -0.954008162 -8.65986465e-07 0.299780667 -0.954008162 -8.65986465e-07 0.299781322 -0.954007924 9.46052182e-07 0.299781322 -0.954007924 9.46052182e-07 0.299781322 -0.954007924 9.46052182e-07 0.299780816 -0.954008102 -3.64797387e-07 0.299780816 -0.954008102 -3.64797387e-07 0.299780816 -0.954008102 -3.64797387e-07 0.299781054 -0.954008043 -7.99791806e-08 0.299781054 -0.954008043 -7.99791806e-08 0.299781054 -0.954008043 -7.99791806e-08 0.299780697 -0.954008162 6.80055962e-07 0.299780697 -0.954008162 6.80055962e-07 0.299780697 -0.954008162 6.80055962e-07 0.299783111 -0.954007387 -3.42457315e-06 0.299783111 -0.954007387 -3.42457315e-06 0.299783111 -0.954007387 -3.42457315e-06 0.299781859 -0.954007804 -1.2239384e-06 0.299781859 -0.954007804 -1.2239384e-06 0.299781859 -0.954007804 -1.2239384e-06 0.299779117 -0.954008639 2.68899612e-06 0.299779117 -0.954008639 2.68899612e-06 0.299779117 -0.954008639 2.68899612e-06 0.299780816 -0.954008102 3.64797387e-07 0.299780816 -0.954008102 3.64797387e-07 0.299780816 -0.954008102 3.64797387e-07 0.299781293 -0.954007983 -4.81748316e-07 0.299781293 -0.954007983 -4.81748316e-07 0.299781293 -0.954007983 -4.81748316e-07 0.299780607 -0.954008162 5.90604202e-07 0.299780607 -0.954008162 5.90604202e-07 0.299780607 -0.954008162 5.90604202e-07 0.299777389 -0.954009175 -6.81280653e-06 0.299777389 -0.954009175 -6.81280653e-06 0.299777389 -0.954009175 -6.81280653e-06 0.299781442 -0.954007924 8.27354711e-07 0.299781442 -0.954007924 8.27354711e-07 0.299781442 -0.954007924 8.27354711e-07 0.299784571 -0.95400691 -5.39865323e-06 0.299784571 -0.95400691 -5.39865323e-06 0.299784571 -0.95400691 -5.39865323e-06 0.299781114 -0.954007983 -7.05167764e-08 0.299781114 -0.954007983 -7.05167764e-08 0.299781114 -0.954007983 -7.05167764e-08 0.299780488 -0.954008222 7.38214851e-07 0.299780488 -0.954008222 7.38214851e-07 0.299780488 -0.954008222 7.38214851e-07 0.299781144 -0.954007983 -1.25158294e-07 0.299781144 -0.954007983 -1.25158294e-07 0.299781144 -0.954007983 -1.25158294e-07 0.299781144 -0.954007983 -1.21247623e-07 0.299781144 -0.954007983 -1.21247623e-07 0.299781144 -0.954007983 -1.21247623e-07 0.299781024 -0.954008043 0 0.299781024 -0.954008043 0 0.299781024 -0.954008043 0 0.299781144 -0.954007983 1.21247623e-07 0.299781144 -0.954007983 1.21247623e-07 0.299781144 -0.954007983 1.21247623e-07 0.299781144 -0.954007983 1.25158294e-07 0.299781144 -0.954007983 1.25158294e-07 0.299781144 -0.954007983 1.25158294e-07 0.299780607 -0.954008162 -5.90604202e-07 0.299780607 -0.954008162 -5.90604202e-07 0.299780607 -0.954008162 -5.90604202e-07 0.299783915 -0.954007149 5.74249589e-06 0.299783915 -0.954007149 5.74249589e-06 0.299783915 -0.954007149 5.74249589e-06 0.299780518 -0.954008222 -1.41243106e-06 0.299780518 -0.954008222 -1.41243106e-06 0.299780518 -0.954008222 -1.41243106e-06 0.29978016 -0.954008281 -2.1998992e-06 0.29978016 -0.954008281 -2.1998992e-06 0.29978016 -0.954008281 -2.1998992e-06 0.299781293 -0.954007983 4.81748316e-07 0.299781293 -0.954007983 4.81748316e-07 0.299781293 -0.954007983 4.81748316e-07 0.299781054 -0.954008043 1.57667746e-08 0.299781054 -0.954008043 1.57667746e-08 0.299781054 -0.954008043 1.57667746e-08 0.299781561 -0.954007864 1.18764387e-06 0.299781561 -0.954007864 1.18764387e-06 0.299781561 -0.954007864 1.18764387e-06 0.299781293 -0.954007983 6.02672685e-07 0.299781293 -0.954007983 6.02672685e-07 0.299781293 -0.954007983 6.02672685e-07 0.299779713 -0.95400846 -3.65701021e-06 0.299779713 -0.95400846 -3.65701021e-06 0.299779713 -0.95400846 -3.65701021e-06 0.299782097 -0.954007685 2.43923796e-06 0.299782097 -0.954007685 2.43923796e-06 0.299782097 -0.954007685 2.43923796e-06 0.299781352 -0.954007924 2.57525386e-07 0.299781352 -0.954007924 2.57525386e-07 0.299781352 -0.954007924 2.57525386e-07 0.299780726 -0.954008102 -7.75781757e-07 0.299780726 -0.954008102 -7.75781757e-07 0.299780726 -0.954008102 -7.75781757e-07 0.299781114 -0.954007983 1.50161039e-08 0.299781114 -0.954007983 1.50161039e-08 0.299781114 -0.954007983 1.50161039e-08 0.299778402 -0.954008877 3.83952056e-06 0.299778402 -0.954008877 3.83952056e-06 0.299778402 -0.954008877 3.83952056e-06 0.299782366 -0.954007626 -1.90924175e-06 0.299782366 -0.954007626 -1.90924175e-06 0.299782366 -0.954007626 -1.90924175e-06 0.299779654 -0.95400846 1.84703697e-06 0.299779654 -0.95400846 1.84703697e-06 0.299779654 -0.95400846 1.84703697e-06 0.299781322 -0.954007924 -9.46052182e-07 0.299781322 -0.954007924 -9.46052182e-07 0.299781322 -0.954007924 -9.46052182e-07 0.299780667 -0.954008162 8.65986465e-07 0.299780667 -0.954008162 8.65986465e-07 0.299780667 -0.954008162 8.65986465e-07 0.299781024 -0.954008043 6.28666683e-08 0.299781024 -0.954008043 6.28666683e-08 0.299781024 -0.954008043 6.28666683e-08 0.299781233 -0.954007983 -4.11429255e-07 0.299781233 -0.954007983 -4.11429255e-07 0.299781233 -0.954007983 -4.11429255e-07 0.299780607 -0.954008162 7.82220923e-07 0.299780607 -0.954008162 7.82220923e-07 0.299780607 -0.954008162 7.82220923e-07 0.299782872 -0.954007447 -3.4432378e-06 0.299782872 -0.954007447 -3.4432378e-06 0.299782872 -0.954007447 -3.4432378e-06 0.299779773 -0.95400846 2.41378893e-06 0.299779773 -0.95400846 2.41378893e-06 0.299779773 -0.95400846 2.41378893e-06 0.299781114 -0.954007983 -1.50161039e-08 0.299781114 -0.954007983 -1.50161039e-08 0.299781114 -0.954007983 -1.50161039e-08 0.299780726 -0.954008102 7.75781757e-07 0.299780726 -0.954008102 7.75781757e-07 0.299780726 -0.954008102 7.75781757e-07 0.299778581 -0.954008818 4.43219687e-06 0.299778581 -0.954008818 4.43219687e-06 0.299778581 -0.954008818 4.43219687e-06 0.299781293 -0.954007983 -3.07807511e-07 0.299781293 -0.954007983 -3.07807511e-07 0.299781293 -0.954007983 -3.07807511e-07 0.299779862 -0.9540084 1.92464472e-06 0.299779862 -0.9540084 1.92464472e-06 0.299779862 -0.9540084 1.92464472e-06 0.299780816 -0.954008102 3.37657468e-07 0.299780816 -0.954008102 3.37657468e-07 0.299780816 -0.954008102 3.37657468e-07 0.299782932 -0.954007447 -3.0793326e-06 0.299782932 -0.954007447 -3.0793326e-06 0.299782932 -0.954007447 -3.0793326e-06 0.299781233 -0.954007983 -6.30518343e-07 0.299781233 -0.954007983 -6.30518343e-07 0.299781233 -0.954007983 -6.30518343e-07 0.299780995 -0.954008043 -1.05207945e-07 0.299780995 -0.954008043 -1.05207945e-07 0.299780995 -0.954008043 -1.05207945e-07 0.299780399 -0.954008222 1.14473016e-06 0.299780399 -0.954008222 1.14473016e-06 0.299780399 -0.954008222 1.14473016e-06 0.299781054 -0.954008043 -1.57667746e-08 0.299781054 -0.954008043 -1.57667746e-08 0.299781054 -0.954008043 -1.57667746e-08 0.299781561 -0.954007864 -1.18764387e-06 0.299781561 -0.954007864 -1.18764387e-06 0.299781561 -0.954007864 -1.18764387e-06 0.299779326 -0.954008579 3.60271383e-06 0.299779326 -0.954008579 3.60271383e-06 0.299779326 -0.954008579 3.60271383e-06 0.299783468 -0.954007268 -3.69718691e-06 0.299783468 -0.954007268 -3.69718691e-06 0.299783468 -0.954007268 -3.69718691e-06 0.299782276 -0.954007626 -2.39999326e-06 0.299782276 -0.954007626 -2.39999326e-06 0.299782276 -0.954007626 -2.39999326e-06 0.299779922 -0.9540084 2.12039072e-06 0.299779922 -0.9540084 2.12039072e-06 0.299779922 -0.9540084 2.12039072e-06 0.299780369 -0.954008222 1.34139657e-06 0.299780369 -0.954008222 1.34139657e-06 0.299780369 -0.954008222 1.34139657e-06 0.299778551 -0.954008818 -3.59637056e-06 0.299778551 -0.954008818 -3.59637056e-06 0.299778551 -0.954008818 -3.59637056e-06 0.299782455 -0.954007566 1.98431826e-06 0.299782455 -0.954007566 1.98431826e-06 0.299782455 -0.954007566 1.98431826e-06 0.299780667 -0.954008162 -6.75619901e-07 0.299780667 -0.954008162 -6.75619901e-07 0.299780667 -0.954008162 -6.75619901e-07 0.299777627 -0.954009116 -4.38219467e-06 0.299777627 -0.954009116 -4.38219467e-06 0.299777627 -0.954009116 -4.38219467e-06 0.299784958 -0.954006791 4.93317702e-06 0.299784958 -0.954006791 4.93317702e-06 0.299784958 -0.954006791 4.93317702e-06 0.299778283 -0.954008877 -3.93124583e-06 0.299778283 -0.954008877 -3.93124583e-06 0.299778283 -0.954008877 -3.93124583e-06 0.299778938 -0.954008698 -2.99150838e-06 0.299778938 -0.954008698 -2.99150838e-06 0.299778938 -0.954008698 -2.99150838e-06 0.299785376 -0.954006672 6.35979222e-06 0.299785376 -0.954006672 6.35979222e-06 0.299785376 -0.954006672 6.35979222e-06 0.299780011 -0.954008341 -1.83806696e-06 0.299780011 -0.954008341 -1.83806696e-06 0.299780011 -0.954008341 -1.83806696e-06 0.299783468 -0.954007268 3.69691406e-06 0.299783468 -0.954007268 3.69691406e-06 0.299783468 -0.954007268 3.69691406e-06 0.29978013 -0.954008341 -1.93234996e-06 0.29978013 -0.954008341 -1.93234996e-06 0.29978013 -0.954008341 -1.93234996e-06 0.299780011 -0.954008341 1.83806696e-06 0.299780011 -0.954008341 1.83806696e-06 0.299780011 -0.954008341 1.83806696e-06 0.299785376 -0.954006672 -6.35979222e-06 0.299785376 -0.954006672 -6.35979222e-06 0.299785376 -0.954006672 -6.35979222e-06 0.299778938 -0.954008698 2.99150838e-06 0.299778938 -0.954008698 2.99150838e-06 0.299778938 -0.954008698 2.99150838e-06 0.299778283 -0.954008877 3.93093524e-06 0.299778283 -0.954008877 3.93093524e-06 0.299778283 -0.954008877 3.93093524e-06 0.299784958 -0.954006791 -4.93316475e-06 0.299784958 -0.954006791 -4.93316475e-06 0.299784958 -0.954006791 -4.93316475e-06 0.299780577 -0.954008162 6.21764968e-07 0.299780577 -0.954008162 6.21764968e-07 0.299780577 -0.954008162 6.21764968e-07 0.299777746 -0.954009056 4.98007876e-06 0.299777746 -0.954009056 4.98007876e-06 0.299777746 -0.954009056 4.98007876e-06 0.299782455 -0.954007566 -1.98431826e-06 0.299782455 -0.954007566 -1.98431826e-06 0.299782455 -0.954007566 -1.98431826e-06 0.299784333 -0.95400697 -5.51290168e-06 0.299784333 -0.95400697 -5.51290168e-06 0.299784333 -0.95400697 -5.51290168e-06 0.299781471 -0.954007924 -8.14743032e-07 0.299781471 -0.954007924 -8.14743032e-07 0.299781471 -0.954007924 -8.14743032e-07 0.299781322 -0.954007924 -5.85831344e-07 0.299781322 -0.954007924 -5.85831344e-07 0.299781322 -0.954007924 -5.85831344e-07 0.299777389 -0.954009175 6.81280653e-06 0.299777389 -0.954009175 6.81280653e-06 0.299777389 -0.954009175 6.81280653e-06 0.29978013 -0.954008341 1.93220467e-06 0.29978013 -0.954008341 1.93220467e-06 0.29978013 -0.954008341 1.93220467e-06 0 0 1 0 0 1 0 0 1 -0 0 1 -0 0 1 -0 0 1 -0.637697518 -0.200385809 0.743765652 -0.637697518 -0.200385809 0.743765652 -0.637697518 -0.200385809 0.743765652 -0.637697518 -0.200385809 0.743765652 -0.637697518 -0.200385809 0.743765652 -0.637697518 -0.200385809 0.743765652 -0.574322045 -0.180471122 0.798488796 -0.574322045 -0.180471122 0.798488796 -0.574322045 -0.180471122 0.798488796 -0.574321866 -0.180471078 0.798488915 -0.574321866 -0.180471078 0.798488915 -0.574321866 -0.180471078 0.798488915 -0.506640613 -0.159203365 0.847330868 -0.506640613 -0.159203365 0.847330868 -0.506640613 -0.159203365 0.847330868 -0.506640792 -0.15920341 0.847330749 -0.506640792 -0.15920341 0.847330749 -0.506640792 -0.15920341 0.847330749 -0.435235828 -0.136765599 0.889867961 -0.435235828 -0.136765599 0.889867961 -0.435235828 -0.136765599 0.889867961 -0.435235679 -0.136765555 0.889868021 -0.435235679 -0.136765555 0.889868021 -0.435235679 -0.136765555 0.889868021 -0.360572696 -0.113303959 0.925823689 -0.360572696 -0.113303959 0.925823689 -0.360572696 -0.113303959 0.925823689 -0.360572845 -0.113303997 0.925823629 -0.360572845 -0.113303997 0.925823629 -0.360572845 -0.113303997 0.925823629 -0.283265173 -0.0890113488 0.954901993 -0.283265173 -0.0890113488 0.954901993 -0.283265173 -0.0890113488 0.954901993 -0.283265173 -0.0890113488 0.954901993 -0.283265173 -0.0890113488 0.954901993 -0.283265173 -0.0890113488 0.954901993 -0.203852728 -0.0640573204 0.976903617 -0.203852728 -0.0640573204 0.976903617 -0.203852728 -0.0640573204 0.976903617 -0.203852654 -0.064057298 0.976903677 -0.203852654 -0.064057298 0.976903677 -0.203852654 -0.064057298 0.976903677 -0.122914255 -0.0386237539 0.991665423 -0.122914255 -0.0386237539 0.991665423 -0.122914255 -0.0386237539 0.991665423 -0.122914299 -0.0386237688 0.991665423 -0.122914299 -0.0386237688 0.991665423 -0.122914299 -0.0386237688 0.991665423 -0.0410678908 -0.0129048992 0.999073029 -0.0410678908 -0.0129048992 0.999073029 -0.0410678908 -0.0129048992 0.999073029 -0.0410678908 -0.0129048992 0.999073029 -0.0410678908 -0.0129048992 0.999073029 -0.0410678908 -0.0129048992 0.999073029 0.299780875 -0.954008102 -3.31992482e-07 0.299780875 -0.954008102 -3.31992482e-07 0.299780875 -0.954008102 -3.31992482e-07 0.299766332 -0.954012632 -3.19662322e-05 0.299766332 -0.954012632 -3.19662322e-05 0.299766332 -0.954012632 -3.19662322e-05 0.299781591 -0.954007864 1.01973558e-06 0.299781591 -0.954007864 1.01973558e-06 0.299781591 -0.954007864 1.01973558e-06 0.299780697 -0.954008162 -1.13620854e-06 0.299780697 -0.954008162 -1.13620854e-06 0.299780697 -0.954008162 -1.13620854e-06 0.299780935 -0.954008043 -4.8639464e-07 0.299780935 -0.954008043 -4.8639464e-07 0.299780935 -0.954008043 -4.8639464e-07 0.299784064 -0.954007089 9.73068563e-06 0.299784064 -0.954007089 9.73068563e-06 0.299784064 -0.954007089 9.73068563e-06 0.299780637 -0.954008162 -9.03680188e-07 0.299780637 -0.954008162 -9.03680188e-07 0.299780637 -0.954008162 -9.03680188e-07 0.299780071 -0.954008341 -1.56312899e-06 0.299780071 -0.954008341 -1.56312899e-06 0.299780071 -0.954008341 -1.56312899e-06 0.299782306 -0.954007626 1.61879279e-06 0.299782306 -0.954007626 1.61879279e-06 0.299782306 -0.954007626 1.61879279e-06 0.299780339 -0.954008281 -7.73740339e-07 0.299780339 -0.954008281 -7.73740339e-07 0.299780339 -0.954008281 -7.73740339e-07 0.299781621 -0.954007864 6.84539202e-07 0.299781621 -0.954007864 6.84539202e-07 0.299781621 -0.954007864 6.84539202e-07 0.299781501 -0.954007864 5.01029888e-07 0.299781501 -0.954007864 5.01029888e-07 0.299781501 -0.954007864 5.01029888e-07 0.299781471 -0.954007924 4.59483232e-07 0.299781471 -0.954007924 4.59483232e-07 0.299781471 -0.954007924 4.59483232e-07 0.299781412 -0.954007924 4.01582355e-07 0.299781412 -0.954007924 4.01582355e-07 0.299781412 -0.954007924 4.01582355e-07 0.299789816 -0.954005301 1.67760772e-05 0.299789816 -0.954005301 1.67760772e-05 0.299789816 -0.954005301 1.67760772e-05 0.299798787 -0.95400244 3.38931786e-05 0.299798787 -0.95400244 3.38931786e-05 0.299798787 -0.95400244 3.38931786e-05 0.299769282 -0.954011738 -2.28180052e-05 0.299769282 -0.954011738 -2.28180052e-05 0.299769282 -0.954011738 -2.28180052e-05 0.299780786 -0.954008102 -7.36027005e-07 0.299780786 -0.954008102 -7.36027005e-07 0.299780786 -0.954008102 -7.36027005e-07 0.29978019 -0.954008281 -2.02391493e-06 0.29978019 -0.954008281 -2.02391493e-06 0.29978019 -0.954008281 -2.02391493e-06 0.299772412 -0.954010725 -2.11807492e-05 0.299772412 -0.954010725 -2.11807492e-05 0.299772412 -0.954010725 -2.11807492e-05 0.299782604 -0.954007566 -9.42344911e-07 0.299782604 -0.954007566 -9.42344911e-07 0.299782604 -0.954007566 -9.42344911e-07 0.299779624 -0.95400846 1.02218462e-06 0.299779624 -0.95400846 1.02218462e-06 0.299779624 -0.95400846 1.02218462e-06 0.299777776 -0.954009056 1.52457335e-06 0.299777776 -0.954009056 1.52457335e-06 0.299777776 -0.954009056 1.52457335e-06 0.299781412 -0.954007924 -4.27891308e-07 0.299781412 -0.954007924 -4.27891308e-07 0.299781412 -0.954007924 -4.27891308e-07 0.299780875 -0.954008102 -3.32660818e-07 0.299780875 -0.954008102 -3.32660818e-07 0.299780875 -0.954008102 -3.32660818e-07 0.299782723 -0.954007506 -1.13143972e-06 0.299782723 -0.954007506 -1.13143972e-06 0.299782723 -0.954007506 -1.13143972e-06 0.299782395 -0.954007626 -1.10166332e-06 0.299782395 -0.954007626 -1.10166332e-06 0.299782395 -0.954007626 -1.10166332e-06 0.299779058 -0.954008639 -0 0.299779058 -0.954008639 -0 0.299779058 -0.954008639 -0 0.299782455 -0.954007566 0 0.299782455 -0.954007566 0 0.299782455 -0.954007566 0 0.29978177 -0.954007804 1.54451456e-07 0.29978177 -0.954007804 1.54451456e-07 0.29978177 -0.954007804 1.54451456e-07 0.299780905 -0.954008102 7.59353114e-08 0.299780905 -0.954008102 7.59353114e-08 0.299780905 -0.954008102 7.59353114e-08 0.299781501 -0.954007864 -6.3432406e-09 0.299781501 -0.954007864 -6.3432406e-09 0.299781501 -0.954007864 -6.3432406e-09 0.299779475 -0.95400852 -3.72004365e-07 0.299779475 -0.95400852 -3.72004365e-07 0.299779475 -0.95400852 -3.72004365e-07 0.29978019 -0.954008281 -4.07189162e-07 0.29978019 -0.954008281 -4.07189162e-07 0.29978019 -0.954008281 -4.07189162e-07 0.299782783 -0.954007506 3.09012393e-07 0.299782783 -0.954007506 3.09012393e-07 0.299782783 -0.954007506 3.09012393e-07 0.299780667 -0.954008162 2.25121269e-07 0.299780667 -0.954008162 2.25121269e-07 0.299780667 -0.954008162 2.25121269e-07 0.299779594 -0.95400852 -1.80951574e-07 0.299779594 -0.95400852 -1.80951574e-07 0.299779594 -0.95400852 -1.80951574e-07 0.299781471 -0.954007924 6.3971342e-08 0.299781471 -0.954007924 6.3971342e-08 0.299781471 -0.954007924 6.3971342e-08 0.299780816 -0.954008102 -2.48530682e-07 0.299780816 -0.954008102 -2.48530682e-07 0.299780816 -0.954008102 -2.48530682e-07 0.299781114 -0.954007983 -1.80335121e-07 0.299781114 -0.954007983 -1.80335121e-07 0.299781114 -0.954007983 -1.80335121e-07 0.299782515 -0.954007566 6.39683662e-07 0.299782515 -0.954007566 6.39683662e-07 0.299782515 -0.954007566 6.39683662e-07 0.299780369 -0.954008222 -3.73076006e-08 0.299780369 -0.954008222 -3.73076006e-08 0.299780369 -0.954008222 -3.73076006e-08 0.299780816 -0.954008102 2.74015463e-07 0.299780816 -0.954008102 2.74015463e-07 0.299780816 -0.954008102 2.74015463e-07 0.299782097 -0.954007685 8.06071398e-07 0.299782097 -0.954007685 8.06071398e-07 0.299782097 -0.954007685 8.06071398e-07 0.299780548 -0.954008162 -5.11649205e-07 0.299780548 -0.954008162 -5.11649205e-07 0.299780548 -0.954008162 -5.11649205e-07 0.299780667 -0.954008162 -4.50594371e-07 0.299780667 -0.954008162 -4.50594371e-07 0.299780667 -0.954008162 -4.50594371e-07 0.299781352 -0.954007924 2.4027176e-07 0.299781352 -0.954007924 2.4027176e-07 0.299781352 -0.954007924 2.4027176e-07 0.299780339 -0.954008281 -4.05613349e-07 0.299780339 -0.954008281 -4.05613349e-07 0.299780339 -0.954008281 -4.05613349e-07 0.299782008 -0.954007745 1.13278952e-06 0.299782008 -0.954007745 1.13278952e-06 0.299782008 -0.954007745 1.13278952e-06 0.299781352 -0.954007924 1.0031323e-06 0.299781352 -0.954007924 1.0031323e-06 0.299781352 -0.954007924 1.0031323e-06 0.299780726 -0.954008162 -1.50675282e-06 0.299780726 -0.954008162 -1.50675282e-06 0.299780726 -0.954008162 -1.50675282e-06 0.299780756 -0.954008102 -2.3227642e-06 0.299780756 -0.954008102 -2.3227642e-06 0.299780756 -0.954008102 -2.3227642e-06 0.299781352 -0.954007924 1.33512947e-06 0.299781352 -0.954007924 1.33512947e-06 0.299781352 -0.954007924 1.33512947e-06 0.299781203 -0.954007983 2.33659898e-06 0.299781203 -0.954007983 2.33659898e-06 0.299781203 -0.954007983 2.33659898e-06 0.299780965 -0.954008043 -8.92187018e-07 0.299780965 -0.954008043 -8.92187018e-07 0.299780965 -0.954008043 -8.92187018e-07 0.299780905 -0.954008102 -5.8629962e-07 0.299780905 -0.954008102 -5.8629962e-07 0.299780905 -0.954008102 -5.8629962e-07 0.299780875 -0.954008102 9.02720046e-07 0.299780875 -0.954008102 9.02720046e-07 0.299780875 -0.954008102 9.02720046e-07 0.29978165 -0.954007864 -1.53332167e-06 0.29978165 -0.954007864 -1.53332167e-06 0.29978165 -0.954007864 -1.53332167e-06 0.299781621 -0.954007864 -1.27511657e-06 0.299781621 -0.954007864 -1.27511657e-06 0.299781621 -0.954007864 -1.27511657e-06 0.299780965 -0.954008043 3.0741046e-07 0.299780965 -0.954008043 3.0741046e-07 0.299780965 -0.954008043 3.0741046e-07 0.299780875 -0.954008102 8.12556038e-07 0.299780875 -0.954008102 8.12556038e-07 0.299780875 -0.954008102 8.12556038e-07 0.299780488 -0.954008222 1.62418291e-06 0.299780488 -0.954008222 1.62418291e-06 0.299780488 -0.954008222 1.62418291e-06 0.299781084 -0.954008043 -6.73454736e-07 0.299781084 -0.954008043 -6.73454736e-07 0.299781084 -0.954008043 -6.73454736e-07 0.29978171 -0.954007804 -1.68525366e-06 0.29978171 -0.954007804 -1.68525366e-06 0.29978171 -0.954007804 -1.68525366e-06 0.299781263 -0.954007983 -4.14794812e-07 0.299781263 -0.954007983 -4.14794812e-07 0.299781263 -0.954007983 -4.14794812e-07 0.299779773 -0.95400846 1.56988494e-06 0.299779773 -0.95400846 1.56988494e-06 0.299779773 -0.95400846 1.56988494e-06 0.299780309 -0.954008281 4.07145421e-07 0.299780309 -0.954008281 4.07145421e-07 0.299780309 -0.954008281 4.07145421e-07 0.299780905 -0.954008102 -2.45611176e-07 0.299780905 -0.954008102 -2.45611176e-07 0.299780905 -0.954008102 -2.45611176e-07 0.29978019 -0.954008281 9.93299523e-07 0.29978019 -0.954008281 9.93299523e-07 0.29978019 -0.954008281 9.93299523e-07 0.29978326 -0.954007328 -1.89308309e-06 0.29978326 -0.954007328 -1.89308309e-06 0.29978326 -0.954007328 -1.89308309e-06 0.299782157 -0.954007685 -2.67554014e-07 0.299782157 -0.954007685 -2.67554014e-07 0.299782157 -0.954007685 -2.67554014e-07 0.299779505 -0.95400852 1.79597862e-06 0.299779505 -0.95400852 1.79597862e-06 0.299779505 -0.95400852 1.79597862e-06 0.299780816 -0.954008102 2.00220967e-07 0.299780816 -0.954008102 2.00220967e-07 0.299780816 -0.954008102 2.00220967e-07 0.299782395 -0.954007626 -8.24128904e-07 0.299782395 -0.954007626 -8.24128904e-07 0.299782395 -0.954007626 -8.24128904e-07 0.299781531 -0.954007864 6.74028016e-08 0.299781531 -0.954007864 6.74028016e-08 0.299781531 -0.954007864 6.74028016e-08 0.299780548 -0.954008162 5.87498221e-07 0.299780548 -0.954008162 5.87498221e-07 0.299780548 -0.954008162 5.87498221e-07 0.29978177 -0.954007804 -4.59392112e-07 0.29978177 -0.954007804 -4.59392112e-07 0.29978177 -0.954007804 -4.59392112e-07 0.29978168 -0.954007864 -4.14450938e-07 0.29978168 -0.954007864 -4.14450938e-07 0.29978168 -0.954007864 -4.14450938e-07 0.29978016 -0.954008281 6.42698069e-07 0.29978016 -0.954008281 6.42698069e-07 0.29978016 -0.954008281 6.42698069e-07 0.29977861 -0.954008818 1.12938847e-06 0.29977861 -0.954008818 1.12938847e-06 0.29977861 -0.954008818 1.12938847e-06 0.299780875 -0.954008102 -1.79526353e-07 0.299780875 -0.954008102 -1.79526353e-07 0.299780875 -0.954008102 -1.79526353e-07 0.299784601 -0.95400691 -9.77237733e-07 0.299784601 -0.95400691 -9.77237733e-07 0.299784601 -0.95400691 -9.77237733e-07 0.299782991 -0.954007447 -2.31467396e-07 0.299782991 -0.954007447 -2.31467396e-07 0.299782991 -0.954007447 -2.31467396e-07 0.299778372 -0.954008877 3.1599896e-07 0.299778372 -0.954008877 3.1599896e-07 0.299778372 -0.954008877 3.1599896e-07 0.29978022 -0.954008281 -3.38619941e-07 0.29978022 -0.954008281 -3.38619941e-07 0.29978022 -0.954008281 -3.38619941e-07 0.299782157 -0.954007685 -3.88844057e-07 0.299782157 -0.954007685 -3.88844057e-07 0.299782157 -0.954007685 -3.88844057e-07 0.299781889 -0.954007745 -3.18058255e-07 0.299781889 -0.954007745 -3.18058255e-07 0.299781889 -0.954007745 -3.18058255e-07 0.299780965 -0.954008043 -3.79966252e-07 0.299780965 -0.954008043 -3.79966252e-07 0.299780965 -0.954008043 -3.79966252e-07 0.299780279 -0.954008281 -2.7071448e-07 0.299780279 -0.954008281 -2.7071448e-07 0.299780279 -0.954008281 -2.7071448e-07 0.299782217 -0.954007685 4.02048528e-08 0.299782217 -0.954007685 4.02048528e-08 0.299782217 -0.954007685 4.02048528e-08 0.299780488 -0.954008222 1.61034151e-07 0.299780488 -0.954008222 1.61034151e-07 0.299780488 -0.954008222 1.61034151e-07 0.299781501 -0.954007864 4.26143998e-07 0.299781501 -0.954007864 4.26143998e-07 0.299781501 -0.954007864 4.26143998e-07 0.299782366 -0.954007626 4.46341033e-07 0.299782366 -0.954007626 4.46341033e-07 0.299782366 -0.954007626 4.46341033e-07 0.299780548 -0.954008162 -1.99545866e-07 0.299780548 -0.954008162 -1.99545866e-07 0.299780548 -0.954008162 -1.99545866e-07 0.299779445 -0.95400852 -3.28786342e-07 0.299779445 -0.95400852 -3.28786342e-07 0.299779445 -0.95400852 -3.28786342e-07 0.299779147 -0.954008639 -4.71790457e-07 0.299779147 -0.954008639 -4.71790457e-07 0.299779147 -0.954008639 -4.71790457e-07 0.299781591 -0.954007864 4.78295377e-08 0.299781591 -0.954007864 4.78295377e-08 0.299781591 -0.954007864 4.78295377e-08 0.299782008 -0.954007745 2.91914262e-07 0.299782008 -0.954007745 2.91914262e-07 0.299782008 -0.954007745 2.91914262e-07 0.299780995 -0.954008043 -2.01334771e-08 0.299780995 -0.954008043 -2.01334771e-08 0.299780995 -0.954008043 -2.01334771e-08 0.299780518 -0.954008222 -3.58653324e-07 0.299780518 -0.954008222 -3.58653324e-07 0.299780518 -0.954008222 -3.58653324e-07 0.299780607 -0.954008162 -3.26521644e-07 0.299780607 -0.954008162 -3.26521644e-07 0.299780607 -0.954008162 -3.26521644e-07 0.299780935 -0.954008043 -4.36946941e-08 0.299780935 -0.954008043 -4.36946941e-08 0.299780935 -0.954008043 -4.36946941e-08 0.299782038 -0.954007745 5.38252891e-07 0.299782038 -0.954007745 5.38252891e-07 0.299782038 -0.954007745 5.38252891e-07 0.299782902 -0.954007447 1.41004057e-06 0.299782902 -0.954007447 1.41004057e-06 0.299782902 -0.954007447 1.41004057e-06 0.299781471 -0.954007924 2.513911e-07 0.299781471 -0.954007924 2.513911e-07 0.299781471 -0.954007924 2.513911e-07 0.299780518 -0.954008222 -1.54234419e-06 0.299780518 -0.954008222 -1.54234419e-06 0.299780518 -0.954008222 -1.54234419e-06 0.299781829 -0.954007804 1.15531293e-06 0.299781829 -0.954007804 1.15531293e-06 0.299781829 -0.954007804 1.15531293e-06 0.299781501 -0.954007864 6.62596165e-07 0.299781501 -0.954007864 6.62596165e-07 0.299781501 -0.954007864 6.62596165e-07 0.299780875 -0.954008102 -4.45579076e-07 0.299780875 -0.954008102 -4.45579076e-07 0.299780875 -0.954008102 -4.45579076e-07 0.299778849 -0.954008698 -4.25394092e-06 0.299778849 -0.954008698 -4.25394092e-06 0.299778849 -0.954008698 -4.25394092e-06 0.299782276 -0.954007626 2.49060395e-06 0.299782276 -0.954007626 2.49060395e-06 0.299782276 -0.954007626 2.49060395e-06 0.299781054 -0.954008043 1.28572326e-08 0.299781054 -0.954008043 1.28572326e-08 0.299781054 -0.954008043 1.28572326e-08 0.299780756 -0.954008102 -2.27930786e-06 0.299780756 -0.954008102 -2.27930786e-06 0.299780756 -0.954008102 -2.27930786e-06 0.299781024 -0.954008043 2.20344091e-07 0.299781024 -0.954008043 2.20344091e-07 0.299781024 -0.954008043 2.20344091e-07 0.299781501 -0.954007864 5.3400363e-06 0.299781501 -0.954007864 5.3400363e-06 0.299781501 -0.954007864 5.3400363e-06 0.299781501 -0.954007864 -5.3400363e-06 0.299781501 -0.954007864 -5.3400363e-06 0.299781501 -0.954007864 -5.3400363e-06 0.299781233 -0.954007983 1.48263609e-06 0.299781233 -0.954007983 1.48263609e-06 0.299781233 -0.954007983 1.48263609e-06 0.299780607 -0.954008162 -9.57543421e-07 0.299780607 -0.954008162 -9.57543421e-07 0.299780607 -0.954008162 -9.57543421e-07 0.299780577 -0.954008162 -1.23187419e-06 0.299780577 -0.954008162 -1.23187419e-06 0.299780577 -0.954008162 -1.23187419e-06 0.299781799 -0.954007804 2.16235685e-06 0.299781799 -0.954007804 2.16235685e-06 0.299781799 -0.954007804 2.16235685e-06 0.299781621 -0.954007864 7.4262141e-07 0.299781621 -0.954007864 7.4262141e-07 0.299781621 -0.954007864 7.4262141e-07 0.299780309 -0.954008281 -2.11446468e-06 0.299780309 -0.954008281 -2.11446468e-06 0.299780309 -0.954008281 -2.11446468e-06 0.299780607 -0.954008162 -8.07136701e-07 0.299780607 -0.954008162 -8.07136701e-07 0.299780607 -0.954008162 -8.07136701e-07 0.299781293 -0.954007924 4.47099865e-07 0.299781293 -0.954007924 4.47099865e-07 0.299781293 -0.954007924 4.47099865e-07 0.299781561 -0.954007864 1.29631974e-06 0.299781561 -0.954007864 1.29631974e-06 0.299781561 -0.954007864 1.29631974e-06 0.29978171 -0.954007804 1.50279845e-06 0.29978171 -0.954007804 1.50279845e-06 0.29978171 -0.954007804 1.50279845e-06 0.299780786 -0.954008102 -7.61847843e-07 0.299780786 -0.954008102 -7.61847843e-07 0.299780786 -0.954008102 -7.61847843e-07 0.299781114 -0.954008043 -3.79865668e-07 0.299781114 -0.954008043 -3.79865668e-07 0.299781114 -0.954008043 -3.79865668e-07 0.299781501 -0.954007864 3.99342042e-07 0.299781501 -0.954007864 3.99342042e-07 0.299781501 -0.954007864 3.99342042e-07 0.299779892 -0.9540084 -1.23463224e-06 0.299779892 -0.9540084 -1.23463224e-06 0.299779892 -0.9540084 -1.23463224e-06 0.299781024 -0.954008043 5.91656146e-07 0.299781024 -0.954008043 5.91656146e-07 0.299781024 -0.954008043 5.91656146e-07 0.299782008 -0.954007745 1.43483737e-06 0.299782008 -0.954007745 1.43483737e-06 0.299782008 -0.954007745 1.43483737e-06 0.299780488 -0.954008222 -5.93822335e-07 0.299780488 -0.954008222 -5.93822335e-07 0.299780488 -0.954008222 -5.93822335e-07 0.299779505 -0.95400852 -1.30645913e-06 0.299779505 -0.95400852 -1.30645913e-06 0.299779505 -0.95400852 -1.30645913e-06 0.299779981 -0.954008341 -7.65570576e-07 0.299779981 -0.954008341 -7.65570576e-07 0.299779981 -0.954008341 -7.65570576e-07 0.299781173 -0.954007983 -7.49654419e-08 0.299781173 -0.954007983 -7.49654419e-08 0.299781173 -0.954007983 -7.49654419e-08 0.299781889 -0.954007745 6.08470543e-07 0.299781889 -0.954007745 6.08470543e-07 0.299781889 -0.954007745 6.08470543e-07 0.299783617 -0.954007208 1.41419548e-06 0.299783617 -0.954007208 1.41419548e-06 0.299783617 -0.954007208 1.41419548e-06 0.299781054 -0.954008043 -5.81942061e-07 0.299781054 -0.954008043 -5.81942061e-07 0.299781054 -0.954008043 -5.81942061e-07 0.299779177 -0.954008639 -1.26068471e-06 0.299779177 -0.954008639 -1.26068471e-06 0.299779177 -0.954008639 -1.26068471e-06 0.299781412 -0.954007924 1.76548951e-07 0.299781412 -0.954007924 1.76548951e-07 0.299781412 -0.954007924 1.76548951e-07 0.299782574 -0.954007566 4.82533608e-07 0.299782574 -0.954007566 4.82533608e-07 0.299782574 -0.954007566 4.82533608e-07 0.299781919 -0.954007745 1.29591442e-07 0.299781919 -0.954007745 1.29591442e-07 0.299781919 -0.954007745 1.29591442e-07 0.299780369 -0.954008222 -1.2628719e-07 0.299780369 -0.954008222 -1.2628719e-07 0.299780369 -0.954008222 -1.2628719e-07 0.299780041 -0.954008341 -2.55137167e-07 0.299780041 -0.954008341 -2.55137167e-07 0.299780041 -0.954008341 -2.55137167e-07 0.299781829 -0.954007804 -1.269389e-07 0.299781829 -0.954007804 -1.269389e-07 0.299781829 -0.954007804 -1.269389e-07 0.299780995 -0.954008043 -3.88275254e-07 0.299780995 -0.954008043 -3.88275254e-07 0.299780995 -0.954008043 -3.88275254e-07 0.299778432 -0.954008877 -3.36957953e-07 0.299778432 -0.954008877 -3.36957953e-07 0.299778432 -0.954008877 -3.36957953e-07 0.299782962 -0.954007447 6.24177744e-07 0.299782962 -0.954007447 6.24177744e-07 0.299782962 -0.954007447 6.24177744e-07 0.29978466 -0.95400691 4.2962381e-07 0.29978466 -0.95400691 4.2962381e-07 0.29978466 -0.95400691 4.2962381e-07 0.29978022 -0.954008281 -9.70814469e-08 0.29978022 -0.954008281 -9.70814469e-08 0.29978022 -0.954008281 -9.70814469e-08 0.299778372 -0.954008877 2.91122547e-07 0.299778372 -0.954008877 2.91122547e-07 0.299778372 -0.954008877 2.91122547e-07 0.299781889 -0.954007745 3.81866897e-07 0.299781889 -0.954007745 3.81866897e-07 0.299781889 -0.954007745 3.81866897e-07 0.299782157 -0.954007685 2.99984663e-07 0.299782157 -0.954007685 2.99984663e-07 0.299782157 -0.954007685 2.99984663e-07 0.299780309 -0.954008281 4.23756575e-07 0.299780309 -0.954008281 4.23756575e-07 0.299780309 -0.954008281 4.23756575e-07 0.299780935 -0.954008043 1.66962053e-07 0.299780935 -0.954008043 1.66962053e-07 0.299780935 -0.954008043 1.66962053e-07 0.299780548 -0.954008162 2.28836072e-07 0.299780548 -0.954008162 2.28836072e-07 0.299780548 -0.954008162 2.28836072e-07 0.299782127 -0.954007685 -5.82569783e-07 0.299782127 -0.954007685 -5.82569783e-07 0.299782127 -0.954007685 -5.82569783e-07 0.299782306 -0.954007626 -6.31600415e-07 0.299782306 -0.954007626 -6.31600415e-07 0.299782306 -0.954007626 -6.31600415e-07 0.299781591 -0.954007864 -1.68533347e-07 0.299781591 -0.954007864 -1.68533347e-07 0.299781591 -0.954007864 -1.68533347e-07 0.299779534 -0.95400852 5.63529738e-07 0.299779534 -0.95400852 5.63529738e-07 0.299779534 -0.95400852 5.63529738e-07 0.299780428 -0.954008222 -1.26779909e-07 0.299780428 -0.954008222 -1.26779909e-07 0.299780428 -0.954008222 -1.26779909e-07 0.299781352 -0.954007924 -5.55358724e-07 0.299781352 -0.954007924 -5.55358724e-07 0.299781352 -0.954007924 -5.55358724e-07 0.299779475 -0.95400852 1.17714637e-06 0.299779475 -0.95400852 1.17714637e-06 0.299779475 -0.95400852 1.17714637e-06 0.299781144 -0.954007983 2.22705722e-07 0.299781144 -0.954007983 2.22705722e-07 0.299781144 -0.954007983 2.22705722e-07 0.299781859 -0.954007804 -5.73397699e-07 0.299781859 -0.954007804 -5.73397699e-07 0.299781859 -0.954007804 -5.73397699e-07 0.299780607 -0.954008162 3.11329899e-07 0.299780607 -0.954008162 3.11329899e-07 0.299780607 -0.954008162 3.11329899e-07 0.299780548 -0.954008162 3.79756216e-07 0.299780548 -0.954008162 3.79756216e-07 0.299780548 -0.954008162 3.79756216e-07 0.299781859 -0.954007745 -7.48298646e-07 0.299781859 -0.954007745 -7.48298646e-07 0.299781859 -0.954007745 -7.48298646e-07 0.299781203 -0.954007983 3.35511146e-07 0.299781203 -0.954007983 3.35511146e-07 0.299781203 -0.954007983 3.35511146e-07 0.299780041 -0.954008341 1.49812911e-06 0.299780041 -0.954008341 1.49812911e-06 0.299780041 -0.954008341 1.49812911e-06 0.299782425 -0.954007626 -1.89383206e-06 0.299782425 -0.954007626 -1.89383206e-06 0.299782425 -0.954007626 -1.89383206e-06 0.299779505 -0.95400852 1.72557714e-06 0.299779505 -0.95400852 1.72557714e-06 0.299779505 -0.95400852 1.72557714e-06 0.299781173 -0.954007983 -1.17497302e-06 0.299781173 -0.954007983 -1.17497302e-06 0.299781173 -0.954007983 -1.17497302e-06 0.299779981 -0.954008341 3.29179755e-07 0.299779981 -0.954008341 3.29179755e-07 0.299779981 -0.954008341 3.29179755e-07 0.299781144 -0.954007983 2.16422495e-06 0.299781144 -0.954007983 2.16422495e-06 0.299781144 -0.954007983 2.16422495e-06 0.299782157 -0.954007685 1.11460736e-06 0.299782157 -0.954007685 1.11460736e-06 0.299782157 -0.954007685 1.11460736e-06 0.299780399 -0.954008222 -1.20333891e-06 0.299780399 -0.954008222 -1.20333891e-06 0.299780399 -0.954008222 -1.20333891e-06 0.299782097 -0.954007685 1.47759681e-06 0.299782097 -0.954007685 1.47759681e-06 0.299782097 -0.954007685 1.47759681e-06 0.299781024 -0.954008043 1.1346085e-07 0.299781024 -0.954008043 1.1346085e-07 0.299781024 -0.954008043 1.1346085e-07 0.299781114 -0.954007983 1.88671413e-06 0.299781114 -0.954007983 1.88671413e-06 0.299781114 -0.954007983 1.88671413e-06 0.299781114 -0.954007983 -1.10249744e-06 0.299781114 -0.954007983 -1.10249744e-06 0.299781114 -0.954007983 -1.10249744e-06 0.299781889 -0.954007745 1.88269246e-06 0.299781889 -0.954007745 1.88269246e-06 0.299781889 -0.954007745 1.88269246e-06 0.299781263 -0.954007983 1.72783402e-07 0.299781263 -0.954007983 1.72783402e-07 0.299781263 -0.954007983 1.72783402e-07 0.299787462 -0.954006016 2.03395575e-05 0.299787462 -0.954006016 2.03395575e-05 0.299787462 -0.954006016 2.03395575e-05 0.299782634 -0.954007506 1.34633194e-06 0.299782634 -0.954007506 1.34633194e-06 0.299782634 -0.954007506 1.34633194e-06 0.299781263 -0.954007983 -1.70131045e-07 0.299781263 -0.954007983 -1.70131045e-07 0.299781263 -0.954007983 -1.70131045e-07 0.299781501 -0.954007864 -1.97563782e-06 0.299781501 -0.954007864 -1.97563782e-06 0.299781501 -0.954007864 -1.97563782e-06 0.299780786 -0.954008102 1.61275295e-06 0.299780786 -0.954008102 1.61275295e-06 0.299780786 -0.954008102 1.61275295e-06 0.299780726 -0.954008102 -6.27405655e-07 0.299780726 -0.954008102 -6.27405655e-07 0.299780726 -0.954008102 -6.27405655e-07 0.299785495 -0.954006612 8.3639834e-06 0.299785495 -0.954006612 8.3639834e-06 0.299785495 -0.954006612 8.3639834e-06 0.299784243 -0.95400703 5.97714507e-06 0.299784243 -0.95400703 5.97714507e-06 0.299784243 -0.95400703 5.97714507e-06 0.299776763 -0.954009354 -8.29212786e-06 0.299776763 -0.954009354 -8.29212786e-06 0.299776763 -0.954009354 -8.29212786e-06 0.299781352 -0.954007924 5.89230126e-07 0.299781352 -0.954007924 5.89230126e-07 0.299781352 -0.954007924 5.89230126e-07 0.299781561 -0.954007864 7.01572048e-07 0.299781561 -0.954007864 7.01572048e-07 0.299781561 -0.954007864 7.01572048e-07 0.299593687 -0.954066873 -0.000262635673 0.299593687 -0.954066873 -0.000262635673 0.299593687 -0.954066873 -0.000262635673 0.299785048 -0.954006791 5.72697627e-06 0.299785048 -0.954006791 5.72697627e-06 0.299785048 -0.954006791 5.72697627e-06 0.299779654 -0.95400846 -1.8777871e-06 0.299779654 -0.95400846 -1.8777871e-06 0.299779654 -0.95400846 -1.8777871e-06 0.299781621 -0.954007864 9.48575632e-07 0.299781621 -0.954007864 9.48575632e-07 0.299781621 -0.954007864 9.48575632e-07 0.299779922 -0.9540084 -1.57195825e-06 0.299779922 -0.9540084 -1.57195825e-06 0.299779922 -0.9540084 -1.57195825e-06 0.299778432 -0.954008877 -4.33031209e-06 0.299778432 -0.954008877 -4.33031209e-06 0.299778432 -0.954008877 -4.33031209e-06 0.299783975 -0.954007089 6.14022019e-06 0.299783975 -0.954007089 6.14022019e-06 0.299783975 -0.954007089 6.14022019e-06 0.29978019 -0.954008281 -1.73914589e-06 0.29978019 -0.954008281 -1.73914589e-06 0.29978019 -0.954008281 -1.73914589e-06 0.299778044 -0.954008996 -5.17860008e-06 0.299778044 -0.954008996 -5.17860008e-06 0.299778044 -0.954008996 -5.17860008e-06 0.299781919 -0.954007745 1.62934873e-06 0.299781919 -0.954007745 1.62934873e-06 0.299781919 -0.954007745 1.62934873e-06 0.299777746 -0.954009056 -3.68725182e-06 0.299777746 -0.954009056 -3.68725182e-06 0.299777746 -0.954009056 -3.68725182e-06 0.299780667 -0.954008162 1.80691515e-07 0.299780667 -0.954008162 1.80691515e-07 0.299780667 -0.954008162 1.80691515e-07 0.299780488 -0.954008222 -1.21964533e-07 0.299780488 -0.954008222 -1.21964533e-07 0.299780488 -0.954008222 -1.21964533e-07 0.299782574 -0.954007566 2.34095e-06 0.299782574 -0.954007566 2.34095e-06 0.299782574 -0.954007566 2.34095e-06 0.299781591 -0.954007864 9.58356281e-07 0.299781591 -0.954007864 9.58356281e-07 0.299781591 -0.954007864 9.58356281e-07 0.299779445 -0.95400852 -8.13820122e-07 0.299779445 -0.95400852 -8.13820122e-07 0.299779445 -0.95400852 -8.13820122e-07 0.299779981 -0.954008341 -3.29179755e-07 0.299779981 -0.954008341 -3.29179755e-07 0.299779981 -0.954008341 -3.29179755e-07 0.299779147 -0.954008639 -1.41964676e-06 0.299779147 -0.954008639 -1.41964676e-06 0.299779147 -0.954008639 -1.41964676e-06 0.299781531 -0.954007864 5.76953312e-07 0.299781531 -0.954007864 5.76953312e-07 0.299781531 -0.954007864 5.76953312e-07 0.299783945 -0.954007089 3.34579363e-06 0.299783945 -0.954007089 3.34579363e-06 0.299783945 -0.954007089 3.34579363e-06 0.299781889 -0.954007745 2.12254304e-06 0.299781889 -0.954007745 2.12254304e-06 0.299781889 -0.954007745 2.12254304e-06 0.299781621 -0.954007864 1.46127616e-06 0.299781621 -0.954007864 1.46127616e-06 0.299781621 -0.954007864 1.46127616e-06 0.299780488 -0.954008222 -1.7522251e-06 0.299780488 -0.954008222 -1.7522251e-06 0.299780488 -0.954008222 -1.7522251e-06 0.299781144 -0.954007983 2.16829426e-06 0.299781144 -0.954007983 2.16829426e-06 0.299781144 -0.954007983 2.16829426e-06 0.299781144 -0.954007983 -3.27824068e-06 0.299781144 -0.954007983 -3.27824068e-06 0.299781144 -0.954007983 -3.27824068e-06 0.299780786 -0.954008102 1.64455389e-06 0.299780786 -0.954008102 1.64455389e-06 0.299780786 -0.954008102 1.64455389e-06 0.299780637 -0.954008162 -9.03680188e-07 0.299780637 -0.954008162 -9.03680188e-07 0.299780637 -0.954008162 -9.03680188e-07 0.299782723 -0.954007506 1.58387809e-06 0.299782723 -0.954007506 1.58387809e-06 0.299782723 -0.954007506 1.58387809e-06 0.29978171 -0.954007804 1.23526647e-07 0.29978171 -0.954007804 1.23526647e-07 0.29978171 -0.954007804 1.23526647e-07 0.299781531 -0.954007864 5.76949901e-07 0.299781531 -0.954007864 5.76949901e-07 0.299781531 -0.954007864 5.76949901e-07 0.299780399 -0.954008222 -7.04074239e-07 0.299780399 -0.954008222 -7.04074239e-07 0.299780399 -0.954008222 -7.04074239e-07 0.29978022 -0.954008281 -9.84912845e-07 0.29978022 -0.954008281 -9.84912845e-07 0.29978022 -0.954008281 -9.84912845e-07 0.299781501 -0.954007864 3.43615454e-07 0.299781501 -0.954007864 3.43615454e-07 0.299781501 -0.954007864 3.43615454e-07 0.299780875 -0.954008102 -4.95966276e-07 0.299780875 -0.954008102 -4.95966276e-07 0.299780875 -0.954008102 -4.95966276e-07 0.299780697 -0.954008162 -1.66545067e-06 0.299780697 -0.954008162 -1.66545067e-06 0.299780697 -0.954008162 -1.66545067e-06 0.299783051 -0.954007387 4.5200386e-06 0.299783051 -0.954007387 4.5200386e-06 0.299783051 -0.954007387 4.5200386e-06 0.299781203 -0.954007983 7.06848311e-07 0.299781203 -0.954007983 7.06848311e-07 0.299781203 -0.954007983 7.06848311e-07 0.299781084 -0.954008043 -6.04570005e-07 0.299781084 -0.954008043 -6.04570005e-07 0.299781084 -0.954008043 -6.04570005e-07 0.299781322 -0.954007924 3.34300069e-07 0.299781322 -0.954007924 3.34300069e-07 0.299781322 -0.954007924 3.34300069e-07 0.299781382 -0.954007924 -1.04968217e-06 0.299781382 -0.954007924 -1.04968217e-06 0.299781382 -0.954007924 -1.04968217e-06 0.299781293 -0.954007983 -1.68064537e-06 0.299781293 -0.954007983 -1.68064537e-06 0.299781293 -0.954007983 -1.68064537e-06 0.299780905 -0.954008043 1.1891766e-06 0.299780905 -0.954008043 1.1891766e-06 0.299780905 -0.954008043 1.1891766e-06 0.299780875 -0.954008102 7.72590397e-07 0.299780875 -0.954008102 7.72590397e-07 0.299780875 -0.954008102 7.72590397e-07 0.299781114 -0.954008043 -2.29766727e-07 0.299781114 -0.954008043 -2.29766727e-07 0.299781114 -0.954008043 -2.29766727e-07 0.299781084 -0.954008043 3.89446143e-07 0.299781084 -0.954008043 3.89446143e-07 0.299781084 -0.954008043 3.89446143e-07 0.299781024 -0.954008043 6.38331244e-07 0.299781024 -0.954008043 6.38331244e-07 0.299781024 -0.954008043 6.38331244e-07 0.299781114 -0.954007983 -4.63253969e-07 0.299781114 -0.954007983 -4.63253969e-07 0.299781114 -0.954007983 -4.63253969e-07 0.299781054 -0.954008043 -2.69948686e-07 0.299781054 -0.954008043 -2.69948686e-07 0.299781054 -0.954008043 -2.69948686e-07 0.299780697 -0.954008162 1.68474696e-06 0.299780697 -0.954008162 1.68474696e-06 0.299780697 -0.954008162 1.68474696e-06 0.29978174 -0.954007804 -3.45476906e-07 0.29978174 -0.954007804 -3.45476906e-07 0.29978174 -0.954007804 -3.45476906e-07 0.29978171 -0.954007804 -3.05258908e-07 0.29978171 -0.954007804 -3.05258908e-07 0.29978171 -0.954007804 -3.05258908e-07 0.299781173 -0.954007983 5.7652187e-07 0.299781173 -0.954007983 5.7652187e-07 0.299781173 -0.954007983 5.7652187e-07 0.299781948 -0.954007745 -1.59727927e-06 0.299781948 -0.954007745 -1.59727927e-06 0.299781948 -0.954007745 -1.59727927e-06 0.299781114 -0.954007983 -4.68837499e-07 0.299781114 -0.954007983 -4.68837499e-07 0.299781114 -0.954007983 -4.68837499e-07 0.299780309 -0.954008281 1.27427586e-06 0.299780309 -0.954008281 1.27427586e-06 0.299780309 -0.954008281 1.27427586e-06 0.299780756 -0.954008102 7.64640333e-07 0.299780756 -0.954008102 7.64640333e-07 0.299780756 -0.954008102 7.64640333e-07 0.299781173 -0.954007983 5.17113854e-08 0.299781173 -0.954007983 5.17113854e-08 0.299781173 -0.954007983 5.17113854e-08 0.299782515 -0.954007566 -1.20734865e-06 0.299782515 -0.954007566 -1.20734865e-06 0.299782515 -0.954007566 -1.20734865e-06 0.299782425 -0.954007626 -1.08068207e-06 0.299782425 -0.954007626 -1.08068207e-06 0.299782425 -0.954007626 -1.08068207e-06 0.299780786 -0.954008102 2.01323331e-07 0.299780786 -0.954008102 2.01323331e-07 0.299780786 -0.954008102 2.01323331e-07 0.299780875 -0.954008102 8.2857369e-08 0.299780875 -0.954008102 8.2857369e-08 0.299780875 -0.954008102 8.2857369e-08 0.299779743 -0.95400846 8.12469068e-07 0.299779743 -0.95400846 8.12469068e-07 0.299779743 -0.95400846 8.12469068e-07 0.299779356 -0.954008579 1.20593654e-06 0.299779356 -0.954008579 1.20593654e-06 0.299779356 -0.954008579 1.20593654e-06 0.299780935 -0.954008043 3.77667618e-07 0.299780935 -0.954008043 3.77667618e-07 0.299780935 -0.954008043 3.77667618e-07 0.299782574 -0.954007566 -1.02244007e-06 0.299782574 -0.954007566 -1.02244007e-06 0.299782574 -0.954007566 -1.02244007e-06 0.299781471 -0.954007924 -5.57427029e-07 0.299781471 -0.954007924 -5.57427029e-07 0.299781471 -0.954007924 -5.57427029e-07 0.299780816 -0.954008102 -9.25813097e-08 0.299780816 -0.954008102 -9.25813097e-08 0.299780816 -0.954008102 -9.25813097e-08 0.299779475 -0.95400852 3.27234972e-07 0.299779475 -0.95400852 3.27234972e-07 0.299779475 -0.95400852 3.27234972e-07 0.299779832 -0.9540084 1.11226711e-07 0.299779832 -0.9540084 1.11226711e-07 0.299779832 -0.9540084 1.11226711e-07 0.299782068 -0.954007685 -3.65209303e-07 0.299782068 -0.954007685 -3.65209303e-07 0.299782068 -0.954007685 -3.65209303e-07 0.29978177 -0.954007804 -2.25940695e-07 0.29978177 -0.954007804 -2.25940695e-07 0.29978177 -0.954007804 -2.25940695e-07 0.299781263 -0.954007983 -1.64583895e-07 0.299781263 -0.954007983 -1.64583895e-07 0.299781263 -0.954007983 -1.64583895e-07 0.299780726 -0.954008102 2.24672778e-08 0.299780726 -0.954008102 2.24672778e-08 0.299780726 -0.954008102 2.24672778e-08 0.29978174 -0.954007804 -3.56098107e-09 0.29978174 -0.954007804 -3.56098107e-09 0.29978174 -0.954007804 -3.56098107e-09 0.299780518 -0.954008222 3.14574322e-07 0.299780518 -0.954008222 3.14574322e-07 0.299780518 -0.954008222 3.14574322e-07 0.299779683 -0.95400846 2.59531845e-07 0.299779683 -0.95400846 2.59531845e-07 0.299779683 -0.95400846 2.59531845e-07 0.299781859 -0.954007804 -9.12159592e-08 0.299781859 -0.954007804 -9.12159592e-08 0.299781859 -0.954007804 -9.12159592e-08 0.299781352 -0.954007924 -1.69456627e-07 0.299781352 -0.954007924 -1.69456627e-07 0.299781352 -0.954007924 -1.69456627e-07 0.299780518 -0.954008222 -1.1208428e-07 0.299780518 -0.954008222 -1.1208428e-07 0.299780518 -0.954008222 -1.1208428e-07 0.299782068 -0.954007685 2.80211822e-07 0.299782068 -0.954007685 2.80211822e-07 0.299782068 -0.954007685 2.80211822e-07 0.299781442 -0.954007924 2.65665847e-07 0.299781442 -0.954007924 2.65665847e-07 0.299781442 -0.954007924 2.65665847e-07 0.299780309 -0.954008281 -1.33914227e-07 0.299780309 -0.954008281 -1.33914227e-07 0.299780309 -0.954008281 -1.33914227e-07 0.299782217 -0.954007685 8.52774562e-08 0.299782217 -0.954007685 8.52774562e-08 0.299782217 -0.954007685 8.52774562e-08 0.299782038 -0.954007745 1.03301245e-09 0.299782038 -0.954007745 1.03301245e-09 0.299782038 -0.954007745 1.03301245e-09 0.299779832 -0.9540084 -4.59215954e-07 0.299779832 -0.9540084 -4.59215954e-07 0.299779832 -0.9540084 -4.59215954e-07 0.299780667 -0.954008162 1.16058798e-08 0.299780667 -0.954008162 1.16058798e-08 0.299780667 -0.954008162 1.16058798e-08 0.299781352 -0.954007924 2.29401749e-07 0.299781352 -0.954007924 2.29401749e-07 0.299781352 -0.954007924 2.29401749e-07 0.299782604 -0.954007566 1.09599694e-06 0.299782604 -0.954007566 1.09599694e-06 0.299782604 -0.954007566 1.09599694e-06 0.299781591 -0.954007864 6.80000653e-07 0.299781591 -0.954007864 6.80000653e-07 0.299781591 -0.954007864 6.80000653e-07 0.299780399 -0.954008222 -3.31827948e-07 0.299780399 -0.954008222 -3.31827948e-07 0.299780399 -0.954008222 -3.31827948e-07 0.299780399 -0.954008222 -3.26491602e-07 0.299780399 -0.954008222 -3.26491602e-07 0.299780399 -0.954008222 -3.26491602e-07 0.299781144 -0.954007983 4.30838554e-07 0.299781144 -0.954007983 4.30838554e-07 0.299781144 -0.954007983 4.30838554e-07 0.299781173 -0.954007983 1.49158632e-06 0.299781173 -0.954007983 1.49158632e-06 0.299781173 -0.954007983 1.49158632e-06 0.299781173 -0.954007983 -1.49158632e-06 0.299781173 -0.954007983 -1.49158632e-06 0.299781173 -0.954007983 -1.49158632e-06 0.299781144 -0.954007983 -3.25278535e-07 0.299781144 -0.954007983 -3.25278535e-07 0.299781144 -0.954007983 -3.25278535e-07 0.299781382 -0.954007924 5.8751607e-07 0.299781382 -0.954007924 5.8751607e-07 0.299781382 -0.954007924 5.8751607e-07 0.299781412 -0.954007924 1.66283507e-06 0.299781412 -0.954007924 1.66283507e-06 0.299781412 -0.954007924 1.66283507e-06 0.299781203 -0.954007983 1.0773507e-06 0.299781203 -0.954007983 1.0773507e-06 0.299781203 -0.954007983 1.0773507e-06 0.299780965 -0.954008043 -7.91887146e-07 0.299780965 -0.954008043 -7.91887146e-07 0.299780965 -0.954008043 -7.91887146e-07 0.299780816 -0.954008102 -1.16047102e-06 0.299780816 -0.954008102 -1.16047102e-06 0.299780816 -0.954008102 -1.16047102e-06 0.299780965 -0.954008043 -3.49697416e-07 0.299780965 -0.954008043 -3.49697416e-07 0.299780965 -0.954008043 -3.49697416e-07 0.299781263 -0.954007983 1.71893106e-07 0.299781263 -0.954007983 1.71893106e-07 0.299781263 -0.954007983 1.71893106e-07 0.299781322 -0.954007924 3.72795171e-07 0.299781322 -0.954007924 3.72795171e-07 0.299781322 -0.954007924 3.72795171e-07 0.299780726 -0.954008102 -5.08109508e-07 0.299780726 -0.954008102 -5.08109508e-07 0.299780726 -0.954008102 -5.08109508e-07 0.299780339 -0.954008281 -1.48852735e-06 0.299780339 -0.954008281 -1.48852735e-06 0.299780339 -0.954008281 -1.48852735e-06 0.299781531 -0.954007864 -1.04212621e-08 0.299781531 -0.954007864 -1.04212621e-08 0.299781531 -0.954007864 -1.04212621e-08 0.29978171 -0.954007804 3.10056862e-07 0.29978171 -0.954007804 3.10056862e-07 0.29978171 -0.954007804 3.10056862e-07 0.29978174 -0.954007804 3.38649443e-07 0.29978174 -0.954007804 3.38649443e-07 0.29978174 -0.954007804 3.38649443e-07 0.299782336 -0.954007626 1.29465707e-06 0.299782336 -0.954007626 1.29465707e-06 0.299782336 -0.954007626 1.29465707e-06 0.299780637 -0.954008162 -1.48130667e-07 0.299780637 -0.954008162 -1.48130667e-07 0.299780637 -0.954008162 -1.48130667e-07 0.299780011 -0.954008341 -9.94420134e-07 0.299780011 -0.954008341 -9.94420134e-07 0.299780011 -0.954008341 -9.94420134e-07 0.299781501 -0.954007864 7.39243688e-08 0.299781501 -0.954007864 7.39243688e-08 0.299781501 -0.954007864 7.39243688e-08 0.299781293 -0.954007983 -1.8275783e-07 0.299781293 -0.954007983 -1.8275783e-07 0.299781293 -0.954007983 -1.8275783e-07 0.299780607 -0.954008162 -5.80164794e-07 0.299780607 -0.954008162 -5.80164794e-07 0.299780607 -0.954008162 -5.80164794e-07 0.299782395 -0.954007626 1.10724727e-06 0.299782395 -0.954007626 1.10724727e-06 0.299782395 -0.954007626 1.10724727e-06 0.299782544 -0.954007566 1.17003219e-06 0.299782544 -0.954007566 1.17003219e-06 0.299782544 -0.954007566 1.17003219e-06 0.299780905 -0.954008102 -1.11193806e-07 0.299780905 -0.954008102 -1.11193806e-07 0.299780905 -0.954008102 -1.11193806e-07 0.299780756 -0.954008102 -1.61583046e-07 0.299780756 -0.954008102 -1.61583046e-07 0.299780756 -0.954008102 -1.61583046e-07 0.299779326 -0.954008579 -1.09827829e-06 0.299779326 -0.954008579 -1.09827829e-06 0.299779326 -0.954008579 -1.09827829e-06 0.299779832 -0.9540084 -9.63230264e-07 0.299779832 -0.9540084 -9.63230264e-07 0.299779832 -0.9540084 -9.63230264e-07 0.299782753 -0.954007506 5.81360098e-07 0.299782753 -0.954007506 5.81360098e-07 0.299782753 -0.954007506 5.81360098e-07 0.299780697 -0.954008162 2.39154076e-07 0.299780697 -0.954008162 2.39154076e-07 0.299780697 -0.954008162 2.39154076e-07 0.299780756 -0.954008102 2.62999976e-07 0.299780756 -0.954008102 2.62999976e-07 0.299780756 -0.954008102 2.62999976e-07 0.299781531 -0.954007864 3.19371964e-07 0.299781531 -0.954007864 3.19371964e-07 0.299781531 -0.954007864 3.19371964e-07 0.299779862 -0.9540084 -2.0493033e-07 0.299779862 -0.9540084 -2.0493033e-07 0.299779862 -0.9540084 -2.0493033e-07 0.299779445 -0.95400852 -1.96461102e-07 0.299779445 -0.95400852 -1.96461102e-07 0.299779445 -0.95400852 -1.96461102e-07 0.29978177 -0.954007804 2.99276621e-07 0.29978177 -0.954007804 2.99276621e-07 0.29978177 -0.954007804 2.99276621e-07 0.299782068 -0.954007685 2.62946486e-07 0.299782068 -0.954007685 2.62946486e-07 0.299782068 -0.954007685 2.62946486e-07 0.299780726 -0.954008162 1.02031734e-07 0.299780726 -0.954008162 1.02031734e-07 0.299780726 -0.954008162 1.02031734e-07 0.299781263 -0.954007983 -8.89513441e-09 0.299781263 -0.954007983 -8.89513441e-09 0.299781263 -0.954007983 -8.89513441e-09 0.299780518 -0.954008222 -2.77975101e-08 0.299780518 -0.954008222 -2.77975101e-08 0.299780518 -0.954008222 -2.77975101e-08 0.29978174 -0.954007804 -3.95794501e-07 0.29978174 -0.954007804 -3.95794501e-07 0.29978174 -0.954007804 -3.95794501e-07 0.299781799 -0.954007804 -4.00132137e-07 0.299781799 -0.954007804 -4.00132137e-07 0.299781799 -0.954007804 -4.00132137e-07 0.299779773 -0.95400846 4.24311708e-07 0.299779773 -0.95400846 4.24311708e-07 0.299779773 -0.95400846 4.24311708e-07 0.299780577 -0.954008162 2.97201979e-07 0.299780577 -0.954008162 2.97201979e-07 0.299780577 -0.954008162 2.97201979e-07 0.299781322 -0.954007924 -8.80653843e-08 0.299781322 -0.954007924 -8.80653843e-08 0.299781322 -0.954007924 -8.80653843e-08 0.299781471 -0.954007924 -1.32250804e-07 0.299781471 -0.954007924 -1.32250804e-07 0.299781471 -0.954007924 -1.32250804e-07 0.299782008 -0.954007745 -4.65737855e-07 0.299782008 -0.954007745 -4.65737855e-07 0.299782008 -0.954007745 -4.65737855e-07 0.299782068 -0.954007745 -4.83414851e-07 0.299782068 -0.954007745 -4.83414851e-07 0.299782068 -0.954007745 -4.83414851e-07 0.299780101 -0.954008341 1.01640876e-06 0.299780101 -0.954008341 1.01640876e-06 0.299780101 -0.954008341 1.01640876e-06 0.299782127 -0.954007685 2.33303285e-06 0.299782127 -0.954007685 2.33303285e-06 0.299782127 -0.954007685 2.33303285e-06 0.299782962 -0.954007447 4.04239063e-06 0.299782962 -0.954007447 4.04239063e-06 0.299782962 -0.954007447 4.04239063e-06 0.299779505 -0.95400852 -3.30132843e-06 0.299779505 -0.95400852 -3.30132843e-06 0.299779505 -0.95400852 -3.30132843e-06 0.299780488 -0.954008222 -1.75017817e-06 0.299780488 -0.954008222 -1.75017817e-06 0.299780488 -0.954008222 -1.75017817e-06 0.29978168 -0.954007804 3.41294981e-06 0.29978168 -0.954007804 3.41294981e-06 0.29978168 -0.954007804 3.41294981e-06 0.299780607 -0.954008162 -3.16823957e-06 0.299780607 -0.954008162 -3.16823957e-06 0.299780607 -0.954008162 -3.16823957e-06 0.299783438 -0.954007268 3.8909202e-06 0.299783438 -0.954007268 3.8909202e-06 0.299783438 -0.954007268 3.8909202e-06 0.29978165 -0.954007864 9.15365661e-07 0.29978165 -0.954007864 9.15365661e-07 0.29978165 -0.954007864 9.15365661e-07 0.299779147 -0.954008639 -3.51859944e-06 0.299779147 -0.954008639 -3.51859944e-06 0.299779147 -0.954008639 -3.51859944e-06 0.299781621 -0.954007864 1.36512745e-06 0.299781621 -0.954007864 1.36512745e-06 0.299781621 -0.954007864 1.36512745e-06 0.299781084 -0.954008043 1.60899702e-07 0.299781084 -0.954008043 1.60899702e-07 0.299781084 -0.954008043 1.60899702e-07 0.299781561 -0.954007864 1.40618727e-06 0.299781561 -0.954007864 1.40618727e-06 0.299781561 -0.954007864 1.40618727e-06 0.299780786 -0.954008102 -9.8312205e-07 0.299780786 -0.954008102 -9.8312205e-07 0.299780786 -0.954008102 -9.8312205e-07 0.299781203 -0.954007983 1.22123481e-06 0.299781203 -0.954007983 1.22123481e-06 0.299781203 -0.954007983 1.22123481e-06 0.299780875 -0.954008102 -1.18131652e-06 0.299780875 -0.954008102 -1.18131652e-06 0.299780875 -0.954008102 -1.18131652e-06 0.299781084 -0.954008043 -1.59842415e-07 0.299781084 -0.954008043 -1.59842415e-07 0.299781084 -0.954008043 -1.59842415e-07 0.299781173 -0.954007983 -1.21141284e-06 0.299781173 -0.954007983 -1.21141284e-06 0.299781173 -0.954007983 -1.21141284e-06 0.299781501 -0.954007864 6.6093537e-07 0.299781501 -0.954007864 6.6093537e-07 0.299781501 -0.954007864 6.6093537e-07 0.29978016 -0.954008281 -5.68444761e-07 0.29978016 -0.954008281 -5.68444761e-07 0.29978016 -0.954008281 -5.68444761e-07 0.299780548 -0.954008162 -7.02579683e-08 0.299780548 -0.954008162 -7.02579683e-08 0.299780548 -0.954008162 -7.02579683e-08 0.299780846 -0.954008102 1.79496382e-07 0.299780846 -0.954008102 1.79496382e-07 0.299780846 -0.954008102 1.79496382e-07 0.299780846 -0.954008102 1.71310944e-07 0.299780846 -0.954008102 1.71310944e-07 0.299780846 -0.954008102 1.71310944e-07 0.299780965 -0.954008043 9.94554284e-07 0.299780965 -0.954008043 9.94554284e-07 0.299780965 -0.954008043 9.94554284e-07 0.299781412 -0.954007924 -9.22891502e-07 0.299781412 -0.954007924 -9.22891502e-07 0.299781412 -0.954007924 -9.22891502e-07 0.299781203 -0.954007983 -4.77235346e-07 0.299781203 -0.954007983 -4.77235346e-07 0.299781203 -0.954007983 -4.77235346e-07 0.299784333 -0.95400697 6.19094635e-06 0.299784333 -0.95400697 6.19094635e-06 0.299784333 -0.95400697 6.19094635e-06 0.299780041 -0.954008341 -2.29625198e-06 0.299780041 -0.954008341 -2.29625198e-06 0.299780041 -0.954008341 -2.29625198e-06 0.299781084 -0.954008043 -1.78364644e-07 0.299781084 -0.954008043 -1.78364644e-07 0.299781084 -0.954008043 -1.78364644e-07 0.299780846 -0.954008102 -2.05981428e-06 0.299780846 -0.954008102 -2.05981428e-06 0.299780846 -0.954008102 -2.05981428e-06 0.299781382 -0.954007924 2.6995956e-06 0.299781382 -0.954007924 2.6995956e-06 0.299781382 -0.954007924 2.6995956e-06 0.299781024 -0.954008043 -1.41596922e-06 0.299781024 -0.954008043 -1.41596922e-06 0.299781024 -0.954008043 -1.41596922e-06 0.299781114 -0.954007983 5.50284199e-07 0.299781114 -0.954007983 5.50284199e-07 0.299781114 -0.954007983 5.50284199e-07 0.299781919 -0.954007745 -1.83491102e-06 0.299781919 -0.954007745 -1.83491102e-06 0.299781919 -0.954007745 -1.83491102e-06 0.299778342 -0.954008877 5.16271439e-06 0.299778342 -0.954008877 5.16271439e-06 0.299778342 -0.954008877 5.16271439e-06 0.299783945 -0.954007089 -3.3456588e-06 0.299783945 -0.954007089 -3.3456588e-06 0.299783945 -0.954007089 -3.3456588e-06 0.299781144 -0.954007983 -1.86110725e-07 0.299781144 -0.954007983 -1.86110725e-07 0.299781144 -0.954007983 -1.86110725e-07 0.299781591 -0.954007864 -9.58362989e-07 0.299781591 -0.954007864 -9.58362989e-07 0.299781591 -0.954007864 -9.58362989e-07 0.299780726 -0.954008102 2.64303168e-07 0.299780726 -0.954008102 2.64303168e-07 0.299780726 -0.954008102 2.64303168e-07 0.299782425 -0.954007626 -3.05988328e-06 0.299782425 -0.954007626 -3.05988328e-06 0.299782425 -0.954007626 -3.05988328e-06 0.299780667 -0.954008162 -1.80691515e-07 0.299780667 -0.954008162 -1.80691515e-07 0.299780667 -0.954008162 -1.80691515e-07 0.299778461 -0.954008818 -5.27313432e-06 0.299778461 -0.954008818 -5.27313432e-06 0.299778461 -0.954008818 -5.27313432e-06 0.299783975 -0.954007089 5.12430779e-06 0.299783975 -0.954007089 5.12430779e-06 0.299783975 -0.954007089 5.12430779e-06 0.299777955 -0.954008996 -7.42678503e-06 0.299777955 -0.954008996 -7.42678503e-06 0.299777955 -0.954008996 -7.42678503e-06 0.299778223 -0.954008937 -9.41125018e-06 0.299778223 -0.954008937 -9.41125018e-06 0.299778223 -0.954008937 -9.41125018e-06 0.299783766 -0.954007149 9.36564084e-06 0.299783766 -0.954007149 9.36564084e-06 0.299783766 -0.954007149 9.36564084e-06 0.299780756 -0.954008102 -1.35571372e-06 0.299780756 -0.954008102 -1.35571372e-06 0.299780756 -0.954008102 -1.35571372e-06 0.299780965 -0.954008043 -6.13776081e-07 0.299780965 -0.954008043 -6.13776081e-07 0.299780965 -0.954008043 -6.13776081e-07 0.299781591 -0.954007864 1.71911529e-06 0.299781591 -0.954007864 1.71911529e-06 0.299781591 -0.954007864 1.71911529e-06 0.299781799 -0.954007804 2.60865249e-06 0.299781799 -0.954007804 2.60865249e-06 0.299781799 -0.954007804 2.60865249e-06 0.299780786 -0.954008102 -7.82949598e-07 0.299780786 -0.954008102 -7.82949598e-07 0.299780786 -0.954008102 -7.82949598e-07 0.299781144 -0.954007983 5.54419216e-07 0.299781144 -0.954007983 5.54419216e-07 0.299781144 -0.954007983 5.54419216e-07 0.299781322 -0.954007924 8.28289444e-07 0.299781322 -0.954007924 8.28289444e-07 0.299781322 -0.954007924 8.28289444e-07 0.299781293 -0.954007983 8.02976501e-07 0.299781293 -0.954007983 8.02976501e-07 0.299781293 -0.954007983 8.02976501e-07 0.299779713 -0.95400846 -1.80478014e-06 0.299779713 -0.95400846 -1.80478014e-06 0.299779713 -0.95400846 -1.80478014e-06 0.299780041 -0.954008341 -1.4224438e-06 0.299780041 -0.954008341 -1.4224438e-06 0.299780041 -0.954008341 -1.4224438e-06 0.299780935 -0.954008043 -1.19491474e-07 0.299780935 -0.954008043 -1.19491474e-07 0.299780935 -0.954008043 -1.19491474e-07 0.299780995 -0.954008043 -4.15193313e-07 0.299780995 -0.954008043 -4.15193313e-07 0.299780995 -0.954008043 -4.15193313e-07 0.299780935 -0.954008043 5.68980522e-06 0.299780935 -0.954008043 5.68980522e-06 0.299780935 -0.954008043 5.68980522e-06 0.299781173 -0.954007983 -1.23601296e-06 0.299781173 -0.954007983 -1.23601296e-06 0.299781173 -0.954007983 -1.23601296e-06 0.299781203 -0.954007983 -1.53421854e-06 0.299781203 -0.954007983 -1.53421854e-06 0.299781203 -0.954007983 -1.53421854e-06 0.299780667 -0.954008162 1.30101523e-06 0.299780667 -0.954008162 1.30101523e-06 0.299780667 -0.954008162 1.30101523e-06 0.299781561 -0.954007864 -1.76670642e-06 0.299781561 -0.954007864 -1.76670642e-06 0.299781561 -0.954007864 -1.76670642e-06 0.299781144 -0.954007983 -2.52734731e-06 0.299781144 -0.954007983 -2.52734731e-06 0.299781144 -0.954007983 -2.52734731e-06 0.299780905 -0.954008102 7.2502678e-07 0.299780905 -0.954008102 7.2502678e-07 0.299780905 -0.954008102 7.2502678e-07 0.299781442 -0.954007924 -1.70302746e-06 0.299781442 -0.954007924 -1.70302746e-06 0.299781442 -0.954007924 -1.70302746e-06 0.299781024 -0.954008043 1.37273639e-06 0.299781024 -0.954008043 1.37273639e-06 0.299781024 -0.954008043 1.37273639e-06 0.299781114 -0.954007983 8.32794285e-06 0.299781114 -0.954007983 8.32794285e-06 0.299781114 -0.954007983 8.32794285e-06 0.299781114 -0.954007983 -1.68476308e-05 0.299781114 -0.954007983 -1.68476308e-05 0.299781114 -0.954007983 -1.68476308e-05 0.299781233 -0.954007983 -8.32891965e-06 0.299781233 -0.954007983 -8.32891965e-06 0.299781233 -0.954007983 -8.32891965e-06 0.299781233 -0.954007983 7.63305707e-07 0.299781233 -0.954007983 7.63305707e-07 0.299781233 -0.954007983 7.63305707e-07 0.299781084 -0.954008043 -1.37599329e-06 0.299781084 -0.954008043 -1.37599329e-06 0.299781084 -0.954008043 -1.37599329e-06 0.299781084 -0.954008043 3.09757411e-06 0.299781084 -0.954008043 3.09757411e-06 0.299781084 -0.954008043 3.09757411e-06 0.299781442 -0.954007924 7.22786524e-07 0.299781442 -0.954007924 7.22786524e-07 0.299781442 -0.954007924 7.22786524e-07 0.299780518 -0.954008222 -1.03437435e-06 0.299780518 -0.954008222 -1.03437435e-06 0.299780518 -0.954008222 -1.03437435e-06 0.299781531 -0.954007864 1.05523645e-06 0.299781531 -0.954007864 1.05523645e-06 0.299781531 -0.954007864 1.05523645e-06 0.299780518 -0.954008222 6.19378113e-07 0.299780518 -0.954008222 6.19378113e-07 0.299780518 -0.954008222 6.19378113e-07 0.299780637 -0.954008162 4.2866526e-07 0.299780637 -0.954008162 4.2866526e-07 0.299780637 -0.954008162 4.2866526e-07 0.299781054 -0.954008043 6.83132626e-08 0.299781054 -0.954008043 6.83132626e-08 0.299781054 -0.954008043 6.83132626e-08 0.299781919 -0.954007745 -1.05442223e-06 0.299781919 -0.954007745 -1.05442223e-06 0.299781919 -0.954007745 -1.05442223e-06 0.299782157 -0.954007685 -1.23077564e-06 0.299782157 -0.954007685 -1.23077564e-06 0.299782157 -0.954007685 -1.23077564e-06 0.299780637 -0.954008162 4.65947409e-07 0.299780637 -0.954008162 4.65947409e-07 0.299780637 -0.954008162 4.65947409e-07 0.299780846 -0.954008102 3.36074635e-07 0.299780846 -0.954008102 3.36074635e-07 0.299780846 -0.954008102 3.36074635e-07 0.299781084 -0.954008043 1.16872506e-07 0.299781084 -0.954008043 1.16872506e-07 0.299781084 -0.954008043 1.16872506e-07 0.299779803 -0.9540084 7.32381295e-07 0.299779803 -0.9540084 7.32381295e-07 0.299779803 -0.9540084 7.32381295e-07 0.299781322 -0.954007924 -4.63621035e-07 0.299781322 -0.954007924 -4.63621035e-07 0.299781322 -0.954007924 -4.63621035e-07 0.299782604 -0.954007566 -9.42327745e-07 0.299782604 -0.954007566 -9.42327745e-07 0.299782604 -0.954007566 -9.42327745e-07 0.299780816 -0.954008102 2.33795063e-07 0.299780816 -0.954008102 2.33795063e-07 0.299780816 -0.954008102 2.33795063e-07 0.299779505 -0.95400852 5.88263333e-07 0.299779505 -0.95400852 5.88263333e-07 0.299779505 -0.95400852 5.88263333e-07 0.29978013 -0.954008341 2.50507497e-07 0.29978013 -0.954008341 2.50507497e-07 0.29978013 -0.954008341 2.50507497e-07 0.299780935 -0.954008043 1.08236186e-07 0.299780935 -0.954008043 1.08236186e-07 0.299780935 -0.954008043 1.08236186e-07 0.299781471 -0.954007924 -1.27079034e-07 0.299781471 -0.954007924 -1.27079034e-07 0.299781471 -0.954007924 -1.27079034e-07 0.299782425 -0.954007566 -2.13208452e-07 0.299782425 -0.954007566 -2.13208452e-07 0.299782425 -0.954007566 -2.13208452e-07 0.299781799 -0.954007804 -0 0.299781799 -0.954007804 -0 0.299781799 -0.954007804 -0 0.299782455 -0.954007566 0 0.299782455 -0.954007566 0 0.299782455 -0.954007566 0 0.299779028 -0.954008639 7.98058466e-07 0.299779028 -0.954008639 7.98058466e-07 0.299779028 -0.954008639 7.98058466e-07 0.299780786 -0.954008102 9.57835482e-07 0.299780786 -0.954008102 9.57835482e-07 0.299780786 -0.954008102 9.57835482e-07 0.299782783 -0.954007506 6.78538811e-07 0.299782783 -0.954007506 6.78538811e-07 0.299782783 -0.954007506 6.78538811e-07 0.299777508 -0.954009116 -2.74450144e-07 0.299777508 -0.954009116 -2.74450144e-07 0.299777508 -0.954009116 -2.74450144e-07 0.299781591 -0.954007864 -4.77846697e-07 0.299781591 -0.954007864 -4.77846697e-07 0.299781591 -0.954007864 -4.77846697e-07 0.299782902 -0.954007447 -1.15524962e-07 0.299782902 -0.954007447 -1.15524962e-07 0.299782902 -0.954007447 -1.15524962e-07 0.299779385 -0.954008579 -2.55651173e-07 0.299779385 -0.954008579 -2.55651173e-07 0.299779385 -0.954008579 -2.55651173e-07 0.299779594 -0.95400852 -1.80952327e-07 0.299779594 -0.95400852 -1.80952327e-07 0.299779594 -0.95400852 -1.80952327e-07 0.299782872 -0.954007447 2.46697482e-07 0.299782872 -0.954007447 2.46697482e-07 0.299782872 -0.954007447 2.46697482e-07 0.299782723 -0.954007506 1.76726033e-07 0.299782723 -0.954007506 1.76726033e-07 0.299782723 -0.954007506 1.76726033e-07 0.299781114 -0.954007983 -1.80335121e-07 0.299781114 -0.954007983 -1.80335121e-07 0.299781114 -0.954007983 -1.80335121e-07 0.299779207 -0.954008579 -1.30360058e-06 0.299779207 -0.954008579 -1.30360058e-06 0.299779207 -0.954008579 -1.30360058e-06 0.299779475 -0.95400852 -1.22164613e-06 0.299779475 -0.95400852 -1.22164613e-06 0.299779475 -0.95400852 -1.22164613e-06 0.299784184 -0.95400703 2.15028444e-06 0.299784184 -0.95400703 2.15028444e-06 0.299784184 -0.95400703 2.15028444e-06 0.299781829 -0.954007804 1.16104513e-06 0.299781829 -0.954007804 1.16104513e-06 0.299781829 -0.954007804 1.16104513e-06 0.29978025 -0.954008281 -1.81479351e-07 0.29978025 -0.954008281 -1.81479351e-07 0.29978025 -0.954008281 -1.81479351e-07 0.299780369 -0.954008222 -1.19966998e-07 0.299780369 -0.954008222 -1.19966998e-07 0.299780369 -0.954008222 -1.19966998e-07 0.299779683 -0.95400846 -8.34214234e-07 0.299779683 -0.95400846 -8.34214234e-07 0.299779683 -0.95400846 -8.34214234e-07 0.299782455 -0.954007566 9.67264555e-07 0.299782455 -0.954007566 9.67264555e-07 0.299782455 -0.954007566 9.67264555e-07 0.299780995 -0.954008043 -3.82760987e-07 0.299780995 -0.954008043 -3.82760987e-07 0.299780995 -0.954008043 -3.82760987e-07 0.299779892 -0.9540084 1.92423613e-06 0.299779892 -0.9540084 1.92423613e-06 0.299779892 -0.9540084 1.92423613e-06 0.299781144 -0.954007983 2.13859607e-07 0.299781144 -0.954007983 2.13859607e-07 0.299781144 -0.954007983 2.13859607e-07 0.299782604 -0.954007566 -9.44513715e-07 0.299782604 -0.954007566 -9.44513715e-07 0.299782604 -0.954007566 -9.44513715e-07 -0.637694657 -0.200385004 0.743768334 -0.637694657 -0.200385004 0.743768334 -0.637694657 -0.200385004 0.743768334 -0.637697577 -0.20038572 0.743765652 -0.637697577 -0.20038572 0.743765652 -0.637697577 -0.20038572 0.743765652 -0.574323237 -0.18047142 0.798487842 -0.574323237 -0.18047142 0.798487842 -0.574323237 -0.18047142 0.798487842 -0.574321687 -0.180471018 0.798489094 -0.574321687 -0.180471018 0.798489094 -0.574321687 -0.180471018 0.798489094 -0.506641746 -0.159203723 0.847330093 -0.506641746 -0.159203723 0.847330093 -0.506641746 -0.159203723 0.847330093 -0.506642103 -0.159203812 0.847329915 -0.506642103 -0.159203812 0.847329915 -0.506642103 -0.159203812 0.847329915 -0.435234845 -0.136765271 0.889868498 -0.435234845 -0.136765271 0.889868498 -0.435234845 -0.136765271 0.889868498 -0.435234517 -0.136765197 0.889868617 -0.435234517 -0.136765197 0.889868617 -0.435234517 -0.136765197 0.889868617 -0.360572696 -0.113303959 0.925823689 -0.360572696 -0.113303959 0.925823689 -0.360572696 -0.113303959 0.925823689 -0.360572994 -0.113304034 0.925823569 -0.360572994 -0.113304034 0.925823569 -0.360572994 -0.113304034 0.925823569 -0.283264488 -0.0890111253 0.954902232 -0.283264488 -0.0890111253 0.954902232 -0.283264488 -0.0890111253 0.954902232 -0.283264488 -0.0890111253 0.954902232 -0.283264488 -0.0890111253 0.954902232 -0.283264488 -0.0890111253 0.954902232 -0.203853086 -0.0640574247 0.976903558 -0.203853086 -0.0640574247 0.976903558 -0.203853086 -0.0640574247 0.976903558 -0.203853086 -0.0640574247 0.976903558 -0.203853086 -0.0640574247 0.976903558 -0.203853086 -0.0640574247 0.976903558 -0.122914568 -0.0386238471 0.991665363 -0.122914568 -0.0386238471 0.991665363 -0.122914568 -0.0386238471 0.991665363 -0.122914568 -0.0386238471 0.991665363 -0.122914568 -0.0386238471 0.991665363 -0.122914568 -0.0386238471 0.991665363 -0.04106782 -0.0129048759 0.999073029 -0.04106782 -0.0129048759 0.999073029 -0.04106782 -0.0129048759 0.999073029 -0.0410678945 -0.0129048955 0.999073029 -0.0410678945 -0.0129048955 0.999073029 -0.0410678945 -0.0129048955 0.999073029 0 -0 -1 0 -0 -1 0 -0 -1 -0 -0 -1 -0 -0 -1 -0 -0 -1 -0.0410678908 -0.0129048992 -0.999073029 -0.0410678908 -0.0129048992 -0.999073029 -0.0410678908 -0.0129048992 -0.999073029 -0.0410678908 -0.0129048992 -0.999073029 -0.0410678908 -0.0129048992 -0.999073029 -0.0410678908 -0.0129048992 -0.999073029 -0.122914255 -0.0386237502 -0.991665423 -0.122914255 -0.0386237502 -0.991665423 -0.122914255 -0.0386237502 -0.991665423 -0.122914299 -0.0386237688 -0.991665423 -0.122914299 -0.0386237688 -0.991665423 -0.122914299 -0.0386237688 -0.991665423 -0.203813344 -0.0640449449 -0.976912677 -0.203813344 -0.0640449449 -0.976912677 -0.203813344 -0.0640449449 -0.976912677 -0.203813255 -0.0640449151 -0.976912677 -0.203813255 -0.0640449151 -0.976912677 -0.203813255 -0.0640449151 -0.976912677 -0.283265173 -0.0890113488 -0.954901993 -0.283265173 -0.0890113488 -0.954901993 -0.283265173 -0.0890113488 -0.954901993 -0.283265173 -0.0890113488 -0.954901993 -0.283265173 -0.0890113488 -0.954901993 -0.283265173 -0.0890113488 -0.954901993 -0.360608071 -0.113315068 -0.925808549 -0.360608071 -0.113315068 -0.925808549 -0.360608071 -0.113315068 -0.925808549 -0.36060822 -0.11331512 -0.925808489 -0.36060822 -0.11331512 -0.925808489 -0.36060822 -0.11331512 -0.925808489 -0.435203135 -0.136755332 -0.889885485 -0.435203135 -0.136755332 -0.889885485 -0.435203135 -0.136755332 -0.889885485 -0.435202986 -0.136755273 -0.889885604 -0.435202986 -0.136755273 -0.889885604 -0.435202986 -0.136755273 -0.889885604 -0.506640613 -0.159203365 -0.847330868 -0.506640613 -0.159203365 -0.847330868 -0.506640613 -0.159203365 -0.847330868 -0.506640792 -0.159203425 -0.847330749 -0.506640792 -0.159203425 -0.847330749 -0.506640792 -0.159203425 -0.847330749 -0.574322045 -0.180471122 -0.798488796 -0.574322045 -0.180471122 -0.798488796 -0.574322045 -0.180471122 -0.798488796 -0.574321866 -0.180471063 -0.798488915 -0.574321866 -0.180471063 -0.798488915 -0.574321866 -0.180471063 -0.798488915 -0.637697518 -0.200385809 -0.743765652 -0.637697518 -0.200385809 -0.743765652 -0.637697518 -0.200385809 -0.743765652 -0.637697518 -0.200385809 -0.743765652 -0.637697518 -0.200385809 -0.743765652 -0.637697518 -0.200385809 -0.743765652 -0.637452602 -0.200308844 -0.743996322 -0.637452602 -0.200308844 -0.743996322 -0.637452602 -0.200308844 -0.743996322 -0.637451231 -0.200308561 -0.743997574 -0.637451231 -0.200308561 -0.743997574 -0.637451231 -0.200308561 -0.743997574 -0.573433697 -0.180192113 -0.799189985 -0.573433697 -0.180192113 -0.799189985 -0.573433697 -0.180192113 -0.799189985 -0.573433578 -0.180192083 -0.799190044 -0.573433578 -0.180192083 -0.799190044 -0.573433578 -0.180192083 -0.799190044 -0.505120516 -0.158725828 -0.848327398 -0.505120516 -0.158725828 -0.848327398 -0.505120516 -0.158725828 -0.848327398 -0.505121887 -0.158726126 -0.848326504 -0.505121887 -0.158726126 -0.848326504 -0.505121887 -0.158726126 -0.848326504 -0.432976425 -0.136055604 -0.891078174 -0.432976425 -0.136055604 -0.891078174 -0.432976425 -0.136055604 -0.891078174 -0.432975292 -0.136055365 -0.89107877 -0.432975292 -0.136055365 -0.89107877 -0.432975292 -0.136055365 -0.89107877 -0.357576251 -0.112362459 -0.927099705 -0.357576251 -0.112362459 -0.927099705 -0.357576251 -0.112362459 -0.927099705 -0.357577145 -0.112362653 -0.927099347 -0.357577145 -0.112362653 -0.927099347 -0.357577145 -0.112362653 -0.927099347 -0.279474854 -0.0878203139 -0.956128359 -0.279474854 -0.0878203139 -0.956128359 -0.279474854 -0.0878203139 -0.956128359 -0.279474854 -0.0878203139 -0.956128359 -0.279474854 -0.0878203139 -0.956128359 -0.279474854 -0.0878203139 -0.956128359 -0.199258074 -0.0626135245 -0.977944672 -0.199258074 -0.0626135245 -0.977944672 -0.199258074 -0.0626135245 -0.977944672 -0.199258119 -0.0626135319 -0.977944672 -0.199258119 -0.0626135319 -0.977944672 -0.199258119 -0.0626135319 -0.977944672 -0.117540963 -0.0369352847 -0.992380917 -0.117540963 -0.0369352847 -0.992380917 -0.117540963 -0.0369352847 -0.992380917 -0.117540933 -0.0369352773 -0.992380917 -0.117540933 -0.0369352773 -0.992380917 -0.117540933 -0.0369352773 -0.992380917 -0.0349598974 -0.0109855654 -0.999328315 -0.0349598974 -0.0109855654 -0.999328315 -0.0349598974 -0.0109855654 -0.999328315 -0.0349599086 -0.0109855672 -0.999328315 -0.0349599086 -0.0109855672 -0.999328315 -0.0349599086 -0.0109855672 -0.999328315 0.0479162745 0.0150568895 -0.998737872 0.0479162745 0.0150568895 -0.998737872 0.0479162745 0.0150568895 -0.998737872 0.0479162671 0.0150568876 -0.998737872 0.0479162671 0.0150568876 -0.998737872 0.0479162671 0.0150568876 -0.998737872 0.130428836 0.0409850851 -0.990610182 0.130428836 0.0409850851 -0.990610182 0.130428836 0.0409850851 -0.990610182 0.130429626 0.0409852676 -0.990610063 0.130429626 0.0409852676 -0.990610063 0.130429626 0.0409852676 -0.990610063 0.211941913 0.0665991008 -0.975010335 0.211941913 0.0665991008 -0.975010335 0.211941913 0.0665991008 -0.975010335 0.211940706 0.0665988252 -0.975010633 0.211940706 0.0665988252 -0.975010633 0.211940706 0.0665988252 -0.975010633 0.291841358 0.0917062759 -0.952060163 0.291841358 0.0917062759 -0.952060163 0.291841358 0.0917062759 -0.952060163 0.291841328 0.0917062685 -0.952060163 0.291841328 0.0917062685 -0.952060163 0.291841328 0.0917062685 -0.952060163 0.369579852 0.116134301 -0.921912968 0.369579852 0.116134301 -0.921912968 0.369579852 0.116134301 -0.921912968 0.369579792 0.116134286 -0.921913028 0.369579792 0.116134286 -0.921913028 0.369579792 0.116134286 -0.921913028 0.444499671 0.139676616 -0.884822309 0.444499671 0.139676616 -0.884822309 0.444499671 0.139676616 -0.884822309 0.44449982 0.139676645 -0.88482219 0.44449982 0.139676645 -0.88482219 0.44449982 0.139676645 -0.88482219 0.516095698 0.162174463 -0.841037869 0.516095698 0.162174463 -0.841037869 0.516095698 0.162174463 -0.841037869 0.516095757 0.162174463 -0.84103781 0.516095757 0.162174463 -0.84103781 0.516095757 0.162174463 -0.84103781 0.583754778 0.183435187 -0.790937364 0.583754778 0.183435187 -0.790937364 0.583754778 0.183435187 -0.790937364 0.583754599 0.183435157 -0.790937483 0.583754599 0.183435157 -0.790937483 0.583754599 0.183435157 -0.790937483 0.647047341 0.203323826 -0.734839559 0.647047341 0.203323826 -0.734839559 0.647047341 0.203323826 -0.734839559 0.647047341 0.203323826 -0.734839559 0.647047341 0.203323826 -0.734839559 0.647047341 0.203323826 -0.734839559 0.705430388 0.221669719 -0.673223972 0.705430388 0.221669719 -0.673223972 0.705430388 0.221669719 -0.673223972 0.705430448 0.221669748 -0.673223853 0.705430448 0.221669748 -0.673223853 0.705430448 0.221669748 -0.673223853 0.758508503 0.238348618 -0.606510341 0.758508503 0.238348618 -0.606510341 0.758508503 0.238348618 -0.606510341 0.758508444 0.238348618 -0.60651046 0.758508444 0.238348618 -0.60651046 0.758508444 0.238348618 -0.60651046 0.805863261 0.253229082 -0.535219073 0.805863261 0.253229082 -0.535219073 0.805863261 0.253229082 -0.535219073 0.805863202 0.253229052 -0.535219193 0.805863202 0.253229052 -0.535219193 0.805863202 0.253229052 -0.535219193 0.847128391 0.266195953 -0.459905654 0.847128391 0.266195953 -0.459905654 0.847128391 0.266195953 -0.459905654 0.847128451 0.266195983 -0.459905475 0.847128451 0.266195983 -0.459905475 0.847128451 0.266195983 -0.459905475 0.882007301 0.277156085 -0.381113648 0.882007301 0.277156085 -0.381113648 0.882007301 0.277156085 -0.381113648 0.882007301 0.277156085 -0.381113648 0.882007301 0.277156085 -0.381113648 0.882007301 0.277156085 -0.381113648 0.910231352 0.286025017 -0.29944703 0.910231352 0.286025017 -0.29944703 0.910231352 0.286025017 -0.29944703 0.910231352 0.286025017 -0.299447179 0.910231352 0.286025017 -0.299447179 0.910231352 0.286025017 -0.299447179 0.931589186 0.292736351 -0.215515763 0.931589186 0.292736351 -0.215515763 0.931589186 0.292736351 -0.215515763 0.931589246 0.292736351 -0.215515554 0.931589246 0.292736351 -0.215515554 0.931589246 0.292736351 -0.215515554 0.945917428 0.297238737 -0.129959151 0.945917428 0.297238737 -0.129959151 0.945917428 0.297238737 -0.129959151 0.945917428 0.297238737 -0.129959211 0.945917428 0.297238737 -0.129959211 0.945917428 0.297238737 -0.129959211 0.953107774 0.2994982 -0.0434321836 0.953107774 0.2994982 -0.0434321836 0.953107774 0.2994982 -0.0434321836 0.953107774 0.2994982 -0.0434321836 0.953107774 0.2994982 -0.0434321836 0.953107774 0.2994982 -0.0434321836 0.953107774 0.2994982 0.0434321836 0.953107774 0.2994982 0.0434321836 0.953107774 0.2994982 0.0434321836 0.953107774 0.2994982 0.0434321836 0.953107774 0.2994982 0.0434321836 0.953107774 0.2994982 0.0434321836 0.945917428 0.297238737 0.129959151 0.945917428 0.297238737 0.129959151 0.945917428 0.297238737 0.129959151 0.945917428 0.297238737 0.129959211 0.945917428 0.297238737 0.129959211 0.945917428 0.297238737 0.129959211 0.931589186 0.292736351 0.215515763 0.931589186 0.292736351 0.215515763 0.931589186 0.292736351 0.215515763 0.931589186 0.292736381 0.215515554 0.931589186 0.292736381 0.215515554 0.931589186 0.292736381 0.215515554 0.910231352 0.286025017 0.29944703 0.910231352 0.286025017 0.29944703 0.910231352 0.286025017 0.29944703 0.910231352 0.286024988 0.299447179 0.910231352 0.286024988 0.299447179 0.910231352 0.286024988 0.299447179 0.882007301 0.277156085 0.381113648 0.882007301 0.277156085 0.381113648 0.882007301 0.277156085 0.381113648 0.882007301 0.277156085 0.381113648 0.882007301 0.277156085 0.381113648 0.882007301 0.277156085 0.381113648 0.847128391 0.266195953 0.459905654 0.847128391 0.266195953 0.459905654 0.847128391 0.266195953 0.459905654 0.847128451 0.266195983 0.459905475 0.847128451 0.266195983 0.459905475 0.847128451 0.266195983 0.459905475 0.805863261 0.253229082 0.535219073 0.805863261 0.253229082 0.535219073 0.805863261 0.253229082 0.535219073 0.805863202 0.253229052 0.535219193 0.805863202 0.253229052 0.535219193 0.805863202 0.253229052 0.535219193 0.758508503 0.238348633 0.606510341 0.758508503 0.238348633 0.606510341 0.758508503 0.238348633 0.606510341 0.758508444 0.238348603 0.60651046 0.758508444 0.238348603 0.60651046 0.758508444 0.238348603 0.60651046 0.705430388 0.221669704 0.673223972 0.705430388 0.221669704 0.673223972 0.705430388 0.221669704 0.673223972 0.705430448 0.221669763 0.673223853 0.705430448 0.221669763 0.673223853 0.705430448 0.221669763 0.673223853 0.647047341 0.203323826 0.734839559 0.647047341 0.203323826 0.734839559 0.647047341 0.203323826 0.734839559 0.647047341 0.203323826 0.734839559 0.647047341 0.203323826 0.734839559 0.647047341 0.203323826 0.734839559 0.583754778 0.183435202 0.790937364 0.583754778 0.183435202 0.790937364 0.583754778 0.183435202 0.790937364 0.583754599 0.183435142 0.790937483 0.583754599 0.183435142 0.790937483 0.583754599 0.183435142 0.790937483 0.516079605 0.162169397 0.841048717 0.516079605 0.162169397 0.841048717 0.516079605 0.162169397 0.841048717 0.516079664 0.162169412 0.841048658 0.516079664 0.162169412 0.841048658 0.516079664 0.162169412 0.841048658 0.444517493 0.139682189 0.884812474 0.444517493 0.139682189 0.884812474 0.444517493 0.139682189 0.884812474 0.444517612 0.139682248 0.884812415 0.444517612 0.139682248 0.884812415 0.444517612 0.139682248 0.884812415 0.36956054 0.116128236 0.921921492 0.36956054 0.116128236 0.921921492 0.36956054 0.116128236 0.921921492 0.36956048 0.116128206 0.921921551 0.36956048 0.116128206 0.921921551 0.36956048 0.116128206 0.921921551 0.291861951 0.0917127505 0.952053249 0.291861951 0.0917127505 0.952053249 0.291861951 0.0917127505 0.952053249 0.291861922 0.0917127356 0.952053249 0.291861922 0.0917127356 0.952053249 0.291861922 0.0917127356 0.952053249 0.211941883 0.0665991977 0.975010335 0.211941883 0.0665991977 0.975010335 0.211941883 0.0665991977 0.975010335 0.211940736 0.0665987357 0.975010633 0.211940736 0.0665987357 0.975010633 0.211940736 0.0665987357 0.975010633 0.130428851 0.0409850255 0.990610182 0.130428851 0.0409850255 0.990610182 0.130428851 0.0409850255 0.990610182 0.130429611 0.0409853309 0.990610063 0.130429611 0.0409853309 0.990610063 0.130429611 0.0409853309 0.990610063 0.0479162745 0.0150568904 0.998737872 0.0479162745 0.0150568904 0.998737872 0.0479162745 0.0150568904 0.998737872 0.0479162671 0.0150568867 0.998737872 0.0479162671 0.0150568867 0.998737872 0.0479162671 0.0150568867 0.998737872 -0.0349598974 -0.0109855644 0.999328315 -0.0349598974 -0.0109855644 0.999328315 -0.0349598974 -0.0109855644 0.999328315 -0.0349599048 -0.0109855682 0.999328315 -0.0349599048 -0.0109855682 0.999328315 -0.0349599048 -0.0109855682 0.999328315 -0.117540963 -0.0369352885 0.992380917 -0.117540963 -0.0369352885 0.992380917 -0.117540963 -0.0369352885 0.992380917 -0.117540933 -0.0369352773 0.992380917 -0.117540933 -0.0369352773 0.992380917 -0.117540933 -0.0369352773 0.992380917 -0.1992798 -0.0626203492 0.977939785 -0.1992798 -0.0626203492 0.977939785 -0.1992798 -0.0626203492 0.977939785 -0.199279845 -0.0626203716 0.977939785 -0.199279845 -0.0626203716 0.977939785 -0.199279845 -0.0626203716 0.977939785 -0.279454082 -0.0878137872 0.956135035 -0.279454082 -0.0878137872 0.956135035 -0.279454082 -0.0878137872 0.956135035 -0.279454082 -0.0878137872 0.956135035 -0.279454082 -0.0878137872 0.956135035 -0.279454082 -0.0878137872 0.956135035 -0.357576281 -0.112362385 0.927099705 -0.357576281 -0.112362385 0.927099705 -0.357576281 -0.112362385 0.927099705 -0.357577115 -0.112362728 0.927099347 -0.357577115 -0.112362728 0.927099347 -0.357577115 -0.112362728 0.927099347 -0.432976395 -0.136055708 0.891078174 -0.432976395 -0.136055708 0.891078174 -0.432976395 -0.136055708 0.891078174 -0.432975322 -0.136055261 0.89107877 -0.432975322 -0.136055261 0.89107877 -0.432975322 -0.136055261 0.89107877 -0.505120575 -0.158725709 0.848327398 -0.505120575 -0.158725709 0.848327398 -0.505120575 -0.158725709 0.848327398 -0.505121827 -0.158726245 0.848326504 -0.505121827 -0.158726245 0.848326504 -0.505121827 -0.158726245 0.848326504 -0.573448241 -0.180196688 0.799178481 -0.573448241 -0.180196688 0.799178481 -0.573448241 -0.180196688 0.799178481 -0.573448122 -0.180196643 0.7991786 -0.573448122 -0.180196643 0.7991786 -0.573448122 -0.180196643 0.7991786 -0.637439966 -0.20030503 0.744008183 -0.637439966 -0.20030503 0.744008183 -0.637439966 -0.20030503 0.744008183 -0.637438715 -0.200304464 0.744009435 -0.637438715 -0.200304464 0.744009435 -0.637438715 -0.200304464 0.744009435 -0.953100026 -0.299495816 -0.0436192751 -0.953100026 -0.299495816 -0.0436192751 -0.953100026 -0.299495816 -0.0436192751 -0.953100026 -0.299495816 -0.0436192751 -0.953100026 -0.299495816 -0.0436192751 -0.953100026 -0.299495816 -0.0436192751 -0.94584626 -0.297216445 -0.130526647 -0.94584626 -0.297216445 -0.130526647 -0.94584626 -0.297216445 -0.130526647 -0.945846498 -0.297216475 -0.130525067 -0.945846498 -0.297216475 -0.130525067 -0.945846498 -0.297216475 -0.130525067 -0.931393206 -0.29267475 -0.216444522 -0.931393206 -0.29267475 -0.216444522 -0.931393206 -0.29267475 -0.216444522 -0.931393206 -0.29267475 -0.216444522 -0.931393206 -0.29267475 -0.216444522 -0.931393206 -0.29267475 -0.216444522 -0.909852445 -0.285905927 -0.300709665 -0.909852445 -0.285905927 -0.300709665 -0.909852445 -0.285905927 -0.300709665 -0.909852445 -0.285905927 -0.300709665 -0.909852445 -0.285905927 -0.300709665 -0.909852445 -0.285905927 -0.300709665 -0.88139236 -0.276962847 -0.382673562 -0.88139236 -0.276962847 -0.382673562 -0.88139236 -0.276962847 -0.382673562 -0.88139236 -0.276962847 -0.382673562 -0.88139236 -0.276962847 -0.382673562 -0.88139236 -0.276962847 -0.382673562 -0.846215665 -0.265909135 -0.461748153 -0.846215665 -0.265909135 -0.461748153 -0.846215665 -0.265909135 -0.461748153 -0.84621501 -0.265908986 -0.461749434 -0.84621501 -0.265908986 -0.461749434 -0.84621501 -0.265908986 -0.461749434 -0.804596484 -0.252831042 -0.537309051 -0.804596484 -0.252831042 -0.537309051 -0.804596484 -0.252831042 -0.537309051 -0.804596484 -0.252831042 -0.537309051 -0.804596484 -0.252831042 -0.537309051 -0.804596484 -0.252831042 -0.537309051 -0.756883442 -0.23783803 -0.608736813 -0.756883442 -0.23783803 -0.608736813 -0.756883442 -0.23783803 -0.608736813 -0.756884217 -0.237838224 -0.6087358 -0.756884217 -0.237838224 -0.6087358 -0.756884217 -0.237838224 -0.6087358 -0.703378022 -0.221024781 -0.675579309 -0.703378022 -0.221024781 -0.675579309 -0.703378022 -0.221024781 -0.675579309 -0.703378737 -0.22102499 -0.675578475 -0.703378737 -0.22102499 -0.675578475 -0.703378737 -0.22102499 -0.675578475 -0.644496739 -0.202522308 -0.73729825 -0.644496739 -0.202522308 -0.73729825 -0.644496739 -0.202522308 -0.73729825 -0.644495964 -0.202522099 -0.737298965 -0.644495964 -0.202522099 -0.737298965 -0.644495964 -0.202522099 -0.737298965 -0.580764711 -0.182495624 -0.793352187 -0.580764711 -0.182495624 -0.793352187 -0.580764711 -0.182495624 -0.793352187 -0.580764711 -0.182495624 -0.793352187 -0.580764711 -0.182495624 -0.793352187 -0.580764711 -0.182495624 -0.793352187 -0.512574852 -0.161068082 -0.843400359 -0.512574852 -0.161068082 -0.843400359 -0.512574852 -0.161068082 -0.843400359 -0.512574136 -0.161067888 -0.843400776 -0.512574136 -0.161067888 -0.843400776 -0.512574136 -0.161067888 -0.843400776 -0.440535665 -0.138430998 -0.886997879 -0.440535665 -0.138430998 -0.886997879 -0.440535665 -0.138430998 -0.886997879 -0.440535665 -0.138430998 -0.886997879 -0.440535665 -0.138430998 -0.886997879 -0.440535665 -0.138430998 -0.886997879 -0.365095675 -0.114725232 -0.92387408 -0.365095675 -0.114725232 -0.92387408 -0.365095675 -0.114725232 -0.92387408 -0.365096211 -0.114725389 -0.923873842 -0.365096211 -0.114725389 -0.923873842 -0.365096211 -0.114725389 -0.923873842 -0.286877781 -0.0901465565 -0.953716278 -0.286877781 -0.0901465565 -0.953716278 -0.286877781 -0.0901465565 -0.953716278 -0.286877334 -0.0901464298 -0.953716397 -0.286877334 -0.0901464298 -0.953716397 -0.286877334 -0.0901464298 -0.953716397 -0.206462592 -0.0648774281 -0.976301253 -0.206462592 -0.0648774281 -0.976301253 -0.206462592 -0.0648774281 -0.976301253 -0.20646292 -0.064877525 -0.976301193 -0.20646292 -0.064877525 -0.976301193 -0.20646292 -0.064877525 -0.976301193 -0.124496855 -0.0391210578 -0.991448462 -0.124496855 -0.0391210578 -0.991448462 -0.124496855 -0.0391210578 -0.991448462 -0.124496534 -0.0391209684 -0.991448522 -0.124496534 -0.0391209684 -0.991448522 -0.124496534 -0.0391209684 -0.991448522 -0.041634392 -0.0130829159 -0.999047279 -0.041634392 -0.0130829159 -0.999047279 -0.041634392 -0.0130829159 -0.999047279 -0.0416346081 -0.0130829765 -0.99904722 -0.0416346081 -0.0130829765 -0.99904722 -0.0416346081 -0.0130829765 -0.99904722 -0.0416343957 -0.0130829103 0.999047279 -0.0416343957 -0.0130829103 0.999047279 -0.0416343957 -0.0130829103 0.999047279 -0.0416346043 -0.013082983 0.99904722 -0.0416346043 -0.013082983 0.99904722 -0.0416346043 -0.013082983 0.99904722 -0.124496855 -0.0391210653 0.991448462 -0.124496855 -0.0391210653 0.991448462 -0.124496855 -0.0391210653 0.991448462 -0.124496542 -0.0391209573 0.991448522 -0.124496542 -0.0391209573 0.991448522 -0.124496542 -0.0391209573 0.991448522 -0.206540242 -0.0649018213 0.976283193 -0.206540242 -0.0649018213 0.976283193 -0.206540242 -0.0649018213 0.976283193 -0.20654057 -0.0649019331 0.976283133 -0.20654057 -0.0649019331 0.976283133 -0.20654057 -0.0649019331 0.976283133 -0.286877781 -0.0901465639 0.953716278 -0.286877781 -0.0901465639 0.953716278 -0.286877781 -0.0901465639 0.953716278 -0.286877364 -0.0901464149 0.953716397 -0.286877364 -0.0901464149 0.953716397 -0.286877364 -0.0901464149 0.953716397 -0.365026116 -0.114703365 0.92390424 -0.365026116 -0.114703365 0.92390424 -0.365026116 -0.114703365 0.92390424 -0.365026653 -0.114703551 0.923904002 -0.365026653 -0.114703551 0.923904002 -0.365026653 -0.114703551 0.923904002 -0.440535665 -0.138430998 0.886997879 -0.440535665 -0.138430998 0.886997879 -0.440535665 -0.138430998 0.886997879 -0.440535665 -0.138430998 0.886997879 -0.440535665 -0.138430998 0.886997879 -0.440535665 -0.138430998 0.886997879 -0.512574792 -0.161068097 0.843400359 -0.512574792 -0.161068097 0.843400359 -0.512574792 -0.161068097 0.843400359 -0.512574136 -0.161067858 0.843400776 -0.512574136 -0.161067858 0.843400776 -0.512574136 -0.161067858 0.843400776 -0.580764711 -0.182495624 0.793352187 -0.580764711 -0.182495624 0.793352187 -0.580764711 -0.182495624 0.793352187 -0.580764711 -0.182495624 0.793352187 -0.580764711 -0.182495624 0.793352187 -0.580764711 -0.182495624 0.793352187 -0.644541025 -0.202536255 0.737255692 -0.644541025 -0.202536255 0.737255692 -0.644541025 -0.202536255 0.737255692 -0.64454025 -0.202535987 0.737256408 -0.64454025 -0.202535987 0.737256408 -0.64454025 -0.202535987 0.737256408 -0.703340828 -0.221013069 0.675621867 -0.703340828 -0.221013069 0.675621867 -0.703340828 -0.221013069 0.675621867 -0.703341544 -0.221013337 0.675621033 -0.703341544 -0.221013337 0.675621033 -0.703341544 -0.221013337 0.675621033 -0.756883502 -0.237838 0.608736813 -0.756883502 -0.237838 0.608736813 -0.756883502 -0.237838 0.608736813 -0.756884217 -0.237838268 0.6087358 -0.756884217 -0.237838268 0.6087358 -0.756884217 -0.237838268 0.6087358 -0.804596484 -0.252831042 0.537309051 -0.804596484 -0.252831042 0.537309051 -0.804596484 -0.252831042 0.537309051 -0.804596484 -0.252831042 0.537309051 -0.804596484 -0.252831042 0.537309051 -0.804596484 -0.252831042 0.537309051 -0.846215665 -0.265909195 0.461748153 -0.846215665 -0.265909195 0.461748153 -0.846215665 -0.265909195 0.461748153 -0.846215069 -0.265908957 0.461749434 -0.846215069 -0.265908957 0.461749434 -0.846215069 -0.265908957 0.461749434 -0.88139236 -0.276962847 0.382673562 -0.88139236 -0.276962847 0.382673562 -0.88139236 -0.276962847 0.382673562 -0.88139236 -0.276962847 0.382673562 -0.88139236 -0.276962847 0.382673562 -0.88139236 -0.276962847 0.382673562 -0.909852445 -0.285905927 0.300709665 -0.909852445 -0.285905927 0.300709665 -0.909852445 -0.285905927 0.300709665 -0.909852445 -0.285905927 0.300709665 -0.909852445 -0.285905927 0.300709665 -0.909852445 -0.285905927 0.300709665 -0.931393206 -0.29267475 0.216444522 -0.931393206 -0.29267475 0.216444522 -0.931393206 -0.29267475 0.216444522 -0.931393206 -0.29267475 0.216444522 -0.931393206 -0.29267475 0.216444522 -0.931393206 -0.29267475 0.216444522 -0.945846319 -0.297216415 0.130526647 -0.945846319 -0.297216415 0.130526647 -0.945846319 -0.297216415 0.130526647 -0.945846498 -0.297216505 0.130525067 -0.945846498 -0.297216505 0.130525067 -0.945846498 -0.297216505 0.130525067 -0.953100026 -0.299495816 0.0436192751 -0.953100026 -0.299495816 0.0436192751 -0.953100026 -0.299495816 0.0436192751 -0.953100026 -0.299495816 0.0436192751 -0.953100026 -0.299495816 0.0436192751 -0.953100026 -0.299495816 0.0436192751 -0.954008043 -0.299781054 0 -0.954008043 -0.299781054 0 -0.954008043 -0.299781054 0 -0.954008043 -0.299781054 -0 -0.954008043 -0.299781054 -0 -0.954008043 -0.299781054 -0 0.299780965 -0.954008043 0 0.299780965 -0.954008043 0 0.299780965 -0.954008043 0 0.299780965 -0.954008043 -0 0.299780965 -0.954008043 -0 0.299780965 -0.954008043 -0 -0.940023601 -0.341109395 -0 -0.940023601 -0.341109395 -0 -0.940023601 -0.341109395 -0 -0.940023601 -0.341109395 0 -0.940023601 -0.341109395 0 -0.940023601 -0.341109395 0 -0.9067173 -0.421738923 0 -0.9067173 -0.421738923 0 -0.9067173 -0.421738923 0 -0.9067173 -0.421738923 0 -0.9067173 -0.421738923 0 -0.9067173 -0.421738923 0 -0.866508424 -0.499162436 0 -0.866508424 -0.499162436 0 -0.866508424 -0.499162436 0 -0.866508424 -0.499162436 0 -0.866508424 -0.499162436 0 -0.866508424 -0.499162436 0 -0.819709539 -0.572779417 0 -0.819709539 -0.572779417 0 -0.819709539 -0.572779417 0 -0.819709539 -0.572779417 0 -0.819709539 -0.572779417 0 -0.819709539 -0.572779417 0 -0.766665816 -0.642046392 0 -0.766665816 -0.642046392 0 -0.766665816 -0.642046392 0 -0.766665816 -0.642046392 0 -0.766665816 -0.642046392 0 -0.766665816 -0.642046392 0 -0.707793713 -0.70641923 0 -0.707793713 -0.70641923 0 -0.707793713 -0.70641923 0 -0.707793713 -0.70641923 0 -0.707793713 -0.70641923 0 -0.707793713 -0.70641923 0 -0.643527091 -0.765423357 0 -0.643527091 -0.765423357 0 -0.643527091 -0.765423357 0 -0.643527091 -0.765423357 0 -0.643527091 -0.765423357 0 -0.643527091 -0.765423357 0 -0.57436955 -0.818596125 0 -0.57436955 -0.818596125 0 -0.57436955 -0.818596125 0 -0.57436955 -0.818596125 0 -0.57436955 -0.818596125 0 -0.57436955 -0.818596125 0 -0.500840068 -0.865539849 0 -0.500840068 -0.865539849 0 -0.500840068 -0.865539849 0 -0.500840068 -0.865539849 0 -0.500840068 -0.865539849 0 -0.500840068 -0.865539849 0 -0.423497558 -0.90589726 0 -0.423497558 -0.90589726 0 -0.423497558 -0.90589726 0 -0.423497558 -0.90589726 0 -0.423497558 -0.90589726 0 -0.423497558 -0.90589726 0 -0.342930317 -0.939360857 0 -0.342930317 -0.939360857 0 -0.342930317 -0.939360857 0 -0.342930317 -0.939360857 0 -0.342930317 -0.939360857 0 -0.342930317 -0.939360857 0 -0.259753972 -0.965674818 0 -0.259753972 -0.965674818 0 -0.259753972 -0.965674818 0 -0.259753972 -0.965674818 0 -0.259753972 -0.965674818 0 -0.259753972 -0.965674818 0 -0.174604148 -0.984638691 0 -0.174604148 -0.984638691 0 -0.174604148 -0.984638691 0 -0.174604148 -0.984638691 0 -0.174604148 -0.984638691 0 -0.174604148 -0.984638691 0 -0.0881222859 -0.996109664 0 -0.0881222859 -0.996109664 0 -0.0881222859 -0.996109664 0 -0.0881222859 -0.996109664 0 -0.0881222859 -0.996109664 0 -0.0881222859 -0.996109664 0 -0.000969690038 -0.999999523 0 -0.000969690038 -0.999999523 0 -0.000969690038 -0.999999523 0 -0.000969690038 -0.999999523 0 -0.000969690038 -0.999999523 0 -0.000969690038 -0.999999523 0 0.0861917809 -0.996278584 -0 0.0861917809 -0.996278584 -0 0.0861917809 -0.996278584 -0 0.0861917809 -0.996278584 0 0.0861917809 -0.996278584 0 0.0861917809 -0.996278584 0 0.172691286 -0.984975994 -0 0.172691286 -0.984975994 -0 0.172691286 -0.984975994 -0 0.172691286 -0.984975994 0 0.172691286 -0.984975994 0 0.172691286 -0.984975994 0 0.25788635 -0.966175258 -0 0.25788635 -0.966175258 -0 0.25788635 -0.966175258 -0 0.25788635 -0.966175258 0 0.25788635 -0.966175258 0 0.25788635 -0.966175258 0 -0.954007983 -0.299781114 -0 -0.954007983 -0.299781114 -0 -0.954007983 -0.299781114 -0 -0.954007983 -0.299781114 -0 -0.954007983 -0.299781114 -0 -0.954007983 -0.299781114 -0 -0.966177642 -0.257877499 0 -0.966177642 -0.257877499 0 -0.966177642 -0.257877499 0 -0.966177642 -0.257877499 0 -0.966177642 -0.257877499 0 -0.966177642 -0.257877499 0 -0.984975398 -0.172694847 -0 -0.984975398 -0.172694847 -0 -0.984975398 -0.172694847 -0 -0.984975398 -0.172694847 0 -0.984975398 -0.172694847 0 -0.984975398 -0.172694847 0 -0.996278942 -0.0861873627 -0 -0.996278942 -0.0861873627 -0 -0.996278942 -0.0861873627 -0 -0.996278942 -0.0861873627 0 -0.996278942 -0.0861873627 0 -0.996278942 -0.0861873627 0 -0.999999523 0.000969696499 -0 -0.999999523 0.000969696499 -0 -0.999999523 0.000969696499 -0 -0.999999523 0.000969696499 0 -0.999999523 0.000969696499 0 -0.999999523 0.000969696499 0 -0.996110082 0.0881178752 -0 -0.996110082 0.0881178752 -0 -0.996110082 0.0881178752 -0 -0.996110082 0.0881178752 0 -0.996110082 0.0881178752 0 -0.996110082 0.0881178752 0 -0.984639704 0.174598679 -0 -0.984639704 0.174598679 -0 -0.984639704 0.174598679 -0 -0.984639704 0.174598679 0 -0.984639704 0.174598679 0 -0.984639704 0.174598679 0 -0.965672433 0.259762824 -0 -0.965672433 0.259762824 -0 -0.965672433 0.259762824 -0 -0.965672433 0.259762824 0 -0.965672433 0.259762824 0 -0.965672433 0.259762824 0 -0.939362526 0.342925668 -0 -0.939362526 0.342925668 -0 -0.939362526 0.342925668 -0 -0.939362526 0.342925668 0 -0.939362526 0.342925668 0 -0.939362526 0.342925668 0 -0.905896425 0.423499256 -0 -0.905896425 0.423499256 -0 -0.905896425 0.423499256 -0 -0.905896425 0.423499256 0 -0.905896425 0.423499256 0 -0.905896425 0.423499256 0 -0.865542352 0.500835776 -0 -0.865542352 0.500835776 -0 -0.865542352 0.500835776 -0 -0.865542352 0.500835776 0 -0.865542352 0.500835776 0 -0.865542352 0.500835776 0 -0.818594754 0.574371457 -0 -0.818594754 0.574371457 -0 -0.818594754 0.574371457 -0 -0.818594754 0.574371457 0 -0.818594754 0.574371457 0 -0.818594754 0.574371457 0 -0.765420139 0.643530905 -0 -0.765420139 0.643530905 -0 -0.765420139 0.643530905 -0 -0.765420139 0.643530905 0 -0.765420139 0.643530905 0 -0.765420139 0.643530905 0 -0.706422567 0.707790375 -0 -0.706422567 0.707790375 -0 -0.706422567 0.707790375 -0 -0.706422567 0.707790375 0 -0.706422567 0.707790375 0 -0.706422567 0.707790375 0 -0.642041326 0.766670048 -0 -0.642041326 0.766670048 -0 -0.642041326 0.766670048 -0 -0.642041326 0.766670048 0 -0.642041326 0.766670048 0 -0.642041326 0.766670048 0 -0.572782993 0.819707036 -0 -0.572782993 0.819707036 -0 -0.572782993 0.819707036 -0 -0.572782993 0.819707036 0 -0.572782993 0.819707036 0 -0.572782993 0.819707036 0 -0.499160767 0.866509378 -0 -0.499160767 0.866509378 -0 -0.499160767 0.866509378 -0 -0.499160767 0.866509378 0 -0.499160767 0.866509378 0 -0.499160767 0.866509378 0 -0.421738118 0.906717658 -0 -0.421738118 0.906717658 -0 -0.421738118 0.906717658 -0 -0.421738118 0.906717658 0 -0.421738118 0.906717658 0 -0.421738118 0.906717658 0 -0.341111273 0.940022945 -0 -0.341111273 0.940022945 -0 -0.341111273 0.940022945 -0 -0.341111273 0.940022945 0 -0.341111273 0.940022945 0 -0.341111273 0.940022945 0 -0.299781084 0.954008043 0 -0.299781084 0.954008043 0 -0.299781084 0.954008043 0 -0.299781084 0.954008043 -0 -0.299781084 0.954008043 -0 -0.299781084 0.954008043 -0 -0.223222643 0.974767506 -0.000122544559 -0.223222643 0.974767506 -0.000122544559 -0.223222643 0.974767506 -0.000122544559 -0.241479456 0.969949067 -0.0297731347 -0.241479456 0.969949067 -0.0297731347 -0.241479456 0.969949067 -0.0297731347 -0.239735007 0.970464289 -0.0269480646 -0.239735007 0.970464289 -0.0269480646 -0.239735007 0.970464289 -0.0269480646 -0.237993196 0.970959127 -0.0244457889 -0.237993196 0.970959127 -0.0244457889 -0.237993196 0.970959127 -0.0244457889 -0.236301556 0.971429884 -0.0220345594 -0.236301556 0.971429884 -0.0220345594 -0.236301556 0.971429884 -0.0220345594 -0.234381363 0.971946955 -0.0196074266 -0.234381363 0.971946955 -0.0196074266 -0.234381363 0.971946955 -0.0196074266 -0.232961312 0.972322285 -0.017844934 -0.232961312 0.972322285 -0.017844934 -0.232961312 0.972322285 -0.017844934 -0.231481627 0.97270447 -0.0161951203 -0.231481627 0.97270447 -0.0161951203 -0.231481627 0.97270447 -0.0161951203 -0.230131537 0.973047972 -0.0147341713 -0.230131537 0.973047972 -0.0147341713 -0.230131537 0.973047972 -0.0147341713 -0.228558794 0.973440886 -0.0131823514 -0.228558794 0.973440886 -0.0131823514 -0.228558794 0.973440886 -0.0131823514 -0.2271294 0.973792732 -0.01182999 -0.2271294 0.973792732 -0.01182999 -0.2271294 0.973792732 -0.01182999 -0.225504562 0.97418654 -0.010405805 -0.225504562 0.97418654 -0.010405805 -0.225504562 0.97418654 -0.010405805 -0.224086776 0.974525511 -0.00922742765 -0.224086776 0.974525511 -0.00922742765 -0.224086776 0.974525511 -0.00922742765 -0.222606003 0.974875093 -0.00806784723 -0.222606003 0.974875093 -0.00806784723 -0.222606003 0.974875093 -0.00806784723 -0.2214441 0.975146413 -0.00721373968 -0.2214441 0.975146413 -0.00721373968 -0.2214441 0.975146413 -0.00721373968 -0.22071363 0.97531563 -0.00670447806 -0.22071363 0.97531563 -0.00670447806 -0.22071363 0.97531563 -0.00670447806 -0.219829291 0.975519121 -0.00612446479 -0.219829291 0.975519121 -0.00612446479 -0.219829291 0.975519121 -0.00612446479 -0.218725115 0.975771427 -0.00542624015 -0.218725115 0.975771427 -0.00542624015 -0.218725115 0.975771427 -0.00542624015 -0.217551664 0.976037323 -0.00473266747 -0.217551664 0.976037323 -0.00473266747 -0.217551664 0.976037323 -0.00473266747 -0.21629034 0.976320863 -0.00400978699 -0.21629034 0.976320863 -0.00400978699 -0.21629034 0.976320863 -0.00400978699 -0.214941159 0.976621509 -0.00328287296 -0.214941159 0.976621509 -0.00328287296 -0.214941159 0.976621509 -0.00328287296 -0.213497147 0.976940453 -0.00252427626 -0.213497147 0.976940453 -0.00252427626 -0.213497147 0.976940453 -0.00252427626 -0.211942822 0.977280498 -0.00175117992 -0.211942822 0.977280498 -0.00175117992 -0.211942822 0.977280498 -0.00175117992 -0.209975019 0.977706432 -0.000791783503 -0.209975019 0.977706432 -0.000791783503 -0.209975019 0.977706432 -0.000791783503 -0.208255678 0.978074431 0 -0.208255678 0.978074431 0 -0.208255678 0.978074431 0 -0.209760338 0.977752566 0.000692894391 -0.209760338 0.977752566 0.000692894391 -0.209760338 0.977752566 0.000692894391 -0.211734906 0.977325737 0.00164888706 -0.211734906 0.977325737 0.00164888706 -0.211734906 0.977325737 0.00164888706 -0.213221148 0.977001071 0.00238807616 -0.213221148 0.977001071 0.00238807616 -0.213221148 0.977001071 0.00238807616 -0.214695513 0.976675928 0.00315351458 -0.214695513 0.976675928 0.00315351458 -0.214695513 0.976675928 0.00315351458 -0.215994522 0.976386964 0.00385335507 -0.215994522 0.976386964 0.00385335507 -0.215994522 0.976386964 0.00385335507 -0.217295781 0.976095021 0.00458616065 -0.217295781 0.976095021 0.00458616065 -0.217295781 0.976095021 0.00458616065 -0.218435392 0.975837231 0.00525968336 -0.218435392 0.975837231 0.00525968336 -0.218435392 0.975837231 0.00525968336 -0.219582871 0.975575626 0.00596823124 -0.219582871 0.975575626 0.00596823124 -0.219582871 0.975575626 0.00596823124 -0.220557794 0.975351512 0.00660761958 -0.220557794 0.975351512 0.00660761958 -0.220557794 0.975351512 0.00660761958 -0.22134316 0.975169837 0.00714289723 -0.22134316 0.975169837 0.00714289723 -0.22134316 0.975169837 0.00714289723 -0.22214821 0.974982202 0.00773463491 -0.22214821 0.974982202 0.00773463491 -0.22214821 0.974982202 0.00773463491 -0.223602623 0.974640429 0.00882456638 -0.223602623 0.974640429 0.00882456638 -0.223602623 0.974640429 0.00882456638 -0.226277635 0.974000156 0.0110485563 -0.226277635 0.974000156 0.0110485563 -0.226277635 0.974000156 0.0110485563 -0.227839902 0.973618388 0.012500436 -0.227839902 0.973618388 0.012500436 -0.227839902 0.973618388 0.012500436 -0.229236573 0.973272562 0.0138222268 -0.229236573 0.973272562 0.0138222268 -0.229236573 0.973272562 0.0138222268 -0.23074545 0.972892284 0.0153990425 -0.23074545 0.972892284 0.0153990425 -0.23074545 0.972892284 0.0153990425 -0.232122645 0.972539902 0.0168897826 -0.232122645 0.972539902 0.0168897826 -0.232122645 0.972539902 0.0168897826 -0.233552486 0.972166538 0.0185852535 -0.233552486 0.972166538 0.0185852535 -0.233552486 0.972166538 0.0185852535 -0.235218003 0.971723199 0.0206532646 -0.235218003 0.971723199 0.0206532646 -0.235218003 0.971723199 0.0206532646 -0.260724068 0.965413392 -8.5767977e-05 -0.260724068 0.965413392 -8.5767977e-05 -0.260724068 0.965413392 -8.5767977e-05 -0.223222181 0.97476548 0.00202327501 -0.223222181 0.97476548 0.00202327501 -0.223222181 0.97476548 0.00202327501 -0.238776654 0.970737636 0.0255758353 -0.238776654 0.970737636 0.0255758353 -0.238776654 0.970737636 0.0255758353 -0.237097085 0.971209347 0.0231805183 -0.237097085 0.971209347 0.0231805183 -0.237097085 0.971209347 0.0231805183 -0.332617968 0.94306165 -0.000168728948 -0.332617968 0.94306165 -0.000168728948 -0.332617968 0.94306165 -0.000168728948 -0.33444351 0.942415774 3.07437294e-05 -0.33444351 0.942415774 3.07437294e-05 -0.33444351 0.942415774 3.07437294e-05 -0.330340922 0.943861544 -0.00049931783 -0.330340922 0.943861544 -0.00049931783 -0.330340922 0.943861544 -0.00049931783 -0.328179836 0.944614708 -0.00102883112 -0.328179836 0.944614708 -0.00102883112 -0.328179836 0.944614708 -0.00102883112 -0.325316161 0.945603609 -0.00179289212 -0.325316161 0.945603609 -0.00179289212 -0.325316161 0.945603609 -0.00179289212 -0.323121041 0.946353912 -0.00266298279 -0.323121041 0.946353912 -0.00266298279 -0.323121041 0.946353912 -0.00266298279 -0.320626974 0.947198451 -0.00365785486 -0.320626974 0.947198451 -0.00365785486 -0.320626974 0.947198451 -0.00365785486 -0.318105787 0.948041618 -0.00507429382 -0.318105787 0.948041618 -0.00507429382 -0.318105787 0.948041618 -0.00507429382 -0.31556204 0.94888258 -0.00651830016 -0.31556204 0.94888258 -0.00651830016 -0.31556204 0.94888258 -0.00651830016 -0.31290713 0.949745953 -0.0084720375 -0.31290713 0.949745953 -0.0084720375 -0.31290713 0.949745953 -0.0084720375 -0.310097009 0.950646222 -0.0105652651 -0.310097009 0.950646222 -0.0105652651 -0.310097009 0.950646222 -0.0105652651 -0.307084918 0.951589048 -0.0133087635 -0.307084918 0.951589048 -0.0133087635 -0.307084918 0.951589048 -0.0133087635 -0.30387494 0.952573001 -0.0162688941 -0.30387494 0.952573001 -0.0162688941 -0.30387494 0.952573001 -0.0162688941 -0.299716651 0.953802884 -0.0207349099 -0.299716651 0.953802884 -0.0207349099 -0.299716651 0.953802884 -0.0207349099 -0.300216734 0.953633249 -0.0212973561 -0.300216734 0.953633249 -0.0212973561 -0.300216734 0.953633249 -0.0212973561 -0.296714246 0.954807281 -0.0174274351 -0.296714246 0.954807281 -0.0174274351 -0.296714246 0.954807281 -0.0174274351 -0.293286055 0.95592016 -0.0141418111 -0.293286055 0.95592016 -0.0141418111 -0.293286055 0.95592016 -0.0141418111 -0.290371627 0.956845522 -0.011445526 -0.290371627 0.956845522 -0.011445526 -0.290371627 0.956845522 -0.011445526 -0.287429243 0.957758307 -0.00913194008 -0.287429243 0.957758307 -0.00913194008 -0.287429243 0.957758307 -0.00913194008 -0.2848472 0.958545744 -0.0072169085 -0.2848472 0.958545744 -0.0072169085 -0.2848472 0.958545744 -0.0072169085 -0.282165676 0.959349573 -0.00556490198 -0.282165676 0.959349573 -0.00556490198 -0.282165676 0.959349573 -0.00556490198 -0.279708445 0.960075855 -0.00418381719 -0.279708445 0.960075855 -0.00418381719 -0.279708445 0.960075855 -0.00418381719 -0.277118802 0.960830927 -0.0030139822 -0.277118802 0.960830927 -0.0030139822 -0.277118802 0.960830927 -0.0030139822 -0.274770617 0.961507559 -0.00209068391 -0.274770617 0.961507559 -0.00209068391 -0.274770617 0.961507559 -0.00209068391 -0.271899581 0.962324858 -0.00121125404 -0.271899581 0.962324858 -0.00121125404 -0.271899581 0.962324858 -0.00121125404 -0.269679725 0.962949812 -0.000677674485 -0.269679725 0.962949812 -0.000677674485 -0.269679725 0.962949812 -0.000677674485 -0.267376661 0.963592052 -0.0002416793 -0.267376661 0.963592052 -0.0002416793 -0.267376661 0.963592052 -0.0002416793 -0.265551656 0.964096606 -4.66290148e-05 -0.265551656 0.964096606 -4.66290148e-05 -0.265551656 0.964096606 -4.66290148e-05 -0.263527513 0.964651883 0.000118656419 -0.263527513 0.964651883 0.000118656419 -0.263527513 0.964651883 0.000118656419 -0.374453217 0.927245796 0.000139659765 -0.374453217 0.927245796 0.000139659765 -0.374453217 0.927245796 0.000139659765 -0.356724679 0.933734596 0.0297851525 -0.356724679 0.933734596 0.0297851525 -0.356724679 0.933734596 0.0297851525 -0.358451813 0.933158994 0.0269562975 -0.358451813 0.933158994 0.0269562975 -0.358451813 0.933158994 0.0269562975 -0.360186487 0.932560682 0.024419345 -0.360186487 0.932560682 0.024419345 -0.360186487 0.932560682 0.024419345 -0.361845911 0.931978166 0.0220043138 -0.361845911 0.931978166 0.0220043138 -0.361845911 0.931978166 0.0220043138 -0.363725394 0.9313007 0.0195658598 -0.363725394 0.9313007 0.0195658598 -0.363725394 0.9313007 0.0195658598 -0.365106463 0.93079555 0.0178012494 -0.365106463 0.93079555 0.0178012494 -0.365106463 0.93079555 0.0178012494 -0.366529107 0.930266201 0.016162483 -0.366529107 0.930266201 0.016162483 -0.366529107 0.930266201 0.016162483 -0.367826283 0.929778159 0.0147090368 -0.367826283 0.929778159 0.0147090368 -0.367826283 0.929778159 0.0147090368 -0.369327158 0.929206073 0.013171399 -0.369327158 0.929206073 0.013171399 -0.369327158 0.929206073 0.013171399 -0.370692134 0.92868048 0.0118276635 -0.370692134 0.92868048 0.0118276635 -0.370692134 0.92868048 0.0118276635 -0.372236013 0.928079665 0.01041645 -0.372236013 0.928079665 0.01041645 -0.372236013 0.928079665 0.01041645 -0.373582691 0.927550793 0.00924693141 -0.373582691 0.927550793 0.00924693141 -0.373582691 0.927550793 0.00924693141 -0.374988675 0.926994026 0.00809457991 -0.374988675 0.926994026 0.00809457991 -0.374988675 0.926994026 0.00809457991 -0.376102298 0.926549911 0.00723632518 -0.376102298 0.926549911 0.00723632518 -0.376102298 0.926549911 0.00723632518 -0.376817882 0.926263034 0.00671269698 -0.376817882 0.926263034 0.00671269698 -0.376817882 0.926263034 0.00671269698 -0.377667189 0.925921142 0.00612750184 -0.377667189 0.925921142 0.00612750184 -0.377667189 0.925921142 0.00612750184 -0.378722578 0.925494313 0.00542559568 -0.378722578 0.925494313 0.00542559568 -0.378722578 0.925494313 0.00542559568 -0.379845977 0.925037682 0.00472656591 -0.379845977 0.925037682 0.00472656591 -0.379845977 0.925037682 0.00472656591 -0.381051272 0.924545228 0.00399845419 -0.381051272 0.924545228 0.00399845419 -0.381051272 0.924545228 0.00399845419 -0.38233164 0.924019396 0.0032705476 -0.38233164 0.924019396 0.0032705476 -0.38233164 0.924019396 0.0032705476 -0.383701354 0.923453808 0.00251035066 -0.383701354 0.923453808 0.00251035066 -0.383701354 0.923453808 0.00251035066 -0.385172546 0.92284292 0.00173632894 -0.385172546 0.92284292 0.00173632894 -0.385172546 0.92284292 0.00173632894 -0.387015313 0.922072947 0.000784664298 -0.387015313 0.922072947 0.000784664298 -0.387015313 0.922072947 0.000784664298 -0.388621539 0.921397448 0 -0.388621539 0.921397448 0 -0.388621539 0.921397448 0 -0.387214452 0.921989441 -0.000687408785 -0.387214452 0.921989441 -0.000687408785 -0.387214452 0.921989441 -0.000687408785 -0.385350198 0.92276895 -0.00164360402 -0.385350198 0.92276895 -0.00164360402 -0.385350198 0.92276895 -0.00164360402 -0.383949369 0.923351049 -0.00238069659 -0.383949369 0.923351049 -0.00238069659 -0.383949369 0.923351049 -0.00238069659 -0.382553935 0.923927784 -0.00314616133 -0.382553935 0.923927784 -0.00314616133 -0.382553935 0.923927784 -0.00314616133 -0.381317049 0.924436331 -0.00384944654 -0.381317049 0.924436331 -0.00384944654 -0.381317049 0.924436331 -0.00384944654 -0.380079061 0.924942613 -0.00458432408 -0.380079061 0.924942613 -0.00458432408 -0.380079061 0.924942613 -0.00458432408 -0.378990412 0.925385654 -0.00526184263 -0.378990412 0.925385654 -0.00526184263 -0.378990412 0.925385654 -0.00526184263 -0.377892852 0.925830066 -0.00597462151 -0.377892852 0.925830066 -0.00597462151 -0.377892852 0.925830066 -0.00597462151 -0.376956701 0.926207244 -0.00661971513 -0.376956701 0.926207244 -0.00661971513 -0.376956701 0.926207244 -0.00661971513 -0.376185149 0.926516771 -0.00717163598 -0.376185149 0.926516771 -0.00717163598 -0.376185149 0.926516771 -0.00717163598 -0.375387102 0.926835418 -0.00778677547 -0.375387102 0.926835418 -0.00778677547 -0.375387102 0.926835418 -0.00778677547 -0.374003559 0.927384853 -0.00887286477 -0.374003559 0.927384853 -0.00887286477 -0.374003559 0.927384853 -0.00887286477 -0.37145564 0.928384483 -0.011086978 -0.37145564 0.928384483 -0.011086978 -0.37145564 0.928384483 -0.011086978 -0.369971931 0.928958535 -0.012524317 -0.369971931 0.928958535 -0.012524317 -0.369971931 0.928958535 -0.012524317 -0.368639201 0.929469585 -0.0138355466 -0.368639201 0.929469585 -0.0138355466 -0.368639201 0.929469585 -0.0138355466 -0.367196321 0.930015981 -0.0154006276 -0.367196321 0.930015981 -0.0154006276 -0.367196321 0.930015981 -0.0154006276 -0.365879327 0.930509269 -0.0168754086 -0.365879327 0.930509269 -0.0168754086 -0.365879327 0.930509269 -0.0168754086 -0.364501983 0.931017637 -0.0185610782 -0.364501983 0.931017637 -0.0185610782 -0.364501983 0.931017637 -0.0185610782 -0.362872243 0.931610227 -0.0206418168 -0.362872243 0.931610227 -0.0206418168 -0.362872243 0.931610227 -0.0206418168 -0.361040026 0.93226254 -0.0231668409 -0.361040026 0.93226254 -0.0231668409 -0.361040026 0.93226254 -0.0231668409 -0.359390348 0.932837069 -0.0255653318 -0.359390348 0.932837069 -0.0255653318 -0.359390348 0.932837069 -0.0255653318 -0.374452472 0.927243948 -0.0019958464 -0.374452472 0.927243948 -0.0019958464 -0.374452472 0.927243948 -0.0019958464 -0.338361472 0.941016197 9.2907685e-05 -0.338361472 0.941016197 9.2907685e-05 -0.338361472 0.941016197 9.2907685e-05 -0.336493582 0.941685736 0.000104423423 -0.336493582 0.941685736 0.000104423423 -0.336493582 0.941685736 0.000104423423 -0.262636691 0.964894772 -9.72678463e-05 -0.262636691 0.964894772 -9.72678463e-05 -0.262636691 0.964894772 -9.72678463e-05 -0.264730662 0.964322388 -2.50204721e-05 -0.264730662 0.964322388 -2.50204721e-05 -0.264730662 0.964322388 -2.50204721e-05 -0.266595244 0.963808537 0.00017421502 -0.266595244 0.963808537 0.00017421502 -0.266595244 0.963808537 0.00017421502 -0.268908411 0.963165641 0.00050155021 -0.268908411 0.963165641 0.00050155021 -0.268908411 0.963165641 0.00050155021 -0.271115631 0.962546229 0.00103196432 -0.271115631 0.962546229 0.00103196432 -0.271115631 0.962546229 0.00103196432 -0.274022371 0.961721659 0.00179499364 -0.274022371 0.961721659 0.00179499364 -0.274022371 0.961721659 0.00179499364 -0.276233673 0.96108681 0.00265813782 -0.276233673 0.96108681 0.00265813782 -0.276233673 0.96108681 0.00265813782 -0.278802574 0.960341454 0.00366875855 -0.278802574 0.960341454 0.00366875855 -0.278802574 0.960341454 0.00366875855 -0.281335324 0.959596097 0.00507552363 -0.281335324 0.959596097 0.00507552363 -0.281335324 0.959596097 0.00507552363 -0.283942699 0.958818913 0.00654193852 -0.283942699 0.958818913 0.00654193852 -0.283942699 0.958818913 0.00654193852 -0.286625743 0.958004892 0.00850389991 -0.286625743 0.958004892 0.00850389991 -0.286625743 0.958004892 0.00850389991 -0.289451718 0.957133889 0.0106016379 -0.289451718 0.957133889 0.0106016379 -0.289451718 0.957133889 0.0106016379 -0.29246074 0.956184447 0.013343717 -0.29246074 0.956184447 0.013343717 -0.29246074 0.956184447 0.013343717 -0.295667708 0.955151558 0.0163142923 -0.295667708 0.955151558 0.0163142923 -0.295667708 0.955151558 0.0163142923 -0.29971683 0.95380342 0.0207081642 -0.29971683 0.95380342 0.0207081642 -0.29971683 0.95380342 0.0207081642 -0.299277067 0.953930795 0.0211959202 -0.299277067 0.953930795 0.0211959202 -0.299277067 0.953930795 0.0211959202 -0.302796394 0.952897251 0.0173533224 -0.302796394 0.952897251 0.0173533224 -0.302796394 0.952897251 0.0173533224 -0.306213856 0.951858401 0.0140961818 -0.306213856 0.951858401 0.0140961818 -0.306213856 0.951858401 0.0140961818 -0.309111238 0.950957298 0.0114206141 -0.309111238 0.950957298 0.0114206141 -0.309111238 0.950957298 0.0114206141 -0.312026143 0.950029731 0.00912260264 -0.312026143 0.950029731 0.00912260264 -0.312026143 0.950029731 0.00912260264 -0.314573765 0.949205577 0.00722307619 -0.314573765 0.949205577 0.00722307619 -0.314573765 0.949205577 0.00722307619 -0.317213029 0.948337853 0.0055829999 -0.317213029 0.948337853 0.0055829999 -0.317213029 0.948337853 0.0055829999 -0.319621384 0.947535992 0.00421484094 -0.319621384 0.947535992 0.00421484094 -0.319621384 0.947535992 0.00421484094 -0.322158486 0.946680844 0.00305171893 -0.322158486 0.946680844 0.00305171893 -0.322158486 0.946680844 0.00305171893 -0.324464381 0.945895493 0.00213135616 -0.324464381 0.945895493 0.00213135616 -0.324464381 0.945895493 0.00213135616 -0.327291757 0.944922507 0.00124888332 -0.327291757 0.944922507 0.00124888332 -0.327291757 0.944922507 0.00124888332 -0.329503179 0.944154203 0.00070722308 -0.329503179 0.944154203 0.00070722308 -0.329503179 0.944154203 0.00070722308 -0.331790954 0.943352878 0.000264059199 -0.331790954 0.943352878 0.000264059199 -0.331790954 0.943352878 0.000264059199 -0.333600581 0.942714512 6.63863029e-05 -0.333600581 0.942714512 6.63863029e-05 -0.333600581 0.942714512 6.63863029e-05 -0.335599929 0.942004621 -0.000101539656 -0.335599929 0.942004621 -0.000101539656 -0.335599929 0.942004621 -0.000101539656 -0.0116524315 0.999914229 -0.00598231237 -0.0116524315 0.999914229 -0.00598231237 -0.0116524315 0.999914229 -0.00598231237 -0.0131521663 0.999889731 -0.00689931726 -0.0131521663 0.999889731 -0.00689931726 -0.0131521663 0.999889731 -0.00689931726 -0.0101823499 0.999934793 -0.00516960816 -0.0101823499 0.999934793 -0.00516960816 -0.0101823499 0.999934793 -0.00516960816 -0.00911402609 0.999947846 -0.00460237078 -0.00911402609 0.999947846 -0.00460237078 -0.00911402609 0.999947846 -0.00460237078 -0.00820386969 0.999957681 -0.00415647682 -0.00820386969 0.999957681 -0.00415647682 -0.00820386969 0.999957681 -0.00415647682 -0.00752919912 0.999964297 -0.003842426 -0.00752919912 0.999964297 -0.003842426 -0.00752919912 0.999964297 -0.003842426 -0.00666316971 0.999971807 -0.00346446503 -0.00666316971 0.999971807 -0.00346446503 -0.00666316971 0.999971807 -0.00346446503 -0.00572375301 0.9999789 -0.00307637313 -0.00572375301 0.9999789 -0.00307637313 -0.00572375301 0.9999789 -0.00307637313 -0.00457396545 0.999986112 -0.00262442697 -0.00457396545 0.999986112 -0.00262442697 -0.00457396545 0.999986112 -0.00262442697 -0.00336764636 0.999991953 -0.00217554579 -0.00336764636 0.999991953 -0.00217554579 -0.00336764636 0.999991953 -0.00217554579 -0.00194605486 0.999996722 -0.00166519999 -0.00194605486 0.999996722 -0.00166519999 -0.00194605486 0.999996722 -0.00166519999 0.00295218988 0.999995649 7.82835705e-05 0.00295218988 0.999995649 7.82835705e-05 0.00295218988 0.999995649 7.82835705e-05 -0.000480762101 0.999999225 -0.00116569642 -0.000480762101 0.999999225 -0.00116569642 -0.000480762101 0.999999225 -0.00116569642 0.00146890013 0.999998808 -0.000516554283 0.00146890013 0.999998808 -0.000516554283 0.00146890013 0.999998808 -0.000516554283 0.00310993986 0.999995172 0 0.00310993986 0.999995172 0 0.00310993986 0.999995172 0 0.00407327386 0.999991655 -0.00030323246 0.00407327386 0.999991655 -0.00030323246 0.00407327386 0.999991655 -0.00030323246 0.00398356142 0.999992013 -0.000273333222 0.00398356142 0.999992013 -0.000273333222 0.00398356142 0.999992013 -0.000273333222 0.00142041082 0.999998808 0.000627871254 0.00142041082 0.999998808 0.000627871254 0.00142041082 0.999998808 0.000627871254 -0.000271359226 0.999999166 0.00125752529 -0.000271359226 0.999999166 0.00125752529 -0.000271359226 0.999999166 0.00125752529 -0.00225678948 0.99999541 0.00203605299 -0.00225678948 0.99999541 0.00203605299 -0.00225678948 0.99999541 0.00203605299 -0.00413414044 0.999987483 0.0028118561 -0.00413414044 0.999987483 0.0028118561 -0.00413414044 0.999987483 0.0028118561 -0.00619558152 0.999973953 0.00370760006 -0.00619558152 0.999973953 0.00370760006 -0.00619558152 0.999973953 0.00370760006 -0.00803915225 0.999957263 0.00456602918 -0.00803915225 0.999957263 0.00456602918 -0.00803915225 0.999957263 0.00456602918 -0.00999591406 0.999934793 0.00551981712 -0.00999591406 0.999934793 0.00551981712 -0.00999591406 0.999934793 0.00551981712 -0.0116980132 0.999910951 0.0064237928 -0.0116980132 0.999910951 0.0064237928 -0.0116980132 0.999910951 0.0064237928 -0.0134612434 0.999882042 0.00739790127 -0.0134612434 0.999882042 0.00739790127 -0.0134612434 0.999882042 0.00739790127 -0.0974405706 0.995241225 -0.000480655173 -0.0974405706 0.995241225 -0.000480655173 -0.0974405706 0.995241225 -0.000480655173 -0.100391895 0.99494797 7.03178011e-05 -0.100391895 0.99494797 7.03178011e-05 -0.100391895 0.99494797 7.03178011e-05 -0.0942319185 0.995549023 -0.0015753347 -0.0942319185 0.995549023 -0.0015753347 -0.0942319185 0.995549023 -0.0015753347 -0.0908675417 0.995859146 -0.00276123756 -0.0908675417 0.995859146 -0.00276123756 -0.0908675417 0.995859146 -0.00276123756 -0.0870095789 0.996196449 -0.00468253391 -0.0870095789 0.996196449 -0.00468253391 -0.0870095789 0.996196449 -0.00468253391 -0.0691149756 0.997361243 -0.0222191289 -0.0691149756 0.997361243 -0.0222191289 -0.0691149756 0.997361243 -0.0222191289 -0.0809934512 0.996684074 -0.0078053535 -0.0809934512 0.996684074 -0.0078053535 -0.0809934512 0.996684074 -0.0078053535 -0.0778281391 0.996918201 -0.0098448107 -0.0778281391 0.996918201 -0.0098448107 -0.0778281391 0.996918201 -0.0098448107 -0.0663723722 0.997639477 -0.0176129583 -0.0663723722 0.997639477 -0.0176129583 -0.0663723722 0.997639477 -0.0176129583 -0.0737216622 0.996886194 -0.0279825907 -0.0737216622 0.996886194 -0.0279825907 -0.0737216622 0.996886194 -0.0279825907 -0.0712429211 0.997150123 -0.0248208791 -0.0712429211 0.997150123 -0.0248208791 -0.0712429211 0.997150123 -0.0248208791 -0.066461049 0.997603059 -0.0192627572 -0.066461049 0.997603059 -0.0192627572 -0.066461049 0.997603059 -0.0192627572 -0.064012371 0.997808695 -0.0167404693 -0.064012371 0.997808695 -0.0167404693 -0.064012371 0.997808695 -0.0167404693 -0.0609700643 0.998043418 -0.0138551276 -0.0609700643 0.998043418 -0.0138551276 -0.0609700643 0.998043418 -0.0138551276 -0.0578410588 0.998262763 -0.0112180859 -0.0578410588 0.998262763 -0.0112180859 -0.0578410588 0.998262763 -0.0112180859 -0.0547236055 0.998462737 -0.00880327076 -0.0547236055 0.998462737 -0.00880327076 -0.0547236055 0.998462737 -0.00880327076 -0.0527912118 0.998577297 -0.00751298247 -0.0527912118 0.998577297 -0.00751298247 -0.0527912118 0.998577297 -0.00751298247 -0.0505753234 0.998701453 -0.00612783572 -0.0505753234 0.998701453 -0.00612783572 -0.0505753234 0.998701453 -0.00612783572 -0.0483548753 0.998817742 -0.00499618379 -0.0483548753 0.998817742 -0.00499618379 -0.0483548753 0.998817742 -0.00499618379 -0.0458586253 0.998940766 -0.00379150501 -0.0458586253 0.998940766 -0.00379150501 -0.0458586253 0.998940766 -0.00379150501 -0.0434065722 0.999053359 -0.00288150483 -0.0434065722 0.999053359 -0.00288150483 -0.0434065722 0.999053359 -0.00288150483 -0.0408330075 0.999164045 -0.00196143612 -0.0408330075 0.999164045 -0.00196143612 -0.0408330075 0.999164045 -0.00196143612 -0.0384239107 0.999260604 -0.00135207851 -0.0384239107 0.999260604 -0.00135207851 -0.0384239107 0.999260604 -0.00135207851 -0.0365512818 0.999331415 -0.000883370696 -0.0365512818 0.999331415 -0.000883370696 -0.0365512818 0.999331415 -0.000883370696 -0.0348408557 0.999392688 -0.000601166394 -0.0348408557 0.999392688 -0.000601166394 -0.0348408557 0.999392688 -0.000601166394 -0.0337833203 0.999429107 -0.000437624229 -0.0337833203 0.999429107 -0.000437624229 -0.0337833203 0.999429107 -0.000437624229 -0.0321265385 0.999483764 -0.000286230643 -0.0321265385 0.999483764 -0.000286230643 -0.0321265385 0.999483764 -0.000286230643 -0.0303221084 0.99954015 -0.000151103377 -0.0303221084 0.99954015 -0.000151103377 -0.0303221084 0.99954015 -0.000151103377 -0.00331704877 0.999994338 0.000540913898 -0.00331704877 0.999994338 0.000540913898 -0.00331704877 0.999994338 0.000540913898 -0.0164186433 0.999823868 -0.00909230206 -0.0164186433 0.999823868 -0.00909230206 -0.0164186433 0.999823868 -0.00909230206 -0.0148207461 0.999858499 -0.00795950927 -0.0148207461 0.999858499 -0.00795950927 -0.0148207461 0.999858499 -0.00795950927 -0.107862525 0.99416554 -0.000743833487 -0.107862525 0.99416554 -0.000743833487 -0.107862525 0.99416554 -0.000743833487 -0.110438429 0.993882835 -0.000512995175 -0.110438429 0.993882835 -0.000512995175 -0.110438429 0.993882835 -0.000512995175 -0.112883784 0.993608177 -0.000235689498 -0.112883784 0.993608177 -0.000235689498 -0.112883784 0.993608177 -0.000235689498 -0.145256326 0.989370942 0.00675907824 -0.145256326 0.989370942 0.00675907824 -0.145256326 0.989370942 0.00675907824 -0.129412755 0.991068959 0.0321663171 -0.129412755 0.991068959 0.0321663171 -0.129412755 0.991068959 0.0321663171 -0.131615505 0.990884244 0.0287365764 -0.131615505 0.990884244 0.0287365764 -0.131615505 0.990884244 0.0287365764 -0.133798346 0.99067533 0.0256981794 -0.133798346 0.99067533 0.0256981794 -0.133798346 0.99067533 0.0256981794 -0.135818332 0.990467489 0.0229669977 -0.135818332 0.990467489 0.0229669977 -0.135818332 0.990467489 0.0229669977 -0.13788493 0.990236461 0.0204804838 -0.13788493 0.990236461 0.0204804838 -0.13788493 0.990236461 0.0204804838 -0.139858484 0.990004539 0.0181842837 -0.139858484 0.990004539 0.0181842837 -0.139858484 0.990004539 0.0181842837 -0.141944528 0.989744842 0.0160286389 -0.141944528 0.989744842 0.0160286389 -0.141944528 0.989744842 0.0160286389 -0.143913075 0.989490271 0.0140706534 -0.143913075 0.989490271 0.0140706534 -0.143913075 0.989490271 0.0140706534 -0.146160454 0.989187241 0.0120693864 -0.146160454 0.989187241 0.0120693864 -0.146160454 0.989187241 0.0120693864 -0.148049399 0.988924563 0.0104698073 -0.148049399 0.988924563 0.0104698073 -0.148049399 0.988924563 0.0104698073 -0.149748877 0.988681555 0.00916529261 -0.149748877 0.988681555 0.00916529261 -0.149748877 0.988681555 0.00916529261 -0.15123935 0.988464057 0.00809272472 -0.15123935 0.988464057 0.00809272472 -0.15123935 0.988464057 0.00809272472 -0.152737796 0.988241196 0.00710706692 -0.152737796 0.988241196 0.00710706692 -0.152737796 0.988241196 0.00710706692 -0.154074565 0.988039196 0.00628889399 -0.154074565 0.988039196 0.00628889399 -0.154074565 0.988039196 0.00628889399 -0.155413359 0.987834036 0.00553251151 -0.155413359 0.987834036 0.00553251151 -0.155413359 0.987834036 0.00553251151 -0.15662016 0.987646759 0.00490198005 -0.15662016 0.987646759 0.00490198005 -0.15662016 0.987646759 0.00490198005 -0.157824337 0.987457752 0.00431486545 -0.157824337 0.987457752 0.00431486545 -0.157824337 0.987457752 0.00431486545 -0.158925384 0.98728323 0.00382048404 -0.158925384 0.98728323 0.00382048404 -0.158925384 0.98728323 0.00382048404 -0.160020083 0.987108052 0.00335646793 -0.160020083 0.987108052 0.00335646793 -0.160020083 0.987108052 0.00335646793 -0.16104129 0.986943245 0.00295847375 -0.16104129 0.986943245 0.00295847375 -0.16104129 0.986943245 0.00295847375 -0.162062794 0.986777067 0.00257819216 -0.162062794 0.986777067 0.00257819216 -0.162062794 0.986777067 0.00257819216 -0.163042232 0.986616552 0.00224244432 -0.163042232 0.986616552 0.00224244432 -0.163042232 0.986616552 0.00224244432 -0.164043844 0.986451209 0.00191068067 -0.164043844 0.986451209 0.00191068067 -0.164043844 0.986451209 0.00191068067 -0.165051356 0.98628366 0.00160183047 -0.165051356 0.98628366 0.00160183047 -0.165051356 0.98628366 0.00160183047 -0.166134059 0.986102343 0.00127771439 -0.166134059 0.986102343 0.00127771439 -0.166134059 0.986102343 0.00127771439 -0.169194221 0.98558265 -0.000433883659 -0.169194221 0.98558265 -0.000433883659 -0.169194221 0.98558265 -0.000433883659 -0.170878008 0.985292196 -0 -0.170878008 0.985292196 -0 -0.170878008 0.985292196 -0 -0.168975666 0.985620081 0.000490195409 -0.168975666 0.985620081 0.000490195409 -0.168975666 0.985620081 0.000490195409 -0.167310447 0.9859038 0.000948898669 -0.167310447 0.9859038 0.000948898669 -0.167310447 0.9859038 0.000948898669 -0.167484999 0.985874236 -0.000900443527 -0.167484999 0.985874236 -0.000900443527 -0.167484999 0.985874236 -0.000900443527 -0.166296363 0.986075044 -0.00123268983 -0.166296363 0.986075044 -0.00123268983 -0.166296363 0.986075044 -0.00123268983 -0.165194675 0.986259758 -0.00155888021 -0.165194675 0.986259758 -0.00155888021 -0.165194675 0.986259758 -0.00155888021 -0.164182752 0.986428142 -0.00186909793 -0.164182752 0.986428142 -0.00186909793 -0.164182752 0.986428142 -0.00186909793 -0.163167119 0.986595988 -0.00220135041 -0.163167119 0.986595988 -0.00220135041 -0.163167119 0.986595988 -0.00220135041 -0.162185326 0.98675704 -0.00253791455 -0.162185326 0.98675704 -0.00253791455 -0.162185326 0.98675704 -0.00253791455 -0.161150917 0.986925483 -0.00291790697 -0.161150917 0.986925483 -0.00291790697 -0.161150917 0.986925483 -0.00291790697 -0.16012831 0.987090647 -0.00331645459 -0.16012831 0.987090647 -0.00331645459 -0.16012831 0.987090647 -0.00331645459 -0.159020349 0.98726809 -0.00377969583 -0.159020349 0.98726809 -0.00377969583 -0.159020349 0.98726809 -0.00377969583 -0.157917812 0.98744303 -0.00427475618 -0.157917812 0.98744303 -0.00427475618 -0.157917812 0.98744303 -0.00427475618 -0.156700492 0.987634182 -0.00486023771 -0.156700492 0.987634182 -0.00486023771 -0.156700492 0.987634182 -0.00486023771 -0.155489728 0.987822235 -0.00549284229 -0.155489728 0.987822235 -0.00549284229 -0.155489728 0.987822235 -0.00549284229 -0.154137626 0.988029659 -0.00624676421 -0.154137626 0.988029659 -0.00624676421 -0.154137626 0.988029659 -0.00624676421 -0.152794167 0.988232732 -0.00706904288 -0.152794167 0.988232732 -0.00706904288 -0.152794167 0.988232732 -0.00706904288 -0.151282609 0.988457739 -0.00805118494 -0.151282609 0.988457739 -0.00805118494 -0.151282609 0.988457739 -0.00805118494 -0.149723023 0.988685429 -0.00917350315 -0.149723023 0.988685429 -0.00917350315 -0.149723023 0.988685429 -0.00917350315 -0.148010761 0.988930225 -0.0104809729 -0.148010761 0.988930225 -0.0104809729 -0.148010761 0.988930225 -0.0104809729 -0.146015108 0.989207506 -0.012170882 -0.146015108 0.989207506 -0.012170882 -0.146015108 0.989207506 -0.012170882 -0.143813387 0.989503801 -0.0141412895 -0.143813387 0.989503801 -0.0141412895 -0.143813387 0.989503801 -0.0141412895 -0.141863018 0.98975569 -0.0160811543 -0.141863018 0.98975569 -0.0160811543 -0.141863018 0.98975569 -0.0160811543 -0.139806375 0.990011215 -0.0182187892 -0.139806375 0.990011215 -0.0182187892 -0.139806375 0.990011215 -0.0182187892 -0.13792786 0.99023205 -0.0204044357 -0.13792786 0.99023205 -0.0204044357 -0.13792786 0.99023205 -0.0204044357 -0.135875419 0.990461886 -0.0228731185 -0.135875419 0.990461886 -0.0228731185 -0.135875419 0.990461886 -0.0228731185 -0.133943841 0.990661204 -0.0254848935 -0.133943841 0.990661204 -0.0254848935 -0.133943841 0.990661204 -0.0254848935 -0.131770402 0.990870714 -0.028492542 -0.131770402 0.990870714 -0.028492542 -0.131770402 0.990870714 -0.028492542 -0.129665226 0.991048694 -0.0317706503 -0.129665226 0.991048694 -0.0317706503 -0.129665226 0.991048694 -0.0317706503 -0.145256057 0.989369094 -0.00703187287 -0.145256057 0.989369094 -0.00703187287 -0.145256057 0.989369094 -0.00703187287 -0.113200247 0.993572176 0.000186428428 -0.113200247 0.993572176 0.000186428428 -0.113200247 0.993572176 0.000186428428 -0.110846519 0.993837416 0.000453387067 -0.110846519 0.993837416 0.000453387067 -0.110846519 0.993837416 0.000453387067 -0.108247049 0.994123757 0.000726562168 -0.108247049 0.994123757 0.000726562168 -0.108247049 0.994123757 0.000726562168 -0.105816975 0.994385421 0.0006551884 -0.105816975 0.994385421 0.0006551884 -0.105816975 0.994385421 0.0006551884 -0.103134967 0.994667232 0.000570150267 -0.103134967 0.994667232 0.000570150267 -0.103134967 0.994667232 0.000570150267 -0.033081159 0.999452591 0.000359281257 -0.033081159 0.999452591 0.000359281257 -0.033081159 0.999452591 0.000359281257 -0.014970134 0.999853313 0.00832064077 -0.014970134 0.999853313 0.00832064077 -0.014970134 0.999853313 0.00832064077 -0.0164954178 0.999820828 0.00928365346 -0.0164954178 0.999820828 0.00928365346 -0.0164954178 0.999820828 0.00928365346 -0.00331704924 0.999994516 -5.90183045e-05 -0.00331704924 0.999994516 -5.90183045e-05 -0.00331704924 0.999994516 -5.90183045e-05 -0.0309707429 0.999520242 0.000267693249 -0.0309707429 0.999520242 0.000267693249 -0.0309707429 0.999520242 0.000267693249 -0.0321982354 0.99948144 0.000293169287 -0.0321982354 0.99948144 0.000293169287 -0.0321982354 0.99948144 0.000293169287 -0.033786837 0.999428988 0.000415356655 -0.033786837 0.999428988 0.000415356655 -0.033786837 0.999428988 0.000415356655 -0.0343872085 0.999408484 0.000506131037 -0.0343872085 0.999408484 0.000506131037 -0.0343872085 0.999408484 0.000506131037 -0.0358620733 0.999356508 0.00073419715 -0.0358620733 0.999356508 0.00073419715 -0.0358620733 0.999356508 0.00073419715 -0.0379572362 0.999278605 0.00122821168 -0.0379572362 0.999278605 0.00122821168 -0.0379572362 0.999278605 0.00122821168 -0.0402986333 0.999186039 0.00182045542 -0.0402986333 0.999186039 0.00182045542 -0.0402986333 0.999186039 0.00182045542 -0.0429208614 0.999074817 0.00270632491 -0.0429208614 0.999074817 0.00270632491 -0.0429208614 0.999074817 0.00270632491 -0.0453544334 0.998964429 0.00360947172 -0.0453544334 0.998964429 0.00360947172 -0.0453544334 0.998964429 0.00360947172 -0.0478993393 0.998840749 0.00477582216 -0.0478993393 0.998840749 0.00477582216 -0.0478993393 0.998840749 0.00477582216 -0.0500296801 0.99873054 0.00586154405 -0.0500296801 0.99873054 0.00586154405 -0.0500296801 0.99873054 0.00586154405 -0.0522959158 0.998605669 0.00719856471 -0.0522959158 0.998605669 0.00719856471 -0.0522959158 0.998605669 0.00719856471 -0.0543934889 0.998482525 0.00859913323 -0.0543934889 0.998482525 0.00859913323 -0.0543934889 0.998482525 0.00859913323 -0.0576111488 0.99827832 0.0110151395 -0.0576111488 0.99827832 0.0110151395 -0.0576111488 0.99827832 0.0110151395 -0.0607144386 0.998062134 0.0136304656 -0.0607144386 0.998062134 0.0136304656 -0.0607144386 0.998062134 0.0136304656 -0.0637613013 0.997829854 0.0164348707 -0.0637613013 0.997829854 0.0164348707 -0.0637613013 0.997829854 0.0164348707 -0.0663473383 0.997613788 0.0190985724 -0.0663473383 0.997613788 0.0190985724 -0.0663473383 0.997613788 0.0190985724 -0.0689684004 0.997376978 0.021967506 -0.0689684004 0.997376978 0.021967506 -0.0689684004 0.997376978 0.021967506 -0.0712017864 0.997156084 0.0246980879 -0.0712017864 0.997156084 0.0246980879 -0.0712017864 0.997156084 0.0246980879 -0.0663712099 0.997622013 0.0185791049 -0.0663712099 0.997622013 0.0185791049 -0.0663712099 0.997622013 0.0185791049 -0.0755269602 0.997079313 0.0113344686 -0.0755269602 0.997079313 0.0113344686 -0.0755269602 0.997079313 0.0113344686 -0.0774029791 0.996949136 0.0100615537 -0.0774029791 0.996949136 0.0100615537 -0.0774029791 0.996949136 0.0100615537 -0.0799800679 0.996761441 0.00835359376 -0.0799800679 0.996761441 0.00835359376 -0.0799800679 0.996761441 0.00835359376 -0.0860698968 0.996275902 0.00512825325 -0.0860698968 0.996275902 0.00512825325 -0.0860698968 0.996275902 0.00512825325 -0.0898550153 0.995949864 0.0031625561 -0.0898550153 0.995949864 0.0031625561 -0.0898550153 0.995949864 0.0031625561 -0.0934892222 0.995618701 0.00179191562 -0.0934892222 0.995618701 0.00179191562 -0.0934892222 0.995618701 0.00179191562 -0.0967174619 0.995311677 0.000653613301 -0.0967174619 0.995311677 0.000653613301 -0.0967174619 0.995311677 0.000653613301 -0.0998016074 0.995007336 -1.27050228e-07 -0.0998016074 0.995007336 -1.27050228e-07 -0.0998016074 0.995007336 -1.27050228e-07 -0.102587402 0.994723856 -0.00052038487 -0.102587402 0.994723856 -0.00052038487 -0.102587402 0.994723856 -0.00052038487 -0.105330795 0.994437039 -0.000669419707 -0.105330795 0.994437039 -0.000669419707 -0.105330795 0.994437039 -0.000669419707 -0.480080575 0.877224088 0.000711581321 -0.480080575 0.877224088 0.000711581321 -0.480080575 0.877224088 0.000711581321 -0.477790385 0.878473759 0.000478178787 -0.477790385 0.878473759 0.000478178787 -0.477790385 0.878473759 0.000478178787 -0.475620896 0.879650354 0.000200041657 -0.475620896 0.879650354 0.000200041657 -0.475620896 0.879650354 0.000200041657 -0.446759105 0.894628644 -0.0067748148 -0.446759105 0.894628644 -0.0067748148 -0.446759105 0.894628644 -0.0067748148 -0.460659593 0.886997998 -0.0320515968 -0.460659593 0.886997998 -0.0320515968 -0.460659593 0.886997998 -0.0320515968 -0.458750308 0.888103962 -0.0286280271 -0.458750308 0.888103962 -0.0286280271 -0.458750308 0.888103962 -0.0286280271 -0.456846774 0.889176965 -0.0256009586 -0.456846774 0.889176965 -0.0256009586 -0.456846774 0.889176965 -0.0256009586 -0.455078453 0.890157282 -0.0228815209 -0.455078453 0.890157282 -0.0228815209 -0.455078453 0.890157282 -0.0228815209 -0.453263015 0.891143084 -0.0204117168 -0.453263015 0.891143084 -0.0204117168 -0.453263015 0.891143084 -0.0204117168 -0.451528043 0.892072558 -0.0181373004 -0.451528043 0.892072558 -0.0181373004 -0.451528043 0.892072558 -0.0181373004 -0.449691504 0.893040478 -0.0160086211 -0.449691504 0.893040478 -0.0160086211 -0.449691504 0.893040478 -0.0160086211 -0.447958648 0.893943369 -0.0140811661 -0.447958648 0.893943369 -0.0140811661 -0.447958648 0.893943369 -0.0140811661 -0.445980042 0.89496088 -0.0121175526 -0.445980042 0.89496088 -0.0121175526 -0.445980042 0.89496088 -0.0121175526 -0.44430232 0.895814955 -0.0105385464 -0.44430232 0.895814955 -0.0105385464 -0.44430232 0.895814955 -0.0105385464 -0.442758262 0.896593571 -0.00922487862 -0.442758262 0.896593571 -0.00922487862 -0.442758262 0.896593571 -0.00922487862 -0.44139716 0.897274911 -0.00814103521 -0.44139716 0.897274911 -0.00814103521 -0.44139716 0.897274911 -0.00814103521 -0.440023541 0.897957802 -0.00714317849 -0.440023541 0.897957802 -0.00714317849 -0.440023541 0.897957802 -0.00714317849 -0.438800126 0.898562491 -0.00631730165 -0.438800126 0.898562491 -0.00631730165 -0.438800126 0.898562491 -0.00631730165 -0.437567294 0.899168551 -0.00555028347 -0.437567294 0.899168551 -0.00555028347 -0.437567294 0.899168551 -0.00555028347 -0.436461478 0.899709523 -0.00491468981 -0.436461478 0.899709523 -0.00491468981 -0.436461478 0.899709523 -0.00491468981 -0.435353994 0.900249004 -0.00432142057 -0.435353994 0.900249004 -0.00432142057 -0.435353994 0.900249004 -0.00432142057 -0.434336513 0.90074259 -0.00381990941 -0.434336513 0.90074259 -0.00381990941 -0.434336513 0.90074259 -0.00381990941 -0.433329433 0.901229382 -0.00335177919 -0.433329433 0.901229382 -0.00335177919 -0.433329433 0.901229382 -0.00335177919 -0.432391346 0.901681244 -0.00295116194 -0.432391346 0.901681244 -0.00295116194 -0.432391346 0.901681244 -0.00295116194 -0.431446642 0.902134776 -0.00256613246 -0.431446642 0.902134776 -0.00256613246 -0.431446642 0.902134776 -0.00256613246 -0.430547655 0.902565122 -0.00222897693 -0.430547655 0.902565122 -0.00222897693 -0.430547655 0.902565122 -0.00222897693 -0.4296287 0.903003633 -0.00189622329 -0.4296287 0.903003633 -0.00189622329 -0.4296287 0.903003633 -0.00189622329 -0.428705394 0.903442979 -0.0015870299 -0.428705394 0.903442979 -0.0015870299 -0.428705394 0.903442979 -0.0015870299 -0.427714527 0.903912961 -0.00126323965 -0.427714527 0.903912961 -0.00126323965 -0.427714527 0.903912961 -0.00126323965 -0.424793512 0.905290186 0.000388030894 -0.424793512 0.905290186 0.000388030894 -0.424793512 0.905290186 0.000388030894 -0.4234097 0.905938327 -0 -0.4234097 0.905938327 -0 -0.4234097 0.905938327 -0 -0.425128639 0.90513283 -0.000482044736 -0.425128639 0.90513283 -0.000482044736 -0.425128639 0.90513283 -0.000482044736 -0.426649153 0.90441674 -0.000938439567 -0.426649153 0.90441674 -0.000938439567 -0.426649153 0.90441674 -0.000938439567 -0.426404208 0.904532313 0.000863517518 -0.426404208 0.904532313 0.000863517518 -0.426404208 0.904532313 0.000863517518 -0.427493095 0.904017806 0.0011954353 -0.427493095 0.904017806 0.0011954353 -0.427493095 0.904017806 0.0011954353 -0.428521723 0.90353018 0.00152476411 -0.428521723 0.90353018 0.00152476411 -0.428521723 0.90353018 0.00152476411 -0.429439157 0.903093934 0.00183196971 -0.429439157 0.903093934 0.00183196971 -0.429439157 0.903093934 0.00183196971 -0.430375338 0.902647436 0.00216303207 -0.430375338 0.902647436 0.00216303207 -0.430375338 0.902647436 0.00216303207 -0.431263626 0.902222514 0.00249614473 -0.431263626 0.902222514 0.00249614473 -0.431263626 0.902222514 0.00249614473 -0.432217568 0.90176475 0.0028749425 -0.432217568 0.90176475 0.0028749425 -0.432217568 0.90176475 0.0028749425 -0.433138072 0.90132165 0.00326800975 -0.433138072 0.90132165 0.00326800975 -0.433138072 0.90132165 0.00326800975 -0.434149772 0.900833011 0.00372542487 -0.434149772 0.900833011 0.00372542487 -0.434149772 0.900833011 0.00372542487 -0.435145766 0.900350153 0.00421628868 -0.435145766 0.900350153 0.00421628868 -0.435145766 0.900350153 0.00421628868 -0.436255306 0.899810135 0.00479391124 -0.436255306 0.899810135 0.00479391124 -0.436255306 0.899810135 0.00479391124 -0.43733418 0.899282753 0.00541392434 -0.43733418 0.899282753 0.00541392434 -0.43733418 0.899282753 0.00541392434 -0.438571841 0.898675025 0.00616210606 -0.438571841 0.898675025 0.00616210606 -0.438571841 0.898675025 0.00616210606 -0.439775795 0.898080528 0.00697469804 -0.439775795 0.898080528 0.00697469804 -0.439775795 0.898080528 0.00697469804 -0.441146076 0.897400141 0.00794229098 -0.441146076 0.897400141 0.00794229098 -0.441146076 0.897400141 0.00794229098 -0.442522436 0.896711886 0.00903806556 -0.442522436 0.896711886 0.00903806556 -0.442522436 0.896711886 0.00903806556 -0.444069773 0.895932734 0.0103251422 -0.444069773 0.895932734 0.0103251422 -0.444069773 0.895932734 0.0103251422 -0.445828766 0.895038068 0.0119803371 -0.445828766 0.895038068 0.0119803371 -0.445828766 0.895038068 0.0119803371 -0.447836399 0.89400667 0.0139519246 -0.447836399 0.89400667 0.0139519246 -0.447836399 0.89400667 0.0139519246 -0.449593157 0.893091798 0.0159057397 -0.449593157 0.893091798 0.0159057397 -0.449593157 0.893091798 0.0159057397 -0.451443911 0.892117321 0.0180308558 -0.451443911 0.892117321 0.0180308558 -0.451443911 0.892117321 0.0180308558 -0.453109741 0.891225517 0.0202142801 -0.453109741 0.891225517 0.0202142801 -0.453109741 0.891225517 0.0202142801 -0.454937607 0.890234888 0.0226632506 -0.454937607 0.890234888 0.0226632506 -0.454937607 0.890234888 0.0226632506 -0.456626326 0.889299929 0.025259465 -0.456626326 0.889299929 0.025259465 -0.456626326 0.889299929 0.025259465 -0.475233018 0.879859984 -0.000157400369 -0.475233018 0.879859984 -0.000157400369 -0.475233018 0.879859984 -0.000157400369 -0.446757257 0.894624949 0.00735684019 -0.446757257 0.894624949 0.00735684019 -0.446757257 0.894624949 0.00735684019 -0.460264325 0.887228847 0.0313316248 -0.460264325 0.887228847 0.0313316248 -0.460264325 0.887228847 0.0313316248 -0.458535612 0.888227403 0.0282338187 -0.458535612 0.888227403 0.0282338187 -0.458535612 0.888227403 0.0282338187 -0.545428634 0.838157237 -0.000279964675 -0.545428634 0.838157237 -0.000279964675 -0.545428634 0.838157237 -0.000279964675 -0.544619799 0.838683009 -0.000348826492 -0.544619799 0.838683009 -0.000348826492 -0.544619799 0.838683009 -0.000348826492 -0.543986678 0.839093745 -0.000405304512 -0.543986678 0.839093745 -0.000405304512 -0.543986678 0.839093745 -0.000405304512 -0.543461919 0.83943367 -0.000493931118 -0.543461919 0.83943367 -0.000493931118 -0.543461919 0.83943367 -0.000493931118 -0.542367935 0.84014076 -0.000695242838 -0.542367935 0.84014076 -0.000695242838 -0.542367935 0.84014076 -0.000695242838 -0.540653825 0.8412444 -0.001152243 -0.540653825 0.8412444 -0.001152243 -0.540653825 0.8412444 -0.001152243 -0.538714707 0.842486441 -0.00173427956 -0.538714707 0.842486441 -0.00173427956 -0.538714707 0.842486441 -0.00173427956 -0.536499858 0.843896449 -0.00258452492 -0.536499858 0.843896449 -0.00258452492 -0.536499858 0.843896449 -0.00258452492 -0.534449637 0.845193148 -0.00348387426 -0.534449637 0.845193148 -0.00348387426 -0.534449637 0.845193148 -0.00348387426 -0.532285869 0.846552074 -0.00461243978 -0.532285869 0.846552074 -0.00461243978 -0.532285869 0.846552074 -0.00461243978 -0.530420005 0.847715616 -0.00573163573 -0.530420005 0.847715616 -0.00573163573 -0.530420005 0.847715616 -0.00573163573 -0.528481901 0.848915398 -0.00703978958 -0.528481901 0.848915398 -0.00703978958 -0.528481901 0.848915398 -0.00703978958 -0.526723146 0.849995255 -0.00841544569 -0.526723146 0.849995255 -0.00841544569 -0.526723146 0.849995255 -0.00841544569 -0.523984015 0.851660073 -0.0107650058 -0.523984015 0.851660073 -0.0107650058 -0.523984015 0.851660073 -0.0107650058 -0.521258533 0.853293061 -0.0134362141 -0.521258533 0.853293061 -0.0134362141 -0.521258533 0.853293061 -0.0134362141 -0.518625915 0.854847789 -0.0161988642 -0.518625915 0.854847789 -0.0161988642 -0.518625915 0.854847789 -0.0161988642 -0.51638037 0.856151521 -0.0188641269 -0.51638037 0.856151521 -0.0188641269 -0.51638037 0.856151521 -0.0188641269 -0.499282837 0.866423547 -0.00518590631 -0.499282837 0.866423547 -0.00518590631 -0.499282837 0.866423547 -0.00518590631 -0.504918456 0.863123775 -0.00864606071 -0.504918456 0.863123775 -0.00864606071 -0.504918456 0.863123775 -0.00864606071 -0.514109313 0.857450664 -0.0216783155 -0.514109313 0.857450664 -0.0216783155 -0.514109313 0.857450664 -0.0216783155 -0.512168229 0.858538866 -0.0243859366 -0.512168229 0.858538866 -0.0243859366 -0.512168229 0.858538866 -0.0243859366 -0.516184449 0.856274605 -0.0186391696 -0.516184449 0.856274605 -0.0186391696 -0.516184449 0.856274605 -0.0186391696 -0.508638322 0.860902786 -0.011552738 -0.508638322 0.860902786 -0.011552738 -0.508638322 0.860902786 -0.011552738 -0.506994247 0.861888409 -0.0102552194 -0.506994247 0.861888409 -0.0102552194 -0.506994247 0.861888409 -0.0102552194 -0.495986849 0.868324101 -0.00321736606 -0.495986849 0.868324101 -0.00321736606 -0.495986849 0.868324101 -0.00321736606 -0.492781311 0.870151281 -0.00183430326 -0.492781311 0.870151281 -0.00183430326 -0.492781311 0.870151281 -0.00183430326 -0.489949375 0.871750593 -0.000692690548 -0.489949375 0.871750593 -0.000692690548 -0.489949375 0.871750593 -0.000692690548 -0.487232804 0.873272121 -3.79063022e-05 -0.487232804 0.873272121 -3.79063022e-05 -0.487232804 0.873272121 -3.79063022e-05 -0.484758258 0.874648035 0.000488116668 -0.484758258 0.874648035 0.000488116668 -0.484758258 0.874648035 0.000488116668 -0.482328355 0.875990272 0.000636662589 -0.482328355 0.875990272 0.000636662589 -0.482328355 0.875990272 0.000636662589 -0.56219691 0.826977551 0.00653974712 -0.56219691 0.826977551 0.00653974712 -0.56219691 0.826977551 0.00653974712 -0.563654661 0.825991511 0.00560514908 -0.563654661 0.825991511 0.00560514908 -0.563654661 0.825991511 0.00560514908 -0.565285087 0.824882567 0.00463218708 -0.565285087 0.824882567 0.00463218708 -0.565285087 0.824882567 0.00463218708 -0.566876888 0.823794067 0.00373429013 -0.566876888 0.823794067 0.00373429013 -0.566876888 0.823794067 0.00373429013 -0.56856966 0.822630227 0.00283459784 -0.56856966 0.822630227 0.00283459784 -0.56856966 0.822630227 0.00283459784 -0.570177734 0.821518838 0.00202679052 -0.570177734 0.821518838 0.00202679052 -0.570177734 0.821518838 0.00202679052 -0.571831048 0.820370495 0.00123427645 -0.571831048 0.820370495 0.00123427645 -0.571831048 0.820370495 0.00123427645 -0.573263824 0.819370687 0.000584016729 -0.573263824 0.819370687 0.000584016729 -0.573263824 0.819370687 0.000584016729 -0.574524105 0.818487644 3.14274293e-05 -0.574524105 0.818487644 3.14274293e-05 -0.574524105 0.818487644 3.14274293e-05 -0.575338662 0.817915201 -0.000308000395 -0.575338662 0.817915201 -0.000308000395 -0.575338662 0.817915201 -0.000308000395 -0.575389922 0.81787914 -0.000328857626 -0.575389922 0.81787914 -0.000328857626 -0.575389922 0.81787914 -0.000328857626 -0.574535191 0.818479896 0 -0.574535191 0.818479896 0 -0.574535191 0.818479896 0 -0.575289965 0.817949533 0.00029037139 -0.575289965 0.817949533 0.00029037139 -0.575289965 0.817949533 0.00029037139 -0.575343013 0.817912161 0.000311718526 -0.575343013 0.817912161 0.000311718526 -0.575343013 0.817912161 0.000311718526 -0.574641287 0.81840539 1.93011419e-05 -0.574641287 0.81840539 1.93011419e-05 -0.574641287 0.81840539 1.93011419e-05 -0.573411047 0.819267631 -0.000511221762 -0.573411047 0.819267631 -0.000511221762 -0.573411047 0.819267631 -0.000511221762 -0.572075069 0.820200503 -0.0011176843 -0.572075069 0.820200503 -0.0011176843 -0.572075069 0.820200503 -0.0011176843 -0.570437193 0.821339071 -0.00188529235 -0.570437193 0.821339071 -0.00188529235 -0.570437193 0.821339071 -0.00188529235 -0.56892693 0.822383821 -0.00264417287 -0.56892693 0.822383821 -0.00264417287 -0.56892693 0.822383821 -0.00264417287 -0.567186713 0.823581636 -0.00354269915 -0.567186713 0.823581636 -0.00354269915 -0.567186713 0.823581636 -0.00354269915 -0.565695345 0.824602664 -0.0043842434 -0.565695345 0.824602664 -0.0043842434 -0.565695345 0.824602664 -0.0043842434 -0.564027846 0.82573849 -0.00534456735 -0.564027846 0.82573849 -0.00534456735 -0.564027846 0.82573849 -0.00534456735 -0.562648773 0.826672554 -0.00622909842 -0.562648773 0.826672554 -0.00622909842 -0.562648773 0.826672554 -0.00622909842 -0.561117411 0.827704728 -0.00722342823 -0.561117411 0.827704728 -0.00722342823 -0.561117411 0.827704728 -0.00722342823 -0.559887886 0.828528523 -0.00812833011 -0.559887886 0.828528523 -0.00812833011 -0.559887886 0.828528523 -0.00812833011 -0.569262981 0.822154701 -0.00116253947 -0.569262981 0.822154701 -0.00116253947 -0.569262981 0.822154701 -0.00116253947 -0.547752619 0.836640298 -0.000250093057 -0.547752619 0.836640298 -0.000250093057 -0.547752619 0.836640298 -0.000250093057 -0.546241999 0.837627351 -0.000268506788 -0.546241999 0.837627351 -0.000268506788 -0.546241999 0.837627351 -0.000268506788 -0.477374047 0.878700078 -0.000443097873 -0.477374047 0.878700078 -0.000443097873 -0.477374047 0.878700078 -0.000443097873 -0.479564637 0.877506256 -0.000724273268 -0.479564637 0.877506256 -0.000724273268 -0.479564637 0.877506256 -0.000724273268 -0.481812179 0.876274228 -0.000680628524 -0.481812179 0.876274228 -0.000680628524 -0.481812179 0.876274228 -0.000680628524 -0.484104335 0.875010073 -0.000604152039 -0.484104335 0.875010073 -0.000604152039 -0.484104335 0.875010073 -0.000604152039 -0.486537188 0.873659849 -0.000143494675 -0.486537188 0.873659849 -0.000143494675 -0.486537188 0.873659849 -0.000143494675 -0.489095271 0.872230291 0.000400951394 -0.489095271 0.872230291 0.000400951394 -0.489095271 0.872230291 0.000400951394 -0.49189043 0.870655894 0.00143808057 -0.49189043 0.870655894 0.00143808057 -0.49189043 0.870655894 0.00143808057 -0.494766057 0.86902231 0.00259898277 -0.494766057 0.86902231 0.00259898277 -0.494766057 0.86902231 0.00259898277 -0.498093754 0.867111802 0.00443780422 -0.498093754 0.867111802 0.00443780422 -0.498093754 0.867111802 0.00443780422 -0.503467858 0.863980055 0.00765608484 -0.503467858 0.863980055 0.00765608484 -0.503467858 0.863980055 0.00765608484 -0.506236553 0.862340093 0.00970015861 -0.506236553 0.862340093 0.00970015861 -0.506236553 0.862340093 0.00970015861 -0.516194284 0.856290936 0.0175853111 -0.516194284 0.856290936 0.0175853111 -0.516194284 0.856290936 0.0175853111 -0.509561777 0.859970808 0.0282315072 -0.509561777 0.859970808 0.0282315072 -0.509561777 0.859970808 0.0282315072 -0.511742115 0.858773828 0.0250494648 -0.511742115 0.858773828 0.0250494648 -0.511742115 0.858773828 0.0250494648 -0.513600111 0.857735693 0.0224599838 -0.513600111 0.857735693 0.0224599838 -0.513600111 0.857735693 0.0224599838 -0.515907824 0.856422544 0.0194833446 -0.515907824 0.856422544 0.0194833446 -0.515907824 0.856422544 0.0194833446 -0.518018007 0.855201125 0.0169806983 -0.518018007 0.855201125 0.0169806983 -0.518018007 0.855201125 0.0169806983 -0.520635307 0.853663206 0.0140741616 -0.520635307 0.853663206 0.0140741616 -0.520635307 0.853663206 0.0140741616 -0.523313999 0.852063 0.0114509081 -0.523313999 0.852063 0.0114509081 -0.523313999 0.852063 0.0114509081 -0.526005387 0.850433826 0.00898241438 -0.526005387 0.850433826 0.00898241438 -0.526005387 0.850433826 0.00898241438 -0.527738869 0.849372387 0.0076275724 -0.527738869 0.849372387 0.0076275724 -0.527738869 0.849372387 0.0076275724 -0.529643357 0.848197699 0.00620941166 -0.529643357 0.848197699 0.00620941166 -0.529643357 0.848197699 0.00620941166 -0.531535983 0.847020507 0.00507504307 -0.531535983 0.847020507 0.00507504307 -0.531535983 0.847020507 0.00507504307 -0.533682704 0.845676124 0.00383230578 -0.533682704 0.845676124 0.00383230578 -0.533682704 0.845676124 0.00383230578 -0.535802543 0.844338357 0.00290304446 -0.535802543 0.844338357 0.00290304446 -0.535802543 0.844338357 0.00290304446 -0.537903905 0.843003809 0.00199529366 -0.537903905 0.843003809 0.00199529366 -0.537903905 0.843003809 0.00199529366 -0.540121555 0.841585994 0.00132021669 -0.540121555 0.841585994 0.00132021669 -0.540121555 0.841585994 0.00132021669 -0.541635692 0.840612888 0.000865313807 -0.541635692 0.840612888 0.000865313807 -0.541635692 0.840612888 0.000865313807 -0.543129086 0.839649022 0.000565245515 -0.543129086 0.839649022 0.000565245515 -0.543129086 0.839649022 0.000565245515 -0.543631017 0.839324176 0.000472850516 -0.543631017 0.839324176 0.000472850516 -0.543631017 0.839324176 0.000472850516 -0.544230044 0.838935912 0.000403586135 -0.544230044 0.838935912 0.000403586135 -0.544230044 0.838935912 0.000403586135 -0.545015156 0.838426113 0.00033350967 -0.545015156 0.838426113 0.00033350967 -0.545015156 0.838426113 0.00033350967 -0.546029508 0.837765932 0.000295959035 -0.546029508 0.837765932 0.000295959035 -0.546029508 0.837765932 0.000295959035 -0.547236085 0.836978257 0.000278920867 -0.547236085 0.836978257 0.000278920867 -0.547236085 0.836978257 0.000278920867 -0.56926316 0.822154939 0.000819830806 -0.56926316 0.822154939 0.000819830806 -0.56926316 0.822154939 0.000819830806 -0.559425056 0.828837395 0.00849299971 -0.559425056 0.828837395 0.00849299971 -0.559425056 0.828837395 0.00849299971 -0.560728908 0.8279652 0.00753384223 -0.560728908 0.8279652 0.00753384223 -0.560728908 0.8279652 0.00753384223 -0.299780637 0.954008162 0 -0.299780637 0.954008162 0 -0.299780637 0.954008162 0 -0.299780637 0.954008162 -0 -0.299780637 0.954008162 -0 -0.299780637 0.954008162 -0 0.940032184 0.341085821 0 0.940032184 0.341085821 0 0.940032184 0.341085821 0 0.940032184 0.341085821 0 0.940032184 0.341085821 0 0.940032184 0.341085821 0 0.90671128 0.421751827 -0 0.90671128 0.421751827 -0 0.90671128 0.421751827 -0 0.90671128 0.421751827 0 0.90671128 0.421751827 0 0.90671128 0.421751827 0 0.866512299 0.49915576 -0 0.866512299 0.49915576 -0 0.866512299 0.49915576 -0 0.866512299 0.49915576 0 0.866512299 0.49915576 0 0.866512299 0.49915576 0 0.819708109 0.572781503 -0 0.819708109 0.572781503 -0 0.819708109 0.572781503 -0 0.819708109 0.572781503 0 0.819708109 0.572781503 0 0.819708109 0.572781503 0 0.766657054 0.642056823 -0 0.766657054 0.642056823 -0 0.766657054 0.642056823 -0 0.766657054 0.642056823 0 0.766657054 0.642056823 0 0.766657054 0.642056823 0 0.707804799 0.706408083 -0 0.707804799 0.706408083 -0 0.707804799 0.706408083 -0 0.707804799 0.706408083 0 0.707804799 0.706408083 0 0.707804799 0.706408083 0 0.643517494 0.765431404 -0 0.643517494 0.765431404 -0 0.643517494 0.765431404 -0 0.643517494 0.765431404 0 0.643517494 0.765431404 0 0.643517494 0.765431404 0 0.574385047 0.818585217 -0 0.574385047 0.818585217 -0 0.574385047 0.818585217 -0 0.574385047 0.818585217 0 0.574385047 0.818585217 0 0.574385047 0.818585217 0 0.500827968 0.865546882 -0 0.500827968 0.865546882 -0 0.500827968 0.865546882 -0 0.500827968 0.865546882 0 0.500827968 0.865546882 0 0.500827968 0.865546882 0 0.423493654 0.905899048 -0 0.423493654 0.905899048 -0 0.423493654 0.905899048 -0 0.423493654 0.905899048 0 0.423493654 0.905899048 0 0.423493654 0.905899048 0 0.342939973 0.93935734 -0 0.342939973 0.93935734 -0 0.342939973 0.93935734 -0 0.342939973 0.93935734 0 0.342939973 0.93935734 0 0.342939973 0.93935734 0 0.259753972 0.965674818 -0 0.259753972 0.965674818 -0 0.259753972 0.965674818 -0 0.259753972 0.965674818 0 0.259753972 0.965674818 0 0.259753972 0.965674818 0 0.174606919 0.984638214 -0 0.174606919 0.984638214 -0 0.174606919 0.984638214 -0 0.174606919 0.984638214 0 0.174606919 0.984638214 0 0.174606919 0.984638214 0 0.08811865 0.996109962 -0 0.08811865 0.996109962 -0 0.08811865 0.996109962 -0 0.08811865 0.996109962 0 0.08811865 0.996109962 0 0.08811865 0.996109962 0 0.000969681423 0.999999523 -0 0.000969681423 0.999999523 -0 0.000969681423 0.999999523 -0 0.000969681423 0.999999523 0 0.000969681423 0.999999523 0 0.000969681423 0.999999523 0 -0.0861873627 0.996278942 -0 -0.0861873627 0.996278942 -0 -0.0861873627 0.996278942 -0 -0.0861873627 0.996278942 0 -0.0861873627 0.996278942 0 -0.0861873627 0.996278942 0 -0.172697112 0.98497498 -0 -0.172697112 0.98497498 -0 -0.172697112 0.98497498 -0 -0.172697112 0.98497498 0 -0.172697112 0.98497498 0 -0.172697112 0.98497498 0 -0.25788635 0.966175258 -0 -0.25788635 0.966175258 -0 -0.25788635 0.966175258 -0 -0.25788635 0.966175258 0 -0.25788635 0.966175258 0 -0.25788635 0.966175258 0 0.954007804 0.299781799 -0 0.954007804 0.299781799 -0 0.954007804 0.299781799 -0 0.954007804 0.299781799 -0 0.954007804 0.299781799 -0 0.954007804 0.299781799 -0 0.966175258 0.25788635 -0 0.966175258 0.25788635 -0 0.966175258 0.25788635 -0 0.966175258 0.25788635 0 0.966175258 0.25788635 0 0.966175258 0.25788635 0 0.984975219 0.172695607 0 0.984975219 0.172695607 0 0.984975219 0.172695607 0 0.984975219 0.172695607 0 0.984975219 0.172695607 0 0.984975219 0.172695607 0 0.996278942 0.0861873627 0 0.996278942 0.0861873627 0 0.996278942 0.0861873627 0 0.996278942 0.0861873627 0 0.996278942 0.0861873627 0 0.996278942 0.0861873627 0 0.999999523 -0.000960793812 -0 0.999999523 -0.000960793812 -0 0.999999523 -0.000960793812 -0 0.999999523 -0.000960793812 0 0.999999523 -0.000960793812 0 0.999999523 -0.000960793812 0 0.996107697 -0.0881443545 -0 0.996107697 -0.0881443545 -0 0.996107697 -0.0881443545 -0 0.996107697 -0.0881443545 0 0.996107697 -0.0881443545 0 0.996107697 -0.0881443545 0 0.984642565 -0.174582571 -0 0.984642565 -0.174582571 -0 0.984642565 -0.174582571 -0 0.984642565 -0.174582571 0 0.984642565 -0.174582571 0 0.984642565 -0.174582571 0 0.965670347 -0.259770572 -0 0.965670347 -0.259770572 -0 0.965670347 -0.259770572 -0 0.965670347 -0.259770572 0 0.965670347 -0.259770572 0 0.965670347 -0.259770572 0 0.939359426 -0.342934251 -0 0.939359426 -0.342934251 -0 0.939359426 -0.342934251 -0 0.939359426 -0.342934251 0 0.939359426 -0.342934251 0 0.939359426 -0.342934251 0 0.90589726 -0.423497558 -0 0.90589726 -0.423497558 -0 0.90589726 -0.423497558 -0 0.90589726 -0.423497558 0 0.90589726 -0.423497558 0 0.90589726 -0.423497558 0 0.86554563 -0.500830054 -0 0.86554563 -0.500830054 -0 0.86554563 -0.500830054 -0 0.86554563 -0.500830054 0 0.86554563 -0.500830054 0 0.86554563 -0.500830054 0 0.818589866 -0.57437849 -0 0.818589866 -0.57437849 -0 0.818589866 -0.57437849 -0 0.818589866 -0.57437849 0 0.818589866 -0.57437849 0 0.818589866 -0.57437849 0 0.765427709 -0.643521905 -0 0.765427709 -0.643521905 -0 0.765427709 -0.643521905 -0 0.765427709 -0.643521905 0 0.765427709 -0.643521905 0 0.765427709 -0.643521905 0 0.706421435 -0.707791448 -0 0.706421435 -0.707791448 -0 0.706421435 -0.707791448 -0 0.706421435 -0.707791448 0 0.706421435 -0.707791448 0 0.706421435 -0.707791448 0 0.64203763 -0.766673148 -0 0.64203763 -0.766673148 -0 0.64203763 -0.766673148 -0 0.64203763 -0.766673148 0 0.64203763 -0.766673148 0 0.64203763 -0.766673148 0 0.572781503 -0.819708109 -0 0.572781503 -0.819708109 -0 0.572781503 -0.819708109 -0 0.572781503 -0.819708109 0 0.572781503 -0.819708109 0 0.572781503 -0.819708109 0 0.49916628 -0.866506219 -0 0.49916628 -0.866506219 -0 0.49916628 -0.866506219 -0 0.49916628 -0.866506219 0 0.49916628 -0.866506219 0 0.49916628 -0.866506219 0 0.421740621 -0.906716526 -0 0.421740621 -0.906716526 -0 0.421740621 -0.906716526 -0 0.421740621 -0.906716526 0 0.421740621 -0.906716526 0 0.421740621 -0.906716526 0 0.341112256 -0.940022588 -0 0.341112256 -0.940022588 -0 0.341112256 -0.940022588 -0 0.341112256 -0.940022588 0 0.341112256 -0.940022588 0 0.341112256 -0.940022588 0 0.299780637 -0.954008162 0 0.299780637 -0.954008162 0 0.299780637 -0.954008162 0 0.299780637 -0.954008162 -0 0.299780637 -0.954008162 -0 0.299780637 -0.954008162 -0 0.954007924 0.299781382 -0 0.954007924 0.299781382 -0 0.954007924 0.299781382 -0 0.954007924 0.299781382 -0 0.954007924 0.299781382 -0 0.954007924 0.299781382 -0 -0.0797400624 -0.0250569712 -0.996500731 -0.0797400624 -0.0250569712 -0.996500731 -0.0797400624 -0.0250569712 -0.996500731 -0.953566551 -0.299642444 -0.0304170661 -0.953566551 -0.299642444 -0.0304170661 -0.953566551 -0.299642444 -0.0304170661 -0.953882575 -0.300077558 -0.00784029998 -0.953882575 -0.300077558 -0.00784029998 -0.953882575 -0.300077558 -0.00784029998 -0.952418387 -0.299054027 -0.0588720813 -0.952418387 -0.299054027 -0.0588720813 -0.952418387 -0.299054027 -0.0588720813 -0.944019794 -0.296419382 -0.144783258 -0.944019794 -0.296419382 -0.144783258 -0.944019794 -0.296419382 -0.144783258 -0.947086751 -0.2976062 -0.12023823 -0.947086751 -0.2976062 -0.12023823 -0.947086751 -0.2976062 -0.12023823 -0.95084244 -0.298786432 -0.0813964158 -0.95084244 -0.298786432 -0.0813964158 -0.95084244 -0.298786432 -0.0813964158 -0.928572476 -0.291584462 -0.229633734 -0.928572476 -0.291584462 -0.229633734 -0.928572476 -0.291584462 -0.229633734 -0.934412241 -0.293623447 -0.201640859 -0.934412241 -0.293623447 -0.201640859 -0.934412241 -0.293623447 -0.201640859 -0.94125247 -0.295773 -0.162978753 -0.94125247 -0.295773 -0.162978753 -0.94125247 -0.295773 -0.162978753 -0.906202376 -0.284586281 -0.312742591 -0.906202376 -0.284586281 -0.312742591 -0.906202376 -0.284586281 -0.312742591 -0.915310144 -0.287620693 -0.281924993 -0.915310144 -0.287620693 -0.281924993 -0.915310144 -0.287620693 -0.281924993 -0.925234318 -0.290739357 -0.243745953 -0.925234318 -0.290739357 -0.243745953 -0.925234318 -0.290739357 -0.243745953 -0.877063155 -0.275470823 -0.393543005 -0.877063155 -0.275470823 -0.393543005 -0.877063155 -0.275470823 -0.393543005 -0.889878809 -0.279629797 -0.360448241 -0.889878809 -0.279629797 -0.360448241 -0.889878809 -0.279629797 -0.360448241 -0.902838647 -0.283702314 -0.323102683 -0.902838647 -0.283702314 -0.323102683 -0.902838647 -0.283702314 -0.323102683 -0.841382146 -0.264306962 -0.471399933 -0.841382146 -0.264306962 -0.471399933 -0.841382146 -0.264306962 -0.471399933 -0.858195126 -0.269673675 -0.436780512 -0.858195126 -0.269673675 -0.436780512 -0.858195126 -0.269673675 -0.436780512 -0.874175727 -0.274695367 -0.400448799 -0.874175727 -0.274695367 -0.400448799 -0.874175727 -0.274695367 -0.400448799 -0.799326062 -0.251144707 -0.545897603 -0.799326062 -0.251144707 -0.545897603 -0.799326062 -0.251144707 -0.545897603 -0.82058984 -0.257856727 -0.510041356 -0.82058984 -0.257856727 -0.510041356 -0.82058984 -0.257856727 -0.510041356 -0.839387178 -0.263763517 -0.475245208 -0.839387178 -0.263763517 -0.475245208 -0.839387178 -0.263763517 -0.475245208 -0.776861966 -0.243208736 -0.58080548 -0.776861966 -0.243208736 -0.58080548 -0.776861966 -0.243208736 -0.58080548 -0.79941541 -0.25120306 -0.545739949 -0.79941541 -0.25120306 -0.545739949 -0.79941541 -0.25120306 -0.545739949 -0.752755642 -0.236540943 -0.614334822 -0.752755642 -0.236540943 -0.614334822 -0.752755642 -0.236540943 -0.614334822 -0.751525998 -0.236111358 -0.616003335 -0.751525998 -0.236111358 -0.616003335 -0.751525998 -0.236111358 -0.616003335 -0.726845205 -0.22839871 -0.647711456 -0.726845205 -0.22839871 -0.647711456 -0.726845205 -0.22839871 -0.647711456 -0.702097237 -0.220622018 -0.67704165 -0.702097237 -0.220622018 -0.67704165 -0.702097237 -0.220622018 -0.67704165 -0.698045015 -0.219232813 -0.681667209 -0.698045015 -0.219232813 -0.681667209 -0.698045015 -0.219232813 -0.681667209 -0.673551559 -0.211652353 -0.708188951 -0.673551559 -0.211652353 -0.708188951 -0.673551559 -0.211652353 -0.708188951 -0.647517264 -0.203471377 -0.734384656 -0.647517264 -0.203471377 -0.734384656 -0.647517264 -0.203471377 -0.734384656 -0.639329433 -0.200714335 -0.742274642 -0.639329433 -0.200714335 -0.742274642 -0.639329433 -0.200714335 -0.742274642 -0.616703451 -0.193788871 -0.762969673 -0.616703451 -0.193788871 -0.762969673 -0.616703451 -0.193788871 -0.762969673 -0.588116765 -0.184805855 -0.787378848 -0.588116765 -0.184805855 -0.787378848 -0.588116765 -0.184805855 -0.787378848 -0.575868249 -0.180736974 -0.797314167 -0.575868249 -0.180736974 -0.797314167 -0.575868249 -0.180736974 -0.797314167 -0.555106819 -0.174433514 -0.813283086 -0.555106819 -0.174433514 -0.813283086 -0.555106819 -0.174433514 -0.813283086 -0.524240077 -0.164734036 -0.835484922 -0.524240077 -0.164734036 -0.835484922 -0.524240077 -0.164734036 -0.835484922 -0.508076131 -0.159420595 -0.846430004 -0.508076131 -0.159420595 -0.846430004 -0.508076131 -0.159420595 -0.846430004 -0.489375353 -0.153778002 -0.858407855 -0.489375353 -0.153778002 -0.858407855 -0.489375353 -0.153778002 -0.858407855 -0.457322121 -0.143705696 -0.877613306 -0.457322121 -0.143705696 -0.877613306 -0.457322121 -0.143705696 -0.877613306 -0.436504215 -0.136932865 -0.889220715 -0.436504215 -0.136932865 -0.889220715 -0.436504215 -0.136932865 -0.889220715 -0.420742273 -0.13221094 -0.897494435 -0.420742273 -0.13221094 -0.897494435 -0.420742273 -0.13221094 -0.897494435 -0.3846201 -0.120860033 -0.915128529 -0.3846201 -0.120860033 -0.915128529 -0.3846201 -0.120860033 -0.915128529 -0.361675709 -0.113424592 -0.925378621 -0.361675709 -0.113424592 -0.925378621 -0.361675709 -0.113424592 -0.925378621 -0.346636444 -0.108924724 -0.931653678 -0.346636444 -0.108924724 -0.931653678 -0.346636444 -0.108924724 -0.931653678 -0.28411898 -0.0892796069 -0.954623282 -0.28411898 -0.0892796069 -0.954623282 -0.28411898 -0.0892796069 -0.954623282 -0.270702749 -0.0847360641 -0.95892638 -0.270702749 -0.0847360641 -0.95892638 -0.270702749 -0.0847360641 -0.95892638 -0.309837341 -0.0973612145 -0.945791543 -0.309837341 -0.0973612145 -0.945791543 -0.309837341 -0.0973612145 -0.945791543 -0.123259537 -0.0387322344 -0.991618335 -0.123259537 -0.0387322344 -0.991618335 -0.123259537 -0.0387322344 -0.991618335 -0.116979532 -0.0366094634 -0.992459357 -0.116979532 -0.0366094634 -0.992459357 -0.116979532 -0.0366094634 -0.992459357 -0.157642648 -0.0495365374 -0.986252964 -0.157642648 -0.0495365374 -0.986252964 -0.157642648 -0.0495365374 -0.986252964 -0.20444946 -0.0642447919 -0.976766646 -0.20444946 -0.0642447919 -0.976766646 -0.20444946 -0.0642447919 -0.976766646 -0.194132343 -0.0607550591 -0.979092181 -0.194132343 -0.0607550591 -0.979092181 -0.194132343 -0.0607550591 -0.979092181 -0.234112099 -0.0735657886 -0.969422281 -0.234112099 -0.0735657886 -0.969422281 -0.234112099 -0.0735657886 -0.969422281 0.0412128083 0.0129510835 -0.999066472 0.0412128083 0.0129510835 -0.999066472 0.0412128083 0.0129510835 -0.999066472 0.0759680942 0.0247017331 -0.996804237 0.0759680942 0.0247017331 -0.996804237 0.0759680942 0.0247017331 -0.996804237 0.0353272595 0.0111009497 -0.999314129 0.0353272595 0.0111009497 -0.999314129 0.0353272595 0.0111009497 -0.999314129 -0.0412126593 -0.0129503291 -0.999066472 -0.0412126593 -0.0129503291 -0.999066472 -0.0412126593 -0.0129503291 -0.999066472 -0.00375937694 -0.000293116434 -0.999992907 -0.00375937694 -0.000293116434 -0.999992907 -0.00375937694 -0.000293116434 -0.999992907 -0.0414664373 -0.0129672904 -0.999055743 -0.0414664373 -0.0129672904 -0.999055743 -0.0414664373 -0.0129672904 -0.999055743 0.204449296 0.0642449111 -0.976766646 0.204449296 0.0642449111 -0.976766646 0.204449296 0.0642449111 -0.976766646 0.237632498 0.0754920691 -0.968417108 0.237632498 0.0754920691 -0.968417108 0.237632498 0.0754920691 -0.968417108 0.197962329 0.0622058101 -0.978233814 0.197962329 0.0622058101 -0.978233814 0.197962329 0.0622058101 -0.978233814 0.123258665 0.0387316383 -0.991618454 0.123258665 0.0387316383 -0.991618454 0.123258665 0.0387316383 -0.991618454 0.157556176 0.0503387786 -0.986226141 0.157556176 0.0503387786 -0.986226141 0.157556176 0.0503387786 -0.986226141 0.117124893 0.0368049964 -0.992434978 0.117124893 0.0368049964 -0.992434978 0.117124893 0.0368049964 -0.992434978 0.361608148 0.113629617 -0.925379813 0.361608148 0.113629617 -0.925379813 0.361608148 0.113629617 -0.925379813 0.391988158 0.123977661 -0.911578178 0.391988158 0.123977661 -0.911578178 0.391988158 0.123977661 -0.911578178 0.354508966 0.11139892 -0.928393066 0.354508966 0.11139892 -0.928393066 0.354508966 0.11139892 -0.928393066 0.284121096 0.089280948 -0.954622507 0.284121096 0.089280948 -0.954622507 0.284121096 0.089280948 -0.954622507 0.316095799 0.100141622 -0.943427324 0.316095799 0.100141622 -0.943427324 0.316095799 0.100141622 -0.943427324 0.277297616 0.0871360525 -0.956824601 0.277297616 0.0871360525 -0.956824601 0.277297616 0.0871360525 -0.956824601 0.508009315 0.159633189 -0.846430004 0.508009315 0.159633189 -0.846430004 0.508009315 0.159633189 -0.846430004 0.534550905 0.168747798 -0.828118086 0.534550905 0.168747798 -0.828118086 0.534550905 0.168747798 -0.828118086 0.500291526 0.157208011 -0.851465821 0.500291526 0.157208011 -0.851465821 0.500291526 0.157208011 -0.851465821 0.436441153 0.137144342 -0.889219046 0.436441153 0.137144342 -0.889219046 0.436441153 0.137144342 -0.889219046 0.465095878 0.146939978 -0.872980237 0.465095878 0.146939978 -0.872980237 0.465095878 0.146939978 -0.872980237 0.428998798 0.134805739 -0.89318949 0.428998798 0.134805739 -0.89318949 0.428998798 0.134805739 -0.89318949 0.639276743 0.200881973 -0.742274642 0.639276743 0.200881973 -0.742274642 0.639276743 0.200881973 -0.742274642 0.659775436 0.208012253 -0.722099245 0.659775436 0.208012253 -0.722099245 0.659775436 0.208012253 -0.722099245 0.629655421 0.197858706 -0.751256287 0.629655421 0.197858706 -0.751256287 0.629655421 0.197858706 -0.751256287 0.575805306 0.180937454 -0.797314167 0.575805306 0.180937454 -0.797314167 0.575805306 0.180937454 -0.797314167 0.600056946 0.189313456 -0.777233601 0.600056946 0.189313456 -0.777233601 0.600056946 0.189313456 -0.777233601 0.567788899 0.178417653 -0.803606212 0.567788899 0.178417653 -0.803606212 0.567788899 0.178417653 -0.803606212 0.751513541 0.236151055 -0.616003335 0.751513541 0.236151055 -0.616003335 0.751513541 0.236151055 -0.616003335 0.76515466 0.240994826 -0.597042561 0.76515466 0.240994826 -0.597042561 0.76515466 0.240994826 -0.597042561 0.740066648 0.23255375 -0.631046832 0.740066648 0.23255375 -0.631046832 0.740066648 0.23255375 -0.631046832 0.698011637 0.219338924 -0.681667209 0.698011637 0.219338924 -0.681667209 0.698011637 0.219338924 -0.681667209 0.714535534 0.225138441 -0.662383318 0.714535534 0.225138441 -0.662383318 0.714535534 0.225138441 -0.662383318 0.686783671 0.215809986 -0.694085181 0.686783671 0.215809986 -0.694085181 0.686783671 0.215809986 -0.694085181 0.841355264 0.264381617 -0.471406072 0.841355264 0.264381617 -0.471406072 0.841355264 0.264381617 -0.471406072 0.84981972 0.267497987 -0.454148918 0.84981972 0.267497987 -0.454148918 0.84981972 0.267497987 -0.454148918 0.83044225 0.260952592 -0.492208719 0.83044225 0.260952592 -0.492208719 0.83044225 0.260952592 -0.492208719 0.79941535 0.25120309 -0.545739949 0.79941535 0.25120309 -0.545739949 0.79941535 0.25120309 -0.545739949 0.810373783 0.255154401 -0.527437747 0.810373783 0.255154401 -0.527437747 0.810373783 0.255154401 -0.527437747 0.788049757 0.247631714 -0.563609898 0.788049757 0.247631714 -0.563609898 0.788049757 0.247631714 -0.563609898 0.906155169 0.284744412 -0.312735438 0.906155169 0.284744412 -0.312735438 0.906155169 0.284744412 -0.312735438 0.910391986 0.286425412 -0.298574835 0.910391986 0.286425412 -0.298574835 0.910391986 0.286425412 -0.298574835 0.897348106 0.281976551 -0.339493185 0.897348106 0.281976551 -0.339493185 0.897348106 0.281976551 -0.339493185 0.877025485 0.275590599 -0.393543005 0.877025485 0.275590599 -0.393543005 0.877025485 0.275590599 -0.393543005 0.883222997 0.277941048 -0.377711445 0.883222997 0.277941048 -0.377711445 0.883222997 0.277941048 -0.377711445 0.866964042 0.272428632 -0.417320073 0.866964042 0.272428632 -0.417320073 0.866964042 0.272428632 -0.417320073 0.945257485 0.297273636 -0.13459824 0.945257485 0.297273636 -0.13459824 0.945257485 0.297273636 -0.13459824 0.938902617 0.295034468 -0.177247062 0.938902617 0.295034468 -0.177247062 0.938902617 0.295034468 -0.177247062 0.928514183 0.29177013 -0.229633749 0.928514183 0.29177013 -0.229633749 0.928514183 0.29177013 -0.229633749 0.9311167 0.292884499 -0.217348397 0.9311167 0.292884499 -0.217348397 0.9311167 0.292884499 -0.217348397 0.921376526 0.289527357 -0.259305239 0.921376526 0.289527357 -0.259305239 0.921376526 0.289527357 -0.259305239 0.943955481 0.296622247 -0.144787148 0.943955481 0.296622247 -0.144787148 0.943955481 0.296622247 -0.144787148 0.952353358 0.299261093 -0.0588714629 0.952353358 0.299261093 -0.0588714629 0.952353358 0.299261093 -0.0588714629 0.949548841 0.299208552 -0.093974784 0.949548841 0.299208552 -0.093974784 0.949548841 0.299208552 -0.093974784 0.954214633 0.299019843 -0.00784370955 0.954214633 0.299019843 -0.00784370955 0.954214633 0.299019843 -0.00784370955 0.953123748 0.299503267 -0.0430450849 0.953123748 0.299503267 -0.0430450849 0.953123748 0.299503267 -0.0430450849 0.953466833 0.299611062 0.033678703 0.953466833 0.299611062 0.033678703 0.953466833 0.299611062 0.033678703 0.954114258 0.299340069 0.00784371421 0.954114258 0.299340069 0.00784371421 0.954114258 0.299340069 0.00784371421 0.952283382 0.299483687 0.0588714592 0.952283382 0.299483687 0.0588714592 0.952283382 0.299483687 0.0588714592 0.943883479 0.296851277 0.144787133 0.943883479 0.296851277 0.144787133 0.943883479 0.296851277 0.144787133 0.94646138 0.297409773 0.125531837 0.94646138 0.297409773 0.125531837 0.94646138 0.297409773 0.125531837 0.950585663 0.298705727 0.0846272483 0.950585663 0.298705727 0.0846272483 0.950585663 0.298705727 0.0846272483 0.928443134 0.292001873 0.229626313 0.928443134 0.292001873 0.229626313 0.928443134 0.292001873 0.229626313 0.933011413 0.293183297 0.208646163 0.933011413 0.293183297 0.208646163 0.933011413 0.293183297 0.208646163 0.940408349 0.29550761 0.168248087 0.940408349 0.29550761 0.168248087 0.940408349 0.29550761 0.168248087 0.906080127 0.28497231 0.312745303 0.906080127 0.28497231 0.312745303 0.906080127 0.28497231 0.312745303 0.912926078 0.286871731 0.290293962 0.912926078 0.286871731 0.290293962 0.912926078 0.286871731 0.290293962 0.923542678 0.290207803 0.250695646 0.923542678 0.290207803 0.250695646 0.923542678 0.290207803 0.250695646 0.87695539 0.27581355 0.393543005 0.87695539 0.27581355 0.393543005 0.87695539 0.27581355 0.393543005 0.886338055 0.278516889 0.369909704 0.886338055 0.278516889 0.369909704 0.886338055 0.278516889 0.369909704 0.900112033 0.28284505 0.331356257 0.900112033 0.28284505 0.331356257 0.900112033 0.28284505 0.331356257 0.841288209 0.264594913 0.471406072 0.841288209 0.264594913 0.471406072 0.841288209 0.264594913 0.471406072 0.853448033 0.268181592 0.446883708 0.853448033 0.268181592 0.446883708 0.853448033 0.268181592 0.446883708 0.8702631 0.273465335 0.409705818 0.8702631 0.273465335 0.409705818 0.8702631 0.273465335 0.409705818 0.799362242 0.25140515 0.54572475 0.799362242 0.25140515 0.54572475 0.799362242 0.25140515 0.54572475 0.814423859 0.255919337 0.520787001 0.814423859 0.255919337 0.520787001 0.814423859 0.255919337 0.520787001 0.834216654 0.262138814 0.485145122 0.834216654 0.262138814 0.485145122 0.834216654 0.262138814 0.485145122 0.751444399 0.236329004 0.616019428 0.751444399 0.236329004 0.616019428 0.751444399 0.236329004 0.616019428 0.769607484 0.241835997 0.590948105 0.769607484 0.241835997 0.590948105 0.769607484 0.241835997 0.590948105 0.792209148 0.248938113 0.557166517 0.792209148 0.248938113 0.557166517 0.792209148 0.248938113 0.557166517 0.697956502 0.219514474 0.681667209 0.697956502 0.219514474 0.681667209 0.697956502 0.219514474 0.681667209 0.718442082 0.225758523 0.657931685 0.718442082 0.225758523 0.657931685 0.718442082 0.225758523 0.657931685 0.744523764 0.233954132 0.625259817 0.744523764 0.233954132 0.625259817 0.744523764 0.233954132 0.625259817 0.639223039 0.201052874 0.742274642 0.639223039 0.201052874 0.742274642 0.639223039 0.201052874 0.742274642 0.661869407 0.207981348 0.720189273 0.661869407 0.207981348 0.720189273 0.661869407 0.207981348 0.720189273 0.690678596 0.217033997 0.689825594 0.690678596 0.217033997 0.689825594 0.690678596 0.217033997 0.689825594 0.575762153 0.181074634 0.797314167 0.575762153 0.181074634 0.797314167 0.575762153 0.181074634 0.797314167 0.60213846 0.189212382 0.775646806 0.60213846 0.189212382 0.775646806 0.60213846 0.189212382 0.775646806 0.63163358 0.198480591 0.749429405 0.63163358 0.198480591 0.749429405 0.63163358 0.198480591 0.749429405 0.507978141 0.15973255 0.846430004 0.507978141 0.15973255 0.846430004 0.507978141 0.15973255 0.846430004 0.538242996 0.169133529 0.825644195 0.538242996 0.169133529 0.825644195 0.538242996 0.169133529 0.825644195 0.569691241 0.179015532 0.802125514 0.569691241 0.179015532 0.802125514 0.569691241 0.179015532 0.802125514 0.400422722 0.125826016 0.90765053 0.400422722 0.125826016 0.90765053 0.400422722 0.125826016 0.90765053 0.433941573 0.136358738 0.890562177 0.433941573 0.136358738 0.890562177 0.433941573 0.136358738 0.890562177 0.436423123 0.137201741 0.889219046 0.436423123 0.137201741 0.889219046 0.436423123 0.137201741 0.889219046 0.470097661 0.147720471 0.870164871 0.470097661 0.147720471 0.870164871 0.470097661 0.147720471 0.870164871 0.503658235 0.158266276 0.849282146 0.503658235 0.158266276 0.849282146 0.503658235 0.158266276 0.849282146 0.284092546 0.0892708823 0.954631925 0.284092546 0.0892708823 0.954631925 0.284092546 0.0892708823 0.954631925 0.247221962 0.0785948187 0.965766072 0.247221962 0.0785948187 0.965766072 0.247221962 0.0785948187 0.965766072 0.287294239 0.0902772546 0.953578532 0.287294239 0.0902772546 0.953578532 0.287294239 0.0902772546 0.953578532 0.361635417 0.113637686 0.92536819 0.361635417 0.113637686 0.92536819 0.361635417 0.113637686 0.92536819 0.324073493 0.102792226 0.94043082 0.324073493 0.102792226 0.94043082 0.324073493 0.102792226 0.94043082 0.362356365 0.113879316 0.925056398 0.362356365 0.113879316 0.925056398 0.362356365 0.113879316 0.925056398 0.123289779 0.0387414359 0.991614223 0.123289779 0.0387414359 0.991614223 0.123289779 0.0387414359 0.991614223 0.0887955725 0.0287179574 0.995635808 0.0887955725 0.0287179574 0.995635808 0.0887955725 0.0287179574 0.995635808 0.130060732 0.0408691168 0.99066335 0.130060732 0.0408691168 0.99066335 0.130060732 0.0408691168 0.99066335 0.20444946 0.0642443597 0.976766646 0.20444946 0.0642443597 0.976766646 0.20444946 0.0642443597 0.976766646 0.168578252 0.0538358353 0.984216988 0.168578252 0.0538358353 0.984216988 0.168578252 0.0538358353 0.984216988 0.209499493 0.0658313781 0.975590169 0.209499493 0.0658313781 0.975590169 0.209499493 0.0658313781 0.975590169 -0.0412352346 -0.0127680134 0.999067903 -0.0412352346 -0.0127680134 0.999067903 -0.0412352346 -0.0127680134 0.999067903 -0.0301641729 -0.00947842281 0.999500036 -0.0301641729 -0.00947842281 0.999500036 -0.0301641729 -0.00947842281 0.999500036 0.0411814637 0.012940363 0.999067903 0.0411814637 0.012940363 0.999067903 0.0411814637 0.012940363 0.999067903 0.00920055993 0.00363943097 0.999951065 0.00920055993 0.00363943097 0.999951065 0.00920055993 0.00363943097 0.999951065 0.0506951436 0.0159299709 0.998587132 0.0506951436 0.0159299709 0.998587132 0.0506951436 0.0159299709 0.998587132 -0.123351768 -0.0385475419 0.991614044 -0.123351768 -0.0385475419 0.991614044 -0.123351768 -0.0385475419 0.991614044 -0.109689116 -0.0344678909 0.993368149 -0.109689116 -0.0344678909 0.993368149 -0.109689116 -0.0344678909 0.993368149 -0.0711869076 -0.0223692432 0.997212112 -0.0711869076 -0.0223692432 0.997212112 -0.0711869076 -0.0223692432 0.997212112 -0.204517931 -0.0640268847 0.976766586 -0.204517931 -0.0640268847 0.976766586 -0.204517931 -0.0640268847 0.976766586 -0.184395149 -0.0579430237 0.9811427 -0.184395149 -0.0579430237 0.9811427 -0.184395149 -0.0579430237 0.9811427 -0.150470853 -0.0472828932 0.987483084 -0.150470853 -0.0472828932 0.987483084 -0.150470853 -0.0472828932 0.987483084 -0.284153551 -0.0890686885 0.95463264 -0.284153551 -0.0890686885 0.95463264 -0.284153551 -0.0890686885 0.95463264 -0.259063572 -0.0814063624 0.962423563 -0.259063572 -0.0814063624 0.962423563 -0.259063572 -0.0814063624 0.962423563 -0.224586964 -0.0705726668 0.971895158 -0.224586964 -0.0705726668 0.971895158 -0.224586964 -0.0705726668 0.971895158 -0.361696661 -0.113452725 0.925366938 -0.361696661 -0.113452725 0.925366938 -0.361696661 -0.113452725 0.925366938 -0.335322976 -0.105369605 0.936192155 -0.335322976 -0.105369605 0.936192155 -0.335322976 -0.105369605 0.936192155 -0.298478097 -0.0937917158 0.949796796 -0.298478097 -0.0937917158 0.949796796 -0.298478097 -0.0937917158 0.949796796 -0.436481297 -0.137005791 0.889220715 -0.436481297 -0.137005791 0.889220715 -0.436481297 -0.137005791 0.889220715 -0.406764567 -0.127818823 0.904546797 -0.406764567 -0.127818823 0.904546797 -0.406764567 -0.127818823 0.904546797 -0.373536855 -0.11737752 0.920159101 -0.373536855 -0.11737752 0.920159101 -0.373536855 -0.11737752 0.920159101 -0.508038759 -0.159539521 0.846430004 -0.508038759 -0.159539521 0.846430004 -0.508038759 -0.159539521 0.846430004 -0.477038682 -0.149901435 0.866004407 -0.477038682 -0.149901435 0.866004407 -0.477038682 -0.149901435 0.866004407 -0.443724483 -0.139432952 0.885249674 -0.443724483 -0.139432952 0.885249674 -0.443724483 -0.139432952 0.885249674 -0.607099116 -0.190770581 0.771386564 -0.607099116 -0.190770581 0.771386564 -0.607099116 -0.190770581 0.771386564 -0.576224506 -0.181037903 0.796988428 -0.576224506 -0.181037903 0.796988428 -0.576224506 -0.181037903 0.796988428 -0.575817406 -0.18089883 0.797314167 -0.575817406 -0.18089883 0.797314167 -0.575817406 -0.18089883 0.797314167 -0.544043541 -0.17095691 0.821456254 -0.544043541 -0.17095691 0.821456254 -0.544043541 -0.17095691 0.821456254 -0.512377918 -0.16100648 0.843531728 -0.512377918 -0.16100648 0.843531728 -0.512377918 -0.16100648 0.843531728 -0.634425223 -0.19935739 0.746834159 -0.634425223 -0.19935739 0.746834159 -0.634425223 -0.19935739 0.746834159 -0.639312208 -0.200769141 0.742274642 -0.639312208 -0.200769141 0.742274642 -0.639312208 -0.200769141 0.742274642 -0.664614856 -0.208844334 0.717405796 -0.664614856 -0.208844334 0.717405796 -0.664614856 -0.208844334 0.717405796 -0.689454556 -0.216649905 0.6911695 -0.689454556 -0.216649905 0.6911695 -0.689454556 -0.216649905 0.6911695 -0.698067725 -0.219160393 0.681667209 -0.698067725 -0.219160393 0.681667209 -0.698067725 -0.219160393 0.681667209 -0.717318892 -0.225405276 0.659276962 -0.717318892 -0.225405276 0.659276962 -0.717318892 -0.225405276 0.659276962 -0.742997825 -0.233474717 0.627251029 -0.742997825 -0.233474717 0.627251029 -0.742997825 -0.233474717 0.627251029 -0.751560271 -0.235960349 0.616019428 -0.751560271 -0.235960349 0.616019428 -0.751560271 -0.235960349 0.616019428 -0.76812005 -0.241368935 0.593070507 -0.76812005 -0.241368935 0.593070507 -0.76812005 -0.241368935 0.593070507 -0.791048229 -0.248573989 0.558975577 -0.791048229 -0.248573989 0.558975577 -0.791048229 -0.248573989 0.558975577 -0.799486101 -0.251010865 0.54572475 -0.799486101 -0.251010865 0.54572475 -0.799486101 -0.251010865 0.54572475 -0.813333273 -0.255576134 0.5226565 -0.813333273 -0.255576134 0.5226565 -0.813333273 -0.255576134 0.5226565 -0.833314896 -0.261855304 0.486844987 -0.833314896 -0.261855304 0.486844987 -0.833314896 -0.261855304 0.486844987 -0.841421783 -0.264180779 0.471399933 -0.841421783 -0.264180779 0.471399933 -0.841421783 -0.264180779 0.471399933 -0.852603674 -0.26791653 0.448651016 -0.852603674 -0.26791653 0.448651016 -0.852603674 -0.26791653 0.448651016 -0.869517088 -0.273231536 0.411442012 -0.869517088 -0.273231536 0.411442012 -0.869517088 -0.273231536 0.411442012 -0.877090454 -0.27538377 0.393543005 -0.877090454 -0.27538377 0.393543005 -0.877090454 -0.27538377 0.393543005 -0.885669649 -0.278306752 0.371664643 -0.885669649 -0.278306752 0.371664643 -0.885669649 -0.278306752 0.371664643 -0.899477601 -0.282645881 0.333243728 -0.899477601 -0.282645881 0.333243728 -0.899477601 -0.282645881 0.333243728 -0.90621531 -0.284534276 0.312752426 -0.90621531 -0.284534276 0.312752426 -0.90621531 -0.284534276 0.312752426 -0.912364185 -0.286695153 0.29222846 -0.912364185 -0.286695153 0.29222846 -0.912364185 -0.286695153 0.29222846 -0.922984958 -0.290032744 0.252942145 -0.922984958 -0.290032744 0.252942145 -0.922984958 -0.290032744 0.252942145 -0.928580344 -0.291565239 0.229626328 -0.928580344 -0.291565239 0.229626328 -0.928580344 -0.291565239 0.229626328 -0.93254894 -0.293038011 0.210905746 -0.93254894 -0.293038011 0.210905746 -0.93254894 -0.293038011 0.210905746 -0.939943194 -0.295361638 0.171079725 -0.939943194 -0.295361638 0.171079725 -0.939943194 -0.295361638 0.171079725 -0.944017768 -0.296425849 0.144783258 -0.944017768 -0.296425849 0.144783258 -0.944017768 -0.296425849 0.144783258 -0.946118116 -0.297301829 0.128343731 -0.946118116 -0.297301829 0.128343731 -0.946118116 -0.297301829 0.128343731 -0.952353299 -0.299261272 0.0588720813 -0.952353299 -0.299261272 0.0588720813 -0.952353299 -0.299261272 0.0588720813 -0.950461984 -0.298044503 0.0882693753 -0.950461984 -0.298044503 0.0882693753 -0.950461984 -0.298044503 0.0882693753 -0.953824759 -0.300261319 0.00784029905 -0.953824759 -0.300261319 0.00784029905 -0.953824759 -0.300261319 0.00784029905 -0.953343749 -0.299572408 0.0373105593 -0.953343749 -0.299572408 0.0373105593 -0.953343749 -0.299572408 0.0373105593 -0.953321934 -0.299565464 -0.0379189923 -0.953321934 -0.299565464 -0.0379189923 -0.953321934 -0.299565464 -0.0379189923 -0.953800619 -0.300337464 -0.00785802305 -0.953800619 -0.300337464 -0.00785802305 -0.953800619 -0.300337464 -0.00785802305 -0.952414989 -0.299065351 -0.0588694885 -0.952414989 -0.299065351 -0.0588694885 -0.952414989 -0.299065351 -0.0588694885 -0.944021821 -0.296411276 -0.144786537 -0.944021821 -0.296411276 -0.144786537 -0.944021821 -0.296411276 -0.144786537 -0.945944786 -0.29724732 -0.129740059 -0.945944786 -0.29724732 -0.129740059 -0.945944786 -0.29724732 -0.129740059 -0.950234354 -0.29859525 -0.0888568684 -0.950234354 -0.29859525 -0.0888568684 -0.950234354 -0.29859525 -0.0888568684 -0.928584576 -0.291548461 -0.229630575 -0.928584576 -0.291548461 -0.229630575 -0.928584576 -0.291548461 -0.229630575 -0.932156384 -0.292914569 -0.212803975 -0.932156384 -0.292914569 -0.212803975 -0.932156384 -0.292914569 -0.212803975 -0.939718664 -0.295290917 -0.172430068 -0.939718664 -0.295290917 -0.172430068 -0.939718664 -0.295290917 -0.172430068 -0.906224787 -0.284514934 -0.312742561 -0.906224787 -0.284514934 -0.312742561 -0.906224787 -0.284514934 -0.312742561 -0.911742151 -0.286499649 -0.294353813 -0.911742151 -0.286499649 -0.294353813 -0.911742151 -0.286499649 -0.294353813 -0.922522426 -0.28988722 -0.25478971 -0.922522426 -0.28988722 -0.25478971 -0.922522426 -0.28988722 -0.25478971 -0.877098799 -0.275360376 -0.3935408 -0.877098799 -0.275360376 -0.3935408 -0.877098799 -0.275360376 -0.3935408 -0.884823978 -0.278041154 -0.373871207 -0.884823978 -0.278041154 -0.373871207 -0.884823978 -0.278041154 -0.373871207 -0.898759365 -0.282420188 -0.33536616 -0.898759365 -0.282420188 -0.33536616 -0.898759365 -0.282420188 -0.33536616 -0.841429532 -0.264153481 -0.471401453 -0.841429532 -0.264153481 -0.471401453 -0.841429532 -0.264153481 -0.471401453 -0.851621211 -0.267607957 -0.450696468 -0.851621211 -0.267607957 -0.450696468 -0.851621211 -0.267607957 -0.450696468 -0.868600607 -0.272943527 -0.41356355 -0.868600607 -0.272943527 -0.41356355 -0.868600607 -0.272943527 -0.41356355 -0.799484551 -0.250978947 -0.545741737 -0.799484551 -0.250978947 -0.545741737 -0.799484551 -0.250978947 -0.545741737 -0.812314332 -0.255256206 -0.524394631 -0.812314332 -0.255256206 -0.524394631 -0.812314332 -0.255256206 -0.524394631 -0.832237601 -0.261516869 -0.488865525 -0.832237601 -0.261516869 -0.488865525 -0.832237601 -0.261516869 -0.488865525 -0.751581311 -0.235936254 -0.616002917 -0.751581311 -0.235936254 -0.616002917 -0.751581311 -0.235936254 -0.616002917 -0.767164528 -0.241068244 -0.594428003 -0.767164528 -0.241068244 -0.594428003 -0.767164528 -0.241068244 -0.594428003 -0.789944708 -0.248226687 -0.56068784 -0.789944708 -0.248226687 -0.56068784 -0.789944708 -0.248226687 -0.56068784 -0.698078215 -0.219125941 -0.681667507 -0.698078215 -0.219125941 -0.681667507 -0.698078215 -0.219125941 -0.681667507 -0.715580106 -0.224858895 -0.661349773 -0.715580106 -0.224858895 -0.661349773 -0.715580106 -0.224858895 -0.661349773 -0.741986036 -0.233156666 -0.628565609 -0.741986036 -0.233156666 -0.628565609 -0.741986036 -0.233156666 -0.628565609 -0.639342248 -0.200676695 -0.742273748 -0.639342248 -0.200676695 -0.742273748 -0.639342248 -0.200676695 -0.742273748 -0.659119546 -0.207117751 -0.72295481 -0.659119546 -0.207117751 -0.72295481 -0.659119546 -0.207117751 -0.72295481 -0.68763572 -0.216078654 -0.693157375 -0.68763572 -0.216078654 -0.693157375 -0.68763572 -0.216078654 -0.693157375 -0.575862348 -0.180753708 -0.797314644 -0.575862348 -0.180753708 -0.797314644 -0.575862348 -0.180753708 -0.797314644 -0.599188685 -0.188285127 -0.778152704 -0.599188685 -0.188285127 -0.778152704 -0.599188685 -0.188285127 -0.778152704 -0.628717244 -0.19756414 -0.752119005 -0.628717244 -0.19756414 -0.752119005 -0.628717244 -0.19756414 -0.752119005 -0.508057058 -0.159477338 -0.846430719 -0.508057058 -0.159477338 -0.846430719 -0.508057058 -0.159477338 -0.846430719 -0.534980893 -0.168109134 -0.827970266 -0.534980893 -0.168109134 -0.827970266 -0.534980893 -0.168109134 -0.827970266 -0.566568971 -0.178035289 -0.804551423 -0.566568971 -0.178035289 -0.804551423 -0.566568971 -0.178035289 -0.804551423 -0.436479151 -0.13702023 -0.889219522 -0.436479151 -0.13702023 -0.889219522 -0.436479151 -0.13702023 -0.889219522 -0.466730595 -0.146662116 -0.872154117 -0.466730595 -0.146662116 -0.872154117 -0.466730595 -0.146662116 -0.872154117 -0.500324607 -0.157218605 -0.851444423 -0.500324607 -0.157218605 -0.851444423 -0.500324607 -0.157218605 -0.851444423 -0.361638695 -0.113541283 -0.92537874 -0.361638695 -0.113541283 -0.92537874 -0.361638695 -0.113541283 -0.92537874 -0.395174146 -0.124176934 -0.910174429 -0.395174146 -0.124176934 -0.910174429 -0.395174146 -0.124176934 -0.910174429 -0.430431396 -0.135256022 -0.892431855 -0.430431396 -0.135256022 -0.892431855 -0.430431396 -0.135256022 -0.892431855 -0.284135312 -0.0892275944 -0.954623282 -0.284135312 -0.0892275944 -0.954623282 -0.284135312 -0.0892275944 -0.954623282 -0.320542157 -0.100724682 -0.941863716 -0.320542157 -0.100724682 -0.941863716 -0.320542157 -0.100724682 -0.941863716 -0.357393831 -0.112304762 -0.927177072 -0.357393831 -0.112304762 -0.927177072 -0.357393831 -0.112304762 -0.927177072 -0.204449892 -0.064245075 -0.976766527 -0.204449892 -0.064245075 -0.976766527 -0.204449892 -0.064245075 -0.976766527 -0.165137261 -0.0509328097 -0.984954596 -0.165137261 -0.0509328097 -0.984954596 -0.165137261 -0.0509328097 -0.984954596 -0.204964221 -0.0643922165 -0.976649046 -0.204964221 -0.0643922165 -0.976649046 -0.204964221 -0.0643922165 -0.976649046 -0.242849812 -0.0763115734 -0.967057645 -0.242849812 -0.0763115734 -0.967057645 -0.242849812 -0.0763115734 -0.967057645 -0.281686693 -0.0885154232 -0.955414891 -0.281686693 -0.0885154232 -0.955414891 -0.281686693 -0.0885154232 -0.955414891 -0.0412127264 -0.0129505461 -0.999066472 -0.0412127264 -0.0129505461 -0.999066472 -0.0412127264 -0.0129505461 -0.999066472 -0.00545650255 -0.000866646355 -0.999984741 -0.00545650255 -0.000866646355 -0.999984741 -0.00545650255 -0.000866646355 -0.999984741 -0.0464883745 -0.0146075049 -0.99881202 -0.0464883745 -0.0146075049 -0.99881202 -0.0464883745 -0.0146075049 -0.99881202 -0.123259217 -0.0387315638 -0.991618395 -0.123259217 -0.0387315638 -0.991618395 -0.123259217 -0.0387315638 -0.991618395 -0.0854341388 -0.0259391703 -0.996006131 -0.0854341388 -0.0259391703 -0.996006131 -0.0854341388 -0.0259391703 -0.996006131 -0.126056924 -0.0396113507 -0.991231859 -0.126056924 -0.0396113507 -0.991231859 -0.126056924 -0.0396113507 -0.991231859 0.12320403 0.0389066525 -0.991618395 0.12320403 0.0389066525 -0.991618395 0.12320403 0.0389066525 -0.991618395 0.112029225 0.0352033861 -0.993081152 0.112029225 0.0352033861 -0.993081152 0.112029225 0.0352033861 -0.993081152 0.0412128083 0.0129504632 -0.999066472 0.0412128083 0.0129504632 -0.999066472 0.0412128083 0.0129504632 -0.999066472 0.0731981099 0.023757359 -0.997034431 0.0731981099 0.023757359 -0.997034431 0.0731981099 0.023757359 -0.997034431 0.0320849828 0.0100822756 -0.999434292 0.0320849828 0.0100822756 -0.999434292 0.0320849828 0.0100822756 -0.999434292 0.204382762 0.0644595698 -0.976766407 0.204382762 0.0644595698 -0.976766407 0.204382762 0.0644595698 -0.976766407 0.186860263 0.0587177612 -0.980630159 0.186860263 0.0587177612 -0.980630159 0.186860263 0.0587177612 -0.980630159 0.152856678 0.0480326936 -0.987080395 0.152856678 0.0480326936 -0.987080395 0.152856678 0.0480326936 -0.987080395 0.284052223 0.0894924477 -0.954623163 0.284052223 0.0894924477 -0.954623163 0.284052223 0.0894924477 -0.954623163 0.261568189 0.082192786 -0.961678982 0.261568189 0.082192786 -0.961678982 0.261568189 0.082192786 -0.961678982 0.227131248 0.071371533 -0.971245348 0.227131248 0.071371533 -0.971245348 0.227131248 0.071371533 -0.971245348 0.361546665 0.113833547 -0.925378799 0.361546665 0.113833547 -0.925378799 0.361546665 0.113833547 -0.925378799 0.337824583 0.106155775 -0.935203433 0.337824583 0.106155775 -0.935203433 0.337824583 0.106155775 -0.935203433 0.300966799 0.094573833 -0.948933482 0.300966799 0.094573833 -0.948933482 0.300966799 0.094573833 -0.948933482 0.436387509 0.137308791 -0.889219999 0.436387509 0.137308791 -0.889219999 0.436387509 0.137308791 -0.889219999 0.409028023 0.128530264 -0.903424621 0.409028023 0.128530264 -0.903424621 0.409028023 0.128530264 -0.903424621 0.37600407 0.118153088 -0.91905427 0.37600407 0.118153088 -0.91905427 0.37600407 0.118153088 -0.91905427 0.507969201 0.159761891 -0.846429825 0.507969201 0.159761891 -0.846429825 0.507969201 0.159761891 -0.846429825 0.479292989 0.150609657 -0.864635706 0.479292989 0.150609657 -0.864635706 0.479292989 0.150609657 -0.864635706 0.445881426 0.140110701 -0.884058118 0.445881426 0.140110701 -0.884058118 0.445881426 0.140110701 -0.884058118 0.575778246 0.181017667 -0.797315478 0.575778246 0.181017667 -0.797315478 0.575778246 0.181017667 -0.797315478 0.546153545 0.171619564 -0.819916487 0.546153545 0.171619564 -0.819916487 0.546153545 0.171619564 -0.819916487 0.514395058 0.161640048 -0.842181802 0.514395058 0.161640048 -0.842181802 0.514395058 0.161640048 -0.842181802 0.665968835 0.20926927 -0.716025054 0.665968835 0.20926927 -0.716025054 0.665968835 0.20926927 -0.716025054 0.636470139 0.200104803 -0.744891822 0.636470139 0.200104803 -0.744891822 0.636470139 0.200104803 -0.744891822 0.639271617 0.200902477 -0.742273569 0.639271617 0.200902477 -0.742273569 0.639271617 0.200902477 -0.742273569 0.608757794 0.191291735 -0.769949019 0.608757794 0.191291735 -0.769949019 0.608757794 0.191291735 -0.769949019 0.579294145 0.182033285 -0.794532657 0.579294145 0.182033285 -0.794532657 0.579294145 0.182033285 -0.794532657 0.691607773 0.217325777 -0.688802004 0.691607773 0.217325777 -0.688802004 0.691607773 0.217325777 -0.688802004 0.697964907 0.219486222 -0.681667626 0.697964907 0.219486222 -0.681667626 0.697964907 0.219486222 -0.681667626 0.719323218 0.226035655 -0.656872869 0.719323218 0.226035655 -0.656872869 0.719323218 0.226035655 -0.656872869 0.745318413 0.234203979 -0.624218702 0.745318413 0.234203979 -0.624218702 0.745318413 0.234203979 -0.624218702 0.751465023 0.236305252 -0.616003394 0.751465023 0.236305252 -0.616003394 0.751465023 0.236305252 -0.616003394 0.770362258 0.242073506 -0.589866459 0.770362258 0.242073506 -0.589866459 0.770362258 0.242073506 -0.589866459 0.793422818 0.249319687 -0.555265665 0.793422818 0.249319687 -0.555265665 0.793422818 0.249319687 -0.555265665 0.799363911 0.251365811 -0.545740366 0.799363911 0.251365811 -0.545740366 0.799363911 0.251365811 -0.545740366 0.815566242 0.256278276 -0.518818974 0.815566242 0.256278276 -0.518818974 0.815566242 0.256278276 -0.518818974 0.835616589 0.262578547 -0.482490838 0.835616589 0.262578547 -0.482490838 0.835616589 0.262578547 -0.482490838 0.841303289 0.264555424 -0.471401274 0.841303289 0.264555424 -0.471401274 0.841303289 0.264555424 -0.471401274 0.854700506 0.268575341 -0.444245785 0.854700506 0.268575341 -0.444245785 0.854700506 0.268575341 -0.444245785 0.870426178 0.273516685 -0.409324914 0.870426178 0.273516685 -0.409324914 0.870426178 0.273516685 -0.409324914 0.876962721 0.275790572 -0.393542796 0.876962721 0.275790572 -0.393542796 0.876962721 0.275790572 -0.393542796 0.886469722 0.278558373 -0.369562864 0.886469722 0.278558373 -0.369562864 0.886469722 0.278558373 -0.369562864 0.899845958 0.282761425 -0.332149476 0.899845958 0.282761425 -0.332149476 0.899845958 0.282761425 -0.332149476 0.906087935 0.28495118 -0.312741786 0.906087935 0.28495118 -0.312741786 0.906087935 0.28495118 -0.312741786 0.912691832 0.286798239 -0.291102052 0.912691832 0.286798239 -0.291102052 0.912691832 0.286798239 -0.291102052 0.923114181 0.290073097 -0.252423853 0.923114181 0.290073097 -0.252423853 0.923114181 0.290073097 -0.252423853 0.928450048 0.29197675 -0.229630336 0.928450048 0.29197675 -0.229630336 0.928450048 0.29197675 -0.229630336 0.932657957 0.293072194 -0.210375369 0.932657957 0.293072194 -0.210375369 0.932657957 0.293072194 -0.210375369 0.93995297 0.29536441 -0.171021357 0.93995297 0.29536441 -0.171021357 0.93995297 0.29536441 -0.171021357 0.943893731 0.296819031 -0.144786417 0.943893731 0.296819031 -0.144786417 0.943893731 0.296819031 -0.144786417 0.946122944 0.297303408 -0.128304601 0.946122944 0.297303408 -0.128304601 0.946122944 0.297303408 -0.128304601 0.952353477 0.299261093 -0.0588702299 0.952353477 0.299261093 -0.0588702299 0.952353477 0.299261093 -0.0588702299 0.9500826 0.299175471 -0.0885273442 0.9500826 0.299175471 -0.0885273442 0.9500826 0.299175471 -0.0885273442 0.954134822 0.299274147 -0.00785254035 0.954134822 0.299274147 -0.00785254035 0.954134822 0.299274147 -0.00785254035 0.953333616 0.29956916 -0.0375949107 0.953333616 0.29956916 -0.0375949107 0.953333616 0.29956916 -0.0375949107 0.0781139284 0.024546016 0.996642232 0.0781139284 0.024546016 0.996642232 0.0781139284 0.024546016 0.996642232 0.953313828 0.299562931 0.0381421521 0.953313828 0.299562931 0.0381421521 0.953313828 0.299562931 0.0381421521 0.954140067 0.299257606 0.00785254035 0.954140067 0.299257606 0.00785254035 0.954140067 0.299257606 0.00785254035 0.95229876 0.299435049 0.0588702299 0.95229876 0.299435049 0.0588702299 0.95229876 0.299435049 0.0588702299 0.943893254 0.296820551 0.144786417 0.943893254 0.296820551 0.144786417 0.943893254 0.296820551 0.144786417 0.946166337 0.297317058 0.127952352 0.946166337 0.297317058 0.127952352 0.946166337 0.297317058 0.127952352 0.950214684 0.298589081 0.089087896 0.950214684 0.298589081 0.089087896 0.950214684 0.298589081 0.089087896 0.928451359 0.291978389 0.229622915 0.928451359 0.291978389 0.229622915 0.928451359 0.291978389 0.229622915 0.932876408 0.293140858 0.209308401 0.932876408 0.293140858 0.209308401 0.932876408 0.293140858 0.209308401 0.940011263 0.295382768 0.170668766 0.940011263 0.295382768 0.170668766 0.940011263 0.295382768 0.170668766 0.906085849 0.284947127 0.312751651 0.906085849 0.284947127 0.312751651 0.906085849 0.284947127 0.312751651 0.913162053 0.286945879 0.289477348 0.913162053 0.286945879 0.289477348 0.913162053 0.286945879 0.289477348 0.923383653 0.290157706 0.251338691 0.923383653 0.290157706 0.251338691 0.923383653 0.290157706 0.251338691 0.876965344 0.275782347 0.393542796 0.876965344 0.275782347 0.393542796 0.876965344 0.275782347 0.393542796 0.887103975 0.278757602 0.367886901 0.887103975 0.278757602 0.367886901 0.887103975 0.278757602 0.367886901 0.900384963 0.282930762 0.330540597 0.900384963 0.282930762 0.330540597 0.900384963 0.282930762 0.330540597 0.841303945 0.264553338 0.471401274 0.841303945 0.264553338 0.471401274 0.841303945 0.264553338 0.471401274 0.854826093 0.268614858 0.443980217 0.854826093 0.268614858 0.443980217 0.854826093 0.268614858 0.443980217 0.871117532 0.273733974 0.407705784 0.871117532 0.273733974 0.407705784 0.871117532 0.273733974 0.407705784 0.799379468 0.251349419 0.545725167 0.799379468 0.251349419 0.545725167 0.799379468 0.251349419 0.545725167 0.816492915 0.256569535 0.517215014 0.816492915 0.256569535 0.517215014 0.816492915 0.256569535 0.517215014 0.835742474 0.262618214 0.482251137 0.835742474 0.262618214 0.482251137 0.835742474 0.262618214 0.482251137 0.751466393 0.236258864 0.616019487 0.751466393 0.236258864 0.616019487 0.751466393 0.236258864 0.616019487 0.772390723 0.242710799 0.586944699 0.772390723 0.242710799 0.586944699 0.772390723 0.242710799 0.586944699 0.794448078 0.249641821 0.553652585 0.794448078 0.249641821 0.553652585 0.794448078 0.249641821 0.553652585 0.697281539 0.219166487 0.682469428 0.697281539 0.219166487 0.682469428 0.697281539 0.219166487 0.682469428 0.723812461 0.227446079 0.651432097 0.723812461 0.227446079 0.651432097 0.723812461 0.227446079 0.651432097 0.747467875 0.234879345 0.621388316 0.747467875 0.234879345 0.621388316 0.747467875 0.234879345 0.621388316 0.670285165 0.211516097 0.711321831 0.670285165 0.211516097 0.711321831 0.670285165 0.211516097 0.711321831 0.698011339 0.219338402 0.681667686 0.698011339 0.219338402 0.681667686 0.698011339 0.219338402 0.681667686 0.644184053 0.202424154 0.73759836 0.644184053 0.202424154 0.73759836 0.644184053 0.202424154 0.73759836 0.639241815 0.200997204 0.742273569 0.639241815 0.200997204 0.742273569 0.639241815 0.200997204 0.742273569 0.613156259 0.192673996 0.766104519 0.613156259 0.192673996 0.766104519 0.613156259 0.192673996 0.766104519 0.584452152 0.183654279 0.790371299 0.584452152 0.183654279 0.790371299 0.584452152 0.183654279 0.790371299 0.575751603 0.181102514 0.797315478 0.575751603 0.181102514 0.797315478 0.575751603 0.181102514 0.797315478 0.551371634 0.173259184 0.816070199 0.551371634 0.173259184 0.816070199 0.551371634 0.173259184 0.816070199 0.520300448 0.16349569 0.838186502 0.520300448 0.16349569 0.838186502 0.520300448 0.16349569 0.838186502 0.507947922 0.159829527 0.846429825 0.507947922 0.159829527 0.846429825 0.507947922 0.159829527 0.846429825 0.485268503 0.152487665 0.860965729 0.485268503 0.152487665 0.860965729 0.485268503 0.152487665 0.860965729 0.453792065 0.142596826 0.879624307 0.453792065 0.142596826 0.879624307 0.453792065 0.142596826 0.879624307 0.436371982 0.137358233 0.889219999 0.436371982 0.137358233 0.889219999 0.436371982 0.137358233 0.889219999 0.417207062 0.131100684 0.899305761 0.417207062 0.131100684 0.899305761 0.417207062 0.131100684 0.899305761 0.381105781 0.119756572 0.916742444 0.381105781 0.119756572 0.916742444 0.381105781 0.119756572 0.916742444 0.361569911 0.113854364 0.925367177 0.361569911 0.113854364 0.925367177 0.361569911 0.113854364 0.925367177 0.343049526 0.107797623 0.93311131 0.343049526 0.107797623 0.93311131 0.343049526 0.107797623 0.93311131 0.284090221 0.0892706513 0.95463264 0.284090221 0.0892706513 0.95463264 0.284090221 0.0892706513 0.95463264 0.267474473 0.0844495073 0.959857106 0.267474473 0.0844495073 0.959857106 0.267474473 0.0844495073 0.959857106 0.306784302 0.0964018777 0.946884394 0.306784302 0.0964018777 0.946884394 0.306784302 0.0964018777 0.946884394 0.123290017 0.0387418568 0.991614163 0.123290017 0.0387418568 0.991614163 0.123290017 0.0387418568 0.991614163 0.113808088 0.0359847955 0.99285084 0.113808088 0.0359847955 0.99285084 0.113808088 0.0359847955 0.99285084 0.154574752 0.0485725589 0.986786366 0.154574752 0.0485725589 0.986786366 0.154574752 0.0485725589 0.986786366 0.20445016 0.0642450824 0.976766467 0.20445016 0.0642450824 0.976766467 0.20445016 0.0642450824 0.976766467 0.1908869 0.0603042282 0.979757905 0.1908869 0.0603042282 0.979757905 0.1908869 0.0603042282 0.979757905 0.231123358 0.072626695 0.970209956 0.231123358 0.072626695 0.970209956 0.231123358 0.072626695 0.970209956 -0.0411811396 -0.0129405931 0.999067903 -0.0411811396 -0.0129405931 0.999067903 -0.0411811396 -0.0129405931 0.999067903 -0.0762899145 -0.0231464133 0.996816993 -0.0762899145 -0.0231464133 0.996816993 -0.0762899145 -0.0231464133 0.996816993 -0.0351403803 -0.0110423192 0.999321401 -0.0351403803 -0.0110423192 0.999321401 -0.0351403803 -0.0110423192 0.999321401 0.0411812067 0.0129405549 0.999067903 0.0411812067 0.0129405549 0.999067903 0.0411812067 0.0129405549 0.999067903 0.00237583136 0.00165448966 0.999995828 0.00237583136 0.00165448966 0.999995828 0.00237583136 0.00165448966 0.999995828 0.0395870954 0.0125330454 0.999137521 0.0395870954 0.0125330454 0.999137521 0.0395870954 0.0125330454 0.999137521 -0.204449967 -0.0642448366 0.976766527 -0.204449967 -0.0642448366 0.976766527 -0.204449967 -0.0642448366 0.976766527 -0.238050535 -0.0739846304 0.968430817 -0.238050535 -0.0739846304 0.968430817 -0.238050535 -0.0739846304 0.968430817 -0.197810516 -0.0621591955 0.978267491 -0.197810516 -0.0621591955 0.978267491 -0.197810516 -0.0621591955 0.978267491 -0.123290077 -0.0387421884 0.991614163 -0.123290077 -0.0387421884 0.991614163 -0.123290077 -0.0387421884 0.991614163 -0.157922089 -0.0487983525 0.986245096 -0.157922089 -0.0487983525 0.986245096 -0.157922089 -0.0487983525 0.986245096 -0.116955191 -0.0367515199 0.992456973 -0.116955191 -0.0367515199 0.992456973 -0.116955191 -0.0367515199 0.992456973 -0.36163795 -0.113638401 0.925367117 -0.36163795 -0.113638401 0.925367117 -0.36163795 -0.113638401 0.925367117 -0.39243573 -0.122515492 0.911583304 -0.39243573 -0.122515492 0.911583304 -0.39243573 -0.122515492 0.911583304 -0.354409248 -0.111367546 0.928434908 -0.354409248 -0.111367546 0.928434908 -0.354409248 -0.111367546 0.928434908 -0.284090072 -0.089270696 0.954632699 -0.284090072 -0.089270696 0.954632699 -0.284090072 -0.089270696 0.954632699 -0.316427827 -0.0986217111 0.94347614 -0.316427827 -0.0986217111 0.94347614 -0.316427827 -0.0986217111 0.94347614 -0.277193874 -0.0871036202 0.956857622 -0.277193874 -0.0871036202 0.956857622 -0.277193874 -0.0871036202 0.956857622 -0.508008063 -0.159633353 0.846430719 -0.508008063 -0.159633353 0.846430719 -0.508008063 -0.159633353 0.846430719 -0.535053372 -0.167355746 0.828076065 -0.535053372 -0.167355746 0.828076065 -0.535053372 -0.167355746 0.828076065 -0.500230134 -0.15718922 0.851505339 -0.500230134 -0.15718922 0.851505339 -0.500230134 -0.15718922 0.851505339 -0.436440229 -0.137144059 0.889219582 -0.436440229 -0.137144059 0.889219582 -0.436440229 -0.137144059 0.889219582 -0.465520024 -0.145491272 0.872996807 -0.465520024 -0.145491272 0.872996807 -0.465520024 -0.145491272 0.872996807 -0.428932369 -0.134784803 0.893224537 -0.428932369 -0.134784803 0.893224537 -0.428932369 -0.134784803 0.893224537 -0.639277637 -0.20088239 0.742273748 -0.639277637 -0.20088239 0.742273748 -0.639277637 -0.20088239 0.742273748 -0.660166144 -0.206757486 0.722102463 -0.660166144 -0.206757486 0.722102463 -0.660166144 -0.206757486 0.722102463 -0.629671812 -0.197863922 0.751241148 -0.629671812 -0.197863922 0.751241148 -0.629671812 -0.197863922 0.751241148 -0.57580477 -0.180936858 0.797314703 -0.57580477 -0.180936858 0.797314703 -0.57580477 -0.180936858 0.797314703 -0.60052371 -0.187947974 0.777204454 -0.60052371 -0.187947974 0.777204454 -0.60052371 -0.187947974 0.777204454 -0.567759633 -0.178409532 0.803628683 -0.567759633 -0.178409532 0.803628683 -0.567759633 -0.178409532 0.803628683 -0.751501918 -0.236146972 0.616019011 -0.751501918 -0.236146972 0.616019011 -0.751501918 -0.236146972 0.616019011 -0.76546675 -0.239977717 0.597052217 -0.76546675 -0.239977717 0.597052217 -0.76546675 -0.239977717 0.597052217 -0.740005076 -0.232534111 0.631126225 -0.740005076 -0.232534111 0.631126225 -0.740005076 -0.232534111 0.631126225 -0.698011577 -0.219338089 0.681667507 -0.698011577 -0.219338089 0.681667507 -0.698011577 -0.219338089 0.681667507 -0.714825511 -0.224016502 0.66245085 -0.714825511 -0.224016502 0.66245085 -0.714825511 -0.224016502 0.66245085 -0.68674475 -0.215798393 0.694127262 -0.68674475 -0.215798393 0.694127262 -0.68674475 -0.215798393 0.694127262 -0.841357589 -0.264382362 0.471401483 -0.841357589 -0.264382362 0.471401483 -0.841357589 -0.264382362 0.471401483 -0.850053489 -0.266659915 0.454204321 -0.850053489 -0.266659915 0.454204321 -0.850053489 -0.266659915 0.454204321 -0.830416203 -0.260944515 0.492256969 -0.830416203 -0.260944515 0.492256969 -0.830416203 -0.260944515 0.492256969 -0.799423754 -0.251205474 0.545726597 -0.799423754 -0.251205474 0.545726597 -0.799423754 -0.251205474 0.545726597 -0.810639799 -0.254223615 0.527478456 -0.810639799 -0.254223615 0.527478456 -0.810639799 -0.254223615 0.527478456 -0.788020194 -0.247622415 0.563655317 -0.788020194 -0.247622415 0.563655317 -0.788020194 -0.247622415 0.563655317 -0.906149864 -0.284742564 0.312752426 -0.906149864 -0.284742564 0.312752426 -0.906149864 -0.284742564 0.312752426 -0.910586059 -0.285786957 0.298594803 -0.910586059 -0.285786957 0.298594803 -0.910586059 -0.285786957 0.298594803 -0.897338986 -0.281973809 0.33951962 -0.897338986 -0.281973809 0.33951962 -0.897338986 -0.281973809 0.33951962 -0.877026439 -0.275590837 0.3935408 -0.877026439 -0.275590837 0.3935408 -0.877026439 -0.275590837 0.3935408 -0.88344276 -0.277204841 0.377738476 -0.88344276 -0.277204841 0.377738476 -0.88344276 -0.277204841 0.377738476 -0.866965055 -0.272429228 0.417317539 -0.866965055 -0.272429228 0.417317539 -0.866965055 -0.272429228 0.417317539 -0.945394933 -0.296832472 0.134606525 -0.945394933 -0.296832472 0.134606525 -0.945394933 -0.296832472 0.134606525 -0.938898623 -0.295033216 0.177270204 -0.938898623 -0.295033216 0.177270204 -0.938898623 -0.295033216 0.177270204 -0.928516567 -0.291770786 0.229623169 -0.928516567 -0.291770786 0.229623169 -0.928516567 -0.291770786 0.229623169 -0.931281567 -0.292343825 0.217370048 -0.931281567 -0.292343825 0.217370048 -0.931281567 -0.292343825 0.217370048 -0.921374559 -0.289526701 0.259312928 -0.921374559 -0.289526701 0.259312928 -0.921374559 -0.289526701 0.259312928 -0.9439556 -0.296622187 0.144786537 -0.9439556 -0.296622187 0.144786537 -0.9439556 -0.296622187 0.144786537 -0.952353477 -0.299261153 0.0588694885 -0.952353477 -0.299261153 0.0588694885 -0.952353477 -0.299261153 0.0588694885 -0.950022757 -0.297699958 0.0939760283 -0.950022757 -0.297699958 0.0939760283 -0.950022757 -0.297699958 0.0939760283 -0.953742087 -0.30052343 0.00785802584 -0.953742087 -0.30052343 0.00785802584 -0.953742087 -0.30052343 0.00785802584 -0.953123748 -0.299503207 0.0430457592 -0.953123748 -0.299503207 0.0430457592 -0.953123748 -0.299503207 0.0430457592 0.635408461 0.199666515 -0.745915115 0.635408461 0.199666515 -0.745915115 0.635408461 0.199666515 -0.745915115 -0.39387843 -0.123769671 -0.910791337 -0.39387843 -0.123769671 -0.910791337 -0.39387843 -0.123769671 -0.910791337 -0.95343405 -0.29960081 -0.0346828252 -0.95343405 -0.29960081 -0.0346828252 -0.95343405 -0.29960081 -0.0346828252 -0.953828752 -0.300248146 -0.00786205102 -0.953828752 -0.300248146 -0.00786205102 -0.953828752 -0.300248146 -0.00786205102 -0.95242393 -0.299036354 -0.0588720776 -0.95242393 -0.299036354 -0.0588720776 -0.95242393 -0.299036354 -0.0588720776 -0.950502515 -0.298679531 -0.0856477171 -0.950502515 -0.298679531 -0.0856477171 -0.950502515 -0.298679531 -0.0856477171 -0.946426332 -0.297398686 -0.125822216 -0.946426332 -0.297398686 -0.125822216 -0.946426332 -0.297398686 -0.125822216 -0.944030046 -0.296386749 -0.144783258 -0.944030046 -0.296386749 -0.144783258 -0.944030046 -0.296386749 -0.144783258 -0.940360308 -0.295492619 -0.168542683 -0.940360308 -0.295492619 -0.168542683 -0.940360308 -0.295492619 -0.168542683 -0.933084846 -0.293206424 -0.208284944 -0.933084846 -0.293206424 -0.208284944 -0.933084846 -0.293206424 -0.208284944 -0.928589225 -0.291531235 -0.229633734 -0.928589225 -0.291531235 -0.229633734 -0.928589225 -0.291531235 -0.229633734 -0.923634529 -0.290236562 -0.250323743 -0.923634529 -0.290236562 -0.250323743 -0.923634529 -0.290236562 -0.250323743 -0.913195491 -0.286956221 -0.289361507 -0.913195491 -0.286956221 -0.289361507 -0.913195491 -0.286956221 -0.289361507 -0.906227946 -0.284509391 -0.312738448 -0.906227946 -0.284509391 -0.312738448 -0.906227946 -0.284509391 -0.312738448 -0.900431335 -0.282945603 -0.33040157 -0.900431335 -0.282945603 -0.33040157 -0.900431335 -0.282945603 -0.33040157 -0.887300313 -0.278819382 -0.367366225 -0.887300313 -0.278819382 -0.367366225 -0.887300313 -0.278819382 -0.367366225 -0.877093077 -0.27537477 -0.393543512 -0.877093077 -0.27537477 -0.393543512 -0.877093077 -0.27537477 -0.393543512 -0.871344864 -0.273805648 -0.407171428 -0.871344864 -0.273805648 -0.407171428 -0.871344864 -0.273805648 -0.407171428 -0.857095838 -0.269328117 -0.439145803 -0.857095838 -0.269328117 -0.439145803 -0.857095838 -0.269328117 -0.439145803 -0.841397285 -0.264253348 -0.471403003 -0.841397285 -0.264253348 -0.471403003 -0.841397285 -0.264253348 -0.471403003 -0.838101923 -0.263364583 -0.477728277 -0.838101923 -0.263364583 -0.477728277 -0.838101923 -0.263364583 -0.477728277 -0.802155018 -0.252058178 -0.541307688 -0.802155018 -0.252058178 -0.541307688 -0.802155018 -0.252058178 -0.541307688 -0.799449086 -0.251095742 -0.545739889 -0.799449086 -0.251095742 -0.545739889 -0.799449086 -0.251095742 -0.545739889 -0.779218733 -0.244856477 -0.576943219 -0.779218733 -0.244856477 -0.576943219 -0.779218733 -0.244856477 -0.576943219 -0.757799745 -0.23812592 -0.607483029 -0.757799745 -0.23812592 -0.607483029 -0.757799745 -0.23812592 -0.607483029 -0.751570046 -0.235971093 -0.616003335 -0.751570046 -0.235971093 -0.616003335 -0.751570046 -0.235971093 -0.616003335 -0.732019782 -0.230024993 -0.641276479 -0.732019782 -0.230024993 -0.641276479 -0.732019782 -0.230024993 -0.641276479 -0.707109988 -0.222197503 -0.671285152 -0.707109988 -0.222197503 -0.671285152 -0.707109988 -0.222197503 -0.671285152 -0.698077977 -0.2191277 -0.681667209 -0.698077977 -0.2191277 -0.681667209 -0.698077977 -0.2191277 -0.681667209 -0.678820074 -0.213307828 -0.702640116 -0.678820074 -0.213307828 -0.702640116 -0.678820074 -0.213307828 -0.702640116 -0.575805485 -0.180937842 -0.797313929 -0.575805485 -0.180937842 -0.797313929 -0.575805485 -0.180937842 -0.797313929 -0.559824347 -0.175401852 -0.809833884 -0.559824347 -0.175401852 -0.809833884 -0.559824347 -0.175401852 -0.809833884 -0.592532992 -0.186193496 -0.783732474 -0.592532992 -0.186193496 -0.783732474 -0.592532992 -0.186193496 -0.783732474 -0.639276743 -0.200881943 -0.742274642 -0.639276743 -0.200881943 -0.742274642 -0.639276743 -0.200881943 -0.742274642 -0.621431708 -0.194659859 -0.758900642 -0.621431708 -0.194659859 -0.758900642 -0.621431708 -0.194659859 -0.758900642 -0.651900291 -0.204848737 -0.730111659 -0.651900291 -0.204848737 -0.730111659 -0.651900291 -0.204848737 -0.730111659 -0.436439633 -0.137143821 -0.88921988 -0.436439633 -0.137143821 -0.88921988 -0.436439633 -0.137143821 -0.88921988 -0.42625466 -0.133647963 -0.89467603 -0.42625466 -0.133647963 -0.89467603 -0.42625466 -0.133647963 -0.89467603 -0.462606728 -0.145366386 -0.874564826 -0.462606728 -0.145366386 -0.874564826 -0.462606728 -0.145366386 -0.874564826 -0.508009017 -0.159633294 -0.846430182 -0.508009017 -0.159633294 -0.846430182 -0.508009017 -0.159633294 -0.846430182 -0.494609624 -0.155015469 -0.85517925 -0.494609624 -0.155015469 -0.85517925 -0.494609624 -0.155015469 -0.85517925 -0.529290676 -0.166321367 -0.831978738 -0.529290676 -0.166321367 -0.831978738 -0.529290676 -0.166321367 -0.831978738 -0.361609787 -0.113629818 -0.925379157 -0.361609787 -0.113629818 -0.925379157 -0.361609787 -0.113629818 -0.925379157 -0.32293129 -0.100403816 -0.941081524 -0.32293129 -0.100403816 -0.941081524 -0.32293129 -0.100403816 -0.941081524 -0.356632769 -0.11191006 -0.927517772 -0.356632769 -0.11191006 -0.927517772 -0.356632769 -0.11191006 -0.927517772 -0.20444946 -0.0642448217 -0.976766646 -0.20444946 -0.0642448217 -0.976766646 -0.20444946 -0.0642448217 -0.976766646 -0.166915953 -0.0514601916 -0.984627306 -0.166915953 -0.0514601916 -0.984627306 -0.166915953 -0.0514601916 -0.984627306 -0.206669211 -0.0649423599 -0.976253211 -0.206669211 -0.0649423599 -0.976253211 -0.206669211 -0.0649423599 -0.976253211 -0.284120023 -0.0892799869 -0.954622924 -0.284120023 -0.0892799869 -0.954622924 -0.284120023 -0.0892799869 -0.954622924 -0.246416286 -0.0764165372 -0.966146767 -0.246416286 -0.0764165372 -0.966146767 -0.246416286 -0.0764165372 -0.966146767 -0.285576642 -0.0897376835 -0.954145253 -0.285576642 -0.0897376835 -0.954145253 -0.285576642 -0.0897376835 -0.954145253 -0.0412128046 -0.0129504371 -0.999066472 -0.0412128046 -0.0129504371 -0.999066472 -0.0412128046 -0.0129504371 -0.999066472 -0.00485551497 -0.000584344612 -0.999988019 -0.00485551497 -0.000584344612 -0.999988019 -0.00485551497 -0.000584344612 -0.999988019 -0.0457550995 -0.0143777737 -0.998849213 -0.0457550995 -0.0143777737 -0.998849213 -0.0457550995 -0.0143777737 -0.998849213 -0.123259053 -0.0387320928 -0.991618395 -0.123259053 -0.0387320928 -0.991618395 -0.123259053 -0.0387320928 -0.991618395 -0.0854831114 -0.0258779265 -0.996003509 -0.0854831114 -0.0258779265 -0.996003509 -0.0854831114 -0.0258779265 -0.996003509 -0.126272753 -0.0396790989 -0.991201699 -0.126272753 -0.0396790989 -0.991201699 -0.126272753 -0.0396790989 -0.991201699 0.12320365 0.0389083885 -0.991618395 0.12320365 0.0389083885 -0.991618395 0.12320365 0.0389083885 -0.991618395 0.113410018 0.0356372148 -0.992908955 0.113410018 0.0356372148 -0.992908955 0.113410018 0.0356372148 -0.992908955 0.0412128046 0.0129504399 -0.999066472 0.0412128046 0.0129504399 -0.999066472 0.0412128046 0.0129504399 -0.999066472 0.0748928115 0.0244072638 -0.996892869 0.0748928115 0.0244072638 -0.996892869 0.0748928115 0.0244072638 -0.996892869 0.0339563601 0.0106702195 -0.999366343 0.0339563601 0.0106702195 -0.999366343 0.0339563601 0.0106702195 -0.999366343 0.204385698 0.0644481555 -0.976766586 0.204385698 0.0644481555 -0.976766586 0.204385698 0.0644481555 -0.976766586 0.192231432 0.0604055487 -0.97948879 0.192231432 0.0604055487 -0.97948879 0.192231432 0.0604055487 -0.97948879 0.154243022 0.0484683216 -0.986843407 0.154243022 0.0484683216 -0.986843407 0.154243022 0.0484683216 -0.986843407 0.284050643 0.0895007625 -0.954622865 0.284050643 0.0895007625 -0.954622865 0.284050643 0.0895007625 -0.954622865 0.270052314 0.0848587081 -0.959098935 0.270052314 0.0848587081 -0.959098935 0.270052314 0.0848587081 -0.959098935 0.232373506 0.073018752 -0.969881833 0.232373506 0.073018752 -0.969881833 0.232373506 0.073018752 -0.969881833 0.361535072 0.113867514 -0.925379157 0.361535072 0.113867514 -0.925379157 0.361535072 0.113867514 -0.925379157 0.344557911 0.108271673 -0.932500482 0.344557911 0.108271673 -0.932500482 0.344557911 0.108271673 -0.932500482 0.309359491 0.0972111523 -0.945963383 0.309359491 0.0972111523 -0.945963383 0.309359491 0.0972111523 -0.945963383 0.43636927 0.137366831 -0.889219999 0.43636927 0.137366831 -0.889219999 0.43636927 0.137366831 -0.889219999 0.412991077 0.129775628 -0.901441455 0.412991077 0.129775628 -0.901441455 0.412991077 0.129775628 -0.901441455 0.382609367 0.120228678 -0.91605413 0.382609367 0.120228678 -0.91605413 0.382609367 0.120228678 -0.91605413 0.507959723 0.159792021 -0.846429825 0.507959723 0.159792021 -0.846429825 0.507959723 0.159792021 -0.846429825 0.480083823 0.150858358 -0.864153504 0.480083823 0.150858358 -0.864153504 0.480083823 0.150858358 -0.864153504 0.449752986 0.141327396 -0.881900668 0.449752986 0.141327396 -0.881900668 0.449752986 0.141327396 -0.881900668 0.606458187 0.190569371 -0.771940291 0.606458187 0.190569371 -0.771940291 0.606458187 0.190569371 -0.771940291 0.576580226 0.181228399 -0.796687841 0.576580226 0.181228399 -0.796687841 0.576580226 0.181228399 -0.796687841 0.575784743 0.181001917 -0.797314405 0.575784743 0.181001917 -0.797314405 0.575784743 0.181001917 -0.797314405 0.544891834 0.171223179 -0.820838273 0.544891834 0.171223179 -0.820838273 0.544891834 0.171223179 -0.820838273 0.515247762 0.161908031 -0.841608882 0.515247762 0.161908031 -0.841608882 0.515247762 0.161908031 -0.841608882 0.665178061 0.209938303 -0.716564059 0.665178061 0.209938303 -0.716564059 0.665178061 0.209938303 -0.716564059 0.639276743 0.200882018 -0.742274642 0.639276743 0.200882018 -0.742274642 0.639276743 0.200882018 -0.742274642 0.691905558 0.217419744 -0.688473225 0.691905558 0.217419744 -0.688473225 0.691905558 0.217419744 -0.688473225 0.697960973 0.219501108 -0.681666851 0.697960973 0.219501108 -0.681666851 0.697960973 0.219501108 -0.681666851 0.719591916 0.226119727 -0.656549573 0.719591916 0.226119727 -0.656549573 0.719591916 0.226119727 -0.656549573 0.743459404 0.233619705 -0.626649737 0.743459404 0.233619705 -0.626649737 0.743459404 0.233619705 -0.626649737 0.751448393 0.236357272 -0.616003692 0.751448393 0.236357272 -0.616003692 0.751448393 0.236357272 -0.616003692 0.768621624 0.24152644 -0.592356145 0.768621624 0.24152644 -0.592356145 0.768621624 0.24152644 -0.592356145 0.789949119 0.248228252 -0.560680926 0.789949119 0.248228252 -0.560680926 0.789949119 0.248228252 -0.560680926 0.799342573 0.251435637 -0.545739472 0.799342573 0.251435637 -0.545739472 0.799342573 0.251435637 -0.545739472 0.812327683 0.255260408 -0.524371862 0.812327683 0.255260408 -0.524371862 0.812327683 0.255260408 -0.524371862 0.830975831 0.26112026 -0.491218269 0.830975831 0.26112026 -0.491218269 0.830975831 0.26112026 -0.491218269 0.841281712 0.264621139 -0.471403003 0.841281712 0.264621139 -0.471403003 0.841281712 0.264621139 -0.471403003 0.850449443 0.267239422 -0.453121215 0.850449443 0.267239422 -0.453121215 0.850449443 0.267239422 -0.453121215 0.867922127 0.272729903 -0.415126026 0.867922127 0.272729903 -0.415126026 0.867922127 0.272729903 -0.415126026 0.876950741 0.275827616 -0.393543512 0.876950741 0.275827616 -0.393543512 0.876950741 0.275827616 -0.393543512 0.884222031 0.27785188 -0.37543273 0.884222031 0.27785188 -0.37543273 0.884222031 0.27785188 -0.37543273 0.897261322 0.281949252 -0.339745104 0.897261322 0.281949252 -0.339745104 0.897261322 0.281949252 -0.339745104 0.906086862 0.284957826 -0.312739015 0.906086862 0.284957826 -0.312739015 0.906086862 0.284957826 -0.312739015 0.910416007 0.286083251 -0.298829436 0.910416007 0.286083251 -0.298829436 0.910416007 0.286083251 -0.298829436 0.921659112 0.289616197 -0.258199364 0.921659112 0.289616197 -0.258199364 0.921659112 0.289616197 -0.258199364 0.928449214 0.291977197 -0.229633152 0.928449214 0.291977197 -0.229633152 0.928449214 0.291977197 -0.229633152 0.931432903 0.292687207 -0.216256738 0.931432903 0.292687207 -0.216256738 0.931432903 0.292687207 -0.216256738 0.939328492 0.295168251 -0.174750477 0.939328492 0.295168251 -0.174750477 0.939328492 0.295168251 -0.174750477 0.943893254 0.296821803 -0.144783869 0.943893254 0.296821803 -0.144783869 0.943893254 0.296821803 -0.144783869 0.94565028 0.297154844 -0.132077798 0.94565028 0.297154844 -0.132077798 0.94565028 0.297154844 -0.132077798 0.952353358 0.299261153 -0.0588714629 0.952353358 0.299261153 -0.0588714629 0.952353358 0.299261153 -0.0588714629 0.94991529 0.299254209 -0.0900436118 0.94991529 0.299254209 -0.0900436118 0.94991529 0.299254209 -0.0900436118 0.954174936 0.299146146 -0.0078620594 0.954174936 0.299146146 -0.0078620594 0.954174936 0.299146146 -0.0078620594 0.953278184 0.299551755 -0.039107725 0.953278184 0.299551755 -0.039107725 0.953278184 0.299551755 -0.039107725 </float_array>
          <technique_common>
            <accessor count="8688" offset="0" source="#mesh_0-normals-array" stride="3">
              <param name="X" type="float" />
              <param name="Y" type="float" />
              <param name="Z" type="float" />
            </accessor>
          </technique_common>
        </source>
        <vertices id="mesh_0-vertices">
          <input semantic="POSITION" source="#mesh_0-positions" />
        </vertices>
        <polylist count="2896" material="defaultMaterial">
          <input offset="0" semantic="VERTEX" source="#mesh_0-vertices" />
          <input offset="0" semantic="NORMAL" source="#mesh_0-normals" />
          <vcount>3 3 3 3 3 3 3 3 3 3 3 3 3 3 3 3 3 3 3 3 3 3 3 3 3 3 3 3 3 3 3 3 3 3 3 3 3 3 3 3 3 3 3 3 3 3 3 3 3 3 3 3 3 3 3 3 3 3 3 3 3 3 3 3 3 3 3 3 3 3 3 3 3 3 3 3 3 3 3 3 3 3 3 3 3 3 3 3 3 3 3 3 3 3 3 3 3 3 3 3 3 3 3 3 3 3 3 3 3 3 3 3 3 3 3 3 3 3 3 3 3 3 3 3 3 3 3 3 3 3 3 3 3 3 3 3 3 3 3 3 3 3 3 3 3 3 3 3 3 3 3 3 3 3 3 3 3 3 3 3 3 3 3 3 3 3 3 3 3 3 3 3 3 3 3 3 3 3 3 3 3 3 3 3 3 3 3 3 3 3 3 3 3 3 3 3 3 3 3 3 3 3 3 3 3 3 3 3 3 3 3 3 3 3 3 3 3 3 3 3 3 3 3 3 3 3 3 3 3 3 3 3 3 3 3 3 3 3 3 3 3 3 3 3 3 3 3 3 3 3 3 3 3 3 3 3 3 3 3 3 3 3 3 3 3 3 3 3 3 3 3 3 3 3 3 3 3 3 3 3 3 3 3 3 3 3 3 3 3 3 3 3 3 3 3 3 3 3 3 3 3 3 3 3 3 3 3 3 3 3 3 3 3 3 3 3 3 3 3 3 3 3 3 3 3 3 3 3 3 3 3 3 3 3 3 3 3 3 3 3 3 3 3 3 3 3 3 3 3 3 3 3 3 3 3 3 3 3 3 3 3 3 3 3 3 3 3 3 3 3 3 3 3 3 3 3 3 3 3 3 3 3 3 3 3 3 3 3 3 3 3 3 3 3 3 3 3 3 3 3 3 3 3 3 3 3 3 3 3 3 3 3 3 3 3 3 3 3 3 3 3 3 3 3 3 3 3 3 3 3 3 3 3 3 3 3 3 3 3 3 3 3 3 3 3 3 3 3 3 3 3 3 3 3 3 3 3 3 3 3 3 3 3 3 3 3 3 3 3 3 3 3 3 3 3 3 3 3 3 3 3 3 3 3 3 3 3 3 3 3 3 3 3 3 3 3 3 3 3 3 3 3 3 3 3 3 3 3 3 3 3 3 3 3 3 3 3 3 3 3 3 3 3 3 3 3 3 3 3 3 3 3 3 3 3 3 3 3 3 3 3 3 3 3 3 3 3 3 3 3 3 3 3 3 3 3 3 3 3 3 3 3 3 3 3 3 3 3 3 3 3 3 3 3 3 3 3 3 3 3 3 3 3 3 3 3 3 3 3 3 3 3 3 3 3 3 3 3 3 3 3 3 3 3 3 3 3 3 3 3 3 3 3 3 3 3 3 3 3 3 3 3 3 3 3 3 3 3 3 3 3 3 3 3 3 3 3 3 3 3 3 3 3 3 3 3 3 3 3 3 3 3 3 3 3 3 3 3 3 3 3 3 3 3 3 3 3 3 3 3 3 3 3 3 3 3 3 3 3 3 3 3 3 3 3 3 3 3 3 3 3 3 3 3 3 3 3 3 3 3 3 3 3 3 3 3 3 3 3 3 3 3 3 3 3 3 3 3 3 3 3 3 3 3 3 3 3 3 3 3 3 3 3 3 3 3 3 3 3 3 3 3 3 3 3 3 3 3 3 3 3 3 3 3 3 3 3 3 3 3 3 3 3 3 3 3 3 3 3 3 3 3 3 3 3 3 3 3 3 3 3 3 3 3 3 3 3 3 3 3 3 3 3 3 3 3 3 3 3 3 3 3 3 3 3 3 3 3 3 3 3 3 3 3 3 3 3 3 3 3 3 3 3 3 3 3 3 3 3 3 3 3 3 3 3 3 3 3 3 3 3 3 3 3 3 3 3 3 3 3 3 3 3 3 3 3 3 3 3 3 3 3 3 3 3 3 3 3 3 3 3 3 3 3 3 3 3 3 3 3 3 3 3 3 3 3 3 3 3 3 3 3 3 3 3 3 3 3 3 3 3 3 3 3 3 3 3 3 3 3 3 3 3 3 3 3 3 3 3 3 3 3 3 3 3 3 3 3 3 3 3 3 3 3 3 3 3 3 3 3 3 3 3 3 3 3 3 3 3 3 3 3 3 3 3 3 3 3 3 3 3 3 3 3 3 3 3 3 3 3 3 3 3 3 3 3 3 3 3 3 3 3 3 3 3 3 3 3 3 3 3 3 3 3 3 3 3 3 3 3 3 3 3 3 3 3 3 3 3 3 3 3 3 3 3 3 3 3 3 3 3 3 3 3 3 3 3 3 3 3 3 3 3 3 3 3 3 3 3 3 3 3 3 3 3 3 3 3 3 3 3 3 3 3 3 3 3 3 3 3 3 3 3 3 3 3 3 3 3 3 3 3 3 3 3 3 3 3 3 3 3 3 3 3 3 3 3 3 3 3 3 3 3 3 3 3 3 3 3 3 3 3 3 3 3 3 3 3 3 3 3 3 3 3 3 3 3 3 3 3 3 3 3 3 3 3 3 3 3 3 3 3 3 3 3 3 3 3 3 3 3 3 3 3 3 3 3 3 3 3 3 3 3 3 3 3 3 3 3 3 3 3 3 3 3 3 3 3 3 3 3 3 3 3 3 3 3 3 3 3 3 3 3 3 3 3 3 3 3 3 3 3 3 3 3 3 3 3 3 3 3 3 3 3 3 3 3 3 3 3 3 3 3 3 3 3 3 3 3 3 3 3 3 3 3 3 3 3 3 3 3 3 3 3 3 3 3 3 3 3 3 3 3 3 3 3 3 3 3 3 3 3 3 3 3 3 3 3 3 3 3 3 3 3 3 3 3 3 3 3 3 3 3 3 3 3 3 3 3 3 3 3 3 3 3 3 3 3 3 3 3 3 3 3 3 3 3 3 3 3 3 3 3 3 3 3 3 3 3 3 3 3 3 3 3 3 3 3 3 3 3 3 3 3 3 3 3 3 3 3 3 3 3 3 3 3 3 3 3 3 3 3 3 3 3 3 3 3 3 3 3 3 3 3 3 3 3 3 3 3 3 3 3 3 3 3 3 3 3 3 3 3 3 3 3 3 3 3 3 3 3 3 3 3 3 3 3 3 3 3 3 3 3 3 3 3 3 3 3 3 3 3 3 3 3 3 3 3 3 3 3 3 3 3 3 3 3 3 3 3 3 3 3 3 3 3 3 3 3 3 3 3 3 3 3 3 3 3 3 3 3 3 3 3 3 3 3 3 3 3 3 3 3 3 3 3 3 3 3 3 3 3 3 3 3 3 3 3 3 3 3 3 3 3 3 3 3 3 3 3 3 3 3 3 3 3 3 3 3 3 3 3 3 3 3 3 3 3 3 3 3 3 3 3 3 3 3 3 3 3 3 3 3 3 3 3 3 3 3 3 3 3 3 3 3 3 3 3 3 3 3 3 3 3 3 3 3 3 3 3 3 3 3 3 3 3 3 3 3 3 3 3 3 3 3 3 3 3 3 3 3 3 3 3 3 3 3 3 3 3 3 3 3 3 3 3 3 3 3 3 3 3 3 3 3 3 3 3 3 3 3 3 3 3 3 3 3 3 3 3 3 3 3 3 3 3 3 3 3 3 3 3 3 3 3 3 3 3 3 3 3 3 3 3 3 3 3 3 3 3 3 3 3 3 3 3 3 3 3 3 3 3 3 3 3 3 3 3 3 3 3 3 3 3 3 3 3 3 3 3 3 3 3 3 3 3 3 3 3 3 3 3 3 3 3 3 3 3 3 3 3 3 3 3 3 3 3 3 3 3 3 3 3 3 3 3 3 3 3 3 3 3 3 3 3 3 3 3 3 3 3 3 3 3 3 3 3 3 3 3 3 3 3 3 3 3 3 3 3 3 3 3 3 3 3 3 3 3 3 3 3 3 3 3 3 3 3 3 3 3 3 3 3 3 3 3 3 3 3 3 3 3 3 3 3 3 3 3 3 3 3 3 3 3 3 3 3 3 3 3 3 3 3 3 3 3 3 3 3 3 3 3 3 3 3 3 3 3 3 3 3 3 3 3 3 3 3 3 3 3 3 3 3 3 3 3 3 3 3 3 3 3 3 3 3 3 3 3 3 3 3 3 3 3 3 3 3 3 3 3 3 3 3 3 3 3 3 3 3 3 3 3 3 3 3 3 3 3 3 3 3 3 3 3 3 3 3 3 3 3 3 3 3 3 3 3 3 3 3 3 3 3 3 3 3 3 3 3 3 3 3 3 3 3 3 3 3 3 3 3 3 3 3 3 3 3 3 3 3 3 3 3 3 3 3 3 3 3 3 3 3 3 3 3 3 3 3 3 3 3 3 3 3 3 3 3 3 3 3 3 3 3 3 3 3 3 3 3 3 3 3 3 3 3 3 3 3 3 3 3 3 3 3 3 3 3 3 3 3 3 3 3 3 3 3 3 3 3 3 3 3 3 3 3 3 3 3 3 3 3 3 3 3 3 3 3 3 3 3 3 3 3 3 3 3 3 3 3 3 3 3 3 3 3 3 3 3 3 3 3 3 3 3 3 3 3 3 3 3 3 3 3 3 3 3 3 3 3 3 3 3 3 3 3 3 3 3 3 3 3 3 3 3 3 3 3 3 3 3 3 3 3 3 3 3 3 3 3 3 3 3 3 3 3 3 3 3 3 3 3 3 3 3 3 3 3 3 3 3 3 3 3 3 3 3 3 3 3 3 3 3 3 3 3 3 3 3 3 3 3 3 3 3 3 3 3 3 3 3 3 3 3 3 3 3 3 3 3 3 3 3 3 3 3 3 3 3 3 3 3 3 3 3 3 3 3 3 3 3 3 3 3 3 3 3 3 3 3 3 3 3 3 3 3 3 3 3 3 3 3 3 3 3 3 3 3 3 3 3 3 3 3 3 3 3 3 3 3 3 3 3 3 3 3 3 3 3 3 3 3 3 3 3 3 3 3 3 3 3 3 3 3 3 3 3 3 3 3 3 3 3 3 3 3 3 3 3 3 3 3 3 3 3 3 3 3 3 3 3 3 3 3 3 3 3 3 3 3 3 3 3 3 3 3 3 3 3 3 3 3 3 3 3 3 3 3 3 3 3 3 3 3 3 3 3 3 3 3 3 3 3 3 3 3 3 3 3 3 3 3 3 3 3 3 3 3 3 3 3 3 3 3 3 3 3 3 3 3 3 3 3 3 3 3 3 3 3 3 3 3 3 3 3 3 3 3 3 3 3 3 3 3 3 3 3 3 3 3 3 3 3 3 3 3 3 3 3 3 3 3 3 3 3 3 3 3 3 3 3 3 3 3 3 3 3 3 3 3 3 3 3 3 3 3 3 3 3 3 3 3 3 3 3 3 3 3 3 3 3 3 3 3 3 3 3 3 3 3 3 3 3 3 3 3 3 3 3 3 3 3 3 3 3 3 3 3 3 3 3 3 3 3 3 3 3 3 3 3 3 3 3 3 3 3 3 3 3 3 3 3 3 3 3 3 3 3 3 3 3 3 3 3 3 3 3 3 3 3 3 3 3 3 3 3 3 3 3 3 3 3 3 3 3 3 3 3 3 3 3 3 3 3 3 3 3 3 3 3 3 3 3 3 3 3 3 3 3 3 3 3 3 3 3 3 3 3 3 3 3 3 3 3 3 3 3 3 3 3 3 3 3 3 3 3 3 3 3 3 3 3 3 3 3 3 3 3 3 3 3 3 3 3 3 3 3 3 3 3 3 3 3 3 3 3 3 3 3 3 3 3 3 3 3 3 3 3 3 3 3 3 3 3 3 3 3 3 3 3 3 3 3 3 3 3 3 3 3 3 3 3 3 3 3 3 3 3 3 3 3 3 3 3 3 3 3 3 3 3 3 3 3 3 3 3 3 3 3 3 3 3 3 3 3 3 3 3 3 3 3 3 3 3 3 3 3 3 3 3 3 3 3 3 3 3 3 3 3 3 3 3 3 3 3 3 3 3 3 3 3 3 3 3 3 3 3 3 3 3 3 3 3 3 3 3 3 3 3 3 3 3 3 3 3 3 3 3 3 3 3 3 3 3 3 3 3 3 3 3 3 3 3 3 3 3 3 3 3 3 3 3 3 3 3 3 3 3 3 3 3 3 3 3 3 3 3 3 3 3 3 3 3 3 3 3 3 3 3 3 3 3 3 3 3 3 3 3 3 3 3 3 3 3 3 3 3 3 3 3 3 3 3 3 3 3 3 3 3 3 3 3 3 3 3 3 3 3 3 3 3 3 3 3 3 3 3 3 3 3 3 3 3 3 3 3 3 3 3 3 3 3 3 3 3 3 3 3 3 3 3 3 3 3 3 3 3 3 3 3 3 3 3 3 3 3 3 3 3 3 3 3 3 3 3 3 3 3 3 3 3 3 3 3 3 3 3 3 3 3 3 3 3 3 3 3 3 3 3 3 3 3 3 3 3 3 3 3 3 3 3 3 3 3 3 3 3 3 3 3 3 3 3 3 3 3 3 3 3 3 3 3 3 3 3 3 3 3 </vcount>
          <p>0 1 2 3 4 5 6 7 8 9 10 11 12 13 14 15 16 17 18 19 20 21 22 23 24 25 26 27 28 29 30 31 32 33 34 35 36 37 38 39 40 41 42 43 44 45 46 47 48 49 50 51 52 53 54 55 56 57 58 59 60 61 62 63 64 65 66 67 68 69 70 71 72 73 74 75 76 77 78 79 80 81 82 83 84 85 86 87 88 89 90 91 92 93 94 95 96 97 98 99 100 101 102 103 104 105 106 107 108 109 110 111 112 113 114 115 116 117 118 119 120 121 122 123 124 125 126 127 128 129 130 131 132 133 134 135 136 137 138 139 140 141 142 143 144 145 146 147 148 149 150 151 152 153 154 155 156 157 158 159 160 161 162 163 164 165 166 167 168 169 170 171 172 173 174 175 176 177 178 179 180 181 182 183 184 185 186 187 188 189 190 191 192 193 194 195 196 197 198 199 200 201 202 203 204 205 206 207 208 209 210 211 212 213 214 215 216 217 218 219 220 221 222 223 224 225 226 227 228 229 230 231 232 233 234 235 236 237 238 239 240 241 242 243 244 245 246 247 248 249 250 251 252 253 254 255 256 257 258 259 260 261 262 263 264 265 266 267 268 269 270 271 272 273 274 275 276 277 278 279 280 281 282 283 284 285 286 287 288 289 290 291 292 293 294 295 296 297 298 299 300 301 302 303 304 305 306 307 308 309 310 311 312 313 314 315 316 317 318 319 320 321 322 323 324 325 326 327 328 329 330 331 332 333 334 335 336 337 338 339 340 341 342 343 344 345 346 347 348 349 350 351 352 353 354 355 356 357 358 359 360 361 362 363 364 365 366 367 368 369 370 371 372 373 374 375 376 377 378 379 380 381 382 383 384 385 386 387 388 389 390 391 392 393 394 395 396 397 398 399 400 401 402 403 404 405 406 407 408 409 410 411 412 413 414 415 416 417 418 419 420 421 422 423 424 425 426 427 428 429 430 431 432 433 434 435 436 437 438 439 440 441 442 443 444 445 446 447 448 449 450 451 452 453 454 455 456 457 458 459 460 461 462 463 464 465 466 467 468 469 470 471 472 473 474 475 476 477 478 479 480 481 482 483 484 485 486 487 488 489 490 491 492 493 494 495 496 497 498 499 500 501 502 503 504 505 506 507 508 509 510 511 512 513 514 515 516 517 518 519 520 521 522 523 524 525 526 527 528 529 530 531 532 533 534 535 536 537 538 539 540 541 542 543 544 545 546 547 548 549 550 551 552 553 554 555 556 557 558 559 560 561 562 563 564 565 566 567 568 569 570 571 572 573 574 575 576 577 578 579 580 581 582 583 584 585 586 587 588 589 590 591 592 593 594 595 596 597 598 599 600 601 602 603 604 605 606 607 608 609 610 611 612 613 614 615 616 617 618 619 620 621 622 623 624 625 626 627 628 629 630 631 632 633 634 635 636 637 638 639 640 641 642 643 644 645 646 647 648 649 650 651 652 653 654 655 656 657 658 659 660 661 662 663 664 665 666 667 668 669 670 671 672 673 674 675 676 677 678 679 680 681 682 683 684 685 686 687 688 689 690 691 692 693 694 695 696 697 698 699 700 701 702 703 704 705 706 707 708 709 710 711 712 713 714 715 716 717 718 719 720 721 722 723 724 725 726 727 728 729 730 731 732 733 734 735 736 737 738 739 740 741 742 743 744 745 746 747 748 749 750 751 752 753 754 755 756 757 758 759 760 761 762 763 764 765 766 767 768 769 770 771 772 773 774 775 776 777 778 779 780 781 782 783 784 785 786 787 788 789 790 791 792 793 794 795 796 797 798 799 800 801 802 803 804 805 806 807 808 809 810 811 812 813 814 815 816 817 818 819 820 821 822 823 824 825 826 827 828 829 830 831 832 833 834 835 836 837 838 839 840 841 842 843 844 845 846 847 848 849 850 851 852 853 854 855 856 857 858 859 860 861 862 863 864 865 866 867 868 869 870 871 872 873 874 875 876 877 878 879 880 881 882 883 884 885 886 887 888 889 890 891 892 893 894 895 896 897 898 899 900 901 902 903 904 905 906 907 908 909 910 911 912 913 914 915 916 917 918 919 920 921 922 923 924 925 926 927 928 929 930 931 932 933 934 935 936 937 938 939 940 941 942 943 944 945 946 947 948 949 950 951 952 953 954 955 956 957 958 959 960 961 962 963 964 965 966 967 968 969 970 971 972 973 974 975 976 977 978 979 980 981 982 983 984 985 986 987 988 989 990 991 992 993 994 995 996 997 998 999 1000 1001 1002 1003 1004 1005 1006 1007 1008 1009 1010 1011 1012 1013 1014 1015 1016 1017 1018 1019 1020 1021 1022 1023 1024 1025 1026 1027 1028 1029 1030 1031 1032 1033 1034 1035 1036 1037 1038 1039 1040 1041 1042 1043 1044 1045 1046 1047 1048 1049 1050 1051 1052 1053 1054 1055 1056 1057 1058 1059 1060 1061 1062 1063 1064 1065 1066 1067 1068 1069 1070 1071 1072 1073 1074 1075 1076 1077 1078 1079 1080 1081 1082 1083 1084 1085 1086 1087 1088 1089 1090 1091 1092 1093 1094 1095 1096 1097 1098 1099 1100 1101 1102 1103 1104 1105 1106 1107 1108 1109 1110 1111 1112 1113 1114 1115 1116 1117 1118 1119 1120 1121 1122 1123 1124 1125 1126 1127 1128 1129 1130 1131 1132 1133 1134 1135 1136 1137 1138 1139 1140 1141 1142 1143 1144 1145 1146 1147 1148 1149 1150 1151 1152 1153 1154 1155 1156 1157 1158 1159 1160 1161 1162 1163 1164 1165 1166 1167 1168 1169 1170 1171 1172 1173 1174 1175 1176 1177 1178 1179 1180 1181 1182 1183 1184 1185 1186 1187 1188 1189 1190 1191 1192 1193 1194 1195 1196 1197 1198 1199 1200 1201 1202 1203 1204 1205 1206 1207 1208 1209 1210 1211 1212 1213 1214 1215 1216 1217 1218 1219 1220 1221 1222 1223 1224 1225 1226 1227 1228 1229 1230 1231 1232 1233 1234 1235 1236 1237 1238 1239 1240 1241 1242 1243 1244 1245 1246 1247 1248 1249 1250 1251 1252 1253 1254 1255 1256 1257 1258 1259 1260 1261 1262 1263 1264 1265 1266 1267 1268 1269 1270 1271 1272 1273 1274 1275 1276 1277 1278 1279 1280 1281 1282 1283 1284 1285 1286 1287 1288 1289 1290 1291 1292 1293 1294 1295 1296 1297 1298 1299 1300 1301 1302 1303 1304 1305 1306 1307 1308 1309 1310 1311 1312 1313 1314 1315 1316 1317 1318 1319 1320 1321 1322 1323 1324 1325 1326 1327 1328 1329 1330 1331 1332 1333 1334 1335 1336 1337 1338 1339 1340 1341 1342 1343 1344 1345 1346 1347 1348 1349 1350 1351 1352 1353 1354 1355 1356 1357 1358 1359 1360 1361 1362 1363 1364 1365 1366 1367 1368 1369 1370 1371 1372 1373 1374 1375 1376 1377 1378 1379 1380 1381 1382 1383 1384 1385 1386 1387 1388 1389 1390 1391 1392 1393 1394 1395 1396 1397 1398 1399 1400 1401 1402 1403 1404 1405 1406 1407 1408 1409 1410 1411 1412 1413 1414 1415 1416 1417 1418 1419 1420 1421 1422 1423 1424 1425 1426 1427 1428 1429 1430 1431 1432 1433 1434 1435 1436 1437 1438 1439 1440 1441 1442 1443 1444 1445 1446 1447 1448 1449 1450 1451 1452 1453 1454 1455 1456 1457 1458 1459 1460 1461 1462 1463 1464 1465 1466 1467 1468 1469 1470 1471 1472 1473 1474 1475 1476 1477 1478 1479 1480 1481 1482 1483 1484 1485 1486 1487 1488 1489 1490 1491 1492 1493 1494 1495 1496 1497 1498 1499 1500 1501 1502 1503 1504 1505 1506 1507 1508 1509 1510 1511 1512 1513 1514 1515 1516 1517 1518 1519 1520 1521 1522 1523 1524 1525 1526 1527 1528 1529 1530 1531 1532 1533 1534 1535 1536 1537 1538 1539 1540 1541 1542 1543 1544 1545 1546 1547 1548 1549 1550 1551 1552 1553 1554 1555 1556 1557 1558 1559 1560 1561 1562 1563 1564 1565 1566 1567 1568 1569 1570 1571 1572 1573 1574 1575 1576 1577 1578 1579 1580 1581 1582 1583 1584 1585 1586 1587 1588 1589 1590 1591 1592 1593 1594 1595 1596 1597 1598 1599 1600 1601 1602 1603 1604 1605 1606 1607 1608 1609 1610 1611 1612 1613 1614 1615 1616 1617 1618 1619 1620 1621 1622 1623 1624 1625 1626 1627 1628 1629 1630 1631 1632 1633 1634 1635 1636 1637 1638 1639 1640 1641 1642 1643 1644 1645 1646 1647 1648 1649 1650 1651 1652 1653 1654 1655 1656 1657 1658 1659 1660 1661 1662 1663 1664 1665 1666 1667 1668 1669 1670 1671 1672 1673 1674 1675 1676 1677 1678 1679 1680 1681 1682 1683 1684 1685 1686 1687 1688 1689 1690 1691 1692 1693 1694 1695 1696 1697 1698 1699 1700 1701 1702 1703 1704 1705 1706 1707 1708 1709 1710 1711 1712 1713 1714 1715 1716 1717 1718 1719 1720 1721 1722 1723 1724 1725 1726 1727 1728 1729 1730 1731 1732 1733 1734 1735 1736 1737 1738 1739 1740 1741 1742 1743 1744 1745 1746 1747 1748 1749 1750 1751 1752 1753 1754 1755 1756 1757 1758 1759 1760 1761 1762 1763 1764 1765 1766 1767 1768 1769 1770 1771 1772 1773 1774 1775 1776 1777 1778 1779 1780 1781 1782 1783 1784 1785 1786 1787 1788 1789 1790 1791 1792 1793 1794 1795 1796 1797 1798 1799 1800 1801 1802 1803 1804 1805 1806 1807 1808 1809 1810 1811 1812 1813 1814 1815 1816 1817 1818 1819 1820 1821 1822 1823 1824 1825 1826 1827 1828 1829 1830 1831 1832 1833 1834 1835 1836 1837 1838 1839 1840 1841 1842 1843 1844 1845 1846 1847 1848 1849 1850 1851 1852 1853 1854 1855 1856 1857 1858 1859 1860 1861 1862 1863 1864 1865 1866 1867 1868 1869 1870 1871 1872 1873 1874 1875 1876 1877 1878 1879 1880 1881 1882 1883 1884 1885 1886 1887 1888 1889 1890 1891 1892 1893 1894 1895 1896 1897 1898 1899 1900 1901 1902 1903 1904 1905 1906 1907 1908 1909 1910 1911 1912 1913 1914 1915 1916 1917 1918 1919 1920 1921 1922 1923 1924 1925 1926 1927 1928 1929 1930 1931 1932 1933 1934 1935 1936 1937 1938 1939 1940 1941 1942 1943 1944 1945 1946 1947 1948 1949 1950 1951 1952 1953 1954 1955 1956 1957 1958 1959 1960 1961 1962 1963 1964 1965 1966 1967 1968 1969 1970 1971 1972 1973 1974 1975 1976 1977 1978 1979 1980 1981 1982 1983 1984 1985 1986 1987 1988 1989 1990 1991 1992 1993 1994 1995 1996 1997 1998 1999 2000 2001 2002 2003 2004 2005 2006 2007 2008 2009 2010 2011 2012 2013 2014 2015 2016 2017 2018 2019 2020 2021 2022 2023 2024 2025 2026 2027 2028 2029 2030 2031 2032 2033 2034 2035 2036 2037 2038 2039 2040 2041 2042 2043 2044 2045 2046 2047 2048 2049 2050 2051 2052 2053 2054 2055 2056 2057 2058 2059 2060 2061 2062 2063 2064 2065 2066 2067 2068 2069 2070 2071 2072 2073 2074 2075 2076 2077 2078 2079 2080 2081 2082 2083 2084 2085 2086 2087 2088 2089 2090 2091 2092 2093 2094 2095 2096 2097 2098 2099 2100 2101 2102 2103 2104 2105 2106 2107 2108 2109 2110 2111 2112 2113 2114 2115 2116 2117 2118 2119 2120 2121 2122 2123 2124 2125 2126 2127 2128 2129 2130 2131 2132 2133 2134 2135 2136 2137 2138 2139 2140 2141 2142 2143 2144 2145 2146 2147 2148 2149 2150 2151 2152 2153 2154 2155 2156 2157 2158 2159 2160 2161 2162 2163 2164 2165 2166 2167 2168 2169 2170 2171 2172 2173 2174 2175 2176 2177 2178 2179 2180 2181 2182 2183 2184 2185 2186 2187 2188 2189 2190 2191 2192 2193 2194 2195 2196 2197 2198 2199 2200 2201 2202 2203 2204 2205 2206 2207 2208 2209 2210 2211 2212 2213 2214 2215 2216 2217 2218 2219 2220 2221 2222 2223 2224 2225 2226 2227 2228 2229 2230 2231 2232 2233 2234 2235 2236 2237 2238 2239 2240 2241 2242 2243 2244 2245 2246 2247 2248 2249 2250 2251 2252 2253 2254 2255 2256 2257 2258 2259 2260 2261 2262 2263 2264 2265 2266 2267 2268 2269 2270 2271 2272 2273 2274 2275 2276 2277 2278 2279 2280 2281 2282 2283 2284 2285 2286 2287 2288 2289 2290 2291 2292 2293 2294 2295 2296 2297 2298 2299 2300 2301 2302 2303 2304 2305 2306 2307 2308 2309 2310 2311 2312 2313 2314 2315 2316 2317 2318 2319 2320 2321 2322 2323 2324 2325 2326 2327 2328 2329 2330 2331 2332 2333 2334 2335 2336 2337 2338 2339 2340 2341 2342 2343 2344 2345 2346 2347 2348 2349 2350 2351 2352 2353 2354 2355 2356 2357 2358 2359 2360 2361 2362 2363 2364 2365 2366 2367 2368 2369 2370 2371 2372 2373 2374 2375 2376 2377 2378 2379 2380 2381 2382 2383 2384 2385 2386 2387 2388 2389 2390 2391 2392 2393 2394 2395 2396 2397 2398 2399 2400 2401 2402 2403 2404 2405 2406 2407 2408 2409 2410 2411 2412 2413 2414 2415 2416 2417 2418 2419 2420 2421 2422 2423 2424 2425 2426 2427 2428 2429 2430 2431 2432 2433 2434 2435 2436 2437 2438 2439 2440 2441 2442 2443 2444 2445 2446 2447 2448 2449 2450 2451 2452 2453 2454 2455 2456 2457 2458 2459 2460 2461 2462 2463 2464 2465 2466 2467 2468 2469 2470 2471 2472 2473 2474 2475 2476 2477 2478 2479 2480 2481 2482 2483 2484 2485 2486 2487 2488 2489 2490 2491 2492 2493 2494 2495 2496 2497 2498 2499 2500 2501 2502 2503 2504 2505 2506 2507 2508 2509 2510 2511 2512 2513 2514 2515 2516 2517 2518 2519 2520 2521 2522 2523 2524 2525 2526 2527 2528 2529 2530 2531 2532 2533 2534 2535 2536 2537 2538 2539 2540 2541 2542 2543 2544 2545 2546 2547 2548 2549 2550 2551 2552 2553 2554 2555 2556 2557 2558 2559 2560 2561 2562 2563 2564 2565 2566 2567 2568 2569 2570 2571 2572 2573 2574 2575 2576 2577 2578 2579 2580 2581 2582 2583 2584 2585 2586 2587 2588 2589 2590 2591 2592 2593 2594 2595 2596 2597 2598 2599 2600 2601 2602 2603 2604 2605 2606 2607 2608 2609 2610 2611 2612 2613 2614 2615 2616 2617 2618 2619 2620 2621 2622 2623 2624 2625 2626 2627 2628 2629 2630 2631 2632 2633 2634 2635 2636 2637 2638 2639 2640 2641 2642 2643 2644 2645 2646 2647 2648 2649 2650 2651 2652 2653 2654 2655 2656 2657 2658 2659 2660 2661 2662 2663 2664 2665 2666 2667 2668 2669 2670 2671 2672 2673 2674 2675 2676 2677 2678 2679 2680 2681 2682 2683 2684 2685 2686 2687 2688 2689 2690 2691 2692 2693 2694 2695 2696 2697 2698 2699 2700 2701 2702 2703 2704 2705 2706 2707 2708 2709 2710 2711 2712 2713 2714 2715 2716 2717 2718 2719 2720 2721 2722 2723 2724 2725 2726 2727 2728 2729 2730 2731 2732 2733 2734 2735 2736 2737 2738 2739 2740 2741 2742 2743 2744 2745 2746 2747 2748 2749 2750 2751 2752 2753 2754 2755 2756 2757 2758 2759 2760 2761 2762 2763 2764 2765 2766 2767 2768 2769 2770 2771 2772 2773 2774 2775 2776 2777 2778 2779 2780 2781 2782 2783 2784 2785 2786 2787 2788 2789 2790 2791 2792 2793 2794 2795 2796 2797 2798 2799 2800 2801 2802 2803 2804 2805 2806 2807 2808 2809 2810 2811 2812 2813 2814 2815 2816 2817 2818 2819 2820 2821 2822 2823 2824 2825 2826 2827 2828 2829 2830 2831 2832 2833 2834 2835 2836 2837 2838 2839 2840 2841 2842 2843 2844 2845 2846 2847 2848 2849 2850 2851 2852 2853 2854 2855 2856 2857 2858 2859 2860 2861 2862 2863 2864 2865 2866 2867 2868 2869 2870 2871 2872 2873 2874 2875 2876 2877 2878 2879 2880 2881 2882 2883 2884 2885 2886 2887 2888 2889 2890 2891 2892 2893 2894 2895 2896 2897 2898 2899 2900 2901 2902 2903 2904 2905 2906 2907 2908 2909 2910 2911 2912 2913 2914 2915 2916 2917 2918 2919 2920 2921 2922 2923 2924 2925 2926 2927 2928 2929 2930 2931 2932 2933 2934 2935 2936 2937 2938 2939 2940 2941 2942 2943 2944 2945 2946 2947 2948 2949 2950 2951 2952 2953 2954 2955 2956 2957 2958 2959 2960 2961 2962 2963 2964 2965 2966 2967 2968 2969 2970 2971 2972 2973 2974 2975 2976 2977 2978 2979 2980 2981 2982 2983 2984 2985 2986 2987 2988 2989 2990 2991 2992 2993 2994 2995 2996 2997 2998 2999 3000 3001 3002 3003 3004 3005 3006 3007 3008 3009 3010 3011 3012 3013 3014 3015 3016 3017 3018 3019 3020 3021 3022 3023 3024 3025 3026 3027 3028 3029 3030 3031 3032 3033 3034 3035 3036 3037 3038 3039 3040 3041 3042 3043 3044 3045 3046 3047 3048 3049 3050 3051 3052 3053 3054 3055 3056 3057 3058 3059 3060 3061 3062 3063 3064 3065 3066 3067 3068 3069 3070 3071 3072 3073 3074 3075 3076 3077 3078 3079 3080 3081 3082 3083 3084 3085 3086 3087 3088 3089 3090 3091 3092 3093 3094 3095 3096 3097 3098 3099 3100 3101 3102 3103 3104 3105 3106 3107 3108 3109 3110 3111 3112 3113 3114 3115 3116 3117 3118 3119 3120 3121 3122 3123 3124 3125 3126 3127 3128 3129 3130 3131 3132 3133 3134 3135 3136 3137 3138 3139 3140 3141 3142 3143 3144 3145 3146 3147 3148 3149 3150 3151 3152 3153 3154 3155 3156 3157 3158 3159 3160 3161 3162 3163 3164 3165 3166 3167 3168 3169 3170 3171 3172 3173 3174 3175 3176 3177 3178 3179 3180 3181 3182 3183 3184 3185 3186 3187 3188 3189 3190 3191 3192 3193 3194 3195 3196 3197 3198 3199 3200 3201 3202 3203 3204 3205 3206 3207 3208 3209 3210 3211 3212 3213 3214 3215 3216 3217 3218 3219 3220 3221 3222 3223 3224 3225 3226 3227 3228 3229 3230 3231 3232 3233 3234 3235 3236 3237 3238 3239 3240 3241 3242 3243 3244 3245 3246 3247 3248 3249 3250 3251 3252 3253 3254 3255 3256 3257 3258 3259 3260 3261 3262 3263 3264 3265 3266 3267 3268 3269 3270 3271 3272 3273 3274 3275 3276 3277 3278 3279 3280 3281 3282 3283 3284 3285 3286 3287 3288 3289 3290 3291 3292 3293 3294 3295 3296 3297 3298 3299 3300 3301 3302 3303 3304 3305 3306 3307 3308 3309 3310 3311 3312 3313 3314 3315 3316 3317 3318 3319 3320 3321 3322 3323 3324 3325 3326 3327 3328 3329 3330 3331 3332 3333 3334 3335 3336 3337 3338 3339 3340 3341 3342 3343 3344 3345 3346 3347 3348 3349 3350 3351 3352 3353 3354 3355 3356 3357 3358 3359 3360 3361 3362 3363 3364 3365 3366 3367 3368 3369 3370 3371 3372 3373 3374 3375 3376 3377 3378 3379 3380 3381 3382 3383 3384 3385 3386 3387 3388 3389 3390 3391 3392 3393 3394 3395 3396 3397 3398 3399 3400 3401 3402 3403 3404 3405 3406 3407 3408 3409 3410 3411 3412 3413 3414 3415 3416 3417 3418 3419 3420 3421 3422 3423 3424 3425 3426 3427 3428 3429 3430 3431 3432 3433 3434 3435 3436 3437 3438 3439 3440 3441 3442 3443 3444 3445 3446 3447 3448 3449 3450 3451 3452 3453 3454 3455 3456 3457 3458 3459 3460 3461 3462 3463 3464 3465 3466 3467 3468 3469 3470 3471 3472 3473 3474 3475 3476 3477 3478 3479 3480 3481 3482 3483 3484 3485 3486 3487 3488 3489 3490 3491 3492 3493 3494 3495 3496 3497 3498 3499 3500 3501 3502 3503 3504 3505 3506 3507 3508 3509 3510 3511 3512 3513 3514 3515 3516 3517 3518 3519 3520 3521 3522 3523 3524 3525 3526 3527 3528 3529 3530 3531 3532 3533 3534 3535 3536 3537 3538 3539 3540 3541 3542 3543 3544 3545 3546 3547 3548 3549 3550 3551 3552 3553 3554 3555 3556 3557 3558 3559 3560 3561 3562 3563 3564 3565 3566 3567 3568 3569 3570 3571 3572 3573 3574 3575 3576 3577 3578 3579 3580 3581 3582 3583 3584 3585 3586 3587 3588 3589 3590 3591 3592 3593 3594 3595 3596 3597 3598 3599 3600 3601 3602 3603 3604 3605 3606 3607 3608 3609 3610 3611 3612 3613 3614 3615 3616 3617 3618 3619 3620 3621 3622 3623 3624 3625 3626 3627 3628 3629 3630 3631 3632 3633 3634 3635 3636 3637 3638 3639 3640 3641 3642 3643 3644 3645 3646 3647 3648 3649 3650 3651 3652 3653 3654 3655 3656 3657 3658 3659 3660 3661 3662 3663 3664 3665 3666 3667 3668 3669 3670 3671 3672 3673 3674 3675 3676 3677 3678 3679 3680 3681 3682 3683 3684 3685 3686 3687 3688 3689 3690 3691 3692 3693 3694 3695 3696 3697 3698 3699 3700 3701 3702 3703 3704 3705 3706 3707 3708 3709 3710 3711 3712 3713 3714 3715 3716 3717 3718 3719 3720 3721 3722 3723 3724 3725 3726 3727 3728 3729 3730 3731 3732 3733 3734 3735 3736 3737 3738 3739 3740 3741 3742 3743 3744 3745 3746 3747 3748 3749 3750 3751 3752 3753 3754 3755 3756 3757 3758 3759 3760 3761 3762 3763 3764 3765 3766 3767 3768 3769 3770 3771 3772 3773 3774 3775 3776 3777 3778 3779 3780 3781 3782 3783 3784 3785 3786 3787 3788 3789 3790 3791 3792 3793 3794 3795 3796 3797 3798 3799 3800 3801 3802 3803 3804 3805 3806 3807 3808 3809 3810 3811 3812 3813 3814 3815 3816 3817 3818 3819 3820 3821 3822 3823 3824 3825 3826 3827 3828 3829 3830 3831 3832 3833 3834 3835 3836 3837 3838 3839 3840 3841 3842 3843 3844 3845 3846 3847 3848 3849 3850 3851 3852 3853 3854 3855 3856 3857 3858 3859 3860 3861 3862 3863 3864 3865 3866 3867 3868 3869 3870 3871 3872 3873 3874 3875 3876 3877 3878 3879 3880 3881 3882 3883 3884 3885 3886 3887 3888 3889 3890 3891 3892 3893 3894 3895 3896 3897 3898 3899 3900 3901 3902 3903 3904 3905 3906 3907 3908 3909 3910 3911 3912 3913 3914 3915 3916 3917 3918 3919 3920 3921 3922 3923 3924 3925 3926 3927 3928 3929 3930 3931 3932 3933 3934 3935 3936 3937 3938 3939 3940 3941 3942 3943 3944 3945 3946 3947 3948 3949 3950 3951 3952 3953 3954 3955 3956 3957 3958 3959 3960 3961 3962 3963 3964 3965 3966 3967 3968 3969 3970 3971 3972 3973 3974 3975 3976 3977 3978 3979 3980 3981 3982 3983 3984 3985 3986 3987 3988 3989 3990 3991 3992 3993 3994 3995 3996 3997 3998 3999 4000 4001 4002 4003 4004 4005 4006 4007 4008 4009 4010 4011 4012 4013 4014 4015 4016 4017 4018 4019 4020 4021 4022 4023 4024 4025 4026 4027 4028 4029 4030 4031 4032 4033 4034 4035 4036 4037 4038 4039 4040 4041 4042 4043 4044 4045 4046 4047 4048 4049 4050 4051 4052 4053 4054 4055 4056 4057 4058 4059 4060 4061 4062 4063 4064 4065 4066 4067 4068 4069 4070 4071 4072 4073 4074 4075 4076 4077 4078 4079 4080 4081 4082 4083 4084 4085 4086 4087 4088 4089 4090 4091 4092 4093 4094 4095 4096 4097 4098 4099 4100 4101 4102 4103 4104 4105 4106 4107 4108 4109 4110 4111 4112 4113 4114 4115 4116 4117 4118 4119 4120 4121 4122 4123 4124 4125 4126 4127 4128 4129 4130 4131 4132 4133 4134 4135 4136 4137 4138 4139 4140 4141 4142 4143 4144 4145 4146 4147 4148 4149 4150 4151 4152 4153 4154 4155 4156 4157 4158 4159 4160 4161 4162 4163 4164 4165 4166 4167 4168 4169 4170 4171 4172 4173 4174 4175 4176 4177 4178 4179 4180 4181 4182 4183 4184 4185 4186 4187 4188 4189 4190 4191 4192 4193 4194 4195 4196 4197 4198 4199 4200 4201 4202 4203 4204 4205 4206 4207 4208 4209 4210 4211 4212 4213 4214 4215 4216 4217 4218 4219 4220 4221 4222 4223 4224 4225 4226 4227 4228 4229 4230 4231 4232 4233 4234 4235 4236 4237 4238 4239 4240 4241 4242 4243 4244 4245 4246 4247 4248 4249 4250 4251 4252 4253 4254 4255 4256 4257 4258 4259 4260 4261 4262 4263 4264 4265 4266 4267 4268 4269 4270 4271 4272 4273 4274 4275 4276 4277 4278 4279 4280 4281 4282 4283 4284 4285 4286 4287 4288 4289 4290 4291 4292 4293 4294 4295 4296 4297 4298 4299 4300 4301 4302 4303 4304 4305 4306 4307 4308 4309 4310 4311 4312 4313 4314 4315 4316 4317 4318 4319 4320 4321 4322 4323 4324 4325 4326 4327 4328 4329 4330 4331 4332 4333 4334 4335 4336 4337 4338 4339 4340 4341 4342 4343 4344 4345 4346 4347 4348 4349 4350 4351 4352 4353 4354 4355 4356 4357 4358 4359 4360 4361 4362 4363 4364 4365 4366 4367 4368 4369 4370 4371 4372 4373 4374 4375 4376 4377 4378 4379 4380 4381 4382 4383 4384 4385 4386 4387 4388 4389 4390 4391 4392 4393 4394 4395 4396 4397 4398 4399 4400 4401 4402 4403 4404 4405 4406 4407 4408 4409 4410 4411 4412 4413 4414 4415 4416 4417 4418 4419 4420 4421 4422 4423 4424 4425 4426 4427 4428 4429 4430 4431 4432 4433 4434 4435 4436 4437 4438 4439 4440 4441 4442 4443 4444 4445 4446 4447 4448 4449 4450 4451 4452 4453 4454 4455 4456 4457 4458 4459 4460 4461 4462 4463 4464 4465 4466 4467 4468 4469 4470 4471 4472 4473 4474 4475 4476 4477 4478 4479 4480 4481 4482 4483 4484 4485 4486 4487 4488 4489 4490 4491 4492 4493 4494 4495 4496 4497 4498 4499 4500 4501 4502 4503 4504 4505 4506 4507 4508 4509 4510 4511 4512 4513 4514 4515 4516 4517 4518 4519 4520 4521 4522 4523 4524 4525 4526 4527 4528 4529 4530 4531 4532 4533 4534 4535 4536 4537 4538 4539 4540 4541 4542 4543 4544 4545 4546 4547 4548 4549 4550 4551 4552 4553 4554 4555 4556 4557 4558 4559 4560 4561 4562 4563 4564 4565 4566 4567 4568 4569 4570 4571 4572 4573 4574 4575 4576 4577 4578 4579 4580 4581 4582 4583 4584 4585 4586 4587 4588 4589 4590 4591 4592 4593 4594 4595 4596 4597 4598 4599 4600 4601 4602 4603 4604 4605 4606 4607 4608 4609 4610 4611 4612 4613 4614 4615 4616 4617 4618 4619 4620 4621 4622 4623 4624 4625 4626 4627 4628 4629 4630 4631 4632 4633 4634 4635 4636 4637 4638 4639 4640 4641 4642 4643 4644 4645 4646 4647 4648 4649 4650 4651 4652 4653 4654 4655 4656 4657 4658 4659 4660 4661 4662 4663 4664 4665 4666 4667 4668 4669 4670 4671 4672 4673 4674 4675 4676 4677 4678 4679 4680 4681 4682 4683 4684 4685 4686 4687 4688 4689 4690 4691 4692 4693 4694 4695 4696 4697 4698 4699 4700 4701 4702 4703 4704 4705 4706 4707 4708 4709 4710 4711 4712 4713 4714 4715 4716 4717 4718 4719 4720 4721 4722 4723 4724 4725 4726 4727 4728 4729 4730 4731 4732 4733 4734 4735 4736 4737 4738 4739 4740 4741 4742 4743 4744 4745 4746 4747 4748 4749 4750 4751 4752 4753 4754 4755 4756 4757 4758 4759 4760 4761 4762 4763 4764 4765 4766 4767 4768 4769 4770 4771 4772 4773 4774 4775 4776 4777 4778 4779 4780 4781 4782 4783 4784 4785 4786 4787 4788 4789 4790 4791 4792 4793 4794 4795 4796 4797 4798 4799 4800 4801 4802 4803 4804 4805 4806 4807 4808 4809 4810 4811 4812 4813 4814 4815 4816 4817 4818 4819 4820 4821 4822 4823 4824 4825 4826 4827 4828 4829 4830 4831 4832 4833 4834 4835 4836 4837 4838 4839 4840 4841 4842 4843 4844 4845 4846 4847 4848 4849 4850 4851 4852 4853 4854 4855 4856 4857 4858 4859 4860 4861 4862 4863 4864 4865 4866 4867 4868 4869 4870 4871 4872 4873 4874 4875 4876 4877 4878 4879 4880 4881 4882 4883 4884 4885 4886 4887 4888 4889 4890 4891 4892 4893 4894 4895 4896 4897 4898 4899 4900 4901 4902 4903 4904 4905 4906 4907 4908 4909 4910 4911 4912 4913 4914 4915 4916 4917 4918 4919 4920 4921 4922 4923 4924 4925 4926 4927 4928 4929 4930 4931 4932 4933 4934 4935 4936 4937 4938 4939 4940 4941 4942 4943 4944 4945 4946 4947 4948 4949 4950 4951 4952 4953 4954 4955 4956 4957 4958 4959 4960 4961 4962 4963 4964 4965 4966 4967 4968 4969 4970 4971 4972 4973 4974 4975 4976 4977 4978 4979 4980 4981 4982 4983 4984 4985 4986 4987 4988 4989 4990 4991 4992 4993 4994 4995 4996 4997 4998 4999 5000 5001 5002 5003 5004 5005 5006 5007 5008 5009 5010 5011 5012 5013 5014 5015 5016 5017 5018 5019 5020 5021 5022 5023 5024 5025 5026 5027 5028 5029 5030 5031 5032 5033 5034 5035 5036 5037 5038 5039 5040 5041 5042 5043 5044 5045 5046 5047 5048 5049 5050 5051 5052 5053 5054 5055 5056 5057 5058 5059 5060 5061 5062 5063 5064 5065 5066 5067 5068 5069 5070 5071 5072 5073 5074 5075 5076 5077 5078 5079 5080 5081 5082 5083 5084 5085 5086 5087 5088 5089 5090 5091 5092 5093 5094 5095 5096 5097 5098 5099 5100 5101 5102 5103 5104 5105 5106 5107 5108 5109 5110 5111 5112 5113 5114 5115 5116 5117 5118 5119 5120 5121 5122 5123 5124 5125 5126 5127 5128 5129 5130 5131 5132 5133 5134 5135 5136 5137 5138 5139 5140 5141 5142 5143 5144 5145 5146 5147 5148 5149 5150 5151 5152 5153 5154 5155 5156 5157 5158 5159 5160 5161 5162 5163 5164 5165 5166 5167 5168 5169 5170 5171 5172 5173 5174 5175 5176 5177 5178 5179 5180 5181 5182 5183 5184 5185 5186 5187 5188 5189 5190 5191 5192 5193 5194 5195 5196 5197 5198 5199 5200 5201 5202 5203 5204 5205 5206 5207 5208 5209 5210 5211 5212 5213 5214 5215 5216 5217 5218 5219 5220 5221 5222 5223 5224 5225 5226 5227 5228 5229 5230 5231 5232 5233 5234 5235 5236 5237 5238 5239 5240 5241 5242 5243 5244 5245 5246 5247 5248 5249 5250 5251 5252 5253 5254 5255 5256 5257 5258 5259 5260 5261 5262 5263 5264 5265 5266 5267 5268 5269 5270 5271 5272 5273 5274 5275 5276 5277 5278 5279 5280 5281 5282 5283 5284 5285 5286 5287 5288 5289 5290 5291 5292 5293 5294 5295 5296 5297 5298 5299 5300 5301 5302 5303 5304 5305 5306 5307 5308 5309 5310 5311 5312 5313 5314 5315 5316 5317 5318 5319 5320 5321 5322 5323 5324 5325 5326 5327 5328 5329 5330 5331 5332 5333 5334 5335 5336 5337 5338 5339 5340 5341 5342 5343 5344 5345 5346 5347 5348 5349 5350 5351 5352 5353 5354 5355 5356 5357 5358 5359 5360 5361 5362 5363 5364 5365 5366 5367 5368 5369 5370 5371 5372 5373 5374 5375 5376 5377 5378 5379 5380 5381 5382 5383 5384 5385 5386 5387 5388 5389 5390 5391 5392 5393 5394 5395 5396 5397 5398 5399 5400 5401 5402 5403 5404 5405 5406 5407 5408 5409 5410 5411 5412 5413 5414 5415 5416 5417 5418 5419 5420 5421 5422 5423 5424 5425 5426 5427 5428 5429 5430 5431 5432 5433 5434 5435 5436 5437 5438 5439 5440 5441 5442 5443 5444 5445 5446 5447 5448 5449 5450 5451 5452 5453 5454 5455 5456 5457 5458 5459 5460 5461 5462 5463 5464 5465 5466 5467 5468 5469 5470 5471 5472 5473 5474 5475 5476 5477 5478 5479 5480 5481 5482 5483 5484 5485 5486 5487 5488 5489 5490 5491 5492 5493 5494 5495 5496 5497 5498 5499 5500 5501 5502 5503 5504 5505 5506 5507 5508 5509 5510 5511 5512 5513 5514 5515 5516 5517 5518 5519 5520 5521 5522 5523 5524 5525 5526 5527 5528 5529 5530 5531 5532 5533 5534 5535 5536 5537 5538 5539 5540 5541 5542 5543 5544 5545 5546 5547 5548 5549 5550 5551 5552 5553 5554 5555 5556 5557 5558 5559 5560 5561 5562 5563 5564 5565 5566 5567 5568 5569 5570 5571 5572 5573 5574 5575 5576 5577 5578 5579 5580 5581 5582 5583 5584 5585 5586 5587 5588 5589 5590 5591 5592 5593 5594 5595 5596 5597 5598 5599 5600 5601 5602 5603 5604 5605 5606 5607 5608 5609 5610 5611 5612 5613 5614 5615 5616 5617 5618 5619 5620 5621 5622 5623 5624 5625 5626 5627 5628 5629 5630 5631 5632 5633 5634 5635 5636 5637 5638 5639 5640 5641 5642 5643 5644 5645 5646 5647 5648 5649 5650 5651 5652 5653 5654 5655 5656 5657 5658 5659 5660 5661 5662 5663 5664 5665 5666 5667 5668 5669 5670 5671 5672 5673 5674 5675 5676 5677 5678 5679 5680 5681 5682 5683 5684 5685 5686 5687 5688 5689 5690 5691 5692 5693 5694 5695 5696 5697 5698 5699 5700 5701 5702 5703 5704 5705 5706 5707 5708 5709 5710 5711 5712 5713 5714 5715 5716 5717 5718 5719 5720 5721 5722 5723 5724 5725 5726 5727 5728 5729 5730 5731 5732 5733 5734 5735 5736 5737 5738 5739 5740 5741 5742 5743 5744 5745 5746 5747 5748 5749 5750 5751 5752 5753 5754 5755 5756 5757 5758 5759 5760 5761 5762 5763 5764 5765 5766 5767 5768 5769 5770 5771 5772 5773 5774 5775 5776 5777 5778 5779 5780 5781 5782 5783 5784 5785 5786 5787 5788 5789 5790 5791 5792 5793 5794 5795 5796 5797 5798 5799 5800 5801 5802 5803 5804 5805 5806 5807 5808 5809 5810 5811 5812 5813 5814 5815 5816 5817 5818 5819 5820 5821 5822 5823 5824 5825 5826 5827 5828 5829 5830 5831 5832 5833 5834 5835 5836 5837 5838 5839 5840 5841 5842 5843 5844 5845 5846 5847 5848 5849 5850 5851 5852 5853 5854 5855 5856 5857 5858 5859 5860 5861 5862 5863 5864 5865 5866 5867 5868 5869 5870 5871 5872 5873 5874 5875 5876 5877 5878 5879 5880 5881 5882 5883 5884 5885 5886 5887 5888 5889 5890 5891 5892 5893 5894 5895 5896 5897 5898 5899 5900 5901 5902 5903 5904 5905 5906 5907 5908 5909 5910 5911 5912 5913 5914 5915 5916 5917 5918 5919 5920 5921 5922 5923 5924 5925 5926 5927 5928 5929 5930 5931 5932 5933 5934 5935 5936 5937 5938 5939 5940 5941 5942 5943 5944 5945 5946 5947 5948 5949 5950 5951 5952 5953 5954 5955 5956 5957 5958 5959 5960 5961 5962 5963 5964 5965 5966 5967 5968 5969 5970 5971 5972 5973 5974 5975 5976 5977 5978 5979 5980 5981 5982 5983 5984 5985 5986 5987 5988 5989 5990 5991 5992 5993 5994 5995 5996 5997 5998 5999 6000 6001 6002 6003 6004 6005 6006 6007 6008 6009 6010 6011 6012 6013 6014 6015 6016 6017 6018 6019 6020 6021 6022 6023 6024 6025 6026 6027 6028 6029 6030 6031 6032 6033 6034 6035 6036 6037 6038 6039 6040 6041 6042 6043 6044 6045 6046 6047 6048 6049 6050 6051 6052 6053 6054 6055 6056 6057 6058 6059 6060 6061 6062 6063 6064 6065 6066 6067 6068 6069 6070 6071 6072 6073 6074 6075 6076 6077 6078 6079 6080 6081 6082 6083 6084 6085 6086 6087 6088 6089 6090 6091 6092 6093 6094 6095 6096 6097 6098 6099 6100 6101 6102 6103 6104 6105 6106 6107 6108 6109 6110 6111 6112 6113 6114 6115 6116 6117 6118 6119 6120 6121 6122 6123 6124 6125 6126 6127 6128 6129 6130 6131 6132 6133 6134 6135 6136 6137 6138 6139 6140 6141 6142 6143 6144 6145 6146 6147 6148 6149 6150 6151 6152 6153 6154 6155 6156 6157 6158 6159 6160 6161 6162 6163 6164 6165 6166 6167 6168 6169 6170 6171 6172 6173 6174 6175 6176 6177 6178 6179 6180 6181 6182 6183 6184 6185 6186 6187 6188 6189 6190 6191 6192 6193 6194 6195 6196 6197 6198 6199 6200 6201 6202 6203 6204 6205 6206 6207 6208 6209 6210 6211 6212 6213 6214 6215 6216 6217 6218 6219 6220 6221 6222 6223 6224 6225 6226 6227 6228 6229 6230 6231 6232 6233 6234 6235 6236 6237 6238 6239 6240 6241 6242 6243 6244 6245 6246 6247 6248 6249 6250 6251 6252 6253 6254 6255 6256 6257 6258 6259 6260 6261 6262 6263 6264 6265 6266 6267 6268 6269 6270 6271 6272 6273 6274 6275 6276 6277 6278 6279 6280 6281 6282 6283 6284 6285 6286 6287 6288 6289 6290 6291 6292 6293 6294 6295 6296 6297 6298 6299 6300 6301 6302 6303 6304 6305 6306 6307 6308 6309 6310 6311 6312 6313 6314 6315 6316 6317 6318 6319 6320 6321 6322 6323 6324 6325 6326 6327 6328 6329 6330 6331 6332 6333 6334 6335 6336 6337 6338 6339 6340 6341 6342 6343 6344 6345 6346 6347 6348 6349 6350 6351 6352 6353 6354 6355 6356 6357 6358 6359 6360 6361 6362 6363 6364 6365 6366 6367 6368 6369 6370 6371 6372 6373 6374 6375 6376 6377 6378 6379 6380 6381 6382 6383 6384 6385 6386 6387 6388 6389 6390 6391 6392 6393 6394 6395 6396 6397 6398 6399 6400 6401 6402 6403 6404 6405 6406 6407 6408 6409 6410 6411 6412 6413 6414 6415 6416 6417 6418 6419 6420 6421 6422 6423 6424 6425 6426 6427 6428 6429 6430 6431 6432 6433 6434 6435 6436 6437 6438 6439 6440 6441 6442 6443 6444 6445 6446 6447 6448 6449 6450 6451 6452 6453 6454 6455 6456 6457 6458 6459 6460 6461 6462 6463 6464 6465 6466 6467 6468 6469 6470 6471 6472 6473 6474 6475 6476 6477 6478 6479 6480 6481 6482 6483 6484 6485 6486 6487 6488 6489 6490 6491 6492 6493 6494 6495 6496 6497 6498 6499 6500 6501 6502 6503 6504 6505 6506 6507 6508 6509 6510 6511 6512 6513 6514 6515 6516 6517 6518 6519 6520 6521 6522 6523 6524 6525 6526 6527 6528 6529 6530 6531 6532 6533 6534 6535 6536 6537 6538 6539 6540 6541 6542 6543 6544 6545 6546 6547 6548 6549 6550 6551 6552 6553 6554 6555 6556 6557 6558 6559 6560 6561 6562 6563 6564 6565 6566 6567 6568 6569 6570 6571 6572 6573 6574 6575 6576 6577 6578 6579 6580 6581 6582 6583 6584 6585 6586 6587 6588 6589 6590 6591 6592 6593 6594 6595 6596 6597 6598 6599 6600 6601 6602 6603 6604 6605 6606 6607 6608 6609 6610 6611 6612 6613 6614 6615 6616 6617 6618 6619 6620 6621 6622 6623 6624 6625 6626 6627 6628 6629 6630 6631 6632 6633 6634 6635 6636 6637 6638 6639 6640 6641 6642 6643 6644 6645 6646 6647 6648 6649 6650 6651 6652 6653 6654 6655 6656 6657 6658 6659 6660 6661 6662 6663 6664 6665 6666 6667 6668 6669 6670 6671 6672 6673 6674 6675 6676 6677 6678 6679 6680 6681 6682 6683 6684 6685 6686 6687 6688 6689 6690 6691 6692 6693 6694 6695 6696 6697 6698 6699 6700 6701 6702 6703 6704 6705 6706 6707 6708 6709 6710 6711 6712 6713 6714 6715 6716 6717 6718 6719 6720 6721 6722 6723 6724 6725 6726 6727 6728 6729 6730 6731 6732 6733 6734 6735 6736 6737 6738 6739 6740 6741 6742 6743 6744 6745 6746 6747 6748 6749 6750 6751 6752 6753 6754 6755 6756 6757 6758 6759 6760 6761 6762 6763 6764 6765 6766 6767 6768 6769 6770 6771 6772 6773 6774 6775 6776 6777 6778 6779 6780 6781 6782 6783 6784 6785 6786 6787 6788 6789 6790 6791 6792 6793 6794 6795 6796 6797 6798 6799 6800 6801 6802 6803 6804 6805 6806 6807 6808 6809 6810 6811 6812 6813 6814 6815 6816 6817 6818 6819 6820 6821 6822 6823 6824 6825 6826 6827 6828 6829 6830 6831 6832 6833 6834 6835 6836 6837 6838 6839 6840 6841 6842 6843 6844 6845 6846 6847 6848 6849 6850 6851 6852 6853 6854 6855 6856 6857 6858 6859 6860 6861 6862 6863 6864 6865 6866 6867 6868 6869 6870 6871 6872 6873 6874 6875 6876 6877 6878 6879 6880 6881 6882 6883 6884 6885 6886 6887 6888 6889 6890 6891 6892 6893 6894 6895 6896 6897 6898 6899 6900 6901 6902 6903 6904 6905 6906 6907 6908 6909 6910 6911 6912 6913 6914 6915 6916 6917 6918 6919 6920 6921 6922 6923 6924 6925 6926 6927 6928 6929 6930 6931 6932 6933 6934 6935 6936 6937 6938 6939 6940 6941 6942 6943 6944 6945 6946 6947 6948 6949 6950 6951 6952 6953 6954 6955 6956 6957 6958 6959 6960 6961 6962 6963 6964 6965 6966 6967 6968 6969 6970 6971 6972 6973 6974 6975 6976 6977 6978 6979 6980 6981 6982 6983 6984 6985 6986 6987 6988 6989 6990 6991 6992 6993 6994 6995 6996 6997 6998 6999 7000 7001 7002 7003 7004 7005 7006 7007 7008 7009 7010 7011 7012 7013 7014 7015 7016 7017 7018 7019 7020 7021 7022 7023 7024 7025 7026 7027 7028 7029 7030 7031 7032 7033 7034 7035 7036 7037 7038 7039 7040 7041 7042 7043 7044 7045 7046 7047 7048 7049 7050 7051 7052 7053 7054 7055 7056 7057 7058 7059 7060 7061 7062 7063 7064 7065 7066 7067 7068 7069 7070 7071 7072 7073 7074 7075 7076 7077 7078 7079 7080 7081 7082 7083 7084 7085 7086 7087 7088 7089 7090 7091 7092 7093 7094 7095 7096 7097 7098 7099 7100 7101 7102 7103 7104 7105 7106 7107 7108 7109 7110 7111 7112 7113 7114 7115 7116 7117 7118 7119 7120 7121 7122 7123 7124 7125 7126 7127 7128 7129 7130 7131 7132 7133 7134 7135 7136 7137 7138 7139 7140 7141 7142 7143 7144 7145 7146 7147 7148 7149 7150 7151 7152 7153 7154 7155 7156 7157 7158 7159 7160 7161 7162 7163 7164 7165 7166 7167 7168 7169 7170 7171 7172 7173 7174 7175 7176 7177 7178 7179 7180 7181 7182 7183 7184 7185 7186 7187 7188 7189 7190 7191 7192 7193 7194 7195 7196 7197 7198 7199 7200 7201 7202 7203 7204 7205 7206 7207 7208 7209 7210 7211 7212 7213 7214 7215 7216 7217 7218 7219 7220 7221 7222 7223 7224 7225 7226 7227 7228 7229 7230 7231 7232 7233 7234 7235 7236 7237 7238 7239 7240 7241 7242 7243 7244 7245 7246 7247 7248 7249 7250 7251 7252 7253 7254 7255 7256 7257 7258 7259 7260 7261 7262 7263 7264 7265 7266 7267 7268 7269 7270 7271 7272 7273 7274 7275 7276 7277 7278 7279 7280 7281 7282 7283 7284 7285 7286 7287 7288 7289 7290 7291 7292 7293 7294 7295 7296 7297 7298 7299 7300 7301 7302 7303 7304 7305 7306 7307 7308 7309 7310 7311 7312 7313 7314 7315 7316 7317 7318 7319 7320 7321 7322 7323 7324 7325 7326 7327 7328 7329 7330 7331 7332 7333 7334 7335 7336 7337 7338 7339 7340 7341 7342 7343 7344 7345 7346 7347 7348 7349 7350 7351 7352 7353 7354 7355 7356 7357 7358 7359 7360 7361 7362 7363 7364 7365 7366 7367 7368 7369 7370 7371 7372 7373 7374 7375 7376 7377 7378 7379 7380 7381 7382 7383 7384 7385 7386 7387 7388 7389 7390 7391 7392 7393 7394 7395 7396 7397 7398 7399 7400 7401 7402 7403 7404 7405 7406 7407 7408 7409 7410 7411 7412 7413 7414 7415 7416 7417 7418 7419 7420 7421 7422 7423 7424 7425 7426 7427 7428 7429 7430 7431 7432 7433 7434 7435 7436 7437 7438 7439 7440 7441 7442 7443 7444 7445 7446 7447 7448 7449 7450 7451 7452 7453 7454 7455 7456 7457 7458 7459 7460 7461 7462 7463 7464 7465 7466 7467 7468 7469 7470 7471 7472 7473 7474 7475 7476 7477 7478 7479 7480 7481 7482 7483 7484 7485 7486 7487 7488 7489 7490 7491 7492 7493 7494 7495 7496 7497 7498 7499 7500 7501 7502 7503 7504 7505 7506 7507 7508 7509 7510 7511 7512 7513 7514 7515 7516 7517 7518 7519 7520 7521 7522 7523 7524 7525 7526 7527 7528 7529 7530 7531 7532 7533 7534 7535 7536 7537 7538 7539 7540 7541 7542 7543 7544 7545 7546 7547 7548 7549 7550 7551 7552 7553 7554 7555 7556 7557 7558 7559 7560 7561 7562 7563 7564 7565 7566 7567 7568 7569 7570 7571 7572 7573 7574 7575 7576 7577 7578 7579 7580 7581 7582 7583 7584 7585 7586 7587 7588 7589 7590 7591 7592 7593 7594 7595 7596 7597 7598 7599 7600 7601 7602 7603 7604 7605 7606 7607 7608 7609 7610 7611 7612 7613 7614 7615 7616 7617 7618 7619 7620 7621 7622 7623 7624 7625 7626 7627 7628 7629 7630 7631 7632 7633 7634 7635 7636 7637 7638 7639 7640 7641 7642 7643 7644 7645 7646 7647 7648 7649 7650 7651 7652 7653 7654 7655 7656 7657 7658 7659 7660 7661 7662 7663 7664 7665 7666 7667 7668 7669 7670 7671 7672 7673 7674 7675 7676 7677 7678 7679 7680 7681 7682 7683 7684 7685 7686 7687 7688 7689 7690 7691 7692 7693 7694 7695 7696 7697 7698 7699 7700 7701 7702 7703 7704 7705 7706 7707 7708 7709 7710 7711 7712 7713 7714 7715 7716 7717 7718 7719 7720 7721 7722 7723 7724 7725 7726 7727 7728 7729 7730 7731 7732 7733 7734 7735 7736 7737 7738 7739 7740 7741 7742 7743 7744 7745 7746 7747 7748 7749 7750 7751 7752 7753 7754 7755 7756 7757 7758 7759 7760 7761 7762 7763 7764 7765 7766 7767 7768 7769 7770 7771 7772 7773 7774 7775 7776 7777 7778 7779 7780 7781 7782 7783 7784 7785 7786 7787 7788 7789 7790 7791 7792 7793 7794 7795 7796 7797 7798 7799 7800 7801 7802 7803 7804 7805 7806 7807 7808 7809 7810 7811 7812 7813 7814 7815 7816 7817 7818 7819 7820 7821 7822 7823 7824 7825 7826 7827 7828 7829 7830 7831 7832 7833 7834 7835 7836 7837 7838 7839 7840 7841 7842 7843 7844 7845 7846 7847 7848 7849 7850 7851 7852 7853 7854 7855 7856 7857 7858 7859 7860 7861 7862 7863 7864 7865 7866 7867 7868 7869 7870 7871 7872 7873 7874 7875 7876 7877 7878 7879 7880 7881 7882 7883 7884 7885 7886 7887 7888 7889 7890 7891 7892 7893 7894 7895 7896 7897 7898 7899 7900 7901 7902 7903 7904 7905 7906 7907 7908 7909 7910 7911 7912 7913 7914 7915 7916 7917 7918 7919 7920 7921 7922 7923 7924 7925 7926 7927 7928 7929 7930 7931 7932 7933 7934 7935 7936 7937 7938 7939 7940 7941 7942 7943 7944 7945 7946 7947 7948 7949 7950 7951 7952 7953 7954 7955 7956 7957 7958 7959 7960 7961 7962 7963 7964 7965 7966 7967 7968 7969 7970 7971 7972 7973 7974 7975 7976 7977 7978 7979 7980 7981 7982 7983 7984 7985 7986 7987 7988 7989 7990 7991 7992 7993 7994 7995 7996 7997 7998 7999 8000 8001 8002 8003 8004 8005 8006 8007 8008 8009 8010 8011 8012 8013 8014 8015 8016 8017 8018 8019 8020 8021 8022 8023 8024 8025 8026 8027 8028 8029 8030 8031 8032 8033 8034 8035 8036 8037 8038 8039 8040 8041 8042 8043 8044 8045 8046 8047 8048 8049 8050 8051 8052 8053 8054 8055 8056 8057 8058 8059 8060 8061 8062 8063 8064 8065 8066 8067 8068 8069 8070 8071 8072 8073 8074 8075 8076 8077 8078 8079 8080 8081 8082 8083 8084 8085 8086 8087 8088 8089 8090 8091 8092 8093 8094 8095 8096 8097 8098 8099 8100 8101 8102 8103 8104 8105 8106 8107 8108 8109 8110 8111 8112 8113 8114 8115 8116 8117 8118 8119 8120 8121 8122 8123 8124 8125 8126 8127 8128 8129 8130 8131 8132 8133 8134 8135 8136 8137 8138 8139 8140 8141 8142 8143 8144 8145 8146 8147 8148 8149 8150 8151 8152 8153 8154 8155 8156 8157 8158 8159 8160 8161 8162 8163 8164 8165 8166 8167 8168 8169 8170 8171 8172 8173 8174 8175 8176 8177 8178 8179 8180 8181 8182 8183 8184 8185 8186 8187 8188 8189 8190 8191 8192 8193 8194 8195 8196 8197 8198 8199 8200 8201 8202 8203 8204 8205 8206 8207 8208 8209 8210 8211 8212 8213 8214 8215 8216 8217 8218 8219 8220 8221 8222 8223 8224 8225 8226 8227 8228 8229 8230 8231 8232 8233 8234 8235 8236 8237 8238 8239 8240 8241 8242 8243 8244 8245 8246 8247 8248 8249 8250 8251 8252 8253 8254 8255 8256 8257 8258 8259 8260 8261 8262 8263 8264 8265 8266 8267 8268 8269 8270 8271 8272 8273 8274 8275 8276 8277 8278 8279 8280 8281 8282 8283 8284 8285 8286 8287 8288 8289 8290 8291 8292 8293 8294 8295 8296 8297 8298 8299 8300 8301 8302 8303 8304 8305 8306 8307 8308 8309 8310 8311 8312 8313 8314 8315 8316 8317 8318 8319 8320 8321 8322 8323 8324 8325 8326 8327 8328 8329 8330 8331 8332 8333 8334 8335 8336 8337 8338 8339 8340 8341 8342 8343 8344 8345 8346 8347 8348 8349 8350 8351 8352 8353 8354 8355 8356 8357 8358 8359 8360 8361 8362 8363 8364 8365 8366 8367 8368 8369 8370 8371 8372 8373 8374 8375 8376 8377 8378 8379 8380 8381 8382 8383 8384 8385 8386 8387 8388 8389 8390 8391 8392 8393 8394 8395 8396 8397 8398 8399 8400 8401 8402 8403 8404 8405 8406 8407 8408 8409 8410 8411 8412 8413 8414 8415 8416 8417 8418 8419 8420 8421 8422 8423 8424 8425 8426 8427 8428 8429 8430 8431 8432 8433 8434 8435 8436 8437 8438 8439 8440 8441 8442 8443 8444 8445 8446 8447 8448 8449 8450 8451 8452 8453 8454 8455 8456 8457 8458 8459 8460 8461 8462 8463 8464 8465 8466 8467 8468 8469 8470 8471 8472 8473 8474 8475 8476 8477 8478 8479 8480 8481 8482 8483 8484 8485 8486 8487 8488 8489 8490 8491 8492 8493 8494 8495 8496 8497 8498 8499 8500 8501 8502 8503 8504 8505 8506 8507 8508 8509 8510 8511 8512 8513 8514 8515 8516 8517 8518 8519 8520 8521 8522 8523 8524 8525 8526 8527 8528 8529 8530 8531 8532 8533 8534 8535 8536 8537 8538 8539 8540 8541 8542 8543 8544 8545 8546 8547 8548 8549 8550 8551 8552 8553 8554 8555 8556 8557 8558 8559 8560 8561 8562 8563 8564 8565 8566 8567 8568 8569 8570 8571 8572 8573 8574 8575 8576 8577 8578 8579 8580 8581 8582 8583 8584 8585 8586 8587 8588 8589 8590 8591 8592 8593 8594 8595 8596 8597 8598 8599 8600 8601 8602 8603 8604 8605 8606 8607 8608 8609 8610 8611 8612 8613 8614 8615 8616 8617 8618 8619 8620 8621 8622 8623 8624 8625 8626 8627 8628 8629 8630 8631 8632 8633 8634 8635 8636 8637 8638 8639 8640 8641 8642 8643 8644 8645 8646 8647 8648 8649 8650 8651 8652 8653 8654 8655 8656 8657 8658 8659 8660 8661 8662 8663 8664 8665 8666 8667 8668 8669 8670 8671 8672 8673 8674 8675 8676 8677 8678 8679 8680 8681 8682 8683 8684 8685 8686 8687 </p>
        </polylist>
      </mesh>
    </geometry>
  </library_geometries>
  <library_controllers>
  </library_controllers>
  <library_visual_scenes>
    <visual_scene id="_ySTL_BINARY_" name="&lt;STL_BINARY&gt;">
      <node id="node" name="" type="NODE">
        <matrix sid="matrix">1 0 0 0 0 1 0 0 0 0 1 0 0 0 0 1</matrix>
        <instance_geometry url="#mesh_0">
          <bind_material>
            <technique_common>
              <instance_material symbol="defaultMaterial" target="#DefaultMaterial">
              </instance_material>
            </technique_common>
          </bind_material>
        </instance_geometry>
      </node>
    </visual_scene>
  </library_visual_scenes>
  <scene>
    <instance_visual_scene url="#_ySTL_BINARY_" />
  </scene>
</COLLADA>
